ISO-10303-21;
HEADER;
/* Generated by software containing ST-Developer
 * from STEP Tools, Inc. (www.steptools.com) 
 */

FILE_DESCRIPTION(
/* description */ (''),
/* implementation_level */ '2;1');

FILE_NAME(
/* name */ 'rotation part1 Final WRO.step',
/* time_stamp */ '2026-07-07T19:10:54+05:30',
/* author */ (''),
/* organization */ (''),
/* preprocessor_version */ 'ST-DEVELOPER v20.1',
/* originating_system */ 'Autodesk Translation Framework v15.8.0.0',
/* authorisation */ '');

FILE_SCHEMA (('AUTOMOTIVE_DESIGN { 1 0 10303 214 3 1 1 }'));
ENDSEC;

DATA;
#10=MECHANICAL_DESIGN_GEOMETRIC_PRESENTATION_REPRESENTATION('',(#38,#39),
#3823);
#11=ITEM_DEFINED_TRANSFORMATION($,$,#2153,#2433);
#12=(
REPRESENTATION_RELATIONSHIP($,$,#3834,#3833)
REPRESENTATION_RELATIONSHIP_WITH_TRANSFORMATION(#11)
SHAPE_REPRESENTATION_RELATIONSHIP()
);
#13=CONTEXT_DEPENDENT_SHAPE_REPRESENTATION(#12,#3832);
#14=NEXT_ASSEMBLY_USAGE_OCCURRENCE('Component1:1','Component1:1',
'Component1:1',#3836,#3837,'Component1:1');
#15=TOROIDAL_SURFACE('',#2230,25.,1.);
#16=TOROIDAL_SURFACE('',#2238,21.,1.);
#17=TOROIDAL_SURFACE('',#2244,14.,1.);
#18=TOROIDAL_SURFACE('',#2252,13.5,1.);
#19=TOROIDAL_SURFACE('',#2258,6.5,1.);
#20=TOROIDAL_SURFACE('',#2276,20.,5.);
#21=TOROIDAL_SURFACE('',#2421,250.,25.);
#22=SPHERICAL_SURFACE('',#2211,3.5);
#23=SPHERICAL_SURFACE('',#2216,3.5);
#24=B_SPLINE_CURVE_WITH_KNOTS('',3,(#3224,#3225,#3226,#3227,#3228,#3229,
#3230,#3231,#3232,#3233,#3234,#3235,#3236,#3237,#3238,#3239),
 .UNSPECIFIED.,.F.,.F.,(4,2,2,2,2,2,2,4),(-3.80989452410648,-3.74098402456321,
-3.64514992875763,-3.21454898685958,-2.84668777095025,-2.46705201028944,
-2.20935607571537,-2.06819873492239),.UNSPECIFIED.);
#25=B_SPLINE_CURVE_WITH_KNOTS('',3,(#3280,#3281,#3282,#3283,#3284,#3285),
 .UNSPECIFIED.,.F.,.F.,(4,2,4),(0.610210118287684,0.702260593029656,0.810598352014581),
 .UNSPECIFIED.);
#26=B_SPLINE_CURVE_WITH_KNOTS('',3,(#3290,#3291,#3292,#3293,#3294,#3295),
 .UNSPECIFIED.,.F.,.F.,(4,2,4),(0.370577464095472,0.415111727040648,0.569931400180647),
 .UNSPECIFIED.);
#27=B_SPLINE_CURVE_WITH_KNOTS('',3,(#3385,#3386,#3387,#3388,#3389,#3390,
#3391,#3392,#3393,#3394,#3395,#3396,#3397,#3398,#3399,#3400),
 .UNSPECIFIED.,.F.,.F.,(4,2,2,2,2,2,2,4),(-2.06819873492239,-1.99346680416544,
-1.70811350064758,-1.35227241224191,-0.788799690523435,-0.46711712047833,
-0.192715861229337,-7.86571325225305E-5),.UNSPECIFIED.);
#28=B_SPLINE_CURVE_WITH_KNOTS('',3,(#3486,#3487,#3488,#3489,#3490,#3491,
#3492,#3493,#3494,#3495,#3496,#3497,#3498,#3499,#3500,#3501,#3502,#3503),
 .UNSPECIFIED.,.F.,.F.,(4,2,2,2,2,2,2,2,4),(2.58899292524137,2.72796590378321,
2.99252740749536,3.08985273621122,3.15893997846681,3.2327488891452,3.35619818197876,
3.51566134318973,3.70572797387101),.UNSPECIFIED.);
#29=B_SPLINE_CURVE_WITH_KNOTS('',3,(#3507,#3508,#3509,#3510,#3511,#3512),
 .UNSPECIFIED.,.F.,.F.,(4,2,4),(-5.8074798531109,-4.98881734225418,-4.18508207674366),
 .UNSPECIFIED.);
#30=B_SPLINE_CURVE_WITH_KNOTS('',3,(#3518,#3519,#3520,#3521),
 .UNSPECIFIED.,.F.,.F.,(4,4),(-2.68138156712181,-2.58099821188734),
 .UNSPECIFIED.);
#31=B_SPLINE_CURVE_WITH_KNOTS('',3,(#3524,#3525,#3526,#3527,#3528,#3529),
 .UNSPECIFIED.,.F.,.F.,(4,2,4),(-1.65848618764703,-1.26149594432034,0.),
 .UNSPECIFIED.);
#32=B_SPLINE_CURVE_WITH_KNOTS('',3,(#3788,#3789,#3790,#3791,#3792,#3793),
 .UNSPECIFIED.,.F.,.F.,(4,2,4),(-1.26489872969785,-0.626807739127948,0.),
 .UNSPECIFIED.);
#33=B_SPLINE_CURVE_WITH_KNOTS('',3,(#3799,#3800,#3801,#3802,#3803,#3804),
 .UNSPECIFIED.,.F.,.F.,(4,2,4),(-1.26752348842452,-0.63822196092403,0.),
 .UNSPECIFIED.);
#34=SHAPE_REPRESENTATION_RELATIONSHIP('SRR','None',#3834,#36);
#35=SHAPE_REPRESENTATION_RELATIONSHIP('SRR','None',#3833,#37);
#36=ADVANCED_BREP_SHAPE_REPRESENTATION('',(#40),#3822);
#37=ADVANCED_BREP_SHAPE_REPRESENTATION('',(#41),#3821);
#38=STYLED_ITEM('',(#3847),#40);
#39=STYLED_ITEM('',(#3847),#41);
#40=MANIFOLD_SOLID_BREP('Body1',#2138);
#41=MANIFOLD_SOLID_BREP('Body1',#2139);
#42=FACE_BOUND('',#295,.T.);
#43=FACE_BOUND('',#296,.T.);
#44=FACE_BOUND('',#297,.T.);
#45=FACE_BOUND('',#298,.T.);
#46=FACE_BOUND('',#299,.T.);
#47=FACE_BOUND('',#301,.T.);
#48=FACE_BOUND('',#302,.T.);
#49=FACE_BOUND('',#303,.T.);
#50=FACE_BOUND('',#304,.T.);
#51=FACE_BOUND('',#305,.T.);
#52=FACE_BOUND('',#341,.T.);
#53=FACE_BOUND('',#346,.T.);
#54=FACE_BOUND('',#354,.T.);
#55=FACE_BOUND('',#356,.T.);
#56=FACE_BOUND('',#366,.T.);
#57=FACE_BOUND('',#382,.T.);
#58=FACE_BOUND('',#383,.T.);
#59=FACE_BOUND('',#384,.T.);
#60=FACE_BOUND('',#385,.T.);
#61=FACE_BOUND('',#386,.T.);
#62=FACE_BOUND('',#387,.T.);
#63=FACE_BOUND('',#388,.T.);
#64=FACE_BOUND('',#389,.T.);
#65=FACE_BOUND('',#390,.T.);
#66=FACE_BOUND('',#391,.T.);
#67=FACE_BOUND('',#392,.T.);
#68=FACE_BOUND('',#393,.T.);
#69=FACE_BOUND('',#394,.T.);
#70=FACE_BOUND('',#417,.T.);
#71=FACE_BOUND('',#420,.T.);
#72=FACE_BOUND('',#423,.T.);
#73=FACE_BOUND('',#426,.T.);
#74=FACE_BOUND('',#429,.T.);
#75=FACE_BOUND('',#432,.T.);
#76=FACE_BOUND('',#435,.T.);
#77=FACE_BOUND('',#438,.T.);
#78=FACE_BOUND('',#441,.T.);
#79=FACE_BOUND('',#444,.T.);
#80=FACE_BOUND('',#451,.T.);
#81=FACE_BOUND('',#452,.T.);
#82=FACE_BOUND('',#453,.T.);
#83=FACE_BOUND('',#454,.T.);
#84=FACE_BOUND('',#455,.T.);
#85=FACE_BOUND('',#456,.T.);
#86=FACE_BOUND('',#457,.T.);
#87=FACE_BOUND('',#458,.T.);
#88=FACE_BOUND('',#459,.T.);
#89=FACE_BOUND('',#460,.T.);
#90=FACE_BOUND('',#463,.T.);
#91=FACE_BOUND('',#464,.T.);
#92=FACE_BOUND('',#465,.T.);
#93=FACE_BOUND('',#466,.T.);
#94=FACE_BOUND('',#467,.T.);
#95=FACE_BOUND('',#468,.T.);
#96=FACE_BOUND('',#469,.T.);
#97=FACE_BOUND('',#470,.T.);
#98=FACE_BOUND('',#471,.T.);
#99=FACE_BOUND('',#472,.T.);
#100=FACE_BOUND('',#473,.T.);
#101=FACE_BOUND('',#474,.T.);
#102=FACE_BOUND('',#475,.T.);
#103=FACE_BOUND('',#478,.T.);
#104=PLANE('',#2161);
#105=PLANE('',#2162);
#106=PLANE('',#2167);
#107=PLANE('',#2172);
#108=PLANE('',#2177);
#109=PLANE('',#2178);
#110=PLANE('',#2179);
#111=PLANE('',#2180);
#112=PLANE('',#2181);
#113=PLANE('',#2182);
#114=PLANE('',#2188);
#115=PLANE('',#2189);
#116=PLANE('',#2204);
#117=PLANE('',#2210);
#118=PLANE('',#2224);
#119=PLANE('',#2225);
#120=PLANE('',#2226);
#121=PLANE('',#2227);
#122=PLANE('',#2228);
#123=PLANE('',#2236);
#124=PLANE('',#2248);
#125=PLANE('',#2264);
#126=PLANE('',#2265);
#127=PLANE('',#2266);
#128=PLANE('',#2267);
#129=PLANE('',#2268);
#130=PLANE('',#2269);
#131=PLANE('',#2270);
#132=PLANE('',#2271);
#133=PLANE('',#2272);
#134=PLANE('',#2284);
#135=PLANE('',#2328);
#136=PLANE('',#2332);
#137=PLANE('',#2336);
#138=PLANE('',#2340);
#139=PLANE('',#2344);
#140=PLANE('',#2348);
#141=PLANE('',#2352);
#142=PLANE('',#2356);
#143=PLANE('',#2360);
#144=PLANE('',#2364);
#145=PLANE('',#2368);
#146=PLANE('',#2372);
#147=PLANE('',#2376);
#148=PLANE('',#2380);
#149=PLANE('',#2384);
#150=PLANE('',#2388);
#151=PLANE('',#2392);
#152=PLANE('',#2396);
#153=PLANE('',#2400);
#154=PLANE('',#2404);
#155=PLANE('',#2408);
#156=PLANE('',#2409);
#157=PLANE('',#2411);
#158=PLANE('',#2419);
#159=PLANE('',#2425);
#160=PLANE('',#2430);
#161=PLANE('',#2431);
#162=PLANE('',#2432);
#163=FACE_OUTER_BOUND('',#290,.T.);
#164=FACE_OUTER_BOUND('',#291,.T.);
#165=FACE_OUTER_BOUND('',#292,.T.);
#166=FACE_OUTER_BOUND('',#293,.T.);
#167=FACE_OUTER_BOUND('',#294,.T.);
#168=FACE_OUTER_BOUND('',#300,.T.);
#169=FACE_OUTER_BOUND('',#306,.T.);
#170=FACE_OUTER_BOUND('',#307,.T.);
#171=FACE_OUTER_BOUND('',#308,.T.);
#172=FACE_OUTER_BOUND('',#309,.T.);
#173=FACE_OUTER_BOUND('',#310,.T.);
#174=FACE_OUTER_BOUND('',#311,.T.);
#175=FACE_OUTER_BOUND('',#312,.T.);
#176=FACE_OUTER_BOUND('',#313,.T.);
#177=FACE_OUTER_BOUND('',#314,.T.);
#178=FACE_OUTER_BOUND('',#315,.T.);
#179=FACE_OUTER_BOUND('',#316,.T.);
#180=FACE_OUTER_BOUND('',#317,.T.);
#181=FACE_OUTER_BOUND('',#318,.T.);
#182=FACE_OUTER_BOUND('',#319,.T.);
#183=FACE_OUTER_BOUND('',#320,.T.);
#184=FACE_OUTER_BOUND('',#321,.T.);
#185=FACE_OUTER_BOUND('',#322,.T.);
#186=FACE_OUTER_BOUND('',#323,.T.);
#187=FACE_OUTER_BOUND('',#324,.T.);
#188=FACE_OUTER_BOUND('',#325,.T.);
#189=FACE_OUTER_BOUND('',#326,.T.);
#190=FACE_OUTER_BOUND('',#327,.T.);
#191=FACE_OUTER_BOUND('',#328,.T.);
#192=FACE_OUTER_BOUND('',#329,.T.);
#193=FACE_OUTER_BOUND('',#330,.T.);
#194=FACE_OUTER_BOUND('',#331,.T.);
#195=FACE_OUTER_BOUND('',#332,.T.);
#196=FACE_OUTER_BOUND('',#333,.T.);
#197=FACE_OUTER_BOUND('',#334,.T.);
#198=FACE_OUTER_BOUND('',#335,.T.);
#199=FACE_OUTER_BOUND('',#336,.T.);
#200=FACE_OUTER_BOUND('',#337,.T.);
#201=FACE_OUTER_BOUND('',#338,.T.);
#202=FACE_OUTER_BOUND('',#339,.T.);
#203=FACE_OUTER_BOUND('',#340,.T.);
#204=FACE_OUTER_BOUND('',#342,.T.);
#205=FACE_OUTER_BOUND('',#343,.T.);
#206=FACE_OUTER_BOUND('',#344,.T.);
#207=FACE_OUTER_BOUND('',#345,.T.);
#208=FACE_OUTER_BOUND('',#347,.T.);
#209=FACE_OUTER_BOUND('',#348,.T.);
#210=FACE_OUTER_BOUND('',#349,.T.);
#211=FACE_OUTER_BOUND('',#350,.T.);
#212=FACE_OUTER_BOUND('',#351,.T.);
#213=FACE_OUTER_BOUND('',#352,.T.);
#214=FACE_OUTER_BOUND('',#353,.T.);
#215=FACE_OUTER_BOUND('',#355,.T.);
#216=FACE_OUTER_BOUND('',#357,.T.);
#217=FACE_OUTER_BOUND('',#358,.T.);
#218=FACE_OUTER_BOUND('',#359,.T.);
#219=FACE_OUTER_BOUND('',#360,.T.);
#220=FACE_OUTER_BOUND('',#361,.T.);
#221=FACE_OUTER_BOUND('',#362,.T.);
#222=FACE_OUTER_BOUND('',#363,.T.);
#223=FACE_OUTER_BOUND('',#364,.T.);
#224=FACE_OUTER_BOUND('',#365,.T.);
#225=FACE_OUTER_BOUND('',#367,.T.);
#226=FACE_OUTER_BOUND('',#368,.T.);
#227=FACE_OUTER_BOUND('',#369,.T.);
#228=FACE_OUTER_BOUND('',#370,.T.);
#229=FACE_OUTER_BOUND('',#371,.T.);
#230=FACE_OUTER_BOUND('',#372,.T.);
#231=FACE_OUTER_BOUND('',#373,.T.);
#232=FACE_OUTER_BOUND('',#374,.T.);
#233=FACE_OUTER_BOUND('',#375,.T.);
#234=FACE_OUTER_BOUND('',#376,.T.);
#235=FACE_OUTER_BOUND('',#377,.T.);
#236=FACE_OUTER_BOUND('',#378,.T.);
#237=FACE_OUTER_BOUND('',#379,.T.);
#238=FACE_OUTER_BOUND('',#380,.T.);
#239=FACE_OUTER_BOUND('',#381,.T.);
#240=FACE_OUTER_BOUND('',#395,.T.);
#241=FACE_OUTER_BOUND('',#396,.T.);
#242=FACE_OUTER_BOUND('',#397,.T.);
#243=FACE_OUTER_BOUND('',#398,.T.);
#244=FACE_OUTER_BOUND('',#399,.T.);
#245=FACE_OUTER_BOUND('',#400,.T.);
#246=FACE_OUTER_BOUND('',#401,.T.);
#247=FACE_OUTER_BOUND('',#402,.T.);
#248=FACE_OUTER_BOUND('',#403,.T.);
#249=FACE_OUTER_BOUND('',#404,.T.);
#250=FACE_OUTER_BOUND('',#405,.T.);
#251=FACE_OUTER_BOUND('',#406,.T.);
#252=FACE_OUTER_BOUND('',#407,.T.);
#253=FACE_OUTER_BOUND('',#408,.T.);
#254=FACE_OUTER_BOUND('',#409,.T.);
#255=FACE_OUTER_BOUND('',#410,.T.);
#256=FACE_OUTER_BOUND('',#411,.T.);
#257=FACE_OUTER_BOUND('',#412,.T.);
#258=FACE_OUTER_BOUND('',#413,.T.);
#259=FACE_OUTER_BOUND('',#414,.T.);
#260=FACE_OUTER_BOUND('',#415,.T.);
#261=FACE_OUTER_BOUND('',#416,.T.);
#262=FACE_OUTER_BOUND('',#418,.T.);
#263=FACE_OUTER_BOUND('',#419,.T.);
#264=FACE_OUTER_BOUND('',#421,.T.);
#265=FACE_OUTER_BOUND('',#422,.T.);
#266=FACE_OUTER_BOUND('',#424,.T.);
#267=FACE_OUTER_BOUND('',#425,.T.);
#268=FACE_OUTER_BOUND('',#427,.T.);
#269=FACE_OUTER_BOUND('',#428,.T.);
#270=FACE_OUTER_BOUND('',#430,.T.);
#271=FACE_OUTER_BOUND('',#431,.T.);
#272=FACE_OUTER_BOUND('',#433,.T.);
#273=FACE_OUTER_BOUND('',#434,.T.);
#274=FACE_OUTER_BOUND('',#436,.T.);
#275=FACE_OUTER_BOUND('',#437,.T.);
#276=FACE_OUTER_BOUND('',#439,.T.);
#277=FACE_OUTER_BOUND('',#440,.T.);
#278=FACE_OUTER_BOUND('',#442,.T.);
#279=FACE_OUTER_BOUND('',#443,.T.);
#280=FACE_OUTER_BOUND('',#445,.T.);
#281=FACE_OUTER_BOUND('',#446,.T.);
#282=FACE_OUTER_BOUND('',#447,.T.);
#283=FACE_OUTER_BOUND('',#448,.T.);
#284=FACE_OUTER_BOUND('',#449,.T.);
#285=FACE_OUTER_BOUND('',#450,.T.);
#286=FACE_OUTER_BOUND('',#461,.T.);
#287=FACE_OUTER_BOUND('',#462,.T.);
#288=FACE_OUTER_BOUND('',#476,.T.);
#289=FACE_OUTER_BOUND('',#477,.T.);
#290=EDGE_LOOP('',(#1370,#1371,#1372,#1373));
#291=EDGE_LOOP('',(#1374,#1375,#1376,#1377));
#292=EDGE_LOOP('',(#1378,#1379,#1380,#1381));
#293=EDGE_LOOP('',(#1382,#1383,#1384,#1385));
#294=EDGE_LOOP('',(#1386,#1387,#1388,#1389,#1390,#1391));
#295=EDGE_LOOP('',(#1392,#1393,#1394,#1395));
#296=EDGE_LOOP('',(#1396));
#297=EDGE_LOOP('',(#1397));
#298=EDGE_LOOP('',(#1398));
#299=EDGE_LOOP('',(#1399));
#300=EDGE_LOOP('',(#1400,#1401,#1402,#1403));
#301=EDGE_LOOP('',(#1404,#1405,#1406,#1407));
#302=EDGE_LOOP('',(#1408));
#303=EDGE_LOOP('',(#1409));
#304=EDGE_LOOP('',(#1410));
#305=EDGE_LOOP('',(#1411));
#306=EDGE_LOOP('',(#1412,#1413,#1414,#1415));
#307=EDGE_LOOP('',(#1416,#1417,#1418,#1419));
#308=EDGE_LOOP('',(#1420,#1421,#1422,#1423));
#309=EDGE_LOOP('',(#1424,#1425,#1426,#1427));
#310=EDGE_LOOP('',(#1428,#1429,#1430,#1431));
#311=EDGE_LOOP('',(#1432,#1433,#1434,#1435));
#312=EDGE_LOOP('',(#1436,#1437,#1438,#1439));
#313=EDGE_LOOP('',(#1440,#1441,#1442,#1443));
#314=EDGE_LOOP('',(#1444,#1445,#1446,#1447));
#315=EDGE_LOOP('',(#1448,#1449,#1450,#1451));
#316=EDGE_LOOP('',(#1452,#1453,#1454,#1455));
#317=EDGE_LOOP('',(#1456,#1457,#1458,#1459,#1460,#1461,#1462,#1463));
#318=EDGE_LOOP('',(#1464,#1465,#1466,#1467));
#319=EDGE_LOOP('',(#1468,#1469,#1470,#1471,#1472,#1473,#1474,#1475));
#320=EDGE_LOOP('',(#1476,#1477,#1478,#1479));
#321=EDGE_LOOP('',(#1480,#1481,#1482,#1483,#1484,#1485,#1486,#1487,#1488,
#1489));
#322=EDGE_LOOP('',(#1490,#1491,#1492,#1493,#1494));
#323=EDGE_LOOP('',(#1495,#1496,#1497,#1498));
#324=EDGE_LOOP('',(#1499,#1500,#1501,#1502));
#325=EDGE_LOOP('',(#1503,#1504,#1505,#1506,#1507));
#326=EDGE_LOOP('',(#1508,#1509,#1510,#1511));
#327=EDGE_LOOP('',(#1512,#1513,#1514,#1515));
#328=EDGE_LOOP('',(#1516,#1517,#1518));
#329=EDGE_LOOP('',(#1519,#1520,#1521,#1522));
#330=EDGE_LOOP('',(#1523,#1524,#1525));
#331=EDGE_LOOP('',(#1526,#1527,#1528,#1529));
#332=EDGE_LOOP('',(#1530,#1531,#1532,#1533,#1534,#1535,#1536,#1537));
#333=EDGE_LOOP('',(#1538,#1539,#1540,#1541,#1542,#1543,#1544));
#334=EDGE_LOOP('',(#1545,#1546,#1547,#1548));
#335=EDGE_LOOP('',(#1549,#1550,#1551,#1552,#1553,#1554,#1555));
#336=EDGE_LOOP('',(#1556,#1557,#1558,#1559));
#337=EDGE_LOOP('',(#1560,#1561,#1562,#1563,#1564,#1565,#1566));
#338=EDGE_LOOP('',(#1567,#1568,#1569,#1570,#1571));
#339=EDGE_LOOP('',(#1572,#1573,#1574,#1575,#1576,#1577,#1578,#1579));
#340=EDGE_LOOP('',(#1580));
#341=EDGE_LOOP('',(#1581));
#342=EDGE_LOOP('',(#1582,#1583,#1584,#1585,#1586));
#343=EDGE_LOOP('',(#1587,#1588,#1589,#1590,#1591));
#344=EDGE_LOOP('',(#1592,#1593,#1594,#1595));
#345=EDGE_LOOP('',(#1596));
#346=EDGE_LOOP('',(#1597));
#347=EDGE_LOOP('',(#1598,#1599,#1600,#1601));
#348=EDGE_LOOP('',(#1602,#1603,#1604,#1605,#1606));
#349=EDGE_LOOP('',(#1607,#1608,#1609,#1610,#1611));
#350=EDGE_LOOP('',(#1612,#1613,#1614,#1615));
#351=EDGE_LOOP('',(#1616,#1617,#1618,#1619));
#352=EDGE_LOOP('',(#1620));
#353=EDGE_LOOP('',(#1621));
#354=EDGE_LOOP('',(#1622));
#355=EDGE_LOOP('',(#1623));
#356=EDGE_LOOP('',(#1624));
#357=EDGE_LOOP('',(#1625,#1626,#1627,#1628,#1629,#1630,#1631,#1632,#1633,
#1634,#1635,#1636));
#358=EDGE_LOOP('',(#1637,#1638,#1639,#1640));
#359=EDGE_LOOP('',(#1641,#1642,#1643,#1644));
#360=EDGE_LOOP('',(#1645,#1646,#1647,#1648,#1649,#1650,#1651,#1652,#1653,
#1654,#1655,#1656));
#361=EDGE_LOOP('',(#1657,#1658,#1659,#1660));
#362=EDGE_LOOP('',(#1661,#1662,#1663,#1664,#1665,#1666,#1667,#1668));
#363=EDGE_LOOP('',(#1669,#1670,#1671,#1672,#1673,#1674));
#364=EDGE_LOOP('',(#1675,#1676,#1677,#1678,#1679,#1680,#1681,#1682));
#365=EDGE_LOOP('',(#1683));
#366=EDGE_LOOP('',(#1684));
#367=EDGE_LOOP('',(#1685,#1686,#1687,#1688));
#368=EDGE_LOOP('',(#1689,#1690,#1691,#1692));
#369=EDGE_LOOP('',(#1693,#1694,#1695,#1696));
#370=EDGE_LOOP('',(#1697,#1698,#1699,#1700));
#371=EDGE_LOOP('',(#1701,#1702,#1703,#1704));
#372=EDGE_LOOP('',(#1705,#1706,#1707,#1708));
#373=EDGE_LOOP('',(#1709,#1710,#1711,#1712));
#374=EDGE_LOOP('',(#1713,#1714,#1715,#1716));
#375=EDGE_LOOP('',(#1717,#1718,#1719,#1720));
#376=EDGE_LOOP('',(#1721,#1722,#1723,#1724));
#377=EDGE_LOOP('',(#1725,#1726,#1727,#1728));
#378=EDGE_LOOP('',(#1729,#1730,#1731,#1732));
#379=EDGE_LOOP('',(#1733,#1734,#1735,#1736));
#380=EDGE_LOOP('',(#1737,#1738,#1739,#1740));
#381=EDGE_LOOP('',(#1741));
#382=EDGE_LOOP('',(#1742));
#383=EDGE_LOOP('',(#1743));
#384=EDGE_LOOP('',(#1744));
#385=EDGE_LOOP('',(#1745));
#386=EDGE_LOOP('',(#1746));
#387=EDGE_LOOP('',(#1747));
#388=EDGE_LOOP('',(#1748));
#389=EDGE_LOOP('',(#1749));
#390=EDGE_LOOP('',(#1750));
#391=EDGE_LOOP('',(#1751));
#392=EDGE_LOOP('',(#1752));
#393=EDGE_LOOP('',(#1753));
#394=EDGE_LOOP('',(#1754));
#395=EDGE_LOOP('',(#1755,#1756,#1757,#1758));
#396=EDGE_LOOP('',(#1759));
#397=EDGE_LOOP('',(#1760,#1761,#1762,#1763));
#398=EDGE_LOOP('',(#1764));
#399=EDGE_LOOP('',(#1765,#1766,#1767,#1768));
#400=EDGE_LOOP('',(#1769));
#401=EDGE_LOOP('',(#1770,#1771,#1772,#1773));
#402=EDGE_LOOP('',(#1774));
#403=EDGE_LOOP('',(#1775,#1776,#1777,#1778));
#404=EDGE_LOOP('',(#1779));
#405=EDGE_LOOP('',(#1780,#1781,#1782,#1783));
#406=EDGE_LOOP('',(#1784));
#407=EDGE_LOOP('',(#1785,#1786,#1787,#1788));
#408=EDGE_LOOP('',(#1789));
#409=EDGE_LOOP('',(#1790,#1791,#1792,#1793));
#410=EDGE_LOOP('',(#1794));
#411=EDGE_LOOP('',(#1795,#1796,#1797,#1798));
#412=EDGE_LOOP('',(#1799));
#413=EDGE_LOOP('',(#1800,#1801,#1802,#1803));
#414=EDGE_LOOP('',(#1804));
#415=EDGE_LOOP('',(#1805,#1806,#1807,#1808));
#416=EDGE_LOOP('',(#1809));
#417=EDGE_LOOP('',(#1810));
#418=EDGE_LOOP('',(#1811,#1812,#1813,#1814));
#419=EDGE_LOOP('',(#1815));
#420=EDGE_LOOP('',(#1816));
#421=EDGE_LOOP('',(#1817,#1818,#1819,#1820));
#422=EDGE_LOOP('',(#1821));
#423=EDGE_LOOP('',(#1822));
#424=EDGE_LOOP('',(#1823,#1824,#1825,#1826));
#425=EDGE_LOOP('',(#1827));
#426=EDGE_LOOP('',(#1828));
#427=EDGE_LOOP('',(#1829,#1830,#1831,#1832));
#428=EDGE_LOOP('',(#1833));
#429=EDGE_LOOP('',(#1834));
#430=EDGE_LOOP('',(#1835,#1836,#1837,#1838));
#431=EDGE_LOOP('',(#1839));
#432=EDGE_LOOP('',(#1840));
#433=EDGE_LOOP('',(#1841,#1842,#1843,#1844));
#434=EDGE_LOOP('',(#1845));
#435=EDGE_LOOP('',(#1846));
#436=EDGE_LOOP('',(#1847,#1848,#1849,#1850));
#437=EDGE_LOOP('',(#1851));
#438=EDGE_LOOP('',(#1852));
#439=EDGE_LOOP('',(#1853,#1854,#1855,#1856));
#440=EDGE_LOOP('',(#1857));
#441=EDGE_LOOP('',(#1858));
#442=EDGE_LOOP('',(#1859,#1860,#1861,#1862));
#443=EDGE_LOOP('',(#1863));
#444=EDGE_LOOP('',(#1864));
#445=EDGE_LOOP('',(#1865,#1866));
#446=EDGE_LOOP('',(#1867,#1868,#1869,#1870,#1871,#1872));
#447=EDGE_LOOP('',(#1873,#1874,#1875,#1876,#1877,#1878,#1879,#1880,#1881,
#1882,#1883,#1884));
#448=EDGE_LOOP('',(#1885,#1886,#1887,#1888));
#449=EDGE_LOOP('',(#1889,#1890,#1891,#1892,#1893,#1894,#1895,#1896,#1897,
#1898,#1899,#1900,#1901,#1902,#1903,#1904));
#450=EDGE_LOOP('',(#1905,#1906,#1907,#1908,#1909,#1910,#1911,#1912));
#451=EDGE_LOOP('',(#1913));
#452=EDGE_LOOP('',(#1914));
#453=EDGE_LOOP('',(#1915));
#454=EDGE_LOOP('',(#1916));
#455=EDGE_LOOP('',(#1917));
#456=EDGE_LOOP('',(#1918));
#457=EDGE_LOOP('',(#1919));
#458=EDGE_LOOP('',(#1920));
#459=EDGE_LOOP('',(#1921));
#460=EDGE_LOOP('',(#1922));
#461=EDGE_LOOP('',(#1923,#1924,#1925,#1926,#1927,#1928,#1929,#1930));
#462=EDGE_LOOP('',(#1931));
#463=EDGE_LOOP('',(#1932));
#464=EDGE_LOOP('',(#1933));
#465=EDGE_LOOP('',(#1934));
#466=EDGE_LOOP('',(#1935));
#467=EDGE_LOOP('',(#1936));
#468=EDGE_LOOP('',(#1937));
#469=EDGE_LOOP('',(#1938));
#470=EDGE_LOOP('',(#1939));
#471=EDGE_LOOP('',(#1940));
#472=EDGE_LOOP('',(#1941));
#473=EDGE_LOOP('',(#1942));
#474=EDGE_LOOP('',(#1943));
#475=EDGE_LOOP('',(#1944));
#476=EDGE_LOOP('',(#1945,#1946,#1947,#1948,#1949));
#477=EDGE_LOOP('',(#1950));
#478=EDGE_LOOP('',(#1951));
#479=ELLIPSE('',#2156,2.12132034355964,1.5);
#480=ELLIPSE('',#2159,2.12132034355964,1.5);
#481=ELLIPSE('',#2192,4.94974746830583,3.5);
#482=ELLIPSE('',#2203,4.94974746830584,3.5);
#483=ELLIPSE('',#2290,0.752864878157511,0.75);
#484=ELLIPSE('',#2291,0.752864878157511,0.75);
#485=ELLIPSE('',#2293,0.752864878157511,0.75);
#486=ELLIPSE('',#2294,0.752864878157511,0.75);
#487=ELLIPSE('',#2296,0.752864878157511,0.75);
#488=ELLIPSE('',#2297,0.752864878157511,0.75);
#489=ELLIPSE('',#2299,0.752864878157511,0.75);
#490=ELLIPSE('',#2300,0.752864878157511,0.75);
#491=ELLIPSE('',#2302,0.752864878157511,0.75);
#492=ELLIPSE('',#2303,0.752864878157511,0.75);
#493=ELLIPSE('',#2305,0.752864878157511,0.75);
#494=ELLIPSE('',#2306,0.752864878157511,0.75);
#495=ELLIPSE('',#2308,0.752864878157511,0.75);
#496=ELLIPSE('',#2309,0.752864878157511,0.75);
#497=ELLIPSE('',#2311,0.752864878157511,0.75);
#498=ELLIPSE('',#2312,0.752864878157511,0.75);
#499=ELLIPSE('',#2314,0.752864878157511,0.75);
#500=ELLIPSE('',#2315,0.752864878157511,0.75);
#501=ELLIPSE('',#2317,0.752864878157511,0.75);
#502=ELLIPSE('',#2318,0.752864878157511,0.75);
#503=ELLIPSE('',#2320,0.752864878157511,0.75);
#504=ELLIPSE('',#2321,0.752864878157511,0.75);
#505=ELLIPSE('',#2323,0.752864878157511,0.75);
#506=ELLIPSE('',#2324,0.752864878157511,0.75);
#507=CIRCLE('',#2155,1.5);
#508=CIRCLE('',#2158,1.5);
#509=CIRCLE('',#2163,1.2645);
#510=CIRCLE('',#2164,1.2645);
#511=CIRCLE('',#2165,1.2645);
#512=CIRCLE('',#2166,1.2645);
#513=CIRCLE('',#2168,1.2645);
#514=CIRCLE('',#2169,1.2645);
#515=CIRCLE('',#2170,1.2645);
#516=CIRCLE('',#2171,1.2645);
#517=CIRCLE('',#2184,26.);
#518=CIRCLE('',#2185,26.);
#519=CIRCLE('',#2186,26.);
#520=CIRCLE('',#2187,26.);
#521=CIRCLE('',#2190,26.);
#522=CIRCLE('',#2193,3.5);
#523=CIRCLE('',#2195,20.);
#524=CIRCLE('',#2196,20.);
#525=CIRCLE('',#2197,20.);
#526=CIRCLE('',#2198,20.);
#527=CIRCLE('',#2200,3.5);
#528=CIRCLE('',#2202,3.5);
#529=CIRCLE('',#2206,3.5);
#530=CIRCLE('',#2208,3.49999999999999);
#531=CIRCLE('',#2209,3.49999999999999);
#532=CIRCLE('',#2212,3.5);
#533=CIRCLE('',#2213,3.5);
#534=CIRCLE('',#2215,3.5);
#535=CIRCLE('',#2217,3.5);
#536=CIRCLE('',#2218,3.5);
#537=CIRCLE('',#2220,3.5);
#538=CIRCLE('',#2222,3.5);
#539=CIRCLE('',#2223,3.5);
#540=CIRCLE('',#2229,26.);
#541=CIRCLE('',#2231,25.);
#542=CIRCLE('',#2232,1.);
#543=CIRCLE('',#2233,26.);
#544=CIRCLE('',#2235,26.);
#545=CIRCLE('',#2237,21.);
#546=CIRCLE('',#2239,1.);
#547=CIRCLE('',#2240,20.);
#548=CIRCLE('',#2241,20.);
#549=CIRCLE('',#2243,20.);
#550=CIRCLE('',#2245,14.);
#551=CIRCLE('',#2246,1.);
#552=CIRCLE('',#2247,15.);
#553=CIRCLE('',#2249,13.5);
#554=CIRCLE('',#2251,15.);
#555=CIRCLE('',#2253,1.);
#556=CIRCLE('',#2254,12.5);
#557=CIRCLE('',#2255,12.5);
#558=CIRCLE('',#2257,12.5);
#559=CIRCLE('',#2259,6.5);
#560=CIRCLE('',#2260,1.);
#561=CIRCLE('',#2261,7.5);
#562=CIRCLE('',#2263,7.5);
#563=CIRCLE('',#2273,225.000819155088);
#564=CIRCLE('',#2274,40.);
#565=CIRCLE('',#2275,274.999180844912);
#566=CIRCLE('',#2277,20.);
#567=CIRCLE('',#2278,5.);
#568=CIRCLE('',#2279,25.);
#569=CIRCLE('',#2280,25.);
#570=CIRCLE('',#2282,25.);
#571=CIRCLE('',#2283,25.);
#572=CIRCLE('',#2285,17.5);
#573=CIRCLE('',#2287,4.4);
#574=CIRCLE('',#2288,4.4);
#575=CIRCLE('',#2326,10.5);
#576=CIRCLE('',#2327,10.5);
#577=CIRCLE('',#2330,2.5);
#578=CIRCLE('',#2331,2.5);
#579=CIRCLE('',#2334,2.5);
#580=CIRCLE('',#2335,2.5);
#581=CIRCLE('',#2338,2.5);
#582=CIRCLE('',#2339,2.5);
#583=CIRCLE('',#2342,2.5);
#584=CIRCLE('',#2343,2.5);
#585=CIRCLE('',#2346,2.5);
#586=CIRCLE('',#2347,2.5);
#587=CIRCLE('',#2350,2.5);
#588=CIRCLE('',#2351,2.5);
#589=CIRCLE('',#2354,2.5);
#590=CIRCLE('',#2355,2.5);
#591=CIRCLE('',#2358,2.5);
#592=CIRCLE('',#2359,2.5);
#593=CIRCLE('',#2362,2.5);
#594=CIRCLE('',#2363,2.5);
#595=CIRCLE('',#2366,2.5);
#596=CIRCLE('',#2367,2.5);
#597=CIRCLE('',#2370,5.);
#598=CIRCLE('',#2371,5.);
#599=CIRCLE('',#2374,5.);
#600=CIRCLE('',#2375,5.);
#601=CIRCLE('',#2378,5.);
#602=CIRCLE('',#2379,5.);
#603=CIRCLE('',#2382,5.);
#604=CIRCLE('',#2383,5.);
#605=CIRCLE('',#2386,5.);
#606=CIRCLE('',#2387,5.);
#607=CIRCLE('',#2390,5.);
#608=CIRCLE('',#2391,5.);
#609=CIRCLE('',#2394,5.);
#610=CIRCLE('',#2395,5.);
#611=CIRCLE('',#2398,5.);
#612=CIRCLE('',#2399,5.);
#613=CIRCLE('',#2402,5.);
#614=CIRCLE('',#2403,5.);
#615=CIRCLE('',#2406,5.);
#616=CIRCLE('',#2407,5.);
#617=CIRCLE('',#2410,227.938575086579);
#618=CIRCLE('',#2412,272.061424913421);
#619=CIRCLE('',#2413,17.5);
#620=CIRCLE('',#2414,17.5);
#621=CIRCLE('',#2416,17.5);
#622=CIRCLE('',#2417,17.5);
#623=CIRCLE('',#2418,17.5);
#624=CIRCLE('',#2420,25.);
#625=CIRCLE('',#2422,272.090289687805);
#626=CIRCLE('',#2423,25.);
#627=CIRCLE('',#2424,227.909710312195);
#628=CIRCLE('',#2426,40.);
#629=CIRCLE('',#2427,40.);
#630=CIRCLE('',#2429,40.);
#631=LINE('',#3132,#760);
#632=LINE('',#3136,#761);
#633=LINE('',#3141,#762);
#634=LINE('',#3145,#763);
#635=LINE('',#3148,#764);
#636=LINE('',#3149,#765);
#637=LINE('',#3151,#766);
#638=LINE('',#3154,#767);
#639=LINE('',#3156,#768);
#640=LINE('',#3157,#769);
#641=LINE('',#3160,#770);
#642=LINE('',#3162,#771);
#643=LINE('',#3164,#772);
#644=LINE('',#3165,#773);
#645=LINE('',#3176,#774);
#646=LINE('',#3178,#775);
#647=LINE('',#3179,#776);
#648=LINE('',#3182,#777);
#649=LINE('',#3184,#778);
#650=LINE('',#3186,#779);
#651=LINE('',#3187,#780);
#652=LINE('',#3197,#781);
#653=LINE('',#3199,#782);
#654=LINE('',#3201,#783);
#655=LINE('',#3203,#784);
#656=LINE('',#3205,#785);
#657=LINE('',#3207,#786);
#658=LINE('',#3208,#787);
#659=LINE('',#3210,#788);
#660=LINE('',#3212,#789);
#661=LINE('',#3215,#790);
#662=LINE('',#3220,#791);
#663=LINE('',#3243,#792);
#664=LINE('',#3247,#793);
#665=LINE('',#3252,#794);
#666=LINE('',#3254,#795);
#667=LINE('',#3256,#796);
#668=LINE('',#3257,#797);
#669=LINE('',#3260,#798);
#670=LINE('',#3262,#799);
#671=LINE('',#3264,#800);
#672=LINE('',#3267,#801);
#673=LINE('',#3268,#802);
#674=LINE('',#3274,#803);
#675=LINE('',#3277,#804);
#676=LINE('',#3297,#805);
#677=LINE('',#3301,#806);
#678=LINE('',#3305,#807);
#679=LINE('',#3308,#808);
#680=LINE('',#3314,#809);
#681=LINE('',#3317,#810);
#682=LINE('',#3319,#811);
#683=LINE('',#3320,#812);
#684=LINE('',#3323,#813);
#685=LINE('',#3330,#814);
#686=LINE('',#3332,#815);
#687=LINE('',#3333,#816);
#688=LINE('',#3342,#817);
#689=LINE('',#3343,#818);
#690=LINE('',#3352,#819);
#691=LINE('',#3353,#820);
#692=LINE('',#3357,#821);
#693=LINE('',#3359,#822);
#694=LINE('',#3362,#823);
#695=LINE('',#3364,#824);
#696=LINE('',#3366,#825);
#697=LINE('',#3369,#826);
#698=LINE('',#3370,#827);
#699=LINE('',#3372,#828);
#700=LINE('',#3382,#829);
#701=LINE('',#3412,#830);
#702=LINE('',#3425,#831);
#703=LINE('',#3435,#832);
#704=LINE('',#3445,#833);
#705=LINE('',#3452,#834);
#706=LINE('',#3454,#835);
#707=LINE('',#3456,#836);
#708=LINE('',#3457,#837);
#709=LINE('',#3460,#838);
#710=LINE('',#3462,#839);
#711=LINE('',#3463,#840);
#712=LINE('',#3466,#841);
#713=LINE('',#3467,#842);
#714=LINE('',#3469,#843);
#715=LINE('',#3470,#844);
#716=LINE('',#3516,#845);
#717=LINE('',#3537,#846);
#718=LINE('',#3543,#847);
#719=LINE('',#3549,#848);
#720=LINE('',#3555,#849);
#721=LINE('',#3561,#850);
#722=LINE('',#3567,#851);
#723=LINE('',#3573,#852);
#724=LINE('',#3579,#853);
#725=LINE('',#3585,#854);
#726=LINE('',#3591,#855);
#727=LINE('',#3597,#856);
#728=LINE('',#3603,#857);
#729=LINE('',#3609,#858);
#730=LINE('',#3615,#859);
#731=LINE('',#3622,#860);
#732=LINE('',#3629,#861);
#733=LINE('',#3636,#862);
#734=LINE('',#3643,#863);
#735=LINE('',#3650,#864);
#736=LINE('',#3657,#865);
#737=LINE('',#3664,#866);
#738=LINE('',#3671,#867);
#739=LINE('',#3678,#868);
#740=LINE('',#3685,#869);
#741=LINE('',#3692,#870);
#742=LINE('',#3699,#871);
#743=LINE('',#3706,#872);
#744=LINE('',#3713,#873);
#745=LINE('',#3720,#874);
#746=LINE('',#3727,#875);
#747=LINE('',#3734,#876);
#748=LINE('',#3741,#877);
#749=LINE('',#3748,#878);
#750=LINE('',#3755,#879);
#751=LINE('',#3762,#880);
#752=LINE('',#3766,#881);
#753=LINE('',#3771,#882);
#754=LINE('',#3773,#883);
#755=LINE('',#3777,#884);
#756=LINE('',#3781,#885);
#757=LINE('',#3785,#886);
#758=LINE('',#3809,#887);
#759=LINE('',#3813,#888);
#760=VECTOR('',#2440,10.);
#761=VECTOR('',#2443,10.);
#762=VECTOR('',#2448,10.);
#763=VECTOR('',#2451,10.);
#764=VECTOR('',#2456,10.);
#765=VECTOR('',#2457,10.);
#766=VECTOR('',#2460,10.);
#767=VECTOR('',#2463,10.);
#768=VECTOR('',#2464,10.);
#769=VECTOR('',#2465,10.);
#770=VECTOR('',#2466,10.);
#771=VECTOR('',#2467,10.);
#772=VECTOR('',#2468,10.);
#773=VECTOR('',#2469,10.);
#774=VECTOR('',#2480,10.);
#775=VECTOR('',#2481,10.);
#776=VECTOR('',#2482,10.);
#777=VECTOR('',#2483,10.);
#778=VECTOR('',#2484,10.);
#779=VECTOR('',#2485,10.);
#780=VECTOR('',#2486,10.);
#781=VECTOR('',#2497,10.);
#782=VECTOR('',#2500,1.15);
#783=VECTOR('',#2503,1.15);
#784=VECTOR('',#2506,1.15);
#785=VECTOR('',#2509,1.15);
#786=VECTOR('',#2512,10.);
#787=VECTOR('',#2513,10.);
#788=VECTOR('',#2516,10.);
#789=VECTOR('',#2519,10.);
#790=VECTOR('',#2524,10.);
#791=VECTOR('',#2529,26.);
#792=VECTOR('',#2534,10.);
#793=VECTOR('',#2537,10.);
#794=VECTOR('',#2542,10.);
#795=VECTOR('',#2543,10.);
#796=VECTOR('',#2544,10.);
#797=VECTOR('',#2545,10.);
#798=VECTOR('',#2548,10.);
#799=VECTOR('',#2549,10.);
#800=VECTOR('',#2550,10.);
#801=VECTOR('',#2553,10.);
#802=VECTOR('',#2554,10.);
#803=VECTOR('',#2559,3.5);
#804=VECTOR('',#2562,3.5);
#805=VECTOR('',#2569,3.5);
#806=VECTOR('',#2572,3.49999999999999);
#807=VECTOR('',#2577,10.);
#808=VECTOR('',#2580,10.);
#809=VECTOR('',#2587,3.5);
#810=VECTOR('',#2590,10.);
#811=VECTOR('',#2591,10.);
#812=VECTOR('',#2592,10.);
#813=VECTOR('',#2595,10.);
#814=VECTOR('',#2604,3.49999999999999);
#815=VECTOR('',#2607,10.);
#816=VECTOR('',#2608,10.);
#817=VECTOR('',#2619,10.);
#818=VECTOR('',#2620,10.);
#819=VECTOR('',#2631,10.);
#820=VECTOR('',#2632,10.);
#821=VECTOR('',#2637,10.);
#822=VECTOR('',#2638,10.);
#823=VECTOR('',#2641,10.);
#824=VECTOR('',#2644,10.);
#825=VECTOR('',#2647,10.);
#826=VECTOR('',#2650,10.);
#827=VECTOR('',#2651,10.);
#828=VECTOR('',#2654,10.);
#829=VECTOR('',#2669,10.);
#830=VECTOR('',#2686,20.);
#831=VECTOR('',#2703,15.);
#832=VECTOR('',#2716,12.5);
#833=VECTOR('',#2729,7.5);
#834=VECTOR('',#2740,10.);
#835=VECTOR('',#2741,10.);
#836=VECTOR('',#2742,10.);
#837=VECTOR('',#2743,10.);
#838=VECTOR('',#2746,10.);
#839=VECTOR('',#2747,10.);
#840=VECTOR('',#2748,10.);
#841=VECTOR('',#2751,10.);
#842=VECTOR('',#2752,10.);
#843=VECTOR('',#2755,10.);
#844=VECTOR('',#2756,10.);
#845=VECTOR('',#2781,10.);
#846=VECTOR('',#2792,4.4);
#847=VECTOR('',#2799,0.75);
#848=VECTOR('',#2806,0.75);
#849=VECTOR('',#2813,0.75);
#850=VECTOR('',#2820,0.75);
#851=VECTOR('',#2827,0.75);
#852=VECTOR('',#2834,0.75);
#853=VECTOR('',#2841,0.75);
#854=VECTOR('',#2848,0.75);
#855=VECTOR('',#2855,0.75);
#856=VECTOR('',#2862,0.75);
#857=VECTOR('',#2869,0.75);
#858=VECTOR('',#2876,0.75);
#859=VECTOR('',#2883,10.5);
#860=VECTOR('',#2892,2.5);
#861=VECTOR('',#2901,2.5);
#862=VECTOR('',#2910,2.5);
#863=VECTOR('',#2919,2.5);
#864=VECTOR('',#2928,2.5);
#865=VECTOR('',#2937,2.5);
#866=VECTOR('',#2946,2.5);
#867=VECTOR('',#2955,2.5);
#868=VECTOR('',#2964,2.5);
#869=VECTOR('',#2973,2.5);
#870=VECTOR('',#2982,5.);
#871=VECTOR('',#2991,5.);
#872=VECTOR('',#3000,5.);
#873=VECTOR('',#3009,5.);
#874=VECTOR('',#3018,5.);
#875=VECTOR('',#3027,5.);
#876=VECTOR('',#3036,5.);
#877=VECTOR('',#3045,5.);
#878=VECTOR('',#3054,5.);
#879=VECTOR('',#3063,5.);
#880=VECTOR('',#3074,10.);
#881=VECTOR('',#3077,10.);
#882=VECTOR('',#3084,17.5);
#883=VECTOR('',#3085,10.);
#884=VECTOR('',#3088,17.5);
#885=VECTOR('',#3093,10.);
#886=VECTOR('',#3098,10.);
#887=VECTOR('',#3113,10.);
#888=VECTOR('',#3118,40.);
#889=VERTEX_POINT('',#3130);
#890=VERTEX_POINT('',#3131);
#891=VERTEX_POINT('',#3133);
#892=VERTEX_POINT('',#3135);
#893=VERTEX_POINT('',#3139);
#894=VERTEX_POINT('',#3140);
#895=VERTEX_POINT('',#3142);
#896=VERTEX_POINT('',#3144);
#897=VERTEX_POINT('',#3153);
#898=VERTEX_POINT('',#3155);
#899=VERTEX_POINT('',#3158);
#900=VERTEX_POINT('',#3159);
#901=VERTEX_POINT('',#3161);
#902=VERTEX_POINT('',#3163);
#903=VERTEX_POINT('',#3166);
#904=VERTEX_POINT('',#3168);
#905=VERTEX_POINT('',#3170);
#906=VERTEX_POINT('',#3172);
#907=VERTEX_POINT('',#3175);
#908=VERTEX_POINT('',#3177);
#909=VERTEX_POINT('',#3180);
#910=VERTEX_POINT('',#3181);
#911=VERTEX_POINT('',#3183);
#912=VERTEX_POINT('',#3185);
#913=VERTEX_POINT('',#3188);
#914=VERTEX_POINT('',#3190);
#915=VERTEX_POINT('',#3192);
#916=VERTEX_POINT('',#3194);
#917=VERTEX_POINT('',#3218);
#918=VERTEX_POINT('',#3219);
#919=VERTEX_POINT('',#3221);
#920=VERTEX_POINT('',#3223);
#921=VERTEX_POINT('',#3240);
#922=VERTEX_POINT('',#3242);
#923=VERTEX_POINT('',#3244);
#924=VERTEX_POINT('',#3246);
#925=VERTEX_POINT('',#3250);
#926=VERTEX_POINT('',#3251);
#927=VERTEX_POINT('',#3253);
#928=VERTEX_POINT('',#3255);
#929=VERTEX_POINT('',#3259);
#930=VERTEX_POINT('',#3261);
#931=VERTEX_POINT('',#3263);
#932=VERTEX_POINT('',#3265);
#933=VERTEX_POINT('',#3270);
#934=VERTEX_POINT('',#3271);
#935=VERTEX_POINT('',#3273);
#936=VERTEX_POINT('',#3275);
#937=VERTEX_POINT('',#3279);
#938=VERTEX_POINT('',#3287);
#939=VERTEX_POINT('',#3289);
#940=VERTEX_POINT('',#3296);
#941=VERTEX_POINT('',#3298);
#942=VERTEX_POINT('',#3300);
#943=VERTEX_POINT('',#3304);
#944=VERTEX_POINT('',#3306);
#945=VERTEX_POINT('',#3310);
#946=VERTEX_POINT('',#3312);
#947=VERTEX_POINT('',#3316);
#948=VERTEX_POINT('',#3318);
#949=VERTEX_POINT('',#3322);
#950=VERTEX_POINT('',#3326);
#951=VERTEX_POINT('',#3328);
#952=VERTEX_POINT('',#3335);
#953=VERTEX_POINT('',#3339);
#954=VERTEX_POINT('',#3340);
#955=VERTEX_POINT('',#3345);
#956=VERTEX_POINT('',#3349);
#957=VERTEX_POINT('',#3350);
#958=VERTEX_POINT('',#3355);
#959=VERTEX_POINT('',#3358);
#960=VERTEX_POINT('',#3360);
#961=VERTEX_POINT('',#3368);
#962=VERTEX_POINT('',#3376);
#963=VERTEX_POINT('',#3381);
#964=VERTEX_POINT('',#3383);
#965=VERTEX_POINT('',#3402);
#966=VERTEX_POINT('',#3405);
#967=VERTEX_POINT('',#3407);
#968=VERTEX_POINT('',#3411);
#969=VERTEX_POINT('',#3415);
#970=VERTEX_POINT('',#3417);
#971=VERTEX_POINT('',#3421);
#972=VERTEX_POINT('',#3424);
#973=VERTEX_POINT('',#3428);
#974=VERTEX_POINT('',#3430);
#975=VERTEX_POINT('',#3434);
#976=VERTEX_POINT('',#3438);
#977=VERTEX_POINT('',#3440);
#978=VERTEX_POINT('',#3444);
#979=VERTEX_POINT('',#3451);
#980=VERTEX_POINT('',#3453);
#981=VERTEX_POINT('',#3455);
#982=VERTEX_POINT('',#3459);
#983=VERTEX_POINT('',#3461);
#984=VERTEX_POINT('',#3465);
#985=VERTEX_POINT('',#3473);
#986=VERTEX_POINT('',#3475);
#987=VERTEX_POINT('',#3479);
#988=VERTEX_POINT('',#3481);
#989=VERTEX_POINT('',#3483);
#990=VERTEX_POINT('',#3485);
#991=VERTEX_POINT('',#3506);
#992=VERTEX_POINT('',#3513);
#993=VERTEX_POINT('',#3515);
#994=VERTEX_POINT('',#3517);
#995=VERTEX_POINT('',#3522);
#996=VERTEX_POINT('',#3531);
#997=VERTEX_POINT('',#3534);
#998=VERTEX_POINT('',#3536);
#999=VERTEX_POINT('',#3540);
#1000=VERTEX_POINT('',#3542);
#1001=VERTEX_POINT('',#3546);
#1002=VERTEX_POINT('',#3548);
#1003=VERTEX_POINT('',#3552);
#1004=VERTEX_POINT('',#3554);
#1005=VERTEX_POINT('',#3558);
#1006=VERTEX_POINT('',#3560);
#1007=VERTEX_POINT('',#3564);
#1008=VERTEX_POINT('',#3566);
#1009=VERTEX_POINT('',#3570);
#1010=VERTEX_POINT('',#3572);
#1011=VERTEX_POINT('',#3576);
#1012=VERTEX_POINT('',#3578);
#1013=VERTEX_POINT('',#3582);
#1014=VERTEX_POINT('',#3584);
#1015=VERTEX_POINT('',#3588);
#1016=VERTEX_POINT('',#3590);
#1017=VERTEX_POINT('',#3594);
#1018=VERTEX_POINT('',#3596);
#1019=VERTEX_POINT('',#3600);
#1020=VERTEX_POINT('',#3602);
#1021=VERTEX_POINT('',#3606);
#1022=VERTEX_POINT('',#3608);
#1023=VERTEX_POINT('',#3612);
#1024=VERTEX_POINT('',#3614);
#1025=VERTEX_POINT('',#3619);
#1026=VERTEX_POINT('',#3621);
#1027=VERTEX_POINT('',#3626);
#1028=VERTEX_POINT('',#3628);
#1029=VERTEX_POINT('',#3633);
#1030=VERTEX_POINT('',#3635);
#1031=VERTEX_POINT('',#3640);
#1032=VERTEX_POINT('',#3642);
#1033=VERTEX_POINT('',#3647);
#1034=VERTEX_POINT('',#3649);
#1035=VERTEX_POINT('',#3654);
#1036=VERTEX_POINT('',#3656);
#1037=VERTEX_POINT('',#3661);
#1038=VERTEX_POINT('',#3663);
#1039=VERTEX_POINT('',#3668);
#1040=VERTEX_POINT('',#3670);
#1041=VERTEX_POINT('',#3675);
#1042=VERTEX_POINT('',#3677);
#1043=VERTEX_POINT('',#3682);
#1044=VERTEX_POINT('',#3684);
#1045=VERTEX_POINT('',#3689);
#1046=VERTEX_POINT('',#3691);
#1047=VERTEX_POINT('',#3696);
#1048=VERTEX_POINT('',#3698);
#1049=VERTEX_POINT('',#3703);
#1050=VERTEX_POINT('',#3705);
#1051=VERTEX_POINT('',#3710);
#1052=VERTEX_POINT('',#3712);
#1053=VERTEX_POINT('',#3717);
#1054=VERTEX_POINT('',#3719);
#1055=VERTEX_POINT('',#3724);
#1056=VERTEX_POINT('',#3726);
#1057=VERTEX_POINT('',#3731);
#1058=VERTEX_POINT('',#3733);
#1059=VERTEX_POINT('',#3738);
#1060=VERTEX_POINT('',#3740);
#1061=VERTEX_POINT('',#3745);
#1062=VERTEX_POINT('',#3747);
#1063=VERTEX_POINT('',#3752);
#1064=VERTEX_POINT('',#3754);
#1065=VERTEX_POINT('',#3761);
#1066=VERTEX_POINT('',#3763);
#1067=VERTEX_POINT('',#3765);
#1068=VERTEX_POINT('',#3767);
#1069=VERTEX_POINT('',#3772);
#1070=VERTEX_POINT('',#3774);
#1071=VERTEX_POINT('',#3776);
#1072=VERTEX_POINT('',#3779);
#1073=VERTEX_POINT('',#3783);
#1074=VERTEX_POINT('',#3787);
#1075=VERTEX_POINT('',#3795);
#1076=VERTEX_POINT('',#3797);
#1077=VERTEX_POINT('',#3806);
#1078=VERTEX_POINT('',#3811);
#1079=EDGE_CURVE('',#889,#890,#631,.T.);
#1080=EDGE_CURVE('',#890,#891,#507,.T.);
#1081=EDGE_CURVE('',#891,#892,#632,.T.);
#1082=EDGE_CURVE('',#892,#889,#479,.T.);
#1083=EDGE_CURVE('',#893,#894,#633,.T.);
#1084=EDGE_CURVE('',#894,#895,#508,.T.);
#1085=EDGE_CURVE('',#895,#896,#634,.T.);
#1086=EDGE_CURVE('',#896,#893,#480,.T.);
#1087=EDGE_CURVE('',#892,#893,#635,.T.);
#1088=EDGE_CURVE('',#896,#889,#636,.T.);
#1089=EDGE_CURVE('',#890,#895,#637,.T.);
#1090=EDGE_CURVE('',#894,#897,#638,.T.);
#1091=EDGE_CURVE('',#897,#898,#639,.T.);
#1092=EDGE_CURVE('',#898,#891,#640,.T.);
#1093=EDGE_CURVE('',#899,#900,#641,.T.);
#1094=EDGE_CURVE('',#900,#901,#642,.T.);
#1095=EDGE_CURVE('',#901,#902,#643,.T.);
#1096=EDGE_CURVE('',#902,#899,#644,.T.);
#1097=EDGE_CURVE('',#903,#903,#509,.F.);
#1098=EDGE_CURVE('',#904,#904,#510,.F.);
#1099=EDGE_CURVE('',#905,#905,#511,.F.);
#1100=EDGE_CURVE('',#906,#906,#512,.F.);
#1101=EDGE_CURVE('',#892,#907,#645,.T.);
#1102=EDGE_CURVE('',#907,#908,#646,.T.);
#1103=EDGE_CURVE('',#908,#893,#647,.T.);
#1104=EDGE_CURVE('',#909,#910,#648,.T.);
#1105=EDGE_CURVE('',#910,#911,#649,.T.);
#1106=EDGE_CURVE('',#911,#912,#650,.T.);
#1107=EDGE_CURVE('',#912,#909,#651,.T.);
#1108=EDGE_CURVE('',#913,#913,#513,.T.);
#1109=EDGE_CURVE('',#914,#914,#514,.T.);
#1110=EDGE_CURVE('',#915,#915,#515,.T.);
#1111=EDGE_CURVE('',#916,#916,#516,.T.);
#1112=EDGE_CURVE('',#898,#907,#652,.T.);
#1113=EDGE_CURVE('',#916,#906,#653,.T.);
#1114=EDGE_CURVE('',#915,#905,#654,.T.);
#1115=EDGE_CURVE('',#914,#904,#655,.T.);
#1116=EDGE_CURVE('',#913,#903,#656,.T.);
#1117=EDGE_CURVE('',#902,#911,#657,.T.);
#1118=EDGE_CURVE('',#912,#901,#658,.T.);
#1119=EDGE_CURVE('',#899,#910,#659,.T.);
#1120=EDGE_CURVE('',#900,#909,#660,.T.);
#1121=EDGE_CURVE('',#897,#908,#661,.T.);
#1122=EDGE_CURVE('',#917,#918,#662,.T.);
#1123=EDGE_CURVE('',#919,#917,#517,.T.);
#1124=EDGE_CURVE('',#920,#919,#24,.T.);
#1125=EDGE_CURVE('',#921,#920,#518,.T.);
#1126=EDGE_CURVE('',#921,#922,#663,.T.);
#1127=EDGE_CURVE('',#922,#923,#519,.T.);
#1128=EDGE_CURVE('',#923,#924,#664,.T.);
#1129=EDGE_CURVE('',#918,#924,#520,.T.);
#1130=EDGE_CURVE('',#925,#926,#665,.T.);
#1131=EDGE_CURVE('',#926,#927,#666,.T.);
#1132=EDGE_CURVE('',#928,#927,#667,.T.);
#1133=EDGE_CURVE('',#925,#928,#668,.T.);
#1134=EDGE_CURVE('',#922,#929,#669,.T.);
#1135=EDGE_CURVE('',#929,#930,#670,.T.);
#1136=EDGE_CURVE('',#930,#931,#671,.T.);
#1137=EDGE_CURVE('',#932,#931,#521,.T.);
#1138=EDGE_CURVE('',#932,#928,#672,.T.);
#1139=EDGE_CURVE('',#927,#923,#673,.T.);
#1140=EDGE_CURVE('',#933,#934,#481,.T.);
#1141=EDGE_CURVE('',#934,#935,#674,.T.);
#1142=EDGE_CURVE('',#935,#936,#522,.T.);
#1143=EDGE_CURVE('',#936,#933,#675,.T.);
#1144=EDGE_CURVE('',#937,#934,#25,.T.);
#1145=EDGE_CURVE('',#926,#937,#523,.T.);
#1146=EDGE_CURVE('',#938,#925,#524,.T.);
#1147=EDGE_CURVE('',#939,#938,#26,.T.);
#1148=EDGE_CURVE('',#940,#939,#676,.T.);
#1149=EDGE_CURVE('',#941,#940,#525,.T.);
#1150=EDGE_CURVE('',#942,#941,#677,.T.);
#1151=EDGE_CURVE('',#935,#942,#526,.T.);
#1152=EDGE_CURVE('',#933,#943,#678,.T.);
#1153=EDGE_CURVE('',#943,#944,#527,.F.);
#1154=EDGE_CURVE('',#944,#937,#679,.T.);
#1155=EDGE_CURVE('',#945,#940,#528,.T.);
#1156=EDGE_CURVE('',#939,#946,#482,.T.);
#1157=EDGE_CURVE('',#946,#945,#680,.T.);
#1158=EDGE_CURVE('',#947,#946,#681,.T.);
#1159=EDGE_CURVE('',#948,#947,#682,.T.);
#1160=EDGE_CURVE('',#945,#948,#683,.T.);
#1161=EDGE_CURVE('',#938,#949,#684,.T.);
#1162=EDGE_CURVE('',#949,#947,#529,.F.);
#1163=EDGE_CURVE('',#942,#950,#530,.T.);
#1164=EDGE_CURVE('',#941,#951,#531,.F.);
#1165=EDGE_CURVE('',#951,#950,#685,.T.);
#1166=EDGE_CURVE('',#951,#930,#686,.T.);
#1167=EDGE_CURVE('',#950,#929,#687,.T.);
#1168=EDGE_CURVE('',#952,#943,#532,.F.);
#1169=EDGE_CURVE('',#944,#952,#533,.F.);
#1170=EDGE_CURVE('',#953,#954,#534,.T.);
#1171=EDGE_CURVE('',#953,#944,#688,.T.);
#1172=EDGE_CURVE('',#952,#954,#689,.T.);
#1173=EDGE_CURVE('',#955,#949,#535,.F.);
#1174=EDGE_CURVE('',#947,#955,#536,.F.);
#1175=EDGE_CURVE('',#956,#957,#537,.T.);
#1176=EDGE_CURVE('',#956,#955,#690,.T.);
#1177=EDGE_CURVE('',#949,#957,#691,.T.);
#1178=EDGE_CURVE('',#958,#948,#538,.T.);
#1179=EDGE_CURVE('',#955,#952,#692,.T.);
#1180=EDGE_CURVE('',#943,#959,#693,.T.);
#1181=EDGE_CURVE('',#959,#960,#539,.T.);
#1182=EDGE_CURVE('',#960,#958,#694,.T.);
#1183=EDGE_CURVE('',#924,#953,#695,.T.);
#1184=EDGE_CURVE('',#954,#956,#696,.T.);
#1185=EDGE_CURVE('',#961,#932,#697,.T.);
#1186=EDGE_CURVE('',#957,#961,#698,.T.);
#1187=EDGE_CURVE('',#959,#936,#699,.T.);
#1188=EDGE_CURVE('',#961,#918,#540,.T.);
#1189=EDGE_CURVE('',#962,#962,#541,.T.);
#1190=EDGE_CURVE('',#962,#917,#542,.T.);
#1191=EDGE_CURVE('',#917,#919,#543,.T.);
#1192=EDGE_CURVE('',#931,#963,#700,.T.);
#1193=EDGE_CURVE('',#964,#963,#544,.T.);
#1194=EDGE_CURVE('',#919,#964,#27,.T.);
#1195=EDGE_CURVE('',#965,#965,#545,.T.);
#1196=EDGE_CURVE('',#965,#966,#546,.T.);
#1197=EDGE_CURVE('',#966,#967,#547,.T.);
#1198=EDGE_CURVE('',#967,#966,#548,.T.);
#1199=EDGE_CURVE('',#967,#968,#701,.T.);
#1200=EDGE_CURVE('',#968,#968,#549,.T.);
#1201=EDGE_CURVE('',#969,#969,#550,.T.);
#1202=EDGE_CURVE('',#969,#970,#551,.T.);
#1203=EDGE_CURVE('',#970,#970,#552,.T.);
#1204=EDGE_CURVE('',#971,#971,#553,.T.);
#1205=EDGE_CURVE('',#970,#972,#702,.T.);
#1206=EDGE_CURVE('',#972,#972,#554,.T.);
#1207=EDGE_CURVE('',#971,#973,#555,.T.);
#1208=EDGE_CURVE('',#973,#974,#556,.T.);
#1209=EDGE_CURVE('',#974,#973,#557,.T.);
#1210=EDGE_CURVE('',#974,#975,#703,.T.);
#1211=EDGE_CURVE('',#975,#975,#558,.T.);
#1212=EDGE_CURVE('',#976,#976,#559,.T.);
#1213=EDGE_CURVE('',#976,#977,#560,.T.);
#1214=EDGE_CURVE('',#977,#977,#561,.T.);
#1215=EDGE_CURVE('',#977,#978,#704,.T.);
#1216=EDGE_CURVE('',#978,#978,#562,.T.);
#1217=EDGE_CURVE('',#958,#979,#705,.T.);
#1218=EDGE_CURVE('',#979,#980,#706,.T.);
#1219=EDGE_CURVE('',#981,#980,#707,.T.);
#1220=EDGE_CURVE('',#963,#981,#708,.T.);
#1221=EDGE_CURVE('',#981,#982,#709,.T.);
#1222=EDGE_CURVE('',#980,#983,#710,.T.);
#1223=EDGE_CURVE('',#982,#983,#711,.T.);
#1224=EDGE_CURVE('',#960,#984,#712,.T.);
#1225=EDGE_CURVE('',#984,#979,#713,.T.);
#1226=EDGE_CURVE('',#982,#921,#714,.T.);
#1227=EDGE_CURVE('',#983,#984,#715,.T.);
#1228=EDGE_CURVE('',#985,#920,#563,.T.);
#1229=EDGE_CURVE('',#985,#986,#564,.T.);
#1230=EDGE_CURVE('',#964,#986,#565,.T.);
#1231=EDGE_CURVE('',#987,#987,#566,.T.);
#1232=EDGE_CURVE('',#987,#988,#567,.T.);
#1233=EDGE_CURVE('',#988,#989,#568,.T.);
#1234=EDGE_CURVE('',#990,#989,#28,.T.);
#1235=EDGE_CURVE('',#990,#988,#569,.T.);
#1236=EDGE_CURVE('',#991,#990,#29,.T.);
#1237=EDGE_CURVE('',#992,#991,#570,.T.);
#1238=EDGE_CURVE('',#993,#992,#716,.T.);
#1239=EDGE_CURVE('',#994,#993,#30,.T.);
#1240=EDGE_CURVE('',#995,#994,#571,.T.);
#1241=EDGE_CURVE('',#989,#995,#31,.T.);
#1242=EDGE_CURVE('',#996,#996,#572,.T.);
#1243=EDGE_CURVE('',#997,#997,#573,.T.);
#1244=EDGE_CURVE('',#997,#998,#717,.T.);
#1245=EDGE_CURVE('',#998,#998,#574,.T.);
#1246=EDGE_CURVE('',#999,#999,#483,.T.);
#1247=EDGE_CURVE('',#999,#1000,#718,.T.);
#1248=EDGE_CURVE('',#1000,#1000,#484,.T.);
#1249=EDGE_CURVE('',#1001,#1001,#485,.T.);
#1250=EDGE_CURVE('',#1001,#1002,#719,.T.);
#1251=EDGE_CURVE('',#1002,#1002,#486,.T.);
#1252=EDGE_CURVE('',#1003,#1003,#487,.T.);
#1253=EDGE_CURVE('',#1003,#1004,#720,.T.);
#1254=EDGE_CURVE('',#1004,#1004,#488,.T.);
#1255=EDGE_CURVE('',#1005,#1005,#489,.T.);
#1256=EDGE_CURVE('',#1005,#1006,#721,.T.);
#1257=EDGE_CURVE('',#1006,#1006,#490,.T.);
#1258=EDGE_CURVE('',#1007,#1007,#491,.T.);
#1259=EDGE_CURVE('',#1007,#1008,#722,.T.);
#1260=EDGE_CURVE('',#1008,#1008,#492,.T.);
#1261=EDGE_CURVE('',#1009,#1009,#493,.T.);
#1262=EDGE_CURVE('',#1009,#1010,#723,.T.);
#1263=EDGE_CURVE('',#1010,#1010,#494,.T.);
#1264=EDGE_CURVE('',#1011,#1011,#495,.T.);
#1265=EDGE_CURVE('',#1011,#1012,#724,.T.);
#1266=EDGE_CURVE('',#1012,#1012,#496,.T.);
#1267=EDGE_CURVE('',#1013,#1013,#497,.T.);
#1268=EDGE_CURVE('',#1013,#1014,#725,.T.);
#1269=EDGE_CURVE('',#1014,#1014,#498,.T.);
#1270=EDGE_CURVE('',#1015,#1015,#499,.T.);
#1271=EDGE_CURVE('',#1015,#1016,#726,.T.);
#1272=EDGE_CURVE('',#1016,#1016,#500,.T.);
#1273=EDGE_CURVE('',#1017,#1017,#501,.T.);
#1274=EDGE_CURVE('',#1017,#1018,#727,.T.);
#1275=EDGE_CURVE('',#1018,#1018,#502,.T.);
#1276=EDGE_CURVE('',#1019,#1019,#503,.T.);
#1277=EDGE_CURVE('',#1019,#1020,#728,.T.);
#1278=EDGE_CURVE('',#1020,#1020,#504,.T.);
#1279=EDGE_CURVE('',#1021,#1021,#505,.T.);
#1280=EDGE_CURVE('',#1021,#1022,#729,.T.);
#1281=EDGE_CURVE('',#1022,#1022,#506,.T.);
#1282=EDGE_CURVE('',#1023,#1023,#575,.T.);
#1283=EDGE_CURVE('',#1023,#1024,#730,.T.);
#1284=EDGE_CURVE('',#1024,#1024,#576,.T.);
#1285=EDGE_CURVE('',#1025,#1025,#577,.T.);
#1286=EDGE_CURVE('',#1025,#1026,#731,.T.);
#1287=EDGE_CURVE('',#1026,#1026,#578,.T.);
#1288=EDGE_CURVE('',#1027,#1027,#579,.T.);
#1289=EDGE_CURVE('',#1027,#1028,#732,.T.);
#1290=EDGE_CURVE('',#1028,#1028,#580,.T.);
#1291=EDGE_CURVE('',#1029,#1029,#581,.T.);
#1292=EDGE_CURVE('',#1029,#1030,#733,.T.);
#1293=EDGE_CURVE('',#1030,#1030,#582,.T.);
#1294=EDGE_CURVE('',#1031,#1031,#583,.T.);
#1295=EDGE_CURVE('',#1031,#1032,#734,.T.);
#1296=EDGE_CURVE('',#1032,#1032,#584,.T.);
#1297=EDGE_CURVE('',#1033,#1033,#585,.T.);
#1298=EDGE_CURVE('',#1033,#1034,#735,.T.);
#1299=EDGE_CURVE('',#1034,#1034,#586,.T.);
#1300=EDGE_CURVE('',#1035,#1035,#587,.T.);
#1301=EDGE_CURVE('',#1035,#1036,#736,.T.);
#1302=EDGE_CURVE('',#1036,#1036,#588,.T.);
#1303=EDGE_CURVE('',#1037,#1037,#589,.T.);
#1304=EDGE_CURVE('',#1037,#1038,#737,.T.);
#1305=EDGE_CURVE('',#1038,#1038,#590,.T.);
#1306=EDGE_CURVE('',#1039,#1039,#591,.T.);
#1307=EDGE_CURVE('',#1039,#1040,#738,.T.);
#1308=EDGE_CURVE('',#1040,#1040,#592,.T.);
#1309=EDGE_CURVE('',#1041,#1041,#593,.T.);
#1310=EDGE_CURVE('',#1041,#1042,#739,.T.);
#1311=EDGE_CURVE('',#1042,#1042,#594,.T.);
#1312=EDGE_CURVE('',#1043,#1043,#595,.T.);
#1313=EDGE_CURVE('',#1043,#1044,#740,.T.);
#1314=EDGE_CURVE('',#1044,#1044,#596,.T.);
#1315=EDGE_CURVE('',#1045,#1045,#597,.T.);
#1316=EDGE_CURVE('',#1045,#1046,#741,.T.);
#1317=EDGE_CURVE('',#1046,#1046,#598,.T.);
#1318=EDGE_CURVE('',#1047,#1047,#599,.T.);
#1319=EDGE_CURVE('',#1047,#1048,#742,.T.);
#1320=EDGE_CURVE('',#1048,#1048,#600,.T.);
#1321=EDGE_CURVE('',#1049,#1049,#601,.T.);
#1322=EDGE_CURVE('',#1049,#1050,#743,.T.);
#1323=EDGE_CURVE('',#1050,#1050,#602,.T.);
#1324=EDGE_CURVE('',#1051,#1051,#603,.T.);
#1325=EDGE_CURVE('',#1051,#1052,#744,.T.);
#1326=EDGE_CURVE('',#1052,#1052,#604,.T.);
#1327=EDGE_CURVE('',#1053,#1053,#605,.T.);
#1328=EDGE_CURVE('',#1053,#1054,#745,.T.);
#1329=EDGE_CURVE('',#1054,#1054,#606,.T.);
#1330=EDGE_CURVE('',#1055,#1055,#607,.T.);
#1331=EDGE_CURVE('',#1055,#1056,#746,.T.);
#1332=EDGE_CURVE('',#1056,#1056,#608,.T.);
#1333=EDGE_CURVE('',#1057,#1057,#609,.T.);
#1334=EDGE_CURVE('',#1057,#1058,#747,.T.);
#1335=EDGE_CURVE('',#1058,#1058,#610,.T.);
#1336=EDGE_CURVE('',#1059,#1059,#611,.T.);
#1337=EDGE_CURVE('',#1059,#1060,#748,.T.);
#1338=EDGE_CURVE('',#1060,#1060,#612,.T.);
#1339=EDGE_CURVE('',#1061,#1061,#613,.T.);
#1340=EDGE_CURVE('',#1061,#1062,#749,.T.);
#1341=EDGE_CURVE('',#1062,#1062,#614,.T.);
#1342=EDGE_CURVE('',#1063,#1063,#615,.T.);
#1343=EDGE_CURVE('',#1063,#1064,#750,.T.);
#1344=EDGE_CURVE('',#1064,#1064,#616,.T.);
#1345=EDGE_CURVE('',#995,#994,#617,.T.);
#1346=EDGE_CURVE('',#992,#1065,#751,.T.);
#1347=EDGE_CURVE('',#1066,#991,#618,.T.);
#1348=EDGE_CURVE('',#1067,#1066,#752,.T.);
#1349=EDGE_CURVE('',#1067,#1068,#619,.T.);
#1350=EDGE_CURVE('',#1068,#1065,#620,.T.);
#1351=EDGE_CURVE('',#996,#1068,#753,.T.);
#1352=EDGE_CURVE('',#1069,#1067,#754,.T.);
#1353=EDGE_CURVE('',#1070,#1069,#621,.T.);
#1354=EDGE_CURVE('',#1070,#1071,#755,.T.);
#1355=EDGE_CURVE('',#1071,#1071,#622,.T.);
#1356=EDGE_CURVE('',#1072,#1070,#623,.T.);
#1357=EDGE_CURVE('',#1065,#1072,#756,.T.);
#1358=EDGE_CURVE('',#1066,#1073,#624,.T.);
#1359=EDGE_CURVE('',#1073,#1069,#757,.T.);
#1360=EDGE_CURVE('',#986,#1074,#32,.T.);
#1361=EDGE_CURVE('',#1074,#1073,#625,.T.);
#1362=EDGE_CURVE('',#1075,#993,#626,.T.);
#1363=EDGE_CURVE('',#1075,#1076,#627,.T.);
#1364=EDGE_CURVE('',#1076,#985,#33,.T.);
#1365=EDGE_CURVE('',#1074,#1077,#628,.T.);
#1366=EDGE_CURVE('',#1077,#1076,#629,.T.);
#1367=EDGE_CURVE('',#1072,#1075,#758,.T.);
#1368=EDGE_CURVE('',#1078,#1078,#630,.T.);
#1369=EDGE_CURVE('',#1078,#1077,#759,.T.);
#1370=ORIENTED_EDGE('',*,*,#1079,.T.);
#1371=ORIENTED_EDGE('',*,*,#1080,.T.);
#1372=ORIENTED_EDGE('',*,*,#1081,.T.);
#1373=ORIENTED_EDGE('',*,*,#1082,.T.);
#1374=ORIENTED_EDGE('',*,*,#1083,.T.);
#1375=ORIENTED_EDGE('',*,*,#1084,.T.);
#1376=ORIENTED_EDGE('',*,*,#1085,.T.);
#1377=ORIENTED_EDGE('',*,*,#1086,.T.);
#1378=ORIENTED_EDGE('',*,*,#1087,.T.);
#1379=ORIENTED_EDGE('',*,*,#1086,.F.);
#1380=ORIENTED_EDGE('',*,*,#1088,.T.);
#1381=ORIENTED_EDGE('',*,*,#1082,.F.);
#1382=ORIENTED_EDGE('',*,*,#1079,.F.);
#1383=ORIENTED_EDGE('',*,*,#1088,.F.);
#1384=ORIENTED_EDGE('',*,*,#1085,.F.);
#1385=ORIENTED_EDGE('',*,*,#1089,.F.);
#1386=ORIENTED_EDGE('',*,*,#1080,.F.);
#1387=ORIENTED_EDGE('',*,*,#1089,.T.);
#1388=ORIENTED_EDGE('',*,*,#1084,.F.);
#1389=ORIENTED_EDGE('',*,*,#1090,.T.);
#1390=ORIENTED_EDGE('',*,*,#1091,.T.);
#1391=ORIENTED_EDGE('',*,*,#1092,.T.);
#1392=ORIENTED_EDGE('',*,*,#1093,.T.);
#1393=ORIENTED_EDGE('',*,*,#1094,.T.);
#1394=ORIENTED_EDGE('',*,*,#1095,.T.);
#1395=ORIENTED_EDGE('',*,*,#1096,.T.);
#1396=ORIENTED_EDGE('',*,*,#1097,.T.);
#1397=ORIENTED_EDGE('',*,*,#1098,.T.);
#1398=ORIENTED_EDGE('',*,*,#1099,.T.);
#1399=ORIENTED_EDGE('',*,*,#1100,.T.);
#1400=ORIENTED_EDGE('',*,*,#1087,.F.);
#1401=ORIENTED_EDGE('',*,*,#1101,.T.);
#1402=ORIENTED_EDGE('',*,*,#1102,.T.);
#1403=ORIENTED_EDGE('',*,*,#1103,.T.);
#1404=ORIENTED_EDGE('',*,*,#1104,.T.);
#1405=ORIENTED_EDGE('',*,*,#1105,.T.);
#1406=ORIENTED_EDGE('',*,*,#1106,.T.);
#1407=ORIENTED_EDGE('',*,*,#1107,.T.);
#1408=ORIENTED_EDGE('',*,*,#1108,.T.);
#1409=ORIENTED_EDGE('',*,*,#1109,.T.);
#1410=ORIENTED_EDGE('',*,*,#1110,.T.);
#1411=ORIENTED_EDGE('',*,*,#1111,.T.);
#1412=ORIENTED_EDGE('',*,*,#1081,.F.);
#1413=ORIENTED_EDGE('',*,*,#1092,.F.);
#1414=ORIENTED_EDGE('',*,*,#1112,.T.);
#1415=ORIENTED_EDGE('',*,*,#1101,.F.);
#1416=ORIENTED_EDGE('',*,*,#1111,.F.);
#1417=ORIENTED_EDGE('',*,*,#1113,.T.);
#1418=ORIENTED_EDGE('',*,*,#1100,.F.);
#1419=ORIENTED_EDGE('',*,*,#1113,.F.);
#1420=ORIENTED_EDGE('',*,*,#1110,.F.);
#1421=ORIENTED_EDGE('',*,*,#1114,.T.);
#1422=ORIENTED_EDGE('',*,*,#1099,.F.);
#1423=ORIENTED_EDGE('',*,*,#1114,.F.);
#1424=ORIENTED_EDGE('',*,*,#1109,.F.);
#1425=ORIENTED_EDGE('',*,*,#1115,.T.);
#1426=ORIENTED_EDGE('',*,*,#1098,.F.);
#1427=ORIENTED_EDGE('',*,*,#1115,.F.);
#1428=ORIENTED_EDGE('',*,*,#1108,.F.);
#1429=ORIENTED_EDGE('',*,*,#1116,.T.);
#1430=ORIENTED_EDGE('',*,*,#1097,.F.);
#1431=ORIENTED_EDGE('',*,*,#1116,.F.);
#1432=ORIENTED_EDGE('',*,*,#1117,.F.);
#1433=ORIENTED_EDGE('',*,*,#1095,.F.);
#1434=ORIENTED_EDGE('',*,*,#1118,.F.);
#1435=ORIENTED_EDGE('',*,*,#1106,.F.);
#1436=ORIENTED_EDGE('',*,*,#1096,.F.);
#1437=ORIENTED_EDGE('',*,*,#1117,.T.);
#1438=ORIENTED_EDGE('',*,*,#1105,.F.);
#1439=ORIENTED_EDGE('',*,*,#1119,.F.);
#1440=ORIENTED_EDGE('',*,*,#1093,.F.);
#1441=ORIENTED_EDGE('',*,*,#1119,.T.);
#1442=ORIENTED_EDGE('',*,*,#1104,.F.);
#1443=ORIENTED_EDGE('',*,*,#1120,.F.);
#1444=ORIENTED_EDGE('',*,*,#1094,.F.);
#1445=ORIENTED_EDGE('',*,*,#1120,.T.);
#1446=ORIENTED_EDGE('',*,*,#1107,.F.);
#1447=ORIENTED_EDGE('',*,*,#1118,.T.);
#1448=ORIENTED_EDGE('',*,*,#1083,.F.);
#1449=ORIENTED_EDGE('',*,*,#1103,.F.);
#1450=ORIENTED_EDGE('',*,*,#1121,.F.);
#1451=ORIENTED_EDGE('',*,*,#1090,.F.);
#1452=ORIENTED_EDGE('',*,*,#1112,.F.);
#1453=ORIENTED_EDGE('',*,*,#1091,.F.);
#1454=ORIENTED_EDGE('',*,*,#1121,.T.);
#1455=ORIENTED_EDGE('',*,*,#1102,.F.);
#1456=ORIENTED_EDGE('',*,*,#1122,.F.);
#1457=ORIENTED_EDGE('',*,*,#1123,.F.);
#1458=ORIENTED_EDGE('',*,*,#1124,.F.);
#1459=ORIENTED_EDGE('',*,*,#1125,.F.);
#1460=ORIENTED_EDGE('',*,*,#1126,.T.);
#1461=ORIENTED_EDGE('',*,*,#1127,.T.);
#1462=ORIENTED_EDGE('',*,*,#1128,.T.);
#1463=ORIENTED_EDGE('',*,*,#1129,.F.);
#1464=ORIENTED_EDGE('',*,*,#1130,.T.);
#1465=ORIENTED_EDGE('',*,*,#1131,.T.);
#1466=ORIENTED_EDGE('',*,*,#1132,.F.);
#1467=ORIENTED_EDGE('',*,*,#1133,.F.);
#1468=ORIENTED_EDGE('',*,*,#1127,.F.);
#1469=ORIENTED_EDGE('',*,*,#1134,.T.);
#1470=ORIENTED_EDGE('',*,*,#1135,.T.);
#1471=ORIENTED_EDGE('',*,*,#1136,.T.);
#1472=ORIENTED_EDGE('',*,*,#1137,.F.);
#1473=ORIENTED_EDGE('',*,*,#1138,.T.);
#1474=ORIENTED_EDGE('',*,*,#1132,.T.);
#1475=ORIENTED_EDGE('',*,*,#1139,.T.);
#1476=ORIENTED_EDGE('',*,*,#1140,.T.);
#1477=ORIENTED_EDGE('',*,*,#1141,.T.);
#1478=ORIENTED_EDGE('',*,*,#1142,.T.);
#1479=ORIENTED_EDGE('',*,*,#1143,.T.);
#1480=ORIENTED_EDGE('',*,*,#1141,.F.);
#1481=ORIENTED_EDGE('',*,*,#1144,.F.);
#1482=ORIENTED_EDGE('',*,*,#1145,.F.);
#1483=ORIENTED_EDGE('',*,*,#1130,.F.);
#1484=ORIENTED_EDGE('',*,*,#1146,.F.);
#1485=ORIENTED_EDGE('',*,*,#1147,.F.);
#1486=ORIENTED_EDGE('',*,*,#1148,.F.);
#1487=ORIENTED_EDGE('',*,*,#1149,.F.);
#1488=ORIENTED_EDGE('',*,*,#1150,.F.);
#1489=ORIENTED_EDGE('',*,*,#1151,.F.);
#1490=ORIENTED_EDGE('',*,*,#1140,.F.);
#1491=ORIENTED_EDGE('',*,*,#1152,.T.);
#1492=ORIENTED_EDGE('',*,*,#1153,.T.);
#1493=ORIENTED_EDGE('',*,*,#1154,.T.);
#1494=ORIENTED_EDGE('',*,*,#1144,.T.);
#1495=ORIENTED_EDGE('',*,*,#1155,.T.);
#1496=ORIENTED_EDGE('',*,*,#1148,.T.);
#1497=ORIENTED_EDGE('',*,*,#1156,.T.);
#1498=ORIENTED_EDGE('',*,*,#1157,.T.);
#1499=ORIENTED_EDGE('',*,*,#1157,.F.);
#1500=ORIENTED_EDGE('',*,*,#1158,.F.);
#1501=ORIENTED_EDGE('',*,*,#1159,.F.);
#1502=ORIENTED_EDGE('',*,*,#1160,.F.);
#1503=ORIENTED_EDGE('',*,*,#1156,.F.);
#1504=ORIENTED_EDGE('',*,*,#1147,.T.);
#1505=ORIENTED_EDGE('',*,*,#1161,.T.);
#1506=ORIENTED_EDGE('',*,*,#1162,.T.);
#1507=ORIENTED_EDGE('',*,*,#1158,.T.);
#1508=ORIENTED_EDGE('',*,*,#1163,.F.);
#1509=ORIENTED_EDGE('',*,*,#1150,.T.);
#1510=ORIENTED_EDGE('',*,*,#1164,.T.);
#1511=ORIENTED_EDGE('',*,*,#1165,.T.);
#1512=ORIENTED_EDGE('',*,*,#1165,.F.);
#1513=ORIENTED_EDGE('',*,*,#1166,.T.);
#1514=ORIENTED_EDGE('',*,*,#1135,.F.);
#1515=ORIENTED_EDGE('',*,*,#1167,.F.);
#1516=ORIENTED_EDGE('',*,*,#1168,.F.);
#1517=ORIENTED_EDGE('',*,*,#1169,.F.);
#1518=ORIENTED_EDGE('',*,*,#1153,.F.);
#1519=ORIENTED_EDGE('',*,*,#1170,.F.);
#1520=ORIENTED_EDGE('',*,*,#1171,.T.);
#1521=ORIENTED_EDGE('',*,*,#1169,.T.);
#1522=ORIENTED_EDGE('',*,*,#1172,.T.);
#1523=ORIENTED_EDGE('',*,*,#1162,.F.);
#1524=ORIENTED_EDGE('',*,*,#1173,.F.);
#1525=ORIENTED_EDGE('',*,*,#1174,.F.);
#1526=ORIENTED_EDGE('',*,*,#1175,.F.);
#1527=ORIENTED_EDGE('',*,*,#1176,.T.);
#1528=ORIENTED_EDGE('',*,*,#1173,.T.);
#1529=ORIENTED_EDGE('',*,*,#1177,.T.);
#1530=ORIENTED_EDGE('',*,*,#1178,.T.);
#1531=ORIENTED_EDGE('',*,*,#1159,.T.);
#1532=ORIENTED_EDGE('',*,*,#1174,.T.);
#1533=ORIENTED_EDGE('',*,*,#1179,.T.);
#1534=ORIENTED_EDGE('',*,*,#1168,.T.);
#1535=ORIENTED_EDGE('',*,*,#1180,.T.);
#1536=ORIENTED_EDGE('',*,*,#1181,.T.);
#1537=ORIENTED_EDGE('',*,*,#1182,.T.);
#1538=ORIENTED_EDGE('',*,*,#1154,.F.);
#1539=ORIENTED_EDGE('',*,*,#1171,.F.);
#1540=ORIENTED_EDGE('',*,*,#1183,.F.);
#1541=ORIENTED_EDGE('',*,*,#1128,.F.);
#1542=ORIENTED_EDGE('',*,*,#1139,.F.);
#1543=ORIENTED_EDGE('',*,*,#1131,.F.);
#1544=ORIENTED_EDGE('',*,*,#1145,.T.);
#1545=ORIENTED_EDGE('',*,*,#1172,.F.);
#1546=ORIENTED_EDGE('',*,*,#1179,.F.);
#1547=ORIENTED_EDGE('',*,*,#1176,.F.);
#1548=ORIENTED_EDGE('',*,*,#1184,.F.);
#1549=ORIENTED_EDGE('',*,*,#1177,.F.);
#1550=ORIENTED_EDGE('',*,*,#1161,.F.);
#1551=ORIENTED_EDGE('',*,*,#1146,.T.);
#1552=ORIENTED_EDGE('',*,*,#1133,.T.);
#1553=ORIENTED_EDGE('',*,*,#1138,.F.);
#1554=ORIENTED_EDGE('',*,*,#1185,.F.);
#1555=ORIENTED_EDGE('',*,*,#1186,.F.);
#1556=ORIENTED_EDGE('',*,*,#1143,.F.);
#1557=ORIENTED_EDGE('',*,*,#1187,.F.);
#1558=ORIENTED_EDGE('',*,*,#1180,.F.);
#1559=ORIENTED_EDGE('',*,*,#1152,.F.);
#1560=ORIENTED_EDGE('',*,*,#1183,.T.);
#1561=ORIENTED_EDGE('',*,*,#1170,.T.);
#1562=ORIENTED_EDGE('',*,*,#1184,.T.);
#1563=ORIENTED_EDGE('',*,*,#1175,.T.);
#1564=ORIENTED_EDGE('',*,*,#1186,.T.);
#1565=ORIENTED_EDGE('',*,*,#1188,.T.);
#1566=ORIENTED_EDGE('',*,*,#1129,.T.);
#1567=ORIENTED_EDGE('',*,*,#1189,.T.);
#1568=ORIENTED_EDGE('',*,*,#1190,.T.);
#1569=ORIENTED_EDGE('',*,*,#1191,.T.);
#1570=ORIENTED_EDGE('',*,*,#1123,.T.);
#1571=ORIENTED_EDGE('',*,*,#1190,.F.);
#1572=ORIENTED_EDGE('',*,*,#1122,.T.);
#1573=ORIENTED_EDGE('',*,*,#1188,.F.);
#1574=ORIENTED_EDGE('',*,*,#1185,.T.);
#1575=ORIENTED_EDGE('',*,*,#1137,.T.);
#1576=ORIENTED_EDGE('',*,*,#1192,.T.);
#1577=ORIENTED_EDGE('',*,*,#1193,.F.);
#1578=ORIENTED_EDGE('',*,*,#1194,.F.);
#1579=ORIENTED_EDGE('',*,*,#1191,.F.);
#1580=ORIENTED_EDGE('',*,*,#1189,.F.);
#1581=ORIENTED_EDGE('',*,*,#1195,.F.);
#1582=ORIENTED_EDGE('',*,*,#1195,.T.);
#1583=ORIENTED_EDGE('',*,*,#1196,.T.);
#1584=ORIENTED_EDGE('',*,*,#1197,.T.);
#1585=ORIENTED_EDGE('',*,*,#1198,.T.);
#1586=ORIENTED_EDGE('',*,*,#1196,.F.);
#1587=ORIENTED_EDGE('',*,*,#1198,.F.);
#1588=ORIENTED_EDGE('',*,*,#1199,.T.);
#1589=ORIENTED_EDGE('',*,*,#1200,.T.);
#1590=ORIENTED_EDGE('',*,*,#1199,.F.);
#1591=ORIENTED_EDGE('',*,*,#1197,.F.);
#1592=ORIENTED_EDGE('',*,*,#1201,.T.);
#1593=ORIENTED_EDGE('',*,*,#1202,.T.);
#1594=ORIENTED_EDGE('',*,*,#1203,.T.);
#1595=ORIENTED_EDGE('',*,*,#1202,.F.);
#1596=ORIENTED_EDGE('',*,*,#1201,.F.);
#1597=ORIENTED_EDGE('',*,*,#1204,.F.);
#1598=ORIENTED_EDGE('',*,*,#1203,.F.);
#1599=ORIENTED_EDGE('',*,*,#1205,.T.);
#1600=ORIENTED_EDGE('',*,*,#1206,.F.);
#1601=ORIENTED_EDGE('',*,*,#1205,.F.);
#1602=ORIENTED_EDGE('',*,*,#1204,.T.);
#1603=ORIENTED_EDGE('',*,*,#1207,.T.);
#1604=ORIENTED_EDGE('',*,*,#1208,.T.);
#1605=ORIENTED_EDGE('',*,*,#1209,.T.);
#1606=ORIENTED_EDGE('',*,*,#1207,.F.);
#1607=ORIENTED_EDGE('',*,*,#1209,.F.);
#1608=ORIENTED_EDGE('',*,*,#1210,.T.);
#1609=ORIENTED_EDGE('',*,*,#1211,.T.);
#1610=ORIENTED_EDGE('',*,*,#1210,.F.);
#1611=ORIENTED_EDGE('',*,*,#1208,.F.);
#1612=ORIENTED_EDGE('',*,*,#1212,.T.);
#1613=ORIENTED_EDGE('',*,*,#1213,.T.);
#1614=ORIENTED_EDGE('',*,*,#1214,.T.);
#1615=ORIENTED_EDGE('',*,*,#1213,.F.);
#1616=ORIENTED_EDGE('',*,*,#1214,.F.);
#1617=ORIENTED_EDGE('',*,*,#1215,.T.);
#1618=ORIENTED_EDGE('',*,*,#1216,.F.);
#1619=ORIENTED_EDGE('',*,*,#1215,.F.);
#1620=ORIENTED_EDGE('',*,*,#1212,.F.);
#1621=ORIENTED_EDGE('',*,*,#1211,.F.);
#1622=ORIENTED_EDGE('',*,*,#1216,.T.);
#1623=ORIENTED_EDGE('',*,*,#1200,.F.);
#1624=ORIENTED_EDGE('',*,*,#1206,.T.);
#1625=ORIENTED_EDGE('',*,*,#1217,.T.);
#1626=ORIENTED_EDGE('',*,*,#1218,.T.);
#1627=ORIENTED_EDGE('',*,*,#1219,.F.);
#1628=ORIENTED_EDGE('',*,*,#1220,.F.);
#1629=ORIENTED_EDGE('',*,*,#1192,.F.);
#1630=ORIENTED_EDGE('',*,*,#1136,.F.);
#1631=ORIENTED_EDGE('',*,*,#1166,.F.);
#1632=ORIENTED_EDGE('',*,*,#1164,.F.);
#1633=ORIENTED_EDGE('',*,*,#1149,.T.);
#1634=ORIENTED_EDGE('',*,*,#1155,.F.);
#1635=ORIENTED_EDGE('',*,*,#1160,.T.);
#1636=ORIENTED_EDGE('',*,*,#1178,.F.);
#1637=ORIENTED_EDGE('',*,*,#1221,.F.);
#1638=ORIENTED_EDGE('',*,*,#1219,.T.);
#1639=ORIENTED_EDGE('',*,*,#1222,.T.);
#1640=ORIENTED_EDGE('',*,*,#1223,.F.);
#1641=ORIENTED_EDGE('',*,*,#1224,.T.);
#1642=ORIENTED_EDGE('',*,*,#1225,.T.);
#1643=ORIENTED_EDGE('',*,*,#1217,.F.);
#1644=ORIENTED_EDGE('',*,*,#1182,.F.);
#1645=ORIENTED_EDGE('',*,*,#1126,.F.);
#1646=ORIENTED_EDGE('',*,*,#1226,.F.);
#1647=ORIENTED_EDGE('',*,*,#1223,.T.);
#1648=ORIENTED_EDGE('',*,*,#1227,.T.);
#1649=ORIENTED_EDGE('',*,*,#1224,.F.);
#1650=ORIENTED_EDGE('',*,*,#1181,.F.);
#1651=ORIENTED_EDGE('',*,*,#1187,.T.);
#1652=ORIENTED_EDGE('',*,*,#1142,.F.);
#1653=ORIENTED_EDGE('',*,*,#1151,.T.);
#1654=ORIENTED_EDGE('',*,*,#1163,.T.);
#1655=ORIENTED_EDGE('',*,*,#1167,.T.);
#1656=ORIENTED_EDGE('',*,*,#1134,.F.);
#1657=ORIENTED_EDGE('',*,*,#1222,.F.);
#1658=ORIENTED_EDGE('',*,*,#1218,.F.);
#1659=ORIENTED_EDGE('',*,*,#1225,.F.);
#1660=ORIENTED_EDGE('',*,*,#1227,.F.);
#1661=ORIENTED_EDGE('',*,*,#1220,.T.);
#1662=ORIENTED_EDGE('',*,*,#1221,.T.);
#1663=ORIENTED_EDGE('',*,*,#1226,.T.);
#1664=ORIENTED_EDGE('',*,*,#1125,.T.);
#1665=ORIENTED_EDGE('',*,*,#1228,.F.);
#1666=ORIENTED_EDGE('',*,*,#1229,.T.);
#1667=ORIENTED_EDGE('',*,*,#1230,.F.);
#1668=ORIENTED_EDGE('',*,*,#1193,.T.);
#1669=ORIENTED_EDGE('',*,*,#1231,.T.);
#1670=ORIENTED_EDGE('',*,*,#1232,.T.);
#1671=ORIENTED_EDGE('',*,*,#1233,.T.);
#1672=ORIENTED_EDGE('',*,*,#1234,.F.);
#1673=ORIENTED_EDGE('',*,*,#1235,.T.);
#1674=ORIENTED_EDGE('',*,*,#1232,.F.);
#1675=ORIENTED_EDGE('',*,*,#1235,.F.);
#1676=ORIENTED_EDGE('',*,*,#1236,.F.);
#1677=ORIENTED_EDGE('',*,*,#1237,.F.);
#1678=ORIENTED_EDGE('',*,*,#1238,.F.);
#1679=ORIENTED_EDGE('',*,*,#1239,.F.);
#1680=ORIENTED_EDGE('',*,*,#1240,.F.);
#1681=ORIENTED_EDGE('',*,*,#1241,.F.);
#1682=ORIENTED_EDGE('',*,*,#1233,.F.);
#1683=ORIENTED_EDGE('',*,*,#1231,.F.);
#1684=ORIENTED_EDGE('',*,*,#1242,.T.);
#1685=ORIENTED_EDGE('',*,*,#1243,.F.);
#1686=ORIENTED_EDGE('',*,*,#1244,.T.);
#1687=ORIENTED_EDGE('',*,*,#1245,.F.);
#1688=ORIENTED_EDGE('',*,*,#1244,.F.);
#1689=ORIENTED_EDGE('',*,*,#1246,.F.);
#1690=ORIENTED_EDGE('',*,*,#1247,.T.);
#1691=ORIENTED_EDGE('',*,*,#1248,.F.);
#1692=ORIENTED_EDGE('',*,*,#1247,.F.);
#1693=ORIENTED_EDGE('',*,*,#1249,.F.);
#1694=ORIENTED_EDGE('',*,*,#1250,.T.);
#1695=ORIENTED_EDGE('',*,*,#1251,.F.);
#1696=ORIENTED_EDGE('',*,*,#1250,.F.);
#1697=ORIENTED_EDGE('',*,*,#1252,.F.);
#1698=ORIENTED_EDGE('',*,*,#1253,.T.);
#1699=ORIENTED_EDGE('',*,*,#1254,.F.);
#1700=ORIENTED_EDGE('',*,*,#1253,.F.);
#1701=ORIENTED_EDGE('',*,*,#1255,.F.);
#1702=ORIENTED_EDGE('',*,*,#1256,.T.);
#1703=ORIENTED_EDGE('',*,*,#1257,.F.);
#1704=ORIENTED_EDGE('',*,*,#1256,.F.);
#1705=ORIENTED_EDGE('',*,*,#1258,.F.);
#1706=ORIENTED_EDGE('',*,*,#1259,.T.);
#1707=ORIENTED_EDGE('',*,*,#1260,.F.);
#1708=ORIENTED_EDGE('',*,*,#1259,.F.);
#1709=ORIENTED_EDGE('',*,*,#1261,.F.);
#1710=ORIENTED_EDGE('',*,*,#1262,.T.);
#1711=ORIENTED_EDGE('',*,*,#1263,.F.);
#1712=ORIENTED_EDGE('',*,*,#1262,.F.);
#1713=ORIENTED_EDGE('',*,*,#1264,.F.);
#1714=ORIENTED_EDGE('',*,*,#1265,.T.);
#1715=ORIENTED_EDGE('',*,*,#1266,.F.);
#1716=ORIENTED_EDGE('',*,*,#1265,.F.);
#1717=ORIENTED_EDGE('',*,*,#1267,.F.);
#1718=ORIENTED_EDGE('',*,*,#1268,.T.);
#1719=ORIENTED_EDGE('',*,*,#1269,.F.);
#1720=ORIENTED_EDGE('',*,*,#1268,.F.);
#1721=ORIENTED_EDGE('',*,*,#1270,.F.);
#1722=ORIENTED_EDGE('',*,*,#1271,.T.);
#1723=ORIENTED_EDGE('',*,*,#1272,.F.);
#1724=ORIENTED_EDGE('',*,*,#1271,.F.);
#1725=ORIENTED_EDGE('',*,*,#1273,.F.);
#1726=ORIENTED_EDGE('',*,*,#1274,.T.);
#1727=ORIENTED_EDGE('',*,*,#1275,.F.);
#1728=ORIENTED_EDGE('',*,*,#1274,.F.);
#1729=ORIENTED_EDGE('',*,*,#1276,.F.);
#1730=ORIENTED_EDGE('',*,*,#1277,.T.);
#1731=ORIENTED_EDGE('',*,*,#1278,.F.);
#1732=ORIENTED_EDGE('',*,*,#1277,.F.);
#1733=ORIENTED_EDGE('',*,*,#1279,.F.);
#1734=ORIENTED_EDGE('',*,*,#1280,.T.);
#1735=ORIENTED_EDGE('',*,*,#1281,.F.);
#1736=ORIENTED_EDGE('',*,*,#1280,.F.);
#1737=ORIENTED_EDGE('',*,*,#1282,.F.);
#1738=ORIENTED_EDGE('',*,*,#1283,.T.);
#1739=ORIENTED_EDGE('',*,*,#1284,.T.);
#1740=ORIENTED_EDGE('',*,*,#1283,.F.);
#1741=ORIENTED_EDGE('',*,*,#1284,.F.);
#1742=ORIENTED_EDGE('',*,*,#1246,.T.);
#1743=ORIENTED_EDGE('',*,*,#1252,.T.);
#1744=ORIENTED_EDGE('',*,*,#1258,.T.);
#1745=ORIENTED_EDGE('',*,*,#1279,.T.);
#1746=ORIENTED_EDGE('',*,*,#1276,.T.);
#1747=ORIENTED_EDGE('',*,*,#1273,.T.);
#1748=ORIENTED_EDGE('',*,*,#1270,.T.);
#1749=ORIENTED_EDGE('',*,*,#1267,.T.);
#1750=ORIENTED_EDGE('',*,*,#1264,.T.);
#1751=ORIENTED_EDGE('',*,*,#1261,.T.);
#1752=ORIENTED_EDGE('',*,*,#1255,.T.);
#1753=ORIENTED_EDGE('',*,*,#1249,.T.);
#1754=ORIENTED_EDGE('',*,*,#1245,.T.);
#1755=ORIENTED_EDGE('',*,*,#1285,.F.);
#1756=ORIENTED_EDGE('',*,*,#1286,.T.);
#1757=ORIENTED_EDGE('',*,*,#1287,.T.);
#1758=ORIENTED_EDGE('',*,*,#1286,.F.);
#1759=ORIENTED_EDGE('',*,*,#1287,.F.);
#1760=ORIENTED_EDGE('',*,*,#1288,.F.);
#1761=ORIENTED_EDGE('',*,*,#1289,.T.);
#1762=ORIENTED_EDGE('',*,*,#1290,.T.);
#1763=ORIENTED_EDGE('',*,*,#1289,.F.);
#1764=ORIENTED_EDGE('',*,*,#1290,.F.);
#1765=ORIENTED_EDGE('',*,*,#1291,.F.);
#1766=ORIENTED_EDGE('',*,*,#1292,.T.);
#1767=ORIENTED_EDGE('',*,*,#1293,.T.);
#1768=ORIENTED_EDGE('',*,*,#1292,.F.);
#1769=ORIENTED_EDGE('',*,*,#1293,.F.);
#1770=ORIENTED_EDGE('',*,*,#1294,.F.);
#1771=ORIENTED_EDGE('',*,*,#1295,.T.);
#1772=ORIENTED_EDGE('',*,*,#1296,.T.);
#1773=ORIENTED_EDGE('',*,*,#1295,.F.);
#1774=ORIENTED_EDGE('',*,*,#1296,.F.);
#1775=ORIENTED_EDGE('',*,*,#1297,.F.);
#1776=ORIENTED_EDGE('',*,*,#1298,.T.);
#1777=ORIENTED_EDGE('',*,*,#1299,.T.);
#1778=ORIENTED_EDGE('',*,*,#1298,.F.);
#1779=ORIENTED_EDGE('',*,*,#1299,.F.);
#1780=ORIENTED_EDGE('',*,*,#1300,.F.);
#1781=ORIENTED_EDGE('',*,*,#1301,.T.);
#1782=ORIENTED_EDGE('',*,*,#1302,.T.);
#1783=ORIENTED_EDGE('',*,*,#1301,.F.);
#1784=ORIENTED_EDGE('',*,*,#1302,.F.);
#1785=ORIENTED_EDGE('',*,*,#1303,.F.);
#1786=ORIENTED_EDGE('',*,*,#1304,.T.);
#1787=ORIENTED_EDGE('',*,*,#1305,.T.);
#1788=ORIENTED_EDGE('',*,*,#1304,.F.);
#1789=ORIENTED_EDGE('',*,*,#1305,.F.);
#1790=ORIENTED_EDGE('',*,*,#1306,.F.);
#1791=ORIENTED_EDGE('',*,*,#1307,.T.);
#1792=ORIENTED_EDGE('',*,*,#1308,.T.);
#1793=ORIENTED_EDGE('',*,*,#1307,.F.);
#1794=ORIENTED_EDGE('',*,*,#1308,.F.);
#1795=ORIENTED_EDGE('',*,*,#1309,.F.);
#1796=ORIENTED_EDGE('',*,*,#1310,.T.);
#1797=ORIENTED_EDGE('',*,*,#1311,.T.);
#1798=ORIENTED_EDGE('',*,*,#1310,.F.);
#1799=ORIENTED_EDGE('',*,*,#1311,.F.);
#1800=ORIENTED_EDGE('',*,*,#1312,.T.);
#1801=ORIENTED_EDGE('',*,*,#1313,.T.);
#1802=ORIENTED_EDGE('',*,*,#1314,.F.);
#1803=ORIENTED_EDGE('',*,*,#1313,.F.);
#1804=ORIENTED_EDGE('',*,*,#1312,.F.);
#1805=ORIENTED_EDGE('',*,*,#1315,.F.);
#1806=ORIENTED_EDGE('',*,*,#1316,.T.);
#1807=ORIENTED_EDGE('',*,*,#1317,.F.);
#1808=ORIENTED_EDGE('',*,*,#1316,.F.);
#1809=ORIENTED_EDGE('',*,*,#1315,.T.);
#1810=ORIENTED_EDGE('',*,*,#1285,.T.);
#1811=ORIENTED_EDGE('',*,*,#1318,.F.);
#1812=ORIENTED_EDGE('',*,*,#1319,.T.);
#1813=ORIENTED_EDGE('',*,*,#1320,.F.);
#1814=ORIENTED_EDGE('',*,*,#1319,.F.);
#1815=ORIENTED_EDGE('',*,*,#1318,.T.);
#1816=ORIENTED_EDGE('',*,*,#1297,.T.);
#1817=ORIENTED_EDGE('',*,*,#1321,.F.);
#1818=ORIENTED_EDGE('',*,*,#1322,.T.);
#1819=ORIENTED_EDGE('',*,*,#1323,.F.);
#1820=ORIENTED_EDGE('',*,*,#1322,.F.);
#1821=ORIENTED_EDGE('',*,*,#1321,.T.);
#1822=ORIENTED_EDGE('',*,*,#1309,.T.);
#1823=ORIENTED_EDGE('',*,*,#1324,.F.);
#1824=ORIENTED_EDGE('',*,*,#1325,.T.);
#1825=ORIENTED_EDGE('',*,*,#1326,.F.);
#1826=ORIENTED_EDGE('',*,*,#1325,.F.);
#1827=ORIENTED_EDGE('',*,*,#1324,.T.);
#1828=ORIENTED_EDGE('',*,*,#1306,.T.);
#1829=ORIENTED_EDGE('',*,*,#1327,.F.);
#1830=ORIENTED_EDGE('',*,*,#1328,.T.);
#1831=ORIENTED_EDGE('',*,*,#1329,.F.);
#1832=ORIENTED_EDGE('',*,*,#1328,.F.);
#1833=ORIENTED_EDGE('',*,*,#1327,.T.);
#1834=ORIENTED_EDGE('',*,*,#1294,.T.);
#1835=ORIENTED_EDGE('',*,*,#1330,.F.);
#1836=ORIENTED_EDGE('',*,*,#1331,.T.);
#1837=ORIENTED_EDGE('',*,*,#1332,.F.);
#1838=ORIENTED_EDGE('',*,*,#1331,.F.);
#1839=ORIENTED_EDGE('',*,*,#1330,.T.);
#1840=ORIENTED_EDGE('',*,*,#1288,.T.);
#1841=ORIENTED_EDGE('',*,*,#1333,.F.);
#1842=ORIENTED_EDGE('',*,*,#1334,.T.);
#1843=ORIENTED_EDGE('',*,*,#1335,.F.);
#1844=ORIENTED_EDGE('',*,*,#1334,.F.);
#1845=ORIENTED_EDGE('',*,*,#1333,.T.);
#1846=ORIENTED_EDGE('',*,*,#1300,.T.);
#1847=ORIENTED_EDGE('',*,*,#1336,.F.);
#1848=ORIENTED_EDGE('',*,*,#1337,.T.);
#1849=ORIENTED_EDGE('',*,*,#1338,.F.);
#1850=ORIENTED_EDGE('',*,*,#1337,.F.);
#1851=ORIENTED_EDGE('',*,*,#1336,.T.);
#1852=ORIENTED_EDGE('',*,*,#1314,.T.);
#1853=ORIENTED_EDGE('',*,*,#1339,.F.);
#1854=ORIENTED_EDGE('',*,*,#1340,.T.);
#1855=ORIENTED_EDGE('',*,*,#1341,.F.);
#1856=ORIENTED_EDGE('',*,*,#1340,.F.);
#1857=ORIENTED_EDGE('',*,*,#1339,.T.);
#1858=ORIENTED_EDGE('',*,*,#1303,.T.);
#1859=ORIENTED_EDGE('',*,*,#1342,.F.);
#1860=ORIENTED_EDGE('',*,*,#1343,.T.);
#1861=ORIENTED_EDGE('',*,*,#1344,.F.);
#1862=ORIENTED_EDGE('',*,*,#1343,.F.);
#1863=ORIENTED_EDGE('',*,*,#1342,.T.);
#1864=ORIENTED_EDGE('',*,*,#1291,.T.);
#1865=ORIENTED_EDGE('',*,*,#1345,.F.);
#1866=ORIENTED_EDGE('',*,*,#1240,.T.);
#1867=ORIENTED_EDGE('',*,*,#1346,.F.);
#1868=ORIENTED_EDGE('',*,*,#1237,.T.);
#1869=ORIENTED_EDGE('',*,*,#1347,.F.);
#1870=ORIENTED_EDGE('',*,*,#1348,.F.);
#1871=ORIENTED_EDGE('',*,*,#1349,.T.);
#1872=ORIENTED_EDGE('',*,*,#1350,.T.);
#1873=ORIENTED_EDGE('',*,*,#1242,.F.);
#1874=ORIENTED_EDGE('',*,*,#1351,.T.);
#1875=ORIENTED_EDGE('',*,*,#1349,.F.);
#1876=ORIENTED_EDGE('',*,*,#1352,.F.);
#1877=ORIENTED_EDGE('',*,*,#1353,.F.);
#1878=ORIENTED_EDGE('',*,*,#1354,.T.);
#1879=ORIENTED_EDGE('',*,*,#1355,.T.);
#1880=ORIENTED_EDGE('',*,*,#1354,.F.);
#1881=ORIENTED_EDGE('',*,*,#1356,.F.);
#1882=ORIENTED_EDGE('',*,*,#1357,.F.);
#1883=ORIENTED_EDGE('',*,*,#1350,.F.);
#1884=ORIENTED_EDGE('',*,*,#1351,.F.);
#1885=ORIENTED_EDGE('',*,*,#1348,.T.);
#1886=ORIENTED_EDGE('',*,*,#1358,.T.);
#1887=ORIENTED_EDGE('',*,*,#1359,.T.);
#1888=ORIENTED_EDGE('',*,*,#1352,.T.);
#1889=ORIENTED_EDGE('',*,*,#1124,.T.);
#1890=ORIENTED_EDGE('',*,*,#1194,.T.);
#1891=ORIENTED_EDGE('',*,*,#1230,.T.);
#1892=ORIENTED_EDGE('',*,*,#1360,.T.);
#1893=ORIENTED_EDGE('',*,*,#1361,.T.);
#1894=ORIENTED_EDGE('',*,*,#1358,.F.);
#1895=ORIENTED_EDGE('',*,*,#1347,.T.);
#1896=ORIENTED_EDGE('',*,*,#1236,.T.);
#1897=ORIENTED_EDGE('',*,*,#1234,.T.);
#1898=ORIENTED_EDGE('',*,*,#1241,.T.);
#1899=ORIENTED_EDGE('',*,*,#1345,.T.);
#1900=ORIENTED_EDGE('',*,*,#1239,.T.);
#1901=ORIENTED_EDGE('',*,*,#1362,.F.);
#1902=ORIENTED_EDGE('',*,*,#1363,.T.);
#1903=ORIENTED_EDGE('',*,*,#1364,.T.);
#1904=ORIENTED_EDGE('',*,*,#1228,.T.);
#1905=ORIENTED_EDGE('',*,*,#1359,.F.);
#1906=ORIENTED_EDGE('',*,*,#1361,.F.);
#1907=ORIENTED_EDGE('',*,*,#1365,.T.);
#1908=ORIENTED_EDGE('',*,*,#1366,.T.);
#1909=ORIENTED_EDGE('',*,*,#1363,.F.);
#1910=ORIENTED_EDGE('',*,*,#1367,.F.);
#1911=ORIENTED_EDGE('',*,*,#1356,.T.);
#1912=ORIENTED_EDGE('',*,*,#1353,.T.);
#1913=ORIENTED_EDGE('',*,*,#1320,.T.);
#1914=ORIENTED_EDGE('',*,*,#1344,.T.);
#1915=ORIENTED_EDGE('',*,*,#1341,.T.);
#1916=ORIENTED_EDGE('',*,*,#1338,.T.);
#1917=ORIENTED_EDGE('',*,*,#1335,.T.);
#1918=ORIENTED_EDGE('',*,*,#1332,.T.);
#1919=ORIENTED_EDGE('',*,*,#1329,.T.);
#1920=ORIENTED_EDGE('',*,*,#1326,.T.);
#1921=ORIENTED_EDGE('',*,*,#1323,.T.);
#1922=ORIENTED_EDGE('',*,*,#1317,.T.);
#1923=ORIENTED_EDGE('',*,*,#1368,.T.);
#1924=ORIENTED_EDGE('',*,*,#1369,.T.);
#1925=ORIENTED_EDGE('',*,*,#1365,.F.);
#1926=ORIENTED_EDGE('',*,*,#1360,.F.);
#1927=ORIENTED_EDGE('',*,*,#1229,.F.);
#1928=ORIENTED_EDGE('',*,*,#1364,.F.);
#1929=ORIENTED_EDGE('',*,*,#1366,.F.);
#1930=ORIENTED_EDGE('',*,*,#1369,.F.);
#1931=ORIENTED_EDGE('',*,*,#1368,.F.);
#1932=ORIENTED_EDGE('',*,*,#1248,.T.);
#1933=ORIENTED_EDGE('',*,*,#1254,.T.);
#1934=ORIENTED_EDGE('',*,*,#1260,.T.);
#1935=ORIENTED_EDGE('',*,*,#1281,.T.);
#1936=ORIENTED_EDGE('',*,*,#1278,.T.);
#1937=ORIENTED_EDGE('',*,*,#1275,.T.);
#1938=ORIENTED_EDGE('',*,*,#1272,.T.);
#1939=ORIENTED_EDGE('',*,*,#1269,.T.);
#1940=ORIENTED_EDGE('',*,*,#1266,.T.);
#1941=ORIENTED_EDGE('',*,*,#1263,.T.);
#1942=ORIENTED_EDGE('',*,*,#1257,.T.);
#1943=ORIENTED_EDGE('',*,*,#1251,.T.);
#1944=ORIENTED_EDGE('',*,*,#1243,.T.);
#1945=ORIENTED_EDGE('',*,*,#1346,.T.);
#1946=ORIENTED_EDGE('',*,*,#1357,.T.);
#1947=ORIENTED_EDGE('',*,*,#1367,.T.);
#1948=ORIENTED_EDGE('',*,*,#1362,.T.);
#1949=ORIENTED_EDGE('',*,*,#1238,.T.);
#1950=ORIENTED_EDGE('',*,*,#1355,.F.);
#1951=ORIENTED_EDGE('',*,*,#1282,.T.);
#1952=CYLINDRICAL_SURFACE('',#2154,1.5);
#1953=CYLINDRICAL_SURFACE('',#2157,1.5);
#1954=CYLINDRICAL_SURFACE('',#2160,1.5);
#1955=CYLINDRICAL_SURFACE('',#2173,1.2645);
#1956=CYLINDRICAL_SURFACE('',#2174,1.2645);
#1957=CYLINDRICAL_SURFACE('',#2175,1.2645);
#1958=CYLINDRICAL_SURFACE('',#2176,1.2645);
#1959=CYLINDRICAL_SURFACE('',#2183,26.);
#1960=CYLINDRICAL_SURFACE('',#2191,3.5);
#1961=CYLINDRICAL_SURFACE('',#2194,20.);
#1962=CYLINDRICAL_SURFACE('',#2199,3.5);
#1963=CYLINDRICAL_SURFACE('',#2201,3.5);
#1964=CYLINDRICAL_SURFACE('',#2205,3.5);
#1965=CYLINDRICAL_SURFACE('',#2207,3.49999999999999);
#1966=CYLINDRICAL_SURFACE('',#2214,3.5);
#1967=CYLINDRICAL_SURFACE('',#2219,3.5);
#1968=CYLINDRICAL_SURFACE('',#2221,3.5);
#1969=CYLINDRICAL_SURFACE('',#2234,26.);
#1970=CYLINDRICAL_SURFACE('',#2242,20.);
#1971=CYLINDRICAL_SURFACE('',#2250,15.);
#1972=CYLINDRICAL_SURFACE('',#2256,12.5);
#1973=CYLINDRICAL_SURFACE('',#2262,7.5);
#1974=CYLINDRICAL_SURFACE('',#2281,25.);
#1975=CYLINDRICAL_SURFACE('',#2286,4.4);
#1976=CYLINDRICAL_SURFACE('',#2289,0.75);
#1977=CYLINDRICAL_SURFACE('',#2292,0.75);
#1978=CYLINDRICAL_SURFACE('',#2295,0.75);
#1979=CYLINDRICAL_SURFACE('',#2298,0.75);
#1980=CYLINDRICAL_SURFACE('',#2301,0.75);
#1981=CYLINDRICAL_SURFACE('',#2304,0.75);
#1982=CYLINDRICAL_SURFACE('',#2307,0.75);
#1983=CYLINDRICAL_SURFACE('',#2310,0.75);
#1984=CYLINDRICAL_SURFACE('',#2313,0.75);
#1985=CYLINDRICAL_SURFACE('',#2316,0.75);
#1986=CYLINDRICAL_SURFACE('',#2319,0.75);
#1987=CYLINDRICAL_SURFACE('',#2322,0.75);
#1988=CYLINDRICAL_SURFACE('',#2325,10.5);
#1989=CYLINDRICAL_SURFACE('',#2329,2.5);
#1990=CYLINDRICAL_SURFACE('',#2333,2.5);
#1991=CYLINDRICAL_SURFACE('',#2337,2.5);
#1992=CYLINDRICAL_SURFACE('',#2341,2.5);
#1993=CYLINDRICAL_SURFACE('',#2345,2.5);
#1994=CYLINDRICAL_SURFACE('',#2349,2.5);
#1995=CYLINDRICAL_SURFACE('',#2353,2.5);
#1996=CYLINDRICAL_SURFACE('',#2357,2.5);
#1997=CYLINDRICAL_SURFACE('',#2361,2.5);
#1998=CYLINDRICAL_SURFACE('',#2365,2.5);
#1999=CYLINDRICAL_SURFACE('',#2369,5.);
#2000=CYLINDRICAL_SURFACE('',#2373,5.);
#2001=CYLINDRICAL_SURFACE('',#2377,5.);
#2002=CYLINDRICAL_SURFACE('',#2381,5.);
#2003=CYLINDRICAL_SURFACE('',#2385,5.);
#2004=CYLINDRICAL_SURFACE('',#2389,5.);
#2005=CYLINDRICAL_SURFACE('',#2393,5.);
#2006=CYLINDRICAL_SURFACE('',#2397,5.);
#2007=CYLINDRICAL_SURFACE('',#2401,5.);
#2008=CYLINDRICAL_SURFACE('',#2405,5.);
#2009=CYLINDRICAL_SURFACE('',#2415,17.5);
#2010=CYLINDRICAL_SURFACE('',#2428,40.);
#2011=ADVANCED_FACE('',(#163),#1952,.T.);
#2012=ADVANCED_FACE('',(#164),#1953,.T.);
#2013=ADVANCED_FACE('',(#165),#1954,.T.);
#2014=ADVANCED_FACE('',(#166),#104,.F.);
#2015=ADVANCED_FACE('',(#167,#42,#43,#44,#45,#46),#105,.F.);
#2016=ADVANCED_FACE('',(#168,#47,#48,#49,#50,#51),#106,.T.);
#2017=ADVANCED_FACE('',(#169),#107,.F.);
#2018=ADVANCED_FACE('',(#170),#1955,.F.);
#2019=ADVANCED_FACE('',(#171),#1956,.F.);
#2020=ADVANCED_FACE('',(#172),#1957,.F.);
#2021=ADVANCED_FACE('',(#173),#1958,.F.);
#2022=ADVANCED_FACE('',(#174),#108,.T.);
#2023=ADVANCED_FACE('',(#175),#109,.T.);
#2024=ADVANCED_FACE('',(#176),#110,.T.);
#2025=ADVANCED_FACE('',(#177),#111,.F.);
#2026=ADVANCED_FACE('',(#178),#112,.F.);
#2027=ADVANCED_FACE('',(#179),#113,.F.);
#2028=ADVANCED_FACE('',(#180),#1959,.T.);
#2029=ADVANCED_FACE('',(#181),#114,.T.);
#2030=ADVANCED_FACE('',(#182),#115,.F.);
#2031=ADVANCED_FACE('',(#183),#1960,.T.);
#2032=ADVANCED_FACE('',(#184),#1961,.F.);
#2033=ADVANCED_FACE('',(#185),#1962,.T.);
#2034=ADVANCED_FACE('',(#186),#1963,.T.);
#2035=ADVANCED_FACE('',(#187),#116,.F.);
#2036=ADVANCED_FACE('',(#188),#1964,.T.);
#2037=ADVANCED_FACE('',(#189),#1965,.T.);
#2038=ADVANCED_FACE('',(#190),#117,.F.);
#2039=ADVANCED_FACE('',(#191),#22,.T.);
#2040=ADVANCED_FACE('',(#192),#1966,.T.);
#2041=ADVANCED_FACE('',(#193),#23,.T.);
#2042=ADVANCED_FACE('',(#194),#1967,.T.);
#2043=ADVANCED_FACE('',(#195),#1968,.T.);
#2044=ADVANCED_FACE('',(#196),#118,.F.);
#2045=ADVANCED_FACE('',(#197),#119,.F.);
#2046=ADVANCED_FACE('',(#198),#120,.F.);
#2047=ADVANCED_FACE('',(#199),#121,.F.);
#2048=ADVANCED_FACE('',(#200),#122,.T.);
#2049=ADVANCED_FACE('',(#201),#15,.T.);
#2050=ADVANCED_FACE('',(#202),#1969,.T.);
#2051=ADVANCED_FACE('',(#203,#52),#123,.T.);
#2052=ADVANCED_FACE('',(#204),#16,.T.);
#2053=ADVANCED_FACE('',(#205),#1970,.F.);
#2054=ADVANCED_FACE('',(#206),#17,.T.);
#2055=ADVANCED_FACE('',(#207,#53),#124,.T.);
#2056=ADVANCED_FACE('',(#208),#1971,.T.);
#2057=ADVANCED_FACE('',(#209),#18,.T.);
#2058=ADVANCED_FACE('',(#210),#1972,.F.);
#2059=ADVANCED_FACE('',(#211),#19,.T.);
#2060=ADVANCED_FACE('',(#212),#1973,.T.);
#2061=ADVANCED_FACE('',(#213),#125,.T.);
#2062=ADVANCED_FACE('',(#214,#54),#126,.F.);
#2063=ADVANCED_FACE('',(#215,#55),#127,.F.);
#2064=ADVANCED_FACE('',(#216),#128,.F.);
#2065=ADVANCED_FACE('',(#217),#129,.F.);
#2066=ADVANCED_FACE('',(#218),#130,.F.);
#2067=ADVANCED_FACE('',(#219),#131,.F.);
#2068=ADVANCED_FACE('',(#220),#132,.F.);
#2069=ADVANCED_FACE('',(#221),#133,.F.);
#2070=ADVANCED_FACE('',(#222),#20,.T.);
#2071=ADVANCED_FACE('',(#223),#1974,.T.);
#2072=ADVANCED_FACE('',(#224,#56),#134,.T.);
#2073=ADVANCED_FACE('',(#225),#1975,.F.);
#2074=ADVANCED_FACE('',(#226),#1976,.F.);
#2075=ADVANCED_FACE('',(#227),#1977,.F.);
#2076=ADVANCED_FACE('',(#228),#1978,.F.);
#2077=ADVANCED_FACE('',(#229),#1979,.F.);
#2078=ADVANCED_FACE('',(#230),#1980,.F.);
#2079=ADVANCED_FACE('',(#231),#1981,.F.);
#2080=ADVANCED_FACE('',(#232),#1982,.F.);
#2081=ADVANCED_FACE('',(#233),#1983,.F.);
#2082=ADVANCED_FACE('',(#234),#1984,.F.);
#2083=ADVANCED_FACE('',(#235),#1985,.F.);
#2084=ADVANCED_FACE('',(#236),#1986,.F.);
#2085=ADVANCED_FACE('',(#237),#1987,.F.);
#2086=ADVANCED_FACE('',(#238),#1988,.F.);
#2087=ADVANCED_FACE('',(#239,#57,#58,#59,#60,#61,#62,#63,#64,#65,#66,#67,
#68,#69),#135,.F.);
#2088=ADVANCED_FACE('',(#240),#1989,.F.);
#2089=ADVANCED_FACE('',(#241),#136,.F.);
#2090=ADVANCED_FACE('',(#242),#1990,.F.);
#2091=ADVANCED_FACE('',(#243),#137,.F.);
#2092=ADVANCED_FACE('',(#244),#1991,.F.);
#2093=ADVANCED_FACE('',(#245),#138,.F.);
#2094=ADVANCED_FACE('',(#246),#1992,.F.);
#2095=ADVANCED_FACE('',(#247),#139,.F.);
#2096=ADVANCED_FACE('',(#248),#1993,.F.);
#2097=ADVANCED_FACE('',(#249),#140,.F.);
#2098=ADVANCED_FACE('',(#250),#1994,.F.);
#2099=ADVANCED_FACE('',(#251),#141,.F.);
#2100=ADVANCED_FACE('',(#252),#1995,.F.);
#2101=ADVANCED_FACE('',(#253),#142,.F.);
#2102=ADVANCED_FACE('',(#254),#1996,.F.);
#2103=ADVANCED_FACE('',(#255),#143,.F.);
#2104=ADVANCED_FACE('',(#256),#1997,.F.);
#2105=ADVANCED_FACE('',(#257),#144,.F.);
#2106=ADVANCED_FACE('',(#258),#1998,.F.);
#2107=ADVANCED_FACE('',(#259),#145,.F.);
#2108=ADVANCED_FACE('',(#260),#1999,.T.);
#2109=ADVANCED_FACE('',(#261,#70),#146,.T.);
#2110=ADVANCED_FACE('',(#262),#2000,.T.);
#2111=ADVANCED_FACE('',(#263,#71),#147,.T.);
#2112=ADVANCED_FACE('',(#264),#2001,.T.);
#2113=ADVANCED_FACE('',(#265,#72),#148,.T.);
#2114=ADVANCED_FACE('',(#266),#2002,.T.);
#2115=ADVANCED_FACE('',(#267,#73),#149,.T.);
#2116=ADVANCED_FACE('',(#268),#2003,.T.);
#2117=ADVANCED_FACE('',(#269,#74),#150,.T.);
#2118=ADVANCED_FACE('',(#270),#2004,.T.);
#2119=ADVANCED_FACE('',(#271,#75),#151,.T.);
#2120=ADVANCED_FACE('',(#272),#2005,.T.);
#2121=ADVANCED_FACE('',(#273,#76),#152,.T.);
#2122=ADVANCED_FACE('',(#274),#2006,.T.);
#2123=ADVANCED_FACE('',(#275,#77),#153,.T.);
#2124=ADVANCED_FACE('',(#276),#2007,.T.);
#2125=ADVANCED_FACE('',(#277,#78),#154,.T.);
#2126=ADVANCED_FACE('',(#278),#2008,.T.);
#2127=ADVANCED_FACE('',(#279,#79),#155,.T.);
#2128=ADVANCED_FACE('',(#280),#156,.T.);
#2129=ADVANCED_FACE('',(#281),#157,.T.);
#2130=ADVANCED_FACE('',(#282),#2009,.F.);
#2131=ADVANCED_FACE('',(#283),#158,.T.);
#2132=ADVANCED_FACE('',(#284),#21,.T.);
#2133=ADVANCED_FACE('',(#285,#80,#81,#82,#83,#84,#85,#86,#87,#88,#89),#159,
 .T.);
#2134=ADVANCED_FACE('',(#286),#2010,.T.);
#2135=ADVANCED_FACE('',(#287,#90,#91,#92,#93,#94,#95,#96,#97,#98,#99,#100,
#101,#102),#160,.T.);
#2136=ADVANCED_FACE('',(#288),#161,.T.);
#2137=ADVANCED_FACE('',(#289,#103),#162,.T.);
#2138=CLOSED_SHELL('',(#2011,#2012,#2013,#2014,#2015,#2016,#2017,#2018,
#2019,#2020,#2021,#2022,#2023,#2024,#2025,#2026,#2027));
#2139=CLOSED_SHELL('',(#2028,#2029,#2030,#2031,#2032,#2033,#2034,#2035,
#2036,#2037,#2038,#2039,#2040,#2041,#2042,#2043,#2044,#2045,#2046,#2047,
#2048,#2049,#2050,#2051,#2052,#2053,#2054,#2055,#2056,#2057,#2058,#2059,
#2060,#2061,#2062,#2063,#2064,#2065,#2066,#2067,#2068,#2069,#2070,#2071,
#2072,#2073,#2074,#2075,#2076,#2077,#2078,#2079,#2080,#2081,#2082,#2083,
#2084,#2085,#2086,#2087,#2088,#2089,#2090,#2091,#2092,#2093,#2094,#2095,
#2096,#2097,#2098,#2099,#2100,#2101,#2102,#2103,#2104,#2105,#2106,#2107,
#2108,#2109,#2110,#2111,#2112,#2113,#2114,#2115,#2116,#2117,#2118,#2119,
#2120,#2121,#2122,#2123,#2124,#2125,#2126,#2127,#2128,#2129,#2130,#2131,
#2132,#2133,#2134,#2135,#2136,#2137));
#2140=DERIVED_UNIT_ELEMENT(#2142,1.);
#2141=DERIVED_UNIT_ELEMENT(#3825,-3.);
#2142=(
MASS_UNIT()
NAMED_UNIT(*)
SI_UNIT(.KILO.,.GRAM.)
);
#2143=DERIVED_UNIT((#2140,#2141));
#2144=MEASURE_REPRESENTATION_ITEM('density measure',
POSITIVE_RATIO_MEASURE(7850.),#2143);
#2145=PROPERTY_DEFINITION_REPRESENTATION(#2150,#2147);
#2146=PROPERTY_DEFINITION_REPRESENTATION(#2151,#2148);
#2147=REPRESENTATION('material name',(#2149),#3822);
#2148=REPRESENTATION('density',(#2144),#3822);
#2149=DESCRIPTIVE_REPRESENTATION_ITEM('Steel','Steel');
#2150=PROPERTY_DEFINITION('material property','material name',#3837);
#2151=PROPERTY_DEFINITION('material property','density of part',#3837);
#2152=AXIS2_PLACEMENT_3D('',#3127,#2434,#2435);
#2153=AXIS2_PLACEMENT_3D('',#3128,#2436,#2437);
#2154=AXIS2_PLACEMENT_3D('',#3129,#2438,#2439);
#2155=AXIS2_PLACEMENT_3D('',#3134,#2441,#2442);
#2156=AXIS2_PLACEMENT_3D('',#3137,#2444,#2445);
#2157=AXIS2_PLACEMENT_3D('',#3138,#2446,#2447);
#2158=AXIS2_PLACEMENT_3D('',#3143,#2449,#2450);
#2159=AXIS2_PLACEMENT_3D('',#3146,#2452,#2453);
#2160=AXIS2_PLACEMENT_3D('',#3147,#2454,#2455);
#2161=AXIS2_PLACEMENT_3D('',#3150,#2458,#2459);
#2162=AXIS2_PLACEMENT_3D('',#3152,#2461,#2462);
#2163=AXIS2_PLACEMENT_3D('',#3167,#2470,#2471);
#2164=AXIS2_PLACEMENT_3D('',#3169,#2472,#2473);
#2165=AXIS2_PLACEMENT_3D('',#3171,#2474,#2475);
#2166=AXIS2_PLACEMENT_3D('',#3173,#2476,#2477);
#2167=AXIS2_PLACEMENT_3D('',#3174,#2478,#2479);
#2168=AXIS2_PLACEMENT_3D('',#3189,#2487,#2488);
#2169=AXIS2_PLACEMENT_3D('',#3191,#2489,#2490);
#2170=AXIS2_PLACEMENT_3D('',#3193,#2491,#2492);
#2171=AXIS2_PLACEMENT_3D('',#3195,#2493,#2494);
#2172=AXIS2_PLACEMENT_3D('',#3196,#2495,#2496);
#2173=AXIS2_PLACEMENT_3D('',#3198,#2498,#2499);
#2174=AXIS2_PLACEMENT_3D('',#3200,#2501,#2502);
#2175=AXIS2_PLACEMENT_3D('',#3202,#2504,#2505);
#2176=AXIS2_PLACEMENT_3D('',#3204,#2507,#2508);
#2177=AXIS2_PLACEMENT_3D('',#3206,#2510,#2511);
#2178=AXIS2_PLACEMENT_3D('',#3209,#2514,#2515);
#2179=AXIS2_PLACEMENT_3D('',#3211,#2517,#2518);
#2180=AXIS2_PLACEMENT_3D('',#3213,#2520,#2521);
#2181=AXIS2_PLACEMENT_3D('',#3214,#2522,#2523);
#2182=AXIS2_PLACEMENT_3D('',#3216,#2525,#2526);
#2183=AXIS2_PLACEMENT_3D('',#3217,#2527,#2528);
#2184=AXIS2_PLACEMENT_3D('',#3222,#2530,#2531);
#2185=AXIS2_PLACEMENT_3D('',#3241,#2532,#2533);
#2186=AXIS2_PLACEMENT_3D('',#3245,#2535,#2536);
#2187=AXIS2_PLACEMENT_3D('',#3248,#2538,#2539);
#2188=AXIS2_PLACEMENT_3D('',#3249,#2540,#2541);
#2189=AXIS2_PLACEMENT_3D('',#3258,#2546,#2547);
#2190=AXIS2_PLACEMENT_3D('',#3266,#2551,#2552);
#2191=AXIS2_PLACEMENT_3D('',#3269,#2555,#2556);
#2192=AXIS2_PLACEMENT_3D('',#3272,#2557,#2558);
#2193=AXIS2_PLACEMENT_3D('',#3276,#2560,#2561);
#2194=AXIS2_PLACEMENT_3D('',#3278,#2563,#2564);
#2195=AXIS2_PLACEMENT_3D('',#3286,#2565,#2566);
#2196=AXIS2_PLACEMENT_3D('',#3288,#2567,#2568);
#2197=AXIS2_PLACEMENT_3D('',#3299,#2570,#2571);
#2198=AXIS2_PLACEMENT_3D('',#3302,#2573,#2574);
#2199=AXIS2_PLACEMENT_3D('',#3303,#2575,#2576);
#2200=AXIS2_PLACEMENT_3D('',#3307,#2578,#2579);
#2201=AXIS2_PLACEMENT_3D('',#3309,#2581,#2582);
#2202=AXIS2_PLACEMENT_3D('',#3311,#2583,#2584);
#2203=AXIS2_PLACEMENT_3D('',#3313,#2585,#2586);
#2204=AXIS2_PLACEMENT_3D('',#3315,#2588,#2589);
#2205=AXIS2_PLACEMENT_3D('',#3321,#2593,#2594);
#2206=AXIS2_PLACEMENT_3D('',#3324,#2596,#2597);
#2207=AXIS2_PLACEMENT_3D('',#3325,#2598,#2599);
#2208=AXIS2_PLACEMENT_3D('',#3327,#2600,#2601);
#2209=AXIS2_PLACEMENT_3D('',#3329,#2602,#2603);
#2210=AXIS2_PLACEMENT_3D('',#3331,#2605,#2606);
#2211=AXIS2_PLACEMENT_3D('',#3334,#2609,#2610);
#2212=AXIS2_PLACEMENT_3D('',#3336,#2611,#2612);
#2213=AXIS2_PLACEMENT_3D('',#3337,#2613,#2614);
#2214=AXIS2_PLACEMENT_3D('',#3338,#2615,#2616);
#2215=AXIS2_PLACEMENT_3D('',#3341,#2617,#2618);
#2216=AXIS2_PLACEMENT_3D('',#3344,#2621,#2622);
#2217=AXIS2_PLACEMENT_3D('',#3346,#2623,#2624);
#2218=AXIS2_PLACEMENT_3D('',#3347,#2625,#2626);
#2219=AXIS2_PLACEMENT_3D('',#3348,#2627,#2628);
#2220=AXIS2_PLACEMENT_3D('',#3351,#2629,#2630);
#2221=AXIS2_PLACEMENT_3D('',#3354,#2633,#2634);
#2222=AXIS2_PLACEMENT_3D('',#3356,#2635,#2636);
#2223=AXIS2_PLACEMENT_3D('',#3361,#2639,#2640);
#2224=AXIS2_PLACEMENT_3D('',#3363,#2642,#2643);
#2225=AXIS2_PLACEMENT_3D('',#3365,#2645,#2646);
#2226=AXIS2_PLACEMENT_3D('',#3367,#2648,#2649);
#2227=AXIS2_PLACEMENT_3D('',#3371,#2652,#2653);
#2228=AXIS2_PLACEMENT_3D('',#3373,#2655,#2656);
#2229=AXIS2_PLACEMENT_3D('',#3374,#2657,#2658);
#2230=AXIS2_PLACEMENT_3D('',#3375,#2659,#2660);
#2231=AXIS2_PLACEMENT_3D('',#3377,#2661,#2662);
#2232=AXIS2_PLACEMENT_3D('',#3378,#2663,#2664);
#2233=AXIS2_PLACEMENT_3D('',#3379,#2665,#2666);
#2234=AXIS2_PLACEMENT_3D('',#3380,#2667,#2668);
#2235=AXIS2_PLACEMENT_3D('',#3384,#2670,#2671);
#2236=AXIS2_PLACEMENT_3D('',#3401,#2672,#2673);
#2237=AXIS2_PLACEMENT_3D('',#3403,#2674,#2675);
#2238=AXIS2_PLACEMENT_3D('',#3404,#2676,#2677);
#2239=AXIS2_PLACEMENT_3D('',#3406,#2678,#2679);
#2240=AXIS2_PLACEMENT_3D('',#3408,#2680,#2681);
#2241=AXIS2_PLACEMENT_3D('',#3409,#2682,#2683);
#2242=AXIS2_PLACEMENT_3D('',#3410,#2684,#2685);
#2243=AXIS2_PLACEMENT_3D('',#3413,#2687,#2688);
#2244=AXIS2_PLACEMENT_3D('',#3414,#2689,#2690);
#2245=AXIS2_PLACEMENT_3D('',#3416,#2691,#2692);
#2246=AXIS2_PLACEMENT_3D('',#3418,#2693,#2694);
#2247=AXIS2_PLACEMENT_3D('',#3419,#2695,#2696);
#2248=AXIS2_PLACEMENT_3D('',#3420,#2697,#2698);
#2249=AXIS2_PLACEMENT_3D('',#3422,#2699,#2700);
#2250=AXIS2_PLACEMENT_3D('',#3423,#2701,#2702);
#2251=AXIS2_PLACEMENT_3D('',#3426,#2704,#2705);
#2252=AXIS2_PLACEMENT_3D('',#3427,#2706,#2707);
#2253=AXIS2_PLACEMENT_3D('',#3429,#2708,#2709);
#2254=AXIS2_PLACEMENT_3D('',#3431,#2710,#2711);
#2255=AXIS2_PLACEMENT_3D('',#3432,#2712,#2713);
#2256=AXIS2_PLACEMENT_3D('',#3433,#2714,#2715);
#2257=AXIS2_PLACEMENT_3D('',#3436,#2717,#2718);
#2258=AXIS2_PLACEMENT_3D('',#3437,#2719,#2720);
#2259=AXIS2_PLACEMENT_3D('',#3439,#2721,#2722);
#2260=AXIS2_PLACEMENT_3D('',#3441,#2723,#2724);
#2261=AXIS2_PLACEMENT_3D('',#3442,#2725,#2726);
#2262=AXIS2_PLACEMENT_3D('',#3443,#2727,#2728);
#2263=AXIS2_PLACEMENT_3D('',#3446,#2730,#2731);
#2264=AXIS2_PLACEMENT_3D('',#3447,#2732,#2733);
#2265=AXIS2_PLACEMENT_3D('',#3448,#2734,#2735);
#2266=AXIS2_PLACEMENT_3D('',#3449,#2736,#2737);
#2267=AXIS2_PLACEMENT_3D('',#3450,#2738,#2739);
#2268=AXIS2_PLACEMENT_3D('',#3458,#2744,#2745);
#2269=AXIS2_PLACEMENT_3D('',#3464,#2749,#2750);
#2270=AXIS2_PLACEMENT_3D('',#3468,#2753,#2754);
#2271=AXIS2_PLACEMENT_3D('',#3471,#2757,#2758);
#2272=AXIS2_PLACEMENT_3D('',#3472,#2759,#2760);
#2273=AXIS2_PLACEMENT_3D('',#3474,#2761,#2762);
#2274=AXIS2_PLACEMENT_3D('',#3476,#2763,#2764);
#2275=AXIS2_PLACEMENT_3D('',#3477,#2765,#2766);
#2276=AXIS2_PLACEMENT_3D('',#3478,#2767,#2768);
#2277=AXIS2_PLACEMENT_3D('',#3480,#2769,#2770);
#2278=AXIS2_PLACEMENT_3D('',#3482,#2771,#2772);
#2279=AXIS2_PLACEMENT_3D('',#3484,#2773,#2774);
#2280=AXIS2_PLACEMENT_3D('',#3504,#2775,#2776);
#2281=AXIS2_PLACEMENT_3D('',#3505,#2777,#2778);
#2282=AXIS2_PLACEMENT_3D('',#3514,#2779,#2780);
#2283=AXIS2_PLACEMENT_3D('',#3523,#2782,#2783);
#2284=AXIS2_PLACEMENT_3D('',#3530,#2784,#2785);
#2285=AXIS2_PLACEMENT_3D('',#3532,#2786,#2787);
#2286=AXIS2_PLACEMENT_3D('',#3533,#2788,#2789);
#2287=AXIS2_PLACEMENT_3D('',#3535,#2790,#2791);
#2288=AXIS2_PLACEMENT_3D('',#3538,#2793,#2794);
#2289=AXIS2_PLACEMENT_3D('',#3539,#2795,#2796);
#2290=AXIS2_PLACEMENT_3D('',#3541,#2797,#2798);
#2291=AXIS2_PLACEMENT_3D('',#3544,#2800,#2801);
#2292=AXIS2_PLACEMENT_3D('',#3545,#2802,#2803);
#2293=AXIS2_PLACEMENT_3D('',#3547,#2804,#2805);
#2294=AXIS2_PLACEMENT_3D('',#3550,#2807,#2808);
#2295=AXIS2_PLACEMENT_3D('',#3551,#2809,#2810);
#2296=AXIS2_PLACEMENT_3D('',#3553,#2811,#2812);
#2297=AXIS2_PLACEMENT_3D('',#3556,#2814,#2815);
#2298=AXIS2_PLACEMENT_3D('',#3557,#2816,#2817);
#2299=AXIS2_PLACEMENT_3D('',#3559,#2818,#2819);
#2300=AXIS2_PLACEMENT_3D('',#3562,#2821,#2822);
#2301=AXIS2_PLACEMENT_3D('',#3563,#2823,#2824);
#2302=AXIS2_PLACEMENT_3D('',#3565,#2825,#2826);
#2303=AXIS2_PLACEMENT_3D('',#3568,#2828,#2829);
#2304=AXIS2_PLACEMENT_3D('',#3569,#2830,#2831);
#2305=AXIS2_PLACEMENT_3D('',#3571,#2832,#2833);
#2306=AXIS2_PLACEMENT_3D('',#3574,#2835,#2836);
#2307=AXIS2_PLACEMENT_3D('',#3575,#2837,#2838);
#2308=AXIS2_PLACEMENT_3D('',#3577,#2839,#2840);
#2309=AXIS2_PLACEMENT_3D('',#3580,#2842,#2843);
#2310=AXIS2_PLACEMENT_3D('',#3581,#2844,#2845);
#2311=AXIS2_PLACEMENT_3D('',#3583,#2846,#2847);
#2312=AXIS2_PLACEMENT_3D('',#3586,#2849,#2850);
#2313=AXIS2_PLACEMENT_3D('',#3587,#2851,#2852);
#2314=AXIS2_PLACEMENT_3D('',#3589,#2853,#2854);
#2315=AXIS2_PLACEMENT_3D('',#3592,#2856,#2857);
#2316=AXIS2_PLACEMENT_3D('',#3593,#2858,#2859);
#2317=AXIS2_PLACEMENT_3D('',#3595,#2860,#2861);
#2318=AXIS2_PLACEMENT_3D('',#3598,#2863,#2864);
#2319=AXIS2_PLACEMENT_3D('',#3599,#2865,#2866);
#2320=AXIS2_PLACEMENT_3D('',#3601,#2867,#2868);
#2321=AXIS2_PLACEMENT_3D('',#3604,#2870,#2871);
#2322=AXIS2_PLACEMENT_3D('',#3605,#2872,#2873);
#2323=AXIS2_PLACEMENT_3D('',#3607,#2874,#2875);
#2324=AXIS2_PLACEMENT_3D('',#3610,#2877,#2878);
#2325=AXIS2_PLACEMENT_3D('',#3611,#2879,#2880);
#2326=AXIS2_PLACEMENT_3D('',#3613,#2881,#2882);
#2327=AXIS2_PLACEMENT_3D('',#3616,#2884,#2885);
#2328=AXIS2_PLACEMENT_3D('',#3617,#2886,#2887);
#2329=AXIS2_PLACEMENT_3D('',#3618,#2888,#2889);
#2330=AXIS2_PLACEMENT_3D('',#3620,#2890,#2891);
#2331=AXIS2_PLACEMENT_3D('',#3623,#2893,#2894);
#2332=AXIS2_PLACEMENT_3D('',#3624,#2895,#2896);
#2333=AXIS2_PLACEMENT_3D('',#3625,#2897,#2898);
#2334=AXIS2_PLACEMENT_3D('',#3627,#2899,#2900);
#2335=AXIS2_PLACEMENT_3D('',#3630,#2902,#2903);
#2336=AXIS2_PLACEMENT_3D('',#3631,#2904,#2905);
#2337=AXIS2_PLACEMENT_3D('',#3632,#2906,#2907);
#2338=AXIS2_PLACEMENT_3D('',#3634,#2908,#2909);
#2339=AXIS2_PLACEMENT_3D('',#3637,#2911,#2912);
#2340=AXIS2_PLACEMENT_3D('',#3638,#2913,#2914);
#2341=AXIS2_PLACEMENT_3D('',#3639,#2915,#2916);
#2342=AXIS2_PLACEMENT_3D('',#3641,#2917,#2918);
#2343=AXIS2_PLACEMENT_3D('',#3644,#2920,#2921);
#2344=AXIS2_PLACEMENT_3D('',#3645,#2922,#2923);
#2345=AXIS2_PLACEMENT_3D('',#3646,#2924,#2925);
#2346=AXIS2_PLACEMENT_3D('',#3648,#2926,#2927);
#2347=AXIS2_PLACEMENT_3D('',#3651,#2929,#2930);
#2348=AXIS2_PLACEMENT_3D('',#3652,#2931,#2932);
#2349=AXIS2_PLACEMENT_3D('',#3653,#2933,#2934);
#2350=AXIS2_PLACEMENT_3D('',#3655,#2935,#2936);
#2351=AXIS2_PLACEMENT_3D('',#3658,#2938,#2939);
#2352=AXIS2_PLACEMENT_3D('',#3659,#2940,#2941);
#2353=AXIS2_PLACEMENT_3D('',#3660,#2942,#2943);
#2354=AXIS2_PLACEMENT_3D('',#3662,#2944,#2945);
#2355=AXIS2_PLACEMENT_3D('',#3665,#2947,#2948);
#2356=AXIS2_PLACEMENT_3D('',#3666,#2949,#2950);
#2357=AXIS2_PLACEMENT_3D('',#3667,#2951,#2952);
#2358=AXIS2_PLACEMENT_3D('',#3669,#2953,#2954);
#2359=AXIS2_PLACEMENT_3D('',#3672,#2956,#2957);
#2360=AXIS2_PLACEMENT_3D('',#3673,#2958,#2959);
#2361=AXIS2_PLACEMENT_3D('',#3674,#2960,#2961);
#2362=AXIS2_PLACEMENT_3D('',#3676,#2962,#2963);
#2363=AXIS2_PLACEMENT_3D('',#3679,#2965,#2966);
#2364=AXIS2_PLACEMENT_3D('',#3680,#2967,#2968);
#2365=AXIS2_PLACEMENT_3D('',#3681,#2969,#2970);
#2366=AXIS2_PLACEMENT_3D('',#3683,#2971,#2972);
#2367=AXIS2_PLACEMENT_3D('',#3686,#2974,#2975);
#2368=AXIS2_PLACEMENT_3D('',#3687,#2976,#2977);
#2369=AXIS2_PLACEMENT_3D('',#3688,#2978,#2979);
#2370=AXIS2_PLACEMENT_3D('',#3690,#2980,#2981);
#2371=AXIS2_PLACEMENT_3D('',#3693,#2983,#2984);
#2372=AXIS2_PLACEMENT_3D('',#3694,#2985,#2986);
#2373=AXIS2_PLACEMENT_3D('',#3695,#2987,#2988);
#2374=AXIS2_PLACEMENT_3D('',#3697,#2989,#2990);
#2375=AXIS2_PLACEMENT_3D('',#3700,#2992,#2993);
#2376=AXIS2_PLACEMENT_3D('',#3701,#2994,#2995);
#2377=AXIS2_PLACEMENT_3D('',#3702,#2996,#2997);
#2378=AXIS2_PLACEMENT_3D('',#3704,#2998,#2999);
#2379=AXIS2_PLACEMENT_3D('',#3707,#3001,#3002);
#2380=AXIS2_PLACEMENT_3D('',#3708,#3003,#3004);
#2381=AXIS2_PLACEMENT_3D('',#3709,#3005,#3006);
#2382=AXIS2_PLACEMENT_3D('',#3711,#3007,#3008);
#2383=AXIS2_PLACEMENT_3D('',#3714,#3010,#3011);
#2384=AXIS2_PLACEMENT_3D('',#3715,#3012,#3013);
#2385=AXIS2_PLACEMENT_3D('',#3716,#3014,#3015);
#2386=AXIS2_PLACEMENT_3D('',#3718,#3016,#3017);
#2387=AXIS2_PLACEMENT_3D('',#3721,#3019,#3020);
#2388=AXIS2_PLACEMENT_3D('',#3722,#3021,#3022);
#2389=AXIS2_PLACEMENT_3D('',#3723,#3023,#3024);
#2390=AXIS2_PLACEMENT_3D('',#3725,#3025,#3026);
#2391=AXIS2_PLACEMENT_3D('',#3728,#3028,#3029);
#2392=AXIS2_PLACEMENT_3D('',#3729,#3030,#3031);
#2393=AXIS2_PLACEMENT_3D('',#3730,#3032,#3033);
#2394=AXIS2_PLACEMENT_3D('',#3732,#3034,#3035);
#2395=AXIS2_PLACEMENT_3D('',#3735,#3037,#3038);
#2396=AXIS2_PLACEMENT_3D('',#3736,#3039,#3040);
#2397=AXIS2_PLACEMENT_3D('',#3737,#3041,#3042);
#2398=AXIS2_PLACEMENT_3D('',#3739,#3043,#3044);
#2399=AXIS2_PLACEMENT_3D('',#3742,#3046,#3047);
#2400=AXIS2_PLACEMENT_3D('',#3743,#3048,#3049);
#2401=AXIS2_PLACEMENT_3D('',#3744,#3050,#3051);
#2402=AXIS2_PLACEMENT_3D('',#3746,#3052,#3053);
#2403=AXIS2_PLACEMENT_3D('',#3749,#3055,#3056);
#2404=AXIS2_PLACEMENT_3D('',#3750,#3057,#3058);
#2405=AXIS2_PLACEMENT_3D('',#3751,#3059,#3060);
#2406=AXIS2_PLACEMENT_3D('',#3753,#3061,#3062);
#2407=AXIS2_PLACEMENT_3D('',#3756,#3064,#3065);
#2408=AXIS2_PLACEMENT_3D('',#3757,#3066,#3067);
#2409=AXIS2_PLACEMENT_3D('',#3758,#3068,#3069);
#2410=AXIS2_PLACEMENT_3D('',#3759,#3070,#3071);
#2411=AXIS2_PLACEMENT_3D('',#3760,#3072,#3073);
#2412=AXIS2_PLACEMENT_3D('',#3764,#3075,#3076);
#2413=AXIS2_PLACEMENT_3D('',#3768,#3078,#3079);
#2414=AXIS2_PLACEMENT_3D('',#3769,#3080,#3081);
#2415=AXIS2_PLACEMENT_3D('',#3770,#3082,#3083);
#2416=AXIS2_PLACEMENT_3D('',#3775,#3086,#3087);
#2417=AXIS2_PLACEMENT_3D('',#3778,#3089,#3090);
#2418=AXIS2_PLACEMENT_3D('',#3780,#3091,#3092);
#2419=AXIS2_PLACEMENT_3D('',#3782,#3094,#3095);
#2420=AXIS2_PLACEMENT_3D('',#3784,#3096,#3097);
#2421=AXIS2_PLACEMENT_3D('',#3786,#3099,#3100);
#2422=AXIS2_PLACEMENT_3D('',#3794,#3101,#3102);
#2423=AXIS2_PLACEMENT_3D('',#3796,#3103,#3104);
#2424=AXIS2_PLACEMENT_3D('',#3798,#3105,#3106);
#2425=AXIS2_PLACEMENT_3D('',#3805,#3107,#3108);
#2426=AXIS2_PLACEMENT_3D('',#3807,#3109,#3110);
#2427=AXIS2_PLACEMENT_3D('',#3808,#3111,#3112);
#2428=AXIS2_PLACEMENT_3D('',#3810,#3114,#3115);
#2429=AXIS2_PLACEMENT_3D('',#3812,#3116,#3117);
#2430=AXIS2_PLACEMENT_3D('',#3814,#3119,#3120);
#2431=AXIS2_PLACEMENT_3D('',#3815,#3121,#3122);
#2432=AXIS2_PLACEMENT_3D('',#3816,#3123,#3124);
#2433=AXIS2_PLACEMENT_3D('',#3817,#3125,#3126);
#2434=DIRECTION('axis',(0.,0.,1.));
#2435=DIRECTION('refdir',(1.,0.,0.));
#2436=DIRECTION('axis',(0.,0.,1.));
#2437=DIRECTION('refdir',(1.,0.,0.));
#2438=DIRECTION('center_axis',(-1.,0.,0.));
#2439=DIRECTION('ref_axis',(0.,-0.798635510047292,-0.601815023152049));
#2440=DIRECTION('',(-1.,0.,0.));
#2441=DIRECTION('center_axis',(1.,0.,0.));
#2442=DIRECTION('ref_axis',(0.,-0.798635510047292,-0.601815023152049));
#2443=DIRECTION('',(1.,0.,0.));
#2444=DIRECTION('center_axis',(-0.707106781186547,-0.0984102434476219,-0.700225266599671));
#2445=DIRECTION('ref_axis',(0.707106781186548,-0.0984102434476218,-0.70022526659967));
#2446=DIRECTION('center_axis',(1.,0.,0.));
#2447=DIRECTION('ref_axis',(0.,-0.60181502315205,0.798635510047292));
#2448=DIRECTION('',(-1.,0.,0.));
#2449=DIRECTION('center_axis',(1.,0.,0.));
#2450=DIRECTION('ref_axis',(0.,-0.60181502315205,0.798635510047292));
#2451=DIRECTION('',(1.,0.,0.));
#2452=DIRECTION('center_axis',(-0.707106781186548,0.0984102434476221,0.70022526659967));
#2453=DIRECTION('ref_axis',(-0.707106781186547,-0.0984102434476222,-0.700225266599671));
#2454=DIRECTION('center_axis',(0.,-0.139173100960065,-0.99026806874157));
#2455=DIRECTION('ref_axis',(0.707106781186547,-0.700225266599671,0.0984102434476224));
#2456=DIRECTION('',(0.,0.139173100960065,0.99026806874157));
#2457=DIRECTION('',(0.,-0.139173100960065,-0.99026806874157));
#2458=DIRECTION('center_axis',(0.,0.99026806874157,-0.139173100960065));
#2459=DIRECTION('ref_axis',(0.,0.139173100960065,0.99026806874157));
#2460=DIRECTION('',(0.,0.139173100960065,0.99026806874157));
#2461=DIRECTION('center_axis',(1.,0.,0.));
#2462=DIRECTION('ref_axis',(0.,-0.99026806874157,0.139173100960065));
#2463=DIRECTION('',(0.,0.99026806874157,-0.139173100960065));
#2464=DIRECTION('',(0.,-0.139173100960065,-0.99026806874157));
#2465=DIRECTION('',(0.,-0.99026806874157,0.139173100960065));
#2466=DIRECTION('',(0.,-0.139173100960065,-0.99026806874157));
#2467=DIRECTION('',(0.,0.99026806874157,-0.139173100960065));
#2468=DIRECTION('',(0.,0.139173100960065,0.99026806874157));
#2469=DIRECTION('',(0.,-0.99026806874157,0.139173100960065));
#2470=DIRECTION('center_axis',(-1.,0.,0.));
#2471=DIRECTION('ref_axis',(-3.88578058618802E-16,-0.139173100960065,-0.99026806874157));
#2472=DIRECTION('center_axis',(-1.,0.,0.));
#2473=DIRECTION('ref_axis',(-3.88578058618802E-16,-0.139173100960065,-0.99026806874157));
#2474=DIRECTION('center_axis',(-1.,0.,0.));
#2475=DIRECTION('ref_axis',(-3.88578058618802E-16,-0.139173100960065,-0.99026806874157));
#2476=DIRECTION('center_axis',(-1.,0.,0.));
#2477=DIRECTION('ref_axis',(-3.88578058618802E-16,-0.139173100960065,-0.99026806874157));
#2478=DIRECTION('center_axis',(1.,0.,0.));
#2479=DIRECTION('ref_axis',(0.,-0.99026806874157,0.139173100960065));
#2480=DIRECTION('',(0.,0.99026806874157,-0.139173100960065));
#2481=DIRECTION('',(0.,0.139173100960065,0.99026806874157));
#2482=DIRECTION('',(0.,-0.99026806874157,0.139173100960065));
#2483=DIRECTION('',(0.,0.139173100960065,0.99026806874157));
#2484=DIRECTION('',(0.,0.99026806874157,-0.139173100960065));
#2485=DIRECTION('',(0.,-0.139173100960065,-0.99026806874157));
#2486=DIRECTION('',(0.,-0.99026806874157,0.139173100960065));
#2487=DIRECTION('center_axis',(-1.,0.,0.));
#2488=DIRECTION('ref_axis',(-3.88578058618802E-16,-0.139173100960065,-0.99026806874157));
#2489=DIRECTION('center_axis',(-1.,0.,0.));
#2490=DIRECTION('ref_axis',(-3.88578058618802E-16,-0.139173100960065,-0.99026806874157));
#2491=DIRECTION('center_axis',(-1.,0.,0.));
#2492=DIRECTION('ref_axis',(-3.88578058618802E-16,-0.139173100960065,-0.99026806874157));
#2493=DIRECTION('center_axis',(-1.,0.,0.));
#2494=DIRECTION('ref_axis',(-3.88578058618802E-16,-0.139173100960065,-0.99026806874157));
#2495=DIRECTION('center_axis',(0.,0.139173100960065,0.99026806874157));
#2496=DIRECTION('ref_axis',(-1.,0.,0.));
#2497=DIRECTION('',(1.,0.,0.));
#2498=DIRECTION('center_axis',(-1.,-7.86173294198643E-15,1.49729134754308E-15));
#2499=DIRECTION('ref_axis',(-3.88578058618802E-16,-0.139173100960065,-0.99026806874157));
#2500=DIRECTION('',(-1.,-7.86173294198642E-15,1.49729134754308E-15));
#2501=DIRECTION('center_axis',(-1.,-7.86173294198643E-15,1.49729134754308E-15));
#2502=DIRECTION('ref_axis',(-3.88578058618802E-16,-0.139173100960065,-0.99026806874157));
#2503=DIRECTION('',(-1.,-7.86173294198642E-15,1.49729134754308E-15));
#2504=DIRECTION('center_axis',(-1.,-7.86173294198643E-15,1.49729134754308E-15));
#2505=DIRECTION('ref_axis',(-3.88578058618802E-16,-0.139173100960065,-0.99026806874157));
#2506=DIRECTION('',(-1.,-7.86173294198642E-15,1.49729134754308E-15));
#2507=DIRECTION('center_axis',(-1.,-7.86173294198643E-15,1.49729134754308E-15));
#2508=DIRECTION('ref_axis',(-3.88578058618802E-16,-0.139173100960065,-0.99026806874157));
#2509=DIRECTION('',(-1.,-7.86173294198642E-15,1.49729134754308E-15));
#2510=DIRECTION('center_axis',(0.,-0.99026806874157,0.139173100960065));
#2511=DIRECTION('ref_axis',(-1.,0.,0.));
#2512=DIRECTION('',(1.,0.,0.));
#2513=DIRECTION('',(-1.,0.,0.));
#2514=DIRECTION('center_axis',(0.,-0.139173100960065,-0.99026806874157));
#2515=DIRECTION('ref_axis',(-1.,0.,0.));
#2516=DIRECTION('',(1.,0.,0.));
#2517=DIRECTION('center_axis',(0.,0.99026806874157,-0.139173100960065));
#2518=DIRECTION('ref_axis',(1.,0.,0.));
#2519=DIRECTION('',(1.,0.,0.));
#2520=DIRECTION('center_axis',(0.,-0.139173100960065,-0.99026806874157));
#2521=DIRECTION('ref_axis',(0.,-0.99026806874157,0.139173100960065));
#2522=DIRECTION('center_axis',(0.,-0.139173100960065,-0.99026806874157));
#2523=DIRECTION('ref_axis',(1.,0.,0.));
#2524=DIRECTION('',(1.,0.,0.));
#2525=DIRECTION('center_axis',(0.,-0.99026806874157,0.139173100960065));
#2526=DIRECTION('ref_axis',(-1.,0.,0.));
#2527=DIRECTION('center_axis',(1.,0.,-2.22044604925031E-16));
#2528=DIRECTION('ref_axis',(-2.22044604925031E-16,0.,-1.));
#2529=DIRECTION('',(-1.,0.,2.22044604925031E-16));
#2530=DIRECTION('center_axis',(1.,0.,-2.22044604925031E-16));
#2531=DIRECTION('ref_axis',(2.24179649203157E-16,0.,1.));
#2532=DIRECTION('center_axis',(1.,0.,0.));
#2533=DIRECTION('ref_axis',(-2.22044604925031E-16,0.,-1.));
#2534=DIRECTION('',(-1.,0.,2.22044604925031E-16));
#2535=DIRECTION('center_axis',(1.,0.,0.));
#2536=DIRECTION('ref_axis',(-2.22044604925031E-16,0.,-1.));
#2537=DIRECTION('',(-1.,0.,2.22044604925031E-16));
#2538=DIRECTION('center_axis',(-1.,0.,2.22044604925031E-16));
#2539=DIRECTION('ref_axis',(-2.22044604925031E-16,0.,-1.));
#2540=DIRECTION('center_axis',(0.,-0.99026806874157,0.139173100960065));
#2541=DIRECTION('ref_axis',(0.,-0.139173100960065,-0.99026806874157));
#2542=DIRECTION('',(0.,-0.139173100960065,-0.99026806874157));
#2543=DIRECTION('',(1.,0.,0.));
#2544=DIRECTION('',(0.,-0.139173100960065,-0.99026806874157));
#2545=DIRECTION('',(1.,0.,0.));
#2546=DIRECTION('center_axis',(-1.,0.,0.));
#2547=DIRECTION('ref_axis',(0.,-0.139173100960065,-0.99026806874157));
#2548=DIRECTION('',(0.,-0.99026806874157,0.139173100960065));
#2549=DIRECTION('',(0.,0.139173100960065,0.99026806874157));
#2550=DIRECTION('',(0.,0.99026806874157,-0.139173100960065));
#2551=DIRECTION('center_axis',(1.,0.,0.));
#2552=DIRECTION('ref_axis',(-2.22044604925031E-16,0.,-1.));
#2553=DIRECTION('',(0.,-0.99026806874157,0.139173100960065));
#2554=DIRECTION('',(0.,0.99026806874157,-0.139173100960065));
#2555=DIRECTION('center_axis',(0.,0.139173100960066,0.99026806874157));
#2556=DIRECTION('ref_axis',(1.,0.,0.));
#2557=DIRECTION('center_axis',(0.,-0.601815023152048,0.798635510047293));
#2558=DIRECTION('ref_axis',(0.,0.798635510047293,0.601815023152048));
#2559=DIRECTION('',(0.,0.139173100960066,0.99026806874157));
#2560=DIRECTION('center_axis',(2.2818117953109E-16,-0.139173100960065,-0.99026806874157));
#2561=DIRECTION('ref_axis',(1.,0.,0.));
#2562=DIRECTION('',(0.,-0.139173100960066,-0.99026806874157));
#2563=DIRECTION('center_axis',(0.,-0.139173100960065,-0.99026806874157));
#2564=DIRECTION('ref_axis',(1.,-3.19512178343255E-17,0.));
#2565=DIRECTION('center_axis',(0.,0.139173100960065,0.99026806874157));
#2566=DIRECTION('ref_axis',(1.,-3.19512178343255E-17,0.));
#2567=DIRECTION('center_axis',(0.,-0.139173100960065,-0.99026806874157));
#2568=DIRECTION('ref_axis',(1.,-3.19512178343255E-17,0.));
#2569=DIRECTION('',(0.,0.139173100960066,0.99026806874157));
#2570=DIRECTION('center_axis',(-2.2818117953109E-16,0.139173100960065,0.99026806874157));
#2571=DIRECTION('ref_axis',(1.,-3.19512178343255E-17,0.));
#2572=DIRECTION('',(3.32213863267335E-16,0.139173100960065,0.99026806874157));
#2573=DIRECTION('center_axis',(2.2818117953109E-16,-0.139173100960065,-0.99026806874157));
#2574=DIRECTION('ref_axis',(1.,-3.19512178343255E-17,0.));
#2575=DIRECTION('center_axis',(0.,0.99026806874157,-0.139173100960065));
#2576=DIRECTION('ref_axis',(-0.707106781186548,-0.0984102434476225,-0.70022526659967));
#2577=DIRECTION('',(0.,0.99026806874157,-0.139173100960065));
#2578=DIRECTION('center_axis',(0.,0.99026806874157,-0.139173100960066));
#2579=DIRECTION('ref_axis',(-1.,0.,0.));
#2580=DIRECTION('',(0.,-0.99026806874157,0.139173100960065));
#2581=DIRECTION('center_axis',(0.,0.139173100960066,0.99026806874157));
#2582=DIRECTION('ref_axis',(1.,0.,0.));
#2583=DIRECTION('center_axis',(-2.2818117953109E-16,0.139173100960065,0.99026806874157));
#2584=DIRECTION('ref_axis',(1.,0.,0.));
#2585=DIRECTION('center_axis',(0.,-0.798635510047293,-0.601815023152048));
#2586=DIRECTION('ref_axis',(0.,0.601815023152047,-0.798635510047293));
#2587=DIRECTION('',(0.,-0.139173100960066,-0.99026806874157));
#2588=DIRECTION('center_axis',(1.,0.,0.));
#2589=DIRECTION('ref_axis',(0.,0.,-1.));
#2590=DIRECTION('',(0.,-0.99026806874157,0.139173100960065));
#2591=DIRECTION('',(0.,0.139173100960065,0.99026806874157));
#2592=DIRECTION('',(0.,0.99026806874157,-0.139173100960065));
#2593=DIRECTION('center_axis',(0.,-0.99026806874157,0.139173100960065));
#2594=DIRECTION('ref_axis',(-0.707106781186547,0.0984102434476225,0.700225266599671));
#2595=DIRECTION('',(0.,0.99026806874157,-0.139173100960065));
#2596=DIRECTION('center_axis',(0.,0.99026806874157,-0.139173100960066));
#2597=DIRECTION('ref_axis',(0.,0.139173100960066,0.99026806874157));
#2598=DIRECTION('center_axis',(3.32213863267335E-16,0.139173100960065,0.99026806874157));
#2599=DIRECTION('ref_axis',(0.,-0.99026806874157,0.139173100960065));
#2600=DIRECTION('center_axis',(2.2818117953109E-16,-0.139173100960065,-0.99026806874157));
#2601=DIRECTION('ref_axis',(0.,-0.99026806874157,0.139173100960065));
#2602=DIRECTION('center_axis',(-2.2818117953109E-16,0.139173100960065,0.99026806874157));
#2603=DIRECTION('ref_axis',(0.,-0.99026806874157,0.139173100960065));
#2604=DIRECTION('',(-3.32213863267335E-16,-0.139173100960065,-0.99026806874157));
#2605=DIRECTION('center_axis',(-3.20687734346756E-17,-0.99026806874157,
0.139173100960065));
#2606=DIRECTION('ref_axis',(2.19883682093596E-16,-0.139173100960065,-0.99026806874157));
#2607=DIRECTION('',(1.,0.,2.30423646620315E-16));
#2608=DIRECTION('',(1.,0.,0.));
#2609=DIRECTION('center_axis',(-0.325736081891168,-0.870945340002651,-0.367899741345189));
#2610=DIRECTION('ref_axis',(-0.577350269189626,0.491379908754587,-0.652083163361086));
#2611=DIRECTION('center_axis',(0.,-0.139173100960066,-0.99026806874157));
#2612=DIRECTION('ref_axis',(0.,0.99026806874157,-0.139173100960066));
#2613=DIRECTION('center_axis',(-1.,0.,0.));
#2614=DIRECTION('ref_axis',(0.,-0.139173100960066,-0.99026806874157));
#2615=DIRECTION('center_axis',(1.,0.,0.));
#2616=DIRECTION('ref_axis',(0.,0.601815023152046,-0.798635510047294));
#2617=DIRECTION('center_axis',(1.,0.,-2.22044604925031E-16));
#2618=DIRECTION('ref_axis',(0.,0.601815023152046,-0.798635510047294));
#2619=DIRECTION('',(-1.,0.,0.));
#2620=DIRECTION('',(1.,0.,0.));
#2621=DIRECTION('center_axis',(0.,0.,1.));
#2622=DIRECTION('ref_axis',(-0.707106781186547,0.707106781186548,0.));
#2623=DIRECTION('center_axis',(-1.,0.,0.));
#2624=DIRECTION('ref_axis',(0.,0.99026806874157,-0.139173100960065));
#2625=DIRECTION('center_axis',(0.,0.139173100960065,0.99026806874157));
#2626=DIRECTION('ref_axis',(-1.,0.,0.));
#2627=DIRECTION('center_axis',(1.,0.,0.));
#2628=DIRECTION('ref_axis',(0.,0.798635510047294,0.601815023152046));
#2629=DIRECTION('center_axis',(1.,0.,-2.22044604925031E-16));
#2630=DIRECTION('ref_axis',(0.,0.798635510047294,0.601815023152046));
#2631=DIRECTION('',(-1.,0.,0.));
#2632=DIRECTION('',(1.,0.,0.));
#2633=DIRECTION('center_axis',(0.,0.139173100960065,0.99026806874157));
#2634=DIRECTION('ref_axis',(-0.707106781186547,0.700225266599671,-0.0984102434476223));
#2635=DIRECTION('center_axis',(-2.2818117953109E-16,0.139173100960065,0.99026806874157));
#2636=DIRECTION('ref_axis',(-0.707106781186547,0.700225266599671,-0.0984102434476223));
#2637=DIRECTION('',(0.,-0.139173100960065,-0.99026806874157));
#2638=DIRECTION('',(0.,0.139173100960065,0.99026806874157));
#2639=DIRECTION('center_axis',(2.2818117953109E-16,-0.139173100960065,-0.99026806874157));
#2640=DIRECTION('ref_axis',(-0.707106781186547,0.700225266599671,-0.0984102434476223));
#2641=DIRECTION('',(0.,0.139173100960065,0.99026806874157));
#2642=DIRECTION('center_axis',(0.,0.139173100960065,0.99026806874157));
#2643=DIRECTION('ref_axis',(-1.,0.,0.));
#2644=DIRECTION('',(-3.09026362188692E-17,0.99026806874157,-0.139173100960065));
#2645=DIRECTION('center_axis',(0.,-0.99026806874157,0.139173100960065));
#2646=DIRECTION('ref_axis',(-1.,0.,0.));
#2647=DIRECTION('',(2.19883682093596E-16,0.139173100960065,0.99026806874157));
#2648=DIRECTION('center_axis',(0.,-0.139173100960065,-0.99026806874157));
#2649=DIRECTION('ref_axis',(1.,0.,0.));
#2650=DIRECTION('',(1.,0.,-2.22044604925031E-16));
#2651=DIRECTION('',(3.09026362188692E-17,-0.99026806874157,0.139173100960065));
#2652=DIRECTION('center_axis',(1.,0.,0.));
#2653=DIRECTION('ref_axis',(0.,0.,-1.));
#2654=DIRECTION('',(0.,-0.99026806874157,0.139173100960065));
#2655=DIRECTION('center_axis',(-1.,0.,2.22044604925031E-16));
#2656=DIRECTION('ref_axis',(2.22044604925031E-16,0.,1.));
#2657=DIRECTION('center_axis',(-1.,0.,2.22044604925031E-16));
#2658=DIRECTION('ref_axis',(-2.22044604925031E-16,0.,-1.));
#2659=DIRECTION('center_axis',(1.,0.,-2.22044604925031E-16));
#2660=DIRECTION('ref_axis',(-2.73285667600039E-16,0.,-1.));
#2661=DIRECTION('center_axis',(-1.,0.,2.22044604925031E-16));
#2662=DIRECTION('ref_axis',(2.22044604925031E-16,0.,1.));
#2663=DIRECTION('center_axis',(0.,-1.,0.));
#2664=DIRECTION('ref_axis',(1.70803542250024E-16,0.,1.));
#2665=DIRECTION('center_axis',(1.,0.,-2.22044604925031E-16));
#2666=DIRECTION('ref_axis',(2.24179649203157E-16,0.,1.));
#2667=DIRECTION('center_axis',(1.,0.,-2.22044604925031E-16));
#2668=DIRECTION('ref_axis',(-2.22044604925031E-16,0.,-1.));
#2669=DIRECTION('',(1.,0.,-2.22044604925031E-16));
#2670=DIRECTION('center_axis',(1.,0.,0.));
#2671=DIRECTION('ref_axis',(-2.22044604925031E-16,0.,-1.));
#2672=DIRECTION('center_axis',(1.,0.,-2.22044604925031E-16));
#2673=DIRECTION('ref_axis',(-2.22044604925031E-16,0.,-1.));
#2674=DIRECTION('center_axis',(1.,0.,-2.22044604925031E-16));
#2675=DIRECTION('ref_axis',(-2.75793168036252E-32,-1.,-1.24206200879939E-16));
#2676=DIRECTION('center_axis',(-1.,0.,2.22044604925031E-16));
#2677=DIRECTION('ref_axis',(1.61486985400023E-16,0.,1.));
#2678=DIRECTION('center_axis',(0.,-1.,0.));
#2679=DIRECTION('ref_axis',(-2.01858731750028E-16,0.,-1.));
#2680=DIRECTION('center_axis',(-1.,0.,2.22044604925031E-16));
#2681=DIRECTION('ref_axis',(0.,-1.,-1.24206200879939E-16));
#2682=DIRECTION('center_axis',(-1.,0.,2.22044604925031E-16));
#2683=DIRECTION('ref_axis',(0.,-1.,-1.24206200879939E-16));
#2684=DIRECTION('center_axis',(-1.,0.,2.22044604925031E-16));
#2685=DIRECTION('ref_axis',(0.,1.,0.));
#2686=DIRECTION('',(-1.,0.,2.22044604925031E-16));
#2687=DIRECTION('center_axis',(-1.,0.,2.22044604925031E-16));
#2688=DIRECTION('ref_axis',(0.,1.,0.));
#2689=DIRECTION('center_axis',(1.,0.,-2.22044604925031E-16));
#2690=DIRECTION('ref_axis',(-2.368475785867E-16,0.,-1.));
#2691=DIRECTION('center_axis',(-1.,0.,2.22044604925031E-16));
#2692=DIRECTION('ref_axis',(2.22044604925031E-16,0.,1.));
#2693=DIRECTION('center_axis',(0.,-1.,0.));
#2694=DIRECTION('ref_axis',(2.96059473233375E-16,0.,1.));
#2695=DIRECTION('center_axis',(1.,0.,-2.22044604925031E-16));
#2696=DIRECTION('ref_axis',(2.22044604925031E-16,0.,1.));
#2697=DIRECTION('center_axis',(1.,0.,-2.22044604925031E-16));
#2698=DIRECTION('ref_axis',(-2.22044604925031E-16,0.,-1.));
#2699=DIRECTION('center_axis',(1.,0.,-2.22044604925031E-16));
#2700=DIRECTION('ref_axis',(-2.68705745840907E-32,-1.,-1.21014309684142E-16));
#2701=DIRECTION('center_axis',(1.,0.,-2.22044604925031E-16));
#2702=DIRECTION('ref_axis',(-2.22044604925031E-16,0.,-1.));
#2703=DIRECTION('',(-1.,0.,2.22044604925031E-16));
#2704=DIRECTION('center_axis',(-1.,0.,2.22044604925031E-16));
#2705=DIRECTION('ref_axis',(-2.22044604925031E-16,0.,-1.));
#2706=DIRECTION('center_axis',(-1.,0.,2.22044604925031E-16));
#2707=DIRECTION('ref_axis',(2.45014736469E-16,0.,1.));
#2708=DIRECTION('center_axis',(0.,-1.,0.));
#2709=DIRECTION('ref_axis',(-3.0626842058625E-16,0.,-1.));
#2710=DIRECTION('center_axis',(-1.,0.,2.22044604925031E-16));
#2711=DIRECTION('ref_axis',(0.,-1.,-1.21014309684142E-16));
#2712=DIRECTION('center_axis',(-1.,0.,2.22044604925031E-16));
#2713=DIRECTION('ref_axis',(0.,-1.,-1.21014309684142E-16));
#2714=DIRECTION('center_axis',(-1.,0.,2.22044604925031E-16));
#2715=DIRECTION('ref_axis',(0.,1.,0.));
#2716=DIRECTION('',(-1.,0.,2.22044604925031E-16));
#2717=DIRECTION('center_axis',(-1.,0.,2.22044604925031E-16));
#2718=DIRECTION('ref_axis',(0.,1.,0.));
#2719=DIRECTION('center_axis',(1.,0.,-2.22044604925031E-16));
#2720=DIRECTION('ref_axis',(0.,0.,-1.));
#2721=DIRECTION('center_axis',(-1.,0.,2.22044604925031E-16));
#2722=DIRECTION('ref_axis',(2.22044604925031E-16,0.,1.));
#2723=DIRECTION('center_axis',(0.,-1.,0.));
#2724=DIRECTION('ref_axis',(0.,0.,1.));
#2725=DIRECTION('center_axis',(1.,0.,-2.22044604925031E-16));
#2726=DIRECTION('ref_axis',(2.22044604925031E-16,0.,1.));
#2727=DIRECTION('center_axis',(1.,0.,-2.22044604925031E-16));
#2728=DIRECTION('ref_axis',(-2.22044604925031E-16,0.,-1.));
#2729=DIRECTION('',(-1.,0.,2.22044604925031E-16));
#2730=DIRECTION('center_axis',(-1.,0.,2.22044604925031E-16));
#2731=DIRECTION('ref_axis',(-2.22044604925031E-16,0.,-1.));
#2732=DIRECTION('center_axis',(1.,0.,-2.22044604925031E-16));
#2733=DIRECTION('ref_axis',(-2.22044604925031E-16,0.,-1.));
#2734=DIRECTION('center_axis',(-1.,0.,2.22044604925031E-16));
#2735=DIRECTION('ref_axis',(0.,1.,0.));
#2736=DIRECTION('center_axis',(-1.,0.,2.22044604925031E-16));
#2737=DIRECTION('ref_axis',(0.,1.,0.));
#2738=DIRECTION('center_axis',(-2.2818117953109E-16,0.139173100960065,0.99026806874157));
#2739=DIRECTION('ref_axis',(-3.09026362188692E-17,-0.99026806874157,0.139173100960065));
#2740=DIRECTION('',(1.,0.,2.30423646620315E-16));
#2741=DIRECTION('',(-3.09026362188692E-17,-0.99026806874157,0.139173100960065));
#2742=DIRECTION('',(1.,0.,2.30423646620315E-16));
#2743=DIRECTION('',(0.,-0.99026806874157,0.139173100960065));
#2744=DIRECTION('center_axis',(-3.20687734346756E-17,-0.99026806874157,
0.139173100960065));
#2745=DIRECTION('ref_axis',(2.19883682093596E-16,-0.139173100960065,-0.99026806874157));
#2746=DIRECTION('',(0.,-0.139173100960065,-0.99026806874157));
#2747=DIRECTION('',(2.19883682093596E-16,-0.139173100960065,-0.99026806874157));
#2748=DIRECTION('',(1.,0.,2.30423646620315E-16));
#2749=DIRECTION('center_axis',(3.20687734346756E-17,0.99026806874157,-0.139173100960065));
#2750=DIRECTION('ref_axis',(-2.19883682093596E-16,0.139173100960065,0.99026806874157));
#2751=DIRECTION('',(1.,0.,2.30423646620315E-16));
#2752=DIRECTION('',(-2.19883682093596E-16,0.139173100960065,0.99026806874157));
#2753=DIRECTION('center_axis',(2.2818117953109E-16,-0.139173100960065,-0.99026806874157));
#2754=DIRECTION('ref_axis',(3.09026362188692E-17,0.99026806874157,-0.139173100960065));
#2755=DIRECTION('',(0.,0.99026806874157,-0.139173100960065));
#2756=DIRECTION('',(3.09026362188692E-17,0.99026806874157,-0.139173100960065));
#2757=DIRECTION('center_axis',(1.,0.,2.30423646620315E-16));
#2758=DIRECTION('ref_axis',(2.30423646620315E-16,0.,-1.));
#2759=DIRECTION('center_axis',(1.,0.,0.));
#2760=DIRECTION('ref_axis',(0.,2.22044604925031E-16,1.));
#2761=DIRECTION('center_axis',(-1.,0.,0.));
#2762=DIRECTION('ref_axis',(0.,0.,-1.));
#2763=DIRECTION('center_axis',(1.,0.,0.));
#2764=DIRECTION('ref_axis',(-2.22044604925031E-16,0.,1.));
#2765=DIRECTION('center_axis',(1.,0.,0.));
#2766=DIRECTION('ref_axis',(0.,0.,-1.));
#2767=DIRECTION('center_axis',(1.,0.,2.22044604925031E-16));
#2768=DIRECTION('ref_axis',(1.4210854715202E-16,0.,-1.));
#2769=DIRECTION('center_axis',(-1.,0.,-2.22044604925031E-16));
#2770=DIRECTION('ref_axis',(2.22044604925031E-16,0.,-1.));
#2771=DIRECTION('center_axis',(0.,-1.,0.));
#2772=DIRECTION('ref_axis',(-1.77635683940025E-16,0.,1.));
#2773=DIRECTION('center_axis',(1.,0.,2.22044604925031E-16));
#2774=DIRECTION('ref_axis',(2.22044604925031E-16,0.,-1.));
#2775=DIRECTION('center_axis',(1.,0.,2.22044604925031E-16));
#2776=DIRECTION('ref_axis',(2.22044604925031E-16,0.,-1.));
#2777=DIRECTION('center_axis',(-1.,0.,-2.22044604925031E-16));
#2778=DIRECTION('ref_axis',(3.69688218497699E-17,-0.986042674923122,-0.16649277230695));
#2779=DIRECTION('center_axis',(-1.,0.,-2.22044604925031E-16));
#2780=DIRECTION('ref_axis',(-2.22044604925031E-16,0.,1.));
#2781=DIRECTION('',(-1.,0.,-2.22044604925031E-16));
#2782=DIRECTION('center_axis',(-1.,0.,-2.22044604925031E-16));
#2783=DIRECTION('ref_axis',(-2.22044604925031E-16,0.,1.));
#2784=DIRECTION('center_axis',(1.,0.,2.22044604925031E-16));
#2785=DIRECTION('ref_axis',(2.22044604925031E-16,0.,-1.));
#2786=DIRECTION('center_axis',(-1.,0.,-2.22044604925031E-16));
#2787=DIRECTION('ref_axis',(0.,1.,0.));
#2788=DIRECTION('center_axis',(1.,0.,2.22044604925031E-16));
#2789=DIRECTION('ref_axis',(0.,1.,0.));
#2790=DIRECTION('center_axis',(1.,0.,2.22044604925031E-16));
#2791=DIRECTION('ref_axis',(0.,1.,0.));
#2792=DIRECTION('',(1.,0.,2.22044604925031E-16));
#2793=DIRECTION('center_axis',(-1.,0.,2.22044604925031E-16));
#2794=DIRECTION('ref_axis',(0.,1.,0.));
#2795=DIRECTION('center_axis',(-0.996194698091746,-0.0871557427476583,6.67868538251071E-17));
#2796=DIRECTION('ref_axis',(-0.0868240888334654,0.992403876506104,-0.0871557427476583));
#2797=DIRECTION('center_axis',(-1.,0.,2.22044604925031E-16));
#2798=DIRECTION('ref_axis',(-3.75043808592525E-18,1.,1.04493796852467E-14));
#2799=DIRECTION('',(-0.996194698091745,-0.0871557427476583,6.6786853825107E-17));
#2800=DIRECTION('center_axis',(1.,0.,2.22044604925031E-16));
#2801=DIRECTION('ref_axis',(3.7504380859269E-18,1.,3.05301611531464E-15));
#2802=DIRECTION('center_axis',(-0.996194698091746,-0.0871557427476583,6.67868538251071E-17));
#2803=DIRECTION('ref_axis',(-0.0868240888334654,0.992403876506104,-0.0871557427476583));
#2804=DIRECTION('center_axis',(-1.,0.,2.22044604925031E-16));
#2805=DIRECTION('ref_axis',(-3.75043808592525E-18,1.,1.04493796852467E-14));
#2806=DIRECTION('',(-0.996194698091745,-0.0871557427476583,6.6786853825107E-17));
#2807=DIRECTION('center_axis',(1.,0.,2.22044604925031E-16));
#2808=DIRECTION('ref_axis',(3.7504380859269E-18,1.,3.05301611531464E-15));
#2809=DIRECTION('center_axis',(-0.996194698091746,-0.0871557427476583,6.67868538251071E-17));
#2810=DIRECTION('ref_axis',(-0.0868240888334654,0.992403876506104,-0.0871557427476583));
#2811=DIRECTION('center_axis',(-1.,0.,2.22044604925031E-16));
#2812=DIRECTION('ref_axis',(-3.75043808592525E-18,1.,1.04493796852467E-14));
#2813=DIRECTION('',(-0.996194698091745,-0.0871557427476583,6.6786853825107E-17));
#2814=DIRECTION('center_axis',(1.,0.,2.22044604925031E-16));
#2815=DIRECTION('ref_axis',(3.7504380859269E-18,1.,3.05301611531464E-15));
#2816=DIRECTION('center_axis',(-0.996194698091746,-0.0871557427476583,6.67868538251071E-17));
#2817=DIRECTION('ref_axis',(-0.0868240888334654,0.992403876506104,-0.0871557427476583));
#2818=DIRECTION('center_axis',(-1.,0.,2.22044604925031E-16));
#2819=DIRECTION('ref_axis',(-3.75043808592525E-18,1.,1.04493796852467E-14));
#2820=DIRECTION('',(-0.996194698091745,-0.0871557427476583,6.6786853825107E-17));
#2821=DIRECTION('center_axis',(1.,0.,2.22044604925031E-16));
#2822=DIRECTION('ref_axis',(3.7504380859269E-18,1.,3.05301611531464E-15));
#2823=DIRECTION('center_axis',(-0.996194698091746,-0.0871557427476583,6.67868538251071E-17));
#2824=DIRECTION('ref_axis',(-0.0868240888334654,0.992403876506104,-0.0871557427476583));
#2825=DIRECTION('center_axis',(-1.,0.,2.22044604925031E-16));
#2826=DIRECTION('ref_axis',(-3.75043808592525E-18,1.,1.04493796852467E-14));
#2827=DIRECTION('',(-0.996194698091745,-0.0871557427476583,6.6786853825107E-17));
#2828=DIRECTION('center_axis',(1.,0.,2.22044604925031E-16));
#2829=DIRECTION('ref_axis',(3.7504380859269E-18,1.,3.05301611531464E-15));
#2830=DIRECTION('center_axis',(-0.996194698091746,-0.0871557427476583,6.67868538251071E-17));
#2831=DIRECTION('ref_axis',(-0.0868240888334654,0.992403876506104,-0.0871557427476583));
#2832=DIRECTION('center_axis',(-1.,0.,2.22044604925031E-16));
#2833=DIRECTION('ref_axis',(-3.75043808592525E-18,1.,1.04493796852467E-14));
#2834=DIRECTION('',(-0.996194698091745,-0.0871557427476583,6.6786853825107E-17));
#2835=DIRECTION('center_axis',(1.,0.,2.22044604925031E-16));
#2836=DIRECTION('ref_axis',(3.7504380859269E-18,1.,3.05301611531464E-15));
#2837=DIRECTION('center_axis',(-0.996194698091746,-0.0871557427476583,6.67868538251071E-17));
#2838=DIRECTION('ref_axis',(-0.0868240888334654,0.992403876506104,-0.0871557427476583));
#2839=DIRECTION('center_axis',(-1.,0.,2.22044604925031E-16));
#2840=DIRECTION('ref_axis',(-3.75043808592525E-18,1.,1.04493796852467E-14));
#2841=DIRECTION('',(-0.996194698091745,-0.0871557427476583,6.6786853825107E-17));
#2842=DIRECTION('center_axis',(1.,0.,2.22044604925031E-16));
#2843=DIRECTION('ref_axis',(3.7504380859269E-18,1.,3.05301611531464E-15));
#2844=DIRECTION('center_axis',(-0.996194698091746,-0.0871557427476583,6.67868538251071E-17));
#2845=DIRECTION('ref_axis',(-0.0868240888334654,0.992403876506104,-0.0871557427476583));
#2846=DIRECTION('center_axis',(-1.,0.,2.22044604925031E-16));
#2847=DIRECTION('ref_axis',(-3.75043808592525E-18,1.,1.04493796852467E-14));
#2848=DIRECTION('',(-0.996194698091745,-0.0871557427476583,6.6786853825107E-17));
#2849=DIRECTION('center_axis',(1.,0.,2.22044604925031E-16));
#2850=DIRECTION('ref_axis',(3.7504380859269E-18,1.,3.05301611531464E-15));
#2851=DIRECTION('center_axis',(-0.996194698091746,-0.0871557427476583,6.67868538251071E-17));
#2852=DIRECTION('ref_axis',(-0.0868240888334654,0.992403876506104,-0.0871557427476583));
#2853=DIRECTION('center_axis',(-1.,0.,2.22044604925031E-16));
#2854=DIRECTION('ref_axis',(-3.75043808592525E-18,1.,1.04493796852467E-14));
#2855=DIRECTION('',(-0.996194698091745,-0.0871557427476583,6.6786853825107E-17));
#2856=DIRECTION('center_axis',(1.,0.,2.22044604925031E-16));
#2857=DIRECTION('ref_axis',(3.7504380859269E-18,1.,3.05301611531464E-15));
#2858=DIRECTION('center_axis',(-0.996194698091746,-0.0871557427476583,6.67868538251071E-17));
#2859=DIRECTION('ref_axis',(-0.0868240888334654,0.992403876506104,-0.0871557427476583));
#2860=DIRECTION('center_axis',(-1.,0.,2.22044604925031E-16));
#2861=DIRECTION('ref_axis',(-3.75043808592525E-18,1.,1.04493796852467E-14));
#2862=DIRECTION('',(-0.996194698091745,-0.0871557427476583,6.6786853825107E-17));
#2863=DIRECTION('center_axis',(1.,0.,2.22044604925031E-16));
#2864=DIRECTION('ref_axis',(3.7504380859269E-18,1.,3.05301611531464E-15));
#2865=DIRECTION('center_axis',(-0.996194698091746,-0.0871557427476583,6.67868538251071E-17));
#2866=DIRECTION('ref_axis',(-0.0868240888334654,0.992403876506104,-0.0871557427476583));
#2867=DIRECTION('center_axis',(-1.,0.,2.22044604925031E-16));
#2868=DIRECTION('ref_axis',(-3.75043808592525E-18,1.,1.04493796852467E-14));
#2869=DIRECTION('',(-0.996194698091745,-0.0871557427476583,6.6786853825107E-17));
#2870=DIRECTION('center_axis',(1.,0.,2.22044604925031E-16));
#2871=DIRECTION('ref_axis',(3.7504380859269E-18,1.,3.05301611531464E-15));
#2872=DIRECTION('center_axis',(-0.996194698091746,-0.0871557427476583,6.67868538251071E-17));
#2873=DIRECTION('ref_axis',(-0.0868240888334654,0.992403876506104,-0.0871557427476583));
#2874=DIRECTION('center_axis',(-1.,0.,2.22044604925031E-16));
#2875=DIRECTION('ref_axis',(-3.75043808592525E-18,1.,1.04493796852467E-14));
#2876=DIRECTION('',(-0.996194698091745,-0.0871557427476583,6.6786853825107E-17));
#2877=DIRECTION('center_axis',(1.,0.,2.22044604925031E-16));
#2878=DIRECTION('ref_axis',(3.7504380859269E-18,1.,3.05301611531464E-15));
#2879=DIRECTION('center_axis',(-1.,0.,2.22044604925031E-16));
#2880=DIRECTION('ref_axis',(0.,1.,0.));
#2881=DIRECTION('center_axis',(-1.,0.,0.));
#2882=DIRECTION('ref_axis',(0.,1.,0.));
#2883=DIRECTION('',(-1.,0.,2.22044604925031E-16));
#2884=DIRECTION('center_axis',(-1.,0.,2.22044604925031E-16));
#2885=DIRECTION('ref_axis',(0.,1.,0.));
#2886=DIRECTION('center_axis',(-1.,0.,2.22044604925031E-16));
#2887=DIRECTION('ref_axis',(0.,1.,0.));
#2888=DIRECTION('center_axis',(-1.,0.,2.22044604925031E-16));
#2889=DIRECTION('ref_axis',(0.,1.,0.));
#2890=DIRECTION('center_axis',(-1.,0.,0.));
#2891=DIRECTION('ref_axis',(0.,1.,0.));
#2892=DIRECTION('',(-1.,0.,2.22044604925031E-16));
#2893=DIRECTION('center_axis',(-1.,0.,2.22044604925031E-16));
#2894=DIRECTION('ref_axis',(0.,1.,0.));
#2895=DIRECTION('center_axis',(-1.,0.,2.22044604925031E-16));
#2896=DIRECTION('ref_axis',(0.,1.,0.));
#2897=DIRECTION('center_axis',(-1.,0.,2.22044604925031E-16));
#2898=DIRECTION('ref_axis',(0.,1.,0.));
#2899=DIRECTION('center_axis',(-1.,0.,0.));
#2900=DIRECTION('ref_axis',(0.,1.,0.));
#2901=DIRECTION('',(-1.,0.,2.22044604925031E-16));
#2902=DIRECTION('center_axis',(-1.,0.,2.22044604925031E-16));
#2903=DIRECTION('ref_axis',(0.,1.,0.));
#2904=DIRECTION('center_axis',(-1.,0.,2.22044604925031E-16));
#2905=DIRECTION('ref_axis',(0.,1.,0.));
#2906=DIRECTION('center_axis',(-1.,0.,2.22044604925031E-16));
#2907=DIRECTION('ref_axis',(0.,1.,0.));
#2908=DIRECTION('center_axis',(-1.,0.,0.));
#2909=DIRECTION('ref_axis',(0.,1.,0.));
#2910=DIRECTION('',(-1.,0.,2.22044604925031E-16));
#2911=DIRECTION('center_axis',(-1.,0.,2.22044604925031E-16));
#2912=DIRECTION('ref_axis',(0.,1.,0.));
#2913=DIRECTION('center_axis',(-1.,0.,2.22044604925031E-16));
#2914=DIRECTION('ref_axis',(0.,1.,0.));
#2915=DIRECTION('center_axis',(-1.,0.,2.22044604925031E-16));
#2916=DIRECTION('ref_axis',(0.,1.,0.));
#2917=DIRECTION('center_axis',(-1.,0.,0.));
#2918=DIRECTION('ref_axis',(0.,1.,0.));
#2919=DIRECTION('',(-1.,0.,2.22044604925031E-16));
#2920=DIRECTION('center_axis',(-1.,0.,2.22044604925031E-16));
#2921=DIRECTION('ref_axis',(0.,1.,0.));
#2922=DIRECTION('center_axis',(-1.,0.,2.22044604925031E-16));
#2923=DIRECTION('ref_axis',(0.,1.,0.));
#2924=DIRECTION('center_axis',(-1.,0.,2.22044604925031E-16));
#2925=DIRECTION('ref_axis',(0.,1.,0.));
#2926=DIRECTION('center_axis',(-1.,0.,0.));
#2927=DIRECTION('ref_axis',(0.,1.,0.));
#2928=DIRECTION('',(-1.,0.,2.22044604925031E-16));
#2929=DIRECTION('center_axis',(-1.,0.,2.22044604925031E-16));
#2930=DIRECTION('ref_axis',(0.,1.,0.));
#2931=DIRECTION('center_axis',(-1.,0.,2.22044604925031E-16));
#2932=DIRECTION('ref_axis',(0.,1.,0.));
#2933=DIRECTION('center_axis',(-1.,0.,2.22044604925031E-16));
#2934=DIRECTION('ref_axis',(0.,1.,0.));
#2935=DIRECTION('center_axis',(-1.,0.,0.));
#2936=DIRECTION('ref_axis',(0.,1.,0.));
#2937=DIRECTION('',(-1.,0.,2.22044604925031E-16));
#2938=DIRECTION('center_axis',(-1.,0.,2.22044604925031E-16));
#2939=DIRECTION('ref_axis',(0.,1.,0.));
#2940=DIRECTION('center_axis',(-1.,0.,2.22044604925031E-16));
#2941=DIRECTION('ref_axis',(0.,1.,0.));
#2942=DIRECTION('center_axis',(-1.,0.,2.22044604925031E-16));
#2943=DIRECTION('ref_axis',(0.,1.,0.));
#2944=DIRECTION('center_axis',(-1.,0.,0.));
#2945=DIRECTION('ref_axis',(0.,1.,0.));
#2946=DIRECTION('',(-1.,0.,2.22044604925031E-16));
#2947=DIRECTION('center_axis',(-1.,0.,2.22044604925031E-16));
#2948=DIRECTION('ref_axis',(0.,1.,0.));
#2949=DIRECTION('center_axis',(-1.,0.,2.22044604925031E-16));
#2950=DIRECTION('ref_axis',(0.,1.,0.));
#2951=DIRECTION('center_axis',(-1.,0.,2.22044604925031E-16));
#2952=DIRECTION('ref_axis',(0.,1.,0.));
#2953=DIRECTION('center_axis',(-1.,0.,0.));
#2954=DIRECTION('ref_axis',(0.,1.,0.));
#2955=DIRECTION('',(-1.,0.,2.22044604925031E-16));
#2956=DIRECTION('center_axis',(-1.,0.,2.22044604925031E-16));
#2957=DIRECTION('ref_axis',(0.,1.,0.));
#2958=DIRECTION('center_axis',(-1.,0.,2.22044604925031E-16));
#2959=DIRECTION('ref_axis',(0.,1.,0.));
#2960=DIRECTION('center_axis',(-1.,0.,2.22044604925031E-16));
#2961=DIRECTION('ref_axis',(0.,1.,0.));
#2962=DIRECTION('center_axis',(-1.,0.,0.));
#2963=DIRECTION('ref_axis',(0.,1.,0.));
#2964=DIRECTION('',(-1.,0.,2.22044604925031E-16));
#2965=DIRECTION('center_axis',(-1.,0.,2.22044604925031E-16));
#2966=DIRECTION('ref_axis',(0.,1.,0.));
#2967=DIRECTION('center_axis',(-1.,0.,2.22044604925031E-16));
#2968=DIRECTION('ref_axis',(0.,1.,0.));
#2969=DIRECTION('center_axis',(1.,0.,-2.22044604925031E-16));
#2970=DIRECTION('ref_axis',(-2.22044604925031E-16,0.,-1.));
#2971=DIRECTION('center_axis',(-1.,0.,2.22044604925031E-16));
#2972=DIRECTION('ref_axis',(-2.22044604925031E-16,0.,-1.));
#2973=DIRECTION('',(1.,0.,-2.22044604925031E-16));
#2974=DIRECTION('center_axis',(-1.,0.,0.));
#2975=DIRECTION('ref_axis',(-2.22044604925031E-16,0.,-1.));
#2976=DIRECTION('center_axis',(-1.,0.,2.22044604925031E-16));
#2977=DIRECTION('ref_axis',(2.22044604925031E-16,0.,1.));
#2978=DIRECTION('center_axis',(1.,0.,0.));
#2979=DIRECTION('ref_axis',(0.,1.,0.));
#2980=DIRECTION('center_axis',(1.,0.,0.));
#2981=DIRECTION('ref_axis',(0.,1.,0.));
#2982=DIRECTION('',(-1.,0.,0.));
#2983=DIRECTION('center_axis',(-1.,0.,-2.22044604925031E-16));
#2984=DIRECTION('ref_axis',(0.,1.,0.));
#2985=DIRECTION('center_axis',(1.,0.,0.));
#2986=DIRECTION('ref_axis',(0.,1.,0.));
#2987=DIRECTION('center_axis',(1.,0.,0.));
#2988=DIRECTION('ref_axis',(0.,1.,0.));
#2989=DIRECTION('center_axis',(1.,0.,0.));
#2990=DIRECTION('ref_axis',(0.,1.,0.));
#2991=DIRECTION('',(-1.,0.,0.));
#2992=DIRECTION('center_axis',(-1.,0.,-2.22044604925031E-16));
#2993=DIRECTION('ref_axis',(0.,1.,0.));
#2994=DIRECTION('center_axis',(1.,0.,0.));
#2995=DIRECTION('ref_axis',(0.,1.,0.));
#2996=DIRECTION('center_axis',(1.,0.,0.));
#2997=DIRECTION('ref_axis',(0.,1.,0.));
#2998=DIRECTION('center_axis',(1.,0.,0.));
#2999=DIRECTION('ref_axis',(0.,1.,0.));
#3000=DIRECTION('',(-1.,0.,0.));
#3001=DIRECTION('center_axis',(-1.,0.,-2.22044604925031E-16));
#3002=DIRECTION('ref_axis',(0.,1.,0.));
#3003=DIRECTION('center_axis',(1.,0.,0.));
#3004=DIRECTION('ref_axis',(0.,1.,0.));
#3005=DIRECTION('center_axis',(1.,0.,0.));
#3006=DIRECTION('ref_axis',(0.,1.,0.));
#3007=DIRECTION('center_axis',(1.,0.,0.));
#3008=DIRECTION('ref_axis',(0.,1.,0.));
#3009=DIRECTION('',(-1.,0.,0.));
#3010=DIRECTION('center_axis',(-1.,0.,-2.22044604925031E-16));
#3011=DIRECTION('ref_axis',(0.,1.,0.));
#3012=DIRECTION('center_axis',(1.,0.,0.));
#3013=DIRECTION('ref_axis',(0.,1.,0.));
#3014=DIRECTION('center_axis',(1.,0.,0.));
#3015=DIRECTION('ref_axis',(0.,1.,0.));
#3016=DIRECTION('center_axis',(1.,0.,0.));
#3017=DIRECTION('ref_axis',(0.,1.,0.));
#3018=DIRECTION('',(-1.,0.,0.));
#3019=DIRECTION('center_axis',(-1.,0.,-2.22044604925031E-16));
#3020=DIRECTION('ref_axis',(0.,1.,0.));
#3021=DIRECTION('center_axis',(1.,0.,0.));
#3022=DIRECTION('ref_axis',(0.,1.,0.));
#3023=DIRECTION('center_axis',(1.,0.,0.));
#3024=DIRECTION('ref_axis',(0.,1.,0.));
#3025=DIRECTION('center_axis',(1.,0.,0.));
#3026=DIRECTION('ref_axis',(0.,1.,0.));
#3027=DIRECTION('',(-1.,0.,0.));
#3028=DIRECTION('center_axis',(-1.,0.,-2.22044604925031E-16));
#3029=DIRECTION('ref_axis',(0.,1.,0.));
#3030=DIRECTION('center_axis',(1.,0.,0.));
#3031=DIRECTION('ref_axis',(0.,1.,0.));
#3032=DIRECTION('center_axis',(1.,0.,0.));
#3033=DIRECTION('ref_axis',(0.,1.,0.));
#3034=DIRECTION('center_axis',(1.,0.,0.));
#3035=DIRECTION('ref_axis',(0.,1.,0.));
#3036=DIRECTION('',(-1.,0.,0.));
#3037=DIRECTION('center_axis',(-1.,0.,-2.22044604925031E-16));
#3038=DIRECTION('ref_axis',(0.,1.,0.));
#3039=DIRECTION('center_axis',(1.,0.,0.));
#3040=DIRECTION('ref_axis',(0.,1.,0.));
#3041=DIRECTION('center_axis',(1.,0.,0.));
#3042=DIRECTION('ref_axis',(0.,1.,0.));
#3043=DIRECTION('center_axis',(1.,0.,0.));
#3044=DIRECTION('ref_axis',(0.,1.,0.));
#3045=DIRECTION('',(-1.,0.,0.));
#3046=DIRECTION('center_axis',(-1.,0.,-2.22044604925031E-16));
#3047=DIRECTION('ref_axis',(0.,1.,0.));
#3048=DIRECTION('center_axis',(1.,0.,0.));
#3049=DIRECTION('ref_axis',(0.,1.,0.));
#3050=DIRECTION('center_axis',(1.,0.,0.));
#3051=DIRECTION('ref_axis',(0.,1.,0.));
#3052=DIRECTION('center_axis',(1.,0.,0.));
#3053=DIRECTION('ref_axis',(0.,1.,0.));
#3054=DIRECTION('',(-1.,0.,0.));
#3055=DIRECTION('center_axis',(-1.,0.,-2.22044604925031E-16));
#3056=DIRECTION('ref_axis',(0.,1.,0.));
#3057=DIRECTION('center_axis',(1.,0.,0.));
#3058=DIRECTION('ref_axis',(0.,1.,0.));
#3059=DIRECTION('center_axis',(1.,0.,0.));
#3060=DIRECTION('ref_axis',(0.,1.,0.));
#3061=DIRECTION('center_axis',(1.,0.,0.));
#3062=DIRECTION('ref_axis',(0.,1.,0.));
#3063=DIRECTION('',(-1.,0.,0.));
#3064=DIRECTION('center_axis',(-1.,0.,-2.22044604925031E-16));
#3065=DIRECTION('ref_axis',(0.,1.,0.));
#3066=DIRECTION('center_axis',(1.,0.,0.));
#3067=DIRECTION('ref_axis',(0.,1.,0.));
#3068=DIRECTION('center_axis',(-1.,0.,-2.22044604925031E-16));
#3069=DIRECTION('ref_axis',(-2.22044604925031E-16,0.,1.));
#3070=DIRECTION('center_axis',(1.,0.,1.11022302462516E-16));
#3071=DIRECTION('ref_axis',(1.11022302462516E-16,0.,-1.));
#3072=DIRECTION('center_axis',(-1.,0.,-2.22044604925031E-16));
#3073=DIRECTION('ref_axis',(-2.22044604925031E-16,0.,1.));
#3074=DIRECTION('',(-2.1316282072803E-16,-0.28,0.96));
#3075=DIRECTION('center_axis',(-1.,0.,-1.11022302462516E-16));
#3076=DIRECTION('ref_axis',(1.11022302462516E-16,0.,-1.));
#3077=DIRECTION('',(-2.1316282072803E-16,-0.28,0.96));
#3078=DIRECTION('center_axis',(1.,0.,2.22044604925031E-16));
#3079=DIRECTION('ref_axis',(0.,1.,0.));
#3080=DIRECTION('center_axis',(1.,0.,2.22044604925031E-16));
#3081=DIRECTION('ref_axis',(0.,1.,0.));
#3082=DIRECTION('center_axis',(-1.,0.,0.));
#3083=DIRECTION('ref_axis',(0.,1.,0.));
#3084=DIRECTION('',(-1.,0.,0.));
#3085=DIRECTION('',(1.,0.,0.));
#3086=DIRECTION('center_axis',(-1.,0.,-2.22044604925031E-16));
#3087=DIRECTION('ref_axis',(0.,1.,0.));
#3088=DIRECTION('',(-1.,0.,0.));
#3089=DIRECTION('center_axis',(-1.,0.,0.));
#3090=DIRECTION('ref_axis',(0.,1.,0.));
#3091=DIRECTION('center_axis',(-1.,0.,-2.22044604925031E-16));
#3092=DIRECTION('ref_axis',(0.,1.,0.));
#3093=DIRECTION('',(-1.,0.,0.));
#3094=DIRECTION('center_axis',(0.,-0.96,-0.28));
#3095=DIRECTION('ref_axis',(0.,0.28,-0.96));
#3096=DIRECTION('center_axis',(0.,-0.96,-0.28));
#3097=DIRECTION('ref_axis',(0.,0.28,-0.96));
#3098=DIRECTION('',(2.1316282072803E-16,0.28,-0.96));
#3099=DIRECTION('center_axis',(1.,0.,0.));
#3100=DIRECTION('ref_axis',(0.,-0.00833275906722263,0.999965281960493));
#3101=DIRECTION('center_axis',(1.,0.,1.11022302462516E-16));
#3102=DIRECTION('ref_axis',(1.11022302462516E-16,0.,-1.));
#3103=DIRECTION('center_axis',(0.,-0.96,-0.28));
#3104=DIRECTION('ref_axis',(0.,0.28,-0.96));
#3105=DIRECTION('center_axis',(-1.,0.,-1.11022302462516E-16));
#3106=DIRECTION('ref_axis',(1.11022302462516E-16,0.,-1.));
#3107=DIRECTION('center_axis',(1.,0.,2.22044604925031E-16));
#3108=DIRECTION('ref_axis',(2.22044604925031E-16,0.,-1.));
#3109=DIRECTION('center_axis',(1.,0.,2.22044604925031E-16));
#3110=DIRECTION('ref_axis',(-2.22044604925031E-16,0.,1.));
#3111=DIRECTION('center_axis',(1.,0.,2.22044604925031E-16));
#3112=DIRECTION('ref_axis',(-2.22044604925031E-16,0.,1.));
#3113=DIRECTION('',(2.1316282072803E-16,0.28,-0.96));
#3114=DIRECTION('center_axis',(-1.,0.,-2.22044604925031E-16));
#3115=DIRECTION('ref_axis',(-2.22044604925031E-16,0.,1.));
#3116=DIRECTION('center_axis',(1.,0.,2.22044604925031E-16));
#3117=DIRECTION('ref_axis',(-2.22044604925031E-16,0.,1.));
#3118=DIRECTION('',(1.,0.,2.22044604925031E-16));
#3119=DIRECTION('center_axis',(-1.,0.,-2.22044604925031E-16));
#3120=DIRECTION('ref_axis',(-2.22044604925031E-16,0.,1.));
#3121=DIRECTION('center_axis',(0.,-0.96,-0.28));
#3122=DIRECTION('ref_axis',(0.,0.28,-0.96));
#3123=DIRECTION('center_axis',(1.,0.,0.));
#3124=DIRECTION('ref_axis',(0.,1.,0.));
#3125=DIRECTION('',(0.,0.,1.));
#3126=DIRECTION('',(1.,0.,0.));
#3127=CARTESIAN_POINT('',(0.,0.,0.));
#3128=CARTESIAN_POINT('',(0.,0.,0.));
#3129=CARTESIAN_POINT('Origin',(-12.75,22.019354795255,-4.43992485410004));
#3130=CARTESIAN_POINT('',(-9.49999999999998,20.5339526921427,-4.23116520265994));
#3131=CARTESIAN_POINT('',(-13.,20.5339526921427,-4.23116520265994));
#3132=CARTESIAN_POINT('',(-12.75,20.5339526921427,-4.23116520265994));
#3133=CARTESIAN_POINT('',(-13.,21.8105951438149,-5.92532695721239));
#3134=CARTESIAN_POINT('Origin',(-13.,22.019354795255,-4.43992485410004));
#3135=CARTESIAN_POINT('',(-7.99999999999998,21.8105951438149,-5.92532695721239));
#3136=CARTESIAN_POINT('',(-12.75,21.8105951438149,-5.92532695721239));
#3137=CARTESIAN_POINT('Origin',(-9.49999999999998,22.019354795255,-4.43992485410004));
#3138=CARTESIAN_POINT('Origin',(-12.75,24.9450517236375,16.3774904869852));
#3139=CARTESIAN_POINT('',(-7.99999999999998,25.1538113750776,17.8628925900976));
#3140=CARTESIAN_POINT('',(-13.,25.1538113750776,17.8628925900976));
#3141=CARTESIAN_POINT('',(-12.75,25.1538113750776,17.8628925900976));
#3142=CARTESIAN_POINT('',(-13.,23.4596496205252,16.5862501384253));
#3143=CARTESIAN_POINT('Origin',(-13.,24.9450517236375,16.3774904869852));
#3144=CARTESIAN_POINT('',(-9.49999999999998,23.4596496205252,16.5862501384253));
#3145=CARTESIAN_POINT('',(-12.75,23.4596496205252,16.5862501384253));
#3146=CARTESIAN_POINT('Origin',(-9.49999999999998,24.9450517236375,16.3774904869852));
#3147=CARTESIAN_POINT('Origin',(-9.49999999999998,22.6463992016306,0.0217279296151204));
#3148=CARTESIAN_POINT('',(-7.99999999999998,22.6463992016306,0.0217279296151204));
#3149=CARTESIAN_POINT('',(-9.49999999999998,21.1609970985183,0.230487581055219));
#3150=CARTESIAN_POINT('Origin',(-13.,20.3251930407026,-5.71656730577228));
#3151=CARTESIAN_POINT('',(-13.,21.1609970985183,0.230487581055218));
#3152=CARTESIAN_POINT('Origin',(-13.,49.0546380429561,2.37481148659569));
#3153=CARTESIAN_POINT('',(-13.,83.4080632312655,9.67579140926563));
#3154=CARTESIAN_POINT('',(-13.,50.7262461585875,14.2689212602507));
#3155=CARTESIAN_POINT('',(-13.,80.0648470000028,-14.1124281380444));
#3156=CARTESIAN_POINT('',(-13.,81.7364551156342,-2.21831836438934));
#3157=CARTESIAN_POINT('',(-13.,47.3830299273248,-9.51929828705932));
#3158=CARTESIAN_POINT('',(-13.,29.6048974247696,15.3110151071751));
#3159=CARTESIAN_POINT('',(-13.,26.8075075410458,-4.59344817317735));
#3160=CARTESIAN_POINT('',(-13.,28.8983553486709,10.2837070113122));
#3161=CARTESIAN_POINT('',(-13.,69.9782439978345,-10.6606995095314));
#3162=CARTESIAN_POINT('',(-13.,58.8208088271081,-9.09262425749965));
#3163=CARTESIAN_POINT('',(-13.,72.7756338815583,9.24376377082105));
#3164=CARTESIAN_POINT('',(-13.,72.0690918054597,4.21645567495815));
#3165=CARTESIAN_POINT('',(-13.,50.8255145966347,12.3286518569412));
#3166=CARTESIAN_POINT('',(-13.0000000000002,75.6956691656688,5.01420622904043));
#3167=CARTESIAN_POINT('Origin',(-13.0000000000002,75.5196847795048,3.76201225611673));
#3168=CARTESIAN_POINT('',(-13.0000000000002,74.3039381560681,-4.88847445837528));
#3169=CARTESIAN_POINT('Origin',(-13.0000000000002,74.1279537699041,-6.14066843129898));
#3170=CARTESIAN_POINT('',(-12.9999999999998,26.1822657285903,11.9728612770437));
#3171=CARTESIAN_POINT('Origin',(-12.9999999999998,26.0062813424263,10.72066730412));
#3172=CARTESIAN_POINT('',(-12.9999999999998,24.7905347189896,2.07018058962799));
#3173=CARTESIAN_POINT('Origin',(-12.9999999999998,24.6145503328256,0.817986616704296));
#3174=CARTESIAN_POINT('Origin',(-7.99999999999998,49.0546380429561,2.37481148659569));
#3175=CARTESIAN_POINT('',(-7.99999999999998,80.0648470000028,-14.1124281380444));
#3176=CARTESIAN_POINT('',(-7.99999999999998,47.3830299273248,-9.51929828705932));
#3177=CARTESIAN_POINT('',(-7.99999999999998,83.4080632312655,9.67579140926563));
#3178=CARTESIAN_POINT('',(-7.99999999999998,81.7364551156342,-2.21831836438934));
#3179=CARTESIAN_POINT('',(-7.99999999999998,50.7262461585875,14.2689212602507));
#3180=CARTESIAN_POINT('',(-7.99999999999998,26.8075075410458,-4.59344817317735));
#3181=CARTESIAN_POINT('',(-7.99999999999998,29.6048974247696,15.3110151071751));
#3182=CARTESIAN_POINT('',(-7.99999999999998,28.8983553486709,10.2837070113122));
#3183=CARTESIAN_POINT('',(-7.99999999999998,72.7756338815583,9.24376377082105));
#3184=CARTESIAN_POINT('',(-7.99999999999998,50.8255145966347,12.3286518569412));
#3185=CARTESIAN_POINT('',(-7.99999999999998,69.9782439978345,-10.6606995095314));
#3186=CARTESIAN_POINT('',(-7.99999999999998,72.0656072007224,4.19166142391614));
#3187=CARTESIAN_POINT('',(-7.99999999999998,58.8208088271081,-9.09262425749965));
#3188=CARTESIAN_POINT('',(-8.00000000000019,75.6956691656688,5.01420622904043));
#3189=CARTESIAN_POINT('Origin',(-8.00000000000019,75.5196847795048,3.76201225611673));
#3190=CARTESIAN_POINT('',(-8.00000000000019,74.3039381560681,-4.88847445837528));
#3191=CARTESIAN_POINT('Origin',(-8.00000000000019,74.1279537699041,-6.14066843129898));
#3192=CARTESIAN_POINT('',(-7.99999999999978,26.1822657285903,11.9728612770437));
#3193=CARTESIAN_POINT('Origin',(-7.99999999999978,26.0062813424263,10.72066730412));
#3194=CARTESIAN_POINT('',(-7.99999999999978,24.7905347189896,2.07018058962799));
#3195=CARTESIAN_POINT('Origin',(-7.99999999999978,24.6145503328256,0.817986616704296));
#3196=CARTESIAN_POINT('Origin',(-12.5,47.3830299273248,-9.51929828705932));
#3197=CARTESIAN_POINT('',(-12.,80.0648470000028,-14.1124281380444));
#3198=CARTESIAN_POINT('Origin',(-59.899573174075,24.6145503328252,0.817986616704367));
#3199=CARTESIAN_POINT('',(-59.899573174075,24.7905347189892,2.07018058962808));
#3200=CARTESIAN_POINT('Origin',(-59.899573174075,26.0062813424259,10.7206673041201));
#3201=CARTESIAN_POINT('',(-59.899573174075,26.1822657285899,11.9728612770438));
#3202=CARTESIAN_POINT('Origin',(-59.8995731740754,74.1279537699037,-6.14066843129887));
#3203=CARTESIAN_POINT('',(-59.8995731740754,74.3039381560677,-4.88847445837515));
#3204=CARTESIAN_POINT('Origin',(-12.6495731740754,75.5196847795048,3.76201225611673));
#3205=CARTESIAN_POINT('',(-12.6495731740754,75.6956691656688,5.01420622904045));
#3206=CARTESIAN_POINT('Origin',(-62.,72.7686752265103,9.19425036738399));
#3207=CARTESIAN_POINT('',(-12.,72.7756338815583,9.24376377082105));
#3208=CARTESIAN_POINT('',(-11.,69.9782439978345,-10.6606995095314));
#3209=CARTESIAN_POINT('Origin',(-62.,51.190265653164,12.277389438998));
#3210=CARTESIAN_POINT('',(-62.,29.6048974247696,15.3110151071751));
#3211=CARTESIAN_POINT('Origin',(-62.,29.5979387697216,15.261501703738));
#3212=CARTESIAN_POINT('',(-12.,26.8075075410458,-4.59344817317735));
#3213=CARTESIAN_POINT('Origin',(-11.,69.9782439978345,-10.6606995095314));
#3214=CARTESIAN_POINT('Origin',(-12.5,50.7262461585875,14.2689212602507));
#3215=CARTESIAN_POINT('',(-12.,83.4080632312655,9.67579140926563));
#3216=CARTESIAN_POINT('Origin',(-12.5,81.7364551156342,-2.21831836438934));
#3217=CARTESIAN_POINT('Origin',(12.5,72.4119982027074,-0.478072743611747));
#3218=CARTESIAN_POINT('',(25.,72.4119982027074,25.5219272563883));
#3219=CARTESIAN_POINT('',(-0.999999999999999,72.4119982027074,25.5219272563883));
#3220=CARTESIAN_POINT('',(12.5,72.4119982027074,25.5219272563883));
#3221=CARTESIAN_POINT('',(25.,47.1134421534249,5.52051557542715));
#3222=CARTESIAN_POINT('Origin',(25.,72.4119982027074,-0.47807274361175));
#3223=CARTESIAN_POINT('',(-0.202378564593234,59.3794955474206,-22.9759365208672));
#3224=CARTESIAN_POINT('Ctrl Pts',(-0.202378564593234,59.3794955474206,-22.9759365208672));
#3225=CARTESIAN_POINT('Ctrl Pts',(0.214767276369177,59.3909493797741,-22.9825714663908));
#3226=CARTESIAN_POINT('Ctrl Pts',(0.626707420217636,59.3668278269762,-22.9686912835008));
#3227=CARTESIAN_POINT('Ctrl Pts',(1.61155199202761,59.2299726373506,-22.8888446451252));
#3228=CARTESIAN_POINT('Ctrl Pts',(2.1674259041623,59.088512170212,-22.805844208955));
#3229=CARTESIAN_POINT('Ctrl Pts',(5.12792322527556,58.0965172304755,-22.2029112490695));
#3230=CARTESIAN_POINT('Ctrl Pts',(7.85584794186297,56.2833619137317,-21.029744058148));
#3231=CARTESIAN_POINT('Ctrl Pts',(12.9005564744019,52.8659291819966,-17.7609554568863));
#3232=CARTESIAN_POINT('Ctrl Pts',(15.3164678244331,51.1745743734534,-15.7590696232018));
#3233=CARTESIAN_POINT('Ctrl Pts',(19.8221318777511,48.2668315572438,-10.5826865158219));
#3234=CARTESIAN_POINT('Ctrl Pts',(21.6322466763807,47.2373195002459,-7.6776877293782));
#3235=CARTESIAN_POINT('Ctrl Pts',(23.7656499062701,46.4089270959231,-2.54281155743161));
#3236=CARTESIAN_POINT('Ctrl Pts',(24.3921771458501,46.3154348707856,-0.361460374310882));
#3237=CARTESIAN_POINT('Ctrl Pts',(24.9086707591547,46.6300729835586,3.10045246740959));
#3238=CARTESIAN_POINT('Ctrl Pts',(24.9999999999968,46.828504013863,4.31881225609713));
#3239=CARTESIAN_POINT('Ctrl Pts',(25.,47.1134421534249,5.52051557542715));
#3240=CARTESIAN_POINT('',(-0.202378564593269,48.0910369345484,-9.66996281000775));
#3241=CARTESIAN_POINT('Origin',(-0.202378564593269,72.4119982027074,-0.478072743611744));
#3242=CARTESIAN_POINT('',(-0.210000000000002,48.0910369345484,-9.66996281000775));
#3243=CARTESIAN_POINT('',(12.5,48.0910369345484,-9.66996281000774));
#3244=CARTESIAN_POINT('',(-0.210000000000001,51.1725217847648,-15.4742269670005));
#3245=CARTESIAN_POINT('Origin',(-0.210000000000001,72.4119982027074,-0.478072743611744));
#3246=CARTESIAN_POINT('',(-1.,51.1725217847648,-15.4742269670005));
#3247=CARTESIAN_POINT('',(12.5,51.1725217847648,-15.4742269670005));
#3248=CARTESIAN_POINT('Origin',(-1.,72.4119982027074,-0.478072743611744));
#3249=CARTESIAN_POINT('Origin',(-1.,-1.45597392763434,27.2661907877029));
#3250=CARTESIAN_POINT('',(-1.,-1.45597392763434,27.2661907877029));
#3251=CARTESIAN_POINT('',(-1.,-6.32703246123663,-7.39319161825202));
#3252=CARTESIAN_POINT('',(-1.,-3.89150319443548,9.93649958472546));
#3253=CARTESIAN_POINT('',(-0.210000000000001,-6.32703246123663,-7.39319161825202));
#3254=CARTESIAN_POINT('',(-1.,-6.32703246123663,-7.39319161825202));
#3255=CARTESIAN_POINT('',(-0.210000000000001,-1.45597392763434,27.2661907877029));
#3256=CARTESIAN_POINT('',(-0.210000000000001,-3.89150319443548,9.93649958472546));
#3257=CARTESIAN_POINT('',(-1.,-1.45597392763434,27.2661907877029));
#3258=CARTESIAN_POINT('Origin',(-0.210000000000001,40.6705598989352,3.67371004152252));
#3259=CARTESIAN_POINT('',(-0.210000000000001,14.8982618115083,-5.00502248812691));
#3260=CARTESIAN_POINT('',(-0.210000000000003,26.9367713537231,-6.69692466776249));
#3261=CARTESIAN_POINT('',(-0.210000000000001,18.241478042771,18.7831970591831));
#3262=CARTESIAN_POINT('',(-0.210000000000003,17.4175094286383,12.9203557299884));
#3263=CARTESIAN_POINT('',(-0.209999999999996,50.9428083096323,14.1873248075998));
#3264=CARTESIAN_POINT('',(-0.210000000000003,62.9588338534576,12.4985825478654));
#3265=CARTESIAN_POINT('',(-0.210000000000001,55.4915801017683,19.2627340101512));
#3266=CARTESIAN_POINT('Origin',(-0.210000000000001,72.4119982027074,-0.478072743611744));
#3267=CARTESIAN_POINT('',(-0.210000000000001,43.1060891657363,21.0034012445));
#3268=CARTESIAN_POINT('',(-0.210000000000001,38.235030632134,-13.655981161455));
#3269=CARTESIAN_POINT('Origin',(-9.5,16.402953096558,7.08429975775803));
#3270=CARTESIAN_POINT('',(-13.,14.4545296831171,-6.77945320462396));
#3271=CARTESIAN_POINT('',(-11.2127659572679,11.0071553675487,-9.37723608242976));
#3272=CARTESIAN_POINT('Origin',(-9.5,14.4545296831171,-6.77945320462395));
#3273=CARTESIAN_POINT('',(-11.2127659574468,11.6850954970298,-4.55344141225251));
#3274=CARTESIAN_POINT('',(-11.2127659574468,13.3803745000271,7.50909547666808));
#3275=CARTESIAN_POINT('',(-13.,14.7076740935608,-4.97823713116255));
#3276=CARTESIAN_POINT('Origin',(-9.5,14.7076740935608,-4.97823713116255));
#3277=CARTESIAN_POINT('',(-13.,16.402953096558,7.08429975775803));
#3278=CARTESIAN_POINT('Origin',(-21.,-3.89150319443549,9.93649958472546));
#3279=CARTESIAN_POINT('',(-9.5,9.87679145609049,-9.67049055696375));
#3280=CARTESIAN_POINT('Ctrl Pts',(-9.5,9.87679145609049,-9.67049055696375));
#3281=CARTESIAN_POINT('Ctrl Pts',(-9.76856477246514,10.0637024822692,-9.69675918859799));
#3282=CARTESIAN_POINT('Ctrl Pts',(-10.0373090519025,10.2450651573879,-9.69028770284649));
#3283=CARTESIAN_POINT('Ctrl Pts',(-10.590914846787,10.6104937306056,-9.61183909451911));
#3284=CARTESIAN_POINT('Ctrl Pts',(-10.9098045750193,10.8151452634732,-9.52192607389864));
#3285=CARTESIAN_POINT('Ctrl Pts',(-11.2127659572333,11.0071553675408,-9.37723608234684));
#3286=CARTESIAN_POINT('Origin',(-21.,-6.32703246123663,-7.39319161825202));
#3287=CARTESIAN_POINT('',(-9.5,14.7478499896928,24.9888918489912));
#3288=CARTESIAN_POINT('Origin',(-21.,-1.45597392763434,27.2661907877029));
#3289=CARTESIAN_POINT('',(-11.2127659571651,15.7535936322655,24.395427035916));
#3290=CARTESIAN_POINT('Ctrl Pts',(-11.2127659571107,15.7535936322175,24.395427035794));
#3291=CARTESIAN_POINT('Ctrl Pts',(-11.0900119331456,15.6949680788027,24.4732257728433));
#3292=CARTESIAN_POINT('Ctrl Pts',(-10.9637741486376,15.6316176792568,24.5437888769065));
#3293=CARTESIAN_POINT('Ctrl Pts',(-10.390549860386,15.3295876565771,24.8252374240398));
#3294=CARTESIAN_POINT('Ctrl Pts',(-9.92222081099156,15.0416998655796,24.9475939421569));
#3295=CARTESIAN_POINT('Ctrl Pts',(-9.5,14.7478499896928,24.9888918489912));
#3296=CARTESIAN_POINT('',(-11.2127659574468,15.0283117282925,19.2347781350575));
#3297=CARTESIAN_POINT('',(-11.2127659574468,13.3803745000271,7.50909547666808));
#3298=CARTESIAN_POINT('',(-7.35962236818548,12.2407793685922,19.6265402596497));
#3299=CARTESIAN_POINT('Origin',(-21.,-2.24356596617008,21.6621822431149));
#3300=CARTESIAN_POINT('',(-7.35962236818549,8.89756313732946,-4.16167928766029));
#3301=CARTESIAN_POINT('',(-7.35962236818548,10.5928421403267,7.90085760126029));
#3302=CARTESIAN_POINT('Origin',(-21.,-5.58678219743277,-2.12603730419512));
#3303=CARTESIAN_POINT('Origin',(-9.5,46.9330055502084,-11.3440053128464));
#3304=CARTESIAN_POINT('',(-13.,79.8182613382694,-15.9657266107022));
#3305=CARTESIAN_POINT('',(-13.,46.9330055502084,-11.3440053128464));
#3306=CARTESIAN_POINT('',(-9.5,79.3311554849092,-19.4316648512977));
#3307=CARTESIAN_POINT('Origin',(-9.5,79.8182613382694,-15.9657266107022));
#3308=CARTESIAN_POINT('',(-9.5,46.4458996968482,-14.8099435534419));
#3309=CARTESIAN_POINT('Origin',(-9.5,16.402953096558,7.08429975775803));
#3310=CARTESIAN_POINT('',(-13.,18.0508903248235,18.8099824161475));
#3311=CARTESIAN_POINT('Origin',(-9.5,18.0508903248235,18.8099824161475));
#3312=CARTESIAN_POINT('',(-13.,18.351376509999,20.94805272014));
#3313=CARTESIAN_POINT('Origin',(-9.5,18.351376509999,20.94805272014));
#3314=CARTESIAN_POINT('',(-13.,16.402953096558,7.08429975775803));
#3315=CARTESIAN_POINT('Origin',(-13.,57.0922980283635,1.36578525754858));
#3316=CARTESIAN_POINT('',(-13.,83.7151081651513,11.7617793140618));
#3317=CARTESIAN_POINT('',(-13.,50.8298523770902,16.3835006119175));
#3318=CARTESIAN_POINT('',(-13.,83.4146219799757,9.62370901006923));
#3319=CARTESIAN_POINT('',(-13.,81.7666847517104,-2.10197364832019));
#3320=CARTESIAN_POINT('',(-13.,57.0995404362006,13.3220525354929));
#3321=CARTESIAN_POINT('Origin',(-9.5,50.8298523770902,16.3835006119175));
#3322=CARTESIAN_POINT('',(-9.5,84.2022140185115,15.2277175546573));
#3323=CARTESIAN_POINT('',(-9.5,51.3169582304505,19.849438852513));
#3324=CARTESIAN_POINT('Origin',(-9.5,83.7151081651513,11.7617793140618));
#3325=CARTESIAN_POINT('Origin',(-4.97255628261795,13.1276025739101,7.54462025415389));
#3326=CARTESIAN_POINT('',(-4.97255628261795,14.8982618115083,-5.00502248812692));
#3327=CARTESIAN_POINT('Origin',(-4.97255628261795,11.4323235709128,-4.51791663476671));
#3328=CARTESIAN_POINT('',(-4.97255628261794,18.241478042771,18.7831970591831));
#3329=CARTESIAN_POINT('Origin',(-4.97255628261794,14.7755398021755,19.2703029125433));
#3330=CARTESIAN_POINT('',(-4.97255628261795,16.5935408145056,7.05751440079366));
#3331=CARTESIAN_POINT('Origin',(-34.0220000000001,18.241478042771,18.7831970591831));
#3332=CARTESIAN_POINT('',(-34.0220000000001,18.241478042771,18.7831970591831));
#3333=CARTESIAN_POINT('',(-1.,14.8982618115083,-5.00502248812691));
#3334=CARTESIAN_POINT('Origin',(-9.5,79.8182613382694,-15.9657266107022));
#3335=CARTESIAN_POINT('',(-9.5,83.2841995788649,-16.4528324640624));
#3336=CARTESIAN_POINT('Origin',(-9.5,79.8182613382694,-15.9657266107022));
#3337=CARTESIAN_POINT('Origin',(-9.5,79.8182613382694,-15.9657266107022));
#3338=CARTESIAN_POINT('Origin',(-11.,79.8182613382694,-15.9657266107022));
#3339=CARTESIAN_POINT('',(-1.,79.3311554849092,-19.4316648512977));
#3340=CARTESIAN_POINT('',(-1.,83.2841995788649,-16.4528324640624));
#3341=CARTESIAN_POINT('Origin',(-1.,79.8182613382694,-15.9657266107022));
#3342=CARTESIAN_POINT('',(-11.,79.3311554849092,-19.4316648512977));
#3343=CARTESIAN_POINT('',(-11.,83.2841995788649,-16.4528324640624));
#3344=CARTESIAN_POINT('Origin',(-9.5,83.7151081651513,11.7617793140618));
#3345=CARTESIAN_POINT('',(-9.5,87.1810464057468,11.2746734607016));
#3346=CARTESIAN_POINT('Origin',(-9.5,83.7151081651513,11.7617793140618));
#3347=CARTESIAN_POINT('Origin',(-9.5,83.7151081651513,11.7617793140618));
#3348=CARTESIAN_POINT('Origin',(-11.,83.7151081651513,11.7617793140618));
#3349=CARTESIAN_POINT('',(-1.,87.1810464057468,11.2746734607016));
#3350=CARTESIAN_POINT('',(-1.,84.2022140185115,15.2277175546573));
#3351=CARTESIAN_POINT('Origin',(-1.,83.7151081651513,11.7617793140618));
#3352=CARTESIAN_POINT('',(-11.,87.1810464057468,11.2746734607016));
#3353=CARTESIAN_POINT('',(-11.,84.2022140185115,15.2277175546573));
#3354=CARTESIAN_POINT('Origin',(-9.5,81.7666847517104,-2.10197364832019));
#3355=CARTESIAN_POINT('',(-12.9950349220538,83.5991705797147,9.59777239581875));
#3356=CARTESIAN_POINT('Origin',(-9.5,83.4146219799757,9.62370901006922));
#3357=CARTESIAN_POINT('',(-9.5,85.2326229923059,-2.58907950168042));
#3358=CARTESIAN_POINT('',(-13.,80.0714057487131,-14.1645105372408));
#3359=CARTESIAN_POINT('',(-13.,81.7666847517104,-2.10197364832019));
#3360=CARTESIAN_POINT('',(-12.9950349220538,80.255954348452,-14.1904471514912));
#3361=CARTESIAN_POINT('Origin',(-9.5,80.0714057487131,-14.1645105372408));
#3362=CARTESIAN_POINT('',(-12.9950349220538,81.9512333514493,-2.12791026257066));
#3363=CARTESIAN_POINT('Origin',(-11.,38.235030632134,-13.655981161455));
#3364=CARTESIAN_POINT('',(-1.,54.0844440191337,-15.8834709484072));
#3365=CARTESIAN_POINT('Origin',(-11.,85.2326229923059,-2.58907950168042));
#3366=CARTESIAN_POINT('',(-0.999999999999999,85.2539287571923,-2.43748110729536));
#3367=CARTESIAN_POINT('Origin',(-11.,43.1060891657363,21.0034012445));
#3368=CARTESIAN_POINT('',(-1.,55.4915801017683,19.2627340101512));
#3369=CARTESIAN_POINT('',(12.5,55.4915801017683,19.2627340101512));
#3370=CARTESIAN_POINT('',(-0.999999999999994,58.955502552736,18.7759114575478));
#3371=CARTESIAN_POINT('Origin',(-13.,57.0922980283635,1.36578525754858));
#3372=CARTESIAN_POINT('',(-13.,27.2566940614238,-6.741886872143));
#3373=CARTESIAN_POINT('Origin',(-1.,72.4119982027074,-0.478072743611744));
#3374=CARTESIAN_POINT('Origin',(-1.,72.4119982027074,-0.478072743611744));
#3375=CARTESIAN_POINT('Origin',(25.,72.4119982027074,-0.47807274361175));
#3376=CARTESIAN_POINT('',(26.,72.4119982027074,24.5219272563883));
#3377=CARTESIAN_POINT('Origin',(26.,72.4119982027074,-0.47807274361175));
#3378=CARTESIAN_POINT('Origin',(25.,72.4119982027074,24.5219272563883));
#3379=CARTESIAN_POINT('Origin',(25.,72.4119982027074,-0.47807274361175));
#3380=CARTESIAN_POINT('Origin',(12.5,72.4119982027074,-0.478072743611747));
#3381=CARTESIAN_POINT('',(-0.202378564593269,50.9428083096323,14.1873248075998));
#3382=CARTESIAN_POINT('',(12.5,50.9428083096323,14.1873248075998));
#3383=CARTESIAN_POINT('',(-0.202378564593223,71.6177320130881,25.5097925250101));
#3384=CARTESIAN_POINT('Origin',(-0.202378564593269,72.4119982027074,-0.478072743611744));
#3385=CARTESIAN_POINT('Ctrl Pts',(25.,47.1134421534249,5.52051557542715));
#3386=CARTESIAN_POINT('Ctrl Pts',(25.0000000000017,47.2642949337063,6.15672484903677));
#3387=CARTESIAN_POINT('Ctrl Pts',(24.9743995962587,47.4393900289512,6.78826660489461));
#3388=CARTESIAN_POINT('Ctrl Pts',(24.7276305971722,48.3993674137237,9.80177382001919));
#3389=CARTESIAN_POINT('Ctrl Pts',(24.167693271994,49.481388211302,12.0041917355295));
#3390=CARTESIAN_POINT('Ctrl Pts',(22.2668600238418,52.4424530638798,16.4321720601037));
#3391=CARTESIAN_POINT('Ctrl Pts',(20.7977992401207,54.4078158631591,18.4647296922782));
#3392=CARTESIAN_POINT('Ctrl Pts',(16.3740143108286,59.805363452502,22.6428200134933));
#3393=CARTESIAN_POINT('Ctrl Pts',(13.2018492376152,63.2646290125412,24.0278347616905));
#3394=CARTESIAN_POINT('Ctrl Pts',(8.41922305126369,67.6296285987725,25.1306365824474));
#3395=CARTESIAN_POINT('Ctrl Pts',(6.70968749375615,69.0019690202809,25.3161418450876));
#3396=CARTESIAN_POINT('Ctrl Pts',(3.67963484884887,70.8188131119899,25.4866616341958));
#3397=CARTESIAN_POINT('Ctrl Pts',(2.58437929172775,71.2206534150733,25.495421071406));
#3398=CARTESIAN_POINT('Ctrl Pts',(1.06810428280593,71.5678972613275,25.5086168672655));
#3399=CARTESIAN_POINT('Ctrl Pts',(0.439482301145651,71.635653566827,25.5103402608109));
#3400=CARTESIAN_POINT('Ctrl Pts',(-0.202378564593239,71.6177320130887,25.5097925250099));
#3401=CARTESIAN_POINT('Origin',(26.,72.4119982027074,-0.47807274361175));
#3402=CARTESIAN_POINT('',(26.,72.4119982027074,-21.4780727436117));
#3403=CARTESIAN_POINT('Origin',(26.,72.4119982027074,-0.478072743611744));
#3404=CARTESIAN_POINT('Origin',(25.,72.4119982027074,-0.478072743611744));
#3405=CARTESIAN_POINT('',(25.,72.4119982027074,-20.4780727436117));
#3406=CARTESIAN_POINT('Origin',(25.,72.4119982027074,-21.4780727436117));
#3407=CARTESIAN_POINT('',(25.,52.4119982027074,-0.478072743611741));
#3408=CARTESIAN_POINT('Origin',(25.,72.4119982027074,-0.478072743611744));
#3409=CARTESIAN_POINT('Origin',(25.,72.4119982027074,-0.478072743611744));
#3410=CARTESIAN_POINT('Origin',(23.,72.4119982027074,-0.478072743611743));
#3411=CARTESIAN_POINT('',(20.,52.4119982027074,-0.47807274361174));
#3412=CARTESIAN_POINT('',(23.,52.4119982027074,-0.478072743611741));
#3413=CARTESIAN_POINT('Origin',(20.,72.4119982027074,-0.478072743611743));
#3414=CARTESIAN_POINT('Origin',(27.,72.4119982027074,-0.47807274361174));
#3415=CARTESIAN_POINT('',(28.,72.4119982027074,13.5219272563883));
#3416=CARTESIAN_POINT('Origin',(28.,72.4119982027074,-0.47807274361174));
#3417=CARTESIAN_POINT('',(27.,72.4119982027074,14.5219272563883));
#3418=CARTESIAN_POINT('Origin',(27.,72.4119982027074,13.5219272563883));
#3419=CARTESIAN_POINT('Origin',(27.,72.4119982027074,-0.47807274361174));
#3420=CARTESIAN_POINT('Origin',(28.,72.4119982027074,-0.47807274361174));
#3421=CARTESIAN_POINT('',(28.,72.4119982027074,-13.9780727436117));
#3422=CARTESIAN_POINT('Origin',(28.,72.4119982027074,-0.478072743611734));
#3423=CARTESIAN_POINT('Origin',(24.,72.4119982027074,-0.478072743611739));
#3424=CARTESIAN_POINT('',(20.,72.4119982027074,14.5219272563883));
#3425=CARTESIAN_POINT('',(24.,72.4119982027074,14.5219272563883));
#3426=CARTESIAN_POINT('Origin',(20.,72.4119982027074,-0.478072743611738));
#3427=CARTESIAN_POINT('Origin',(27.,72.4119982027074,-0.478072743611734));
#3428=CARTESIAN_POINT('',(27.,72.4119982027074,-12.9780727436117));
#3429=CARTESIAN_POINT('Origin',(27.,72.4119982027074,-13.9780727436117));
#3430=CARTESIAN_POINT('',(27.,59.9119982027074,-0.478072743611732));
#3431=CARTESIAN_POINT('Origin',(27.,72.4119982027074,-0.478072743611734));
#3432=CARTESIAN_POINT('Origin',(27.,72.4119982027074,-0.478072743611734));
#3433=CARTESIAN_POINT('Origin',(24.5,72.4119982027074,-0.478072743611733));
#3434=CARTESIAN_POINT('',(21.,59.9119982027074,-0.478072743611731));
#3435=CARTESIAN_POINT('',(24.5,59.9119982027074,-0.478072743611731));
#3436=CARTESIAN_POINT('Origin',(21.,72.4119982027074,-0.478072743611732));
#3437=CARTESIAN_POINT('Origin',(28.,72.4119982027074,-0.478072743611729));
#3438=CARTESIAN_POINT('',(29.,72.4119982027074,6.02192725638827));
#3439=CARTESIAN_POINT('Origin',(29.,72.4119982027074,-0.478072743611729));
#3440=CARTESIAN_POINT('',(28.,72.4119982027074,7.02192725638827));
#3441=CARTESIAN_POINT('Origin',(28.,72.4119982027074,6.02192725638827));
#3442=CARTESIAN_POINT('Origin',(28.,72.4119982027074,-0.478072743611729));
#3443=CARTESIAN_POINT('Origin',(25.,72.4119982027074,-0.478072743611728));
#3444=CARTESIAN_POINT('',(21.,72.4119982027074,7.02192725638827));
#3445=CARTESIAN_POINT('',(25.,72.4119982027074,7.02192725638827));
#3446=CARTESIAN_POINT('Origin',(21.,72.4119982027074,-0.478072743611728));
#3447=CARTESIAN_POINT('Origin',(29.,72.4119982027074,-0.478072743611729));
#3448=CARTESIAN_POINT('Origin',(21.,72.4119982027074,-0.478072743611732));
#3449=CARTESIAN_POINT('Origin',(20.,72.4119982027074,-0.478072743611743));
#3450=CARTESIAN_POINT('Origin',(-34.0220000000001,83.5991705797147,9.59777239581875));
#3451=CARTESIAN_POINT('',(18.978,83.5991705797147,9.59777239581876));
#3452=CARTESIAN_POINT('',(-34.0220000000001,83.5991705797147,9.59777239581875));
#3453=CARTESIAN_POINT('',(18.9779999999999,18.241478042771,18.7831970591831));
#3454=CARTESIAN_POINT('',(18.9779999999999,50.9203243112428,14.1904847275009));
#3455=CARTESIAN_POINT('',(-0.202378564593282,18.241478042771,18.7831970591831));
#3456=CARTESIAN_POINT('',(-34.0220000000001,18.241478042771,18.7831970591831));
#3457=CARTESIAN_POINT('',(-0.202378564593284,91.5253371935699,8.48382232391732));
#3458=CARTESIAN_POINT('Origin',(-34.0220000000001,18.241478042771,18.7831970591831));
#3459=CARTESIAN_POINT('',(-0.202378564593282,14.8982618115083,-5.00502248812691));
#3460=CARTESIAN_POINT('',(-0.202378564593282,13.5157261390585,-14.8422749519929));
#3461=CARTESIAN_POINT('',(18.9779999999999,14.8982618115083,-5.00502248812691));
#3462=CARTESIAN_POINT('',(18.9779999999999,16.5698699271397,6.8890872855281));
#3463=CARTESIAN_POINT('',(-34.0220000000001,14.8982618115083,-5.00502248812692));
#3464=CARTESIAN_POINT('Origin',(-34.0220000000001,80.255954348452,-14.1904471514912));
#3465=CARTESIAN_POINT('',(18.9779999999999,80.255954348452,-14.1904471514912));
#3466=CARTESIAN_POINT('',(-34.0220000000001,80.255954348452,-14.1904471514913));
#3467=CARTESIAN_POINT('',(18.9779999999999,81.9275624640833,-2.29633737783623));
#3468=CARTESIAN_POINT('Origin',(-34.0220000000001,14.8982618115083,-5.00502248812692));
#3469=CARTESIAN_POINT('',(-0.202378564593284,55.5032746938354,-10.7116848917105));
#3470=CARTESIAN_POINT('',(18.978,47.5771080799802,-9.59773481980907));
#3471=CARTESIAN_POINT('Origin',(18.9779999999999,49.2487161956115,2.29637495384594));
#3472=CARTESIAN_POINT('Origin',(-0.202378564593282,90.,-59.881071770336));
#3473=CARTESIAN_POINT('',(-0.20237856459333,-26.2789226985488,-16.5390708820342));
#3474=CARTESIAN_POINT('Origin',(-0.202378564593282,0.,-240.));
#3475=CARTESIAN_POINT('',(-0.202378564593341,-31.6300371156264,33.1741023915636));
#3476=CARTESIAN_POINT('Origin',(-0.202378564593296,-60.0000000000001,4.97578318741127));
#3477=CARTESIAN_POINT('Origin',(-0.202378564593282,0.,-240.));
#3478=CARTESIAN_POINT('Origin',(21.759826988076,-58.6351397601918,3.5970508443237));
#3479=CARTESIAN_POINT('',(26.759826988076,-58.6351397601918,23.5970508443237));
#3480=CARTESIAN_POINT('Origin',(26.759826988076,-58.6351397601918,3.5970508443237));
#3481=CARTESIAN_POINT('',(21.759826988076,-58.6351397601918,28.5970508443237));
#3482=CARTESIAN_POINT('Origin',(21.759826988076,-58.6351397601918,23.5970508443237));
#3483=CARTESIAN_POINT('',(21.7598269876441,-35.1304548420836,-4.91939130603802));
#3484=CARTESIAN_POINT('Origin',(21.759826988076,-58.6351397601918,3.5970508443237));
#3485=CARTESIAN_POINT('',(21.759826988076,-39.2298184217933,19.358824340777));
#3486=CARTESIAN_POINT('Ctrl Pts',(21.7598269880755,-39.2298184217939,19.3588243407777));
#3487=CARTESIAN_POINT('Ctrl Pts',(22.2111082428906,-38.646166286643,18.640253094021));
#3488=CARTESIAN_POINT('Ctrl Pts',(22.6533769825435,-38.1282456551101,17.8239223362402));
#3489=CARTESIAN_POINT('Ctrl Pts',(23.8421704300812,-36.8084120776463,15.1457318031572));
#3490=CARTESIAN_POINT('Ctrl Pts',(24.4126159995037,-36.265089910815,13.201710358247));
#3491=CARTESIAN_POINT('Ctrl Pts',(24.8395544374562,-35.6691237677546,10.4046272049689));
#3492=CARTESIAN_POINT('Ctrl Pts',(24.9189186620225,-35.5240605762778,9.64219974933713));
#3493=CARTESIAN_POINT('Ctrl Pts',(24.9923671917633,-35.2896998384372,8.33374731839008));
#3494=CARTESIAN_POINT('Ctrl Pts',(25.0045933231877,-35.196319876812,7.78809226908567));
#3495=CARTESIAN_POINT('Ctrl Pts',(24.9919100763136,-35.0106039747793,6.65990642106352));
#3496=CARTESIAN_POINT('Ctrl Pts',(24.9643888309452,-34.9185583889428,6.07617474392262));
#3497=CARTESIAN_POINT('Ctrl Pts',(24.8352163820383,-34.6891163226113,4.52068754774144));
#3498=CARTESIAN_POINT('Ctrl Pts',(24.6957521414578,-34.5620828989285,3.54865614693517));
#3499=CARTESIAN_POINT('Ctrl Pts',(24.2464636466885,-34.3597601592604,1.34325408031073));
#3500=CARTESIAN_POINT('Ctrl Pts',(23.9001357750759,-34.311559807966,0.121637778963072));
#3501=CARTESIAN_POINT('Ctrl Pts',(22.9564625058138,-34.4664986879597,-2.49867966683021));
#3502=CARTESIAN_POINT('Ctrl Pts',(22.3673587852084,-34.7144677436698,-3.77130088242847));
#3503=CARTESIAN_POINT('Ctrl Pts',(21.7598269872969,-35.1304548420257,-4.91939130587823));
#3504=CARTESIAN_POINT('Origin',(21.759826988076,-58.6351397601918,3.5970508443237));
#3505=CARTESIAN_POINT('Origin',(20.759826988076,-58.6351397601918,3.5970508443237));
#3506=CARTESIAN_POINT('',(11.759826988076,-50.6833933181119,27.2987328209445));
#3507=CARTESIAN_POINT('Ctrl Pts',(11.759826988076,-50.6833933181119,27.2987328209445));
#3508=CARTESIAN_POINT('Ctrl Pts',(13.732023966333,-48.6456917751189,26.6150983847682));
#3509=CARTESIAN_POINT('Ctrl Pts',(15.6047153814437,-46.5803919349266,25.6264909963861));
#3510=CARTESIAN_POINT('Ctrl Pts',(18.9840049017074,-42.6925330142526,22.9940515629799));
#3511=CARTESIAN_POINT('Ctrl Pts',(20.5070390435944,-40.8500770762048,21.3536277711936));
#3512=CARTESIAN_POINT('Ctrl Pts',(21.759826988076,-39.2298184217933,19.358824340777));
#3513=CARTESIAN_POINT('',(11.759826988076,-63.9224108148546,-20.8374486347842));
#3514=CARTESIAN_POINT('Origin',(11.759826988076,-58.6351397601918,3.59705084432371));
#3515=CARTESIAN_POINT('',(12.4041784931282,-63.922410814855,-20.8374486347831));
#3516=CARTESIAN_POINT('',(20.759826988076,-63.9224108148546,-20.8374486347842));
#3517=CARTESIAN_POINT('',(11.759826988076,-63.1670105981753,-20.9887610541643));
#3518=CARTESIAN_POINT('Ctrl Pts',(11.759826988076,-63.1670105981753,-20.9887610541643));
#3519=CARTESIAN_POINT('Ctrl Pts',(11.9744052396638,-63.4188217968632,-20.9423450223195));
#3520=CARTESIAN_POINT('Ctrl Pts',(12.1893010807924,-63.6706396820852,-20.8919282538093));
#3521=CARTESIAN_POINT('Ctrl Pts',(12.4041784931273,-63.9224108148559,-20.8374486347839));
#3522=CARTESIAN_POINT('',(11.759826988076,-43.4119797386785,-16.2336172977082));
#3523=CARTESIAN_POINT('Origin',(11.759826988076,-58.6351397601918,3.59705084432371));
#3524=CARTESIAN_POINT('Ctrl Pts',(21.759826987298,-35.1304548420249,-4.9193913058761));
#3525=CARTESIAN_POINT('Ctrl Pts',(21.1324272663197,-35.5600458367176,-6.10502737265745));
#3526=CARTESIAN_POINT('Ctrl Pts',(20.4353790290219,-36.0687755831134,-7.22898549926783));
#3527=CARTESIAN_POINT('Ctrl Pts',(17.313201434698,-38.4548715382239,-11.6455224424583));
#3528=CARTESIAN_POINT('Ctrl Pts',(14.4607007733205,-40.8554760718098,-14.2710982268636));
#3529=CARTESIAN_POINT('Ctrl Pts',(11.759826988076,-43.4119797386785,-16.2336172977082));
#3530=CARTESIAN_POINT('Origin',(26.759826988076,-58.6351397601918,3.5970508443237));
#3531=CARTESIAN_POINT('',(26.759826988076,-76.1351397601918,3.5970508443237));
#3532=CARTESIAN_POINT('Origin',(26.759826988076,-58.6351397601918,3.5970508443237));
#3533=CARTESIAN_POINT('Origin',(1.7055158582983,-59.0000008791685,3.50000005215407));
#3534=CARTESIAN_POINT('',(-0.294484141701703,-63.4000008791685,3.50000005215406));
#3535=CARTESIAN_POINT('Origin',(-0.294484141701703,-59.0000008791685,3.50000005215407));
#3536=CARTESIAN_POINT('',(1.25982698807597,-63.4000008791685,3.50000005215407));
#3537=CARTESIAN_POINT('',(1.7055158582983,-63.4000008791685,3.50000005215407));
#3538=CARTESIAN_POINT('Origin',(1.25982698807597,-59.0000008791685,3.50000005215407));
#3539=CARTESIAN_POINT('Origin',(-46.7148478368042,-55.9649386661543,5.72356662390257));
#3540=CARTESIAN_POINT('',(1.25982698807597,-52.5176984826347,5.78893343096331));
#3541=CARTESIAN_POINT('Origin',(1.25982698807597,-51.7676984826347,5.72356662390257));
#3542=CARTESIAN_POINT('',(-0.294484141701705,-52.6536830860825,5.78893343096331));
#3543=CARTESIAN_POINT('',(-46.6497297701791,-56.7092415735339,5.78893343096331));
#3544=CARTESIAN_POINT('Origin',(-0.294484141701705,-51.9036830860825,5.72356662390257));
#3545=CARTESIAN_POINT('Origin',(-46.6884451557973,-56.2667226909962,2.73890093059857));
#3546=CARTESIAN_POINT('',(1.25982698807597,-52.8217924427515,2.80426773765931));
#3547=CARTESIAN_POINT('Origin',(1.25982698807597,-52.0717924427515,2.73890093059857));
#3548=CARTESIAN_POINT('',(-0.294484141701705,-52.9577770461992,2.80426773765931));
#3549=CARTESIAN_POINT('',(-46.6233270891722,-57.0110255983758,2.80426773765931));
#3550=CARTESIAN_POINT('Origin',(-0.294484141701705,-52.2077770461992,2.73890093059857));
#3551=CARTESIAN_POINT('Origin',(-46.6620424747904,-56.5685067158382,-0.245764762705432));
#3552=CARTESIAN_POINT('',(1.25982698807597,-53.1258864028682,-0.180397955644691));
#3553=CARTESIAN_POINT('Origin',(1.25982698807597,-52.3758864028682,-0.245764762705435));
#3554=CARTESIAN_POINT('',(-0.294484141701705,-53.2618710063159,-0.180397955644691));
#3555=CARTESIAN_POINT('',(-46.5969244081653,-57.3128096232178,-0.180397955644688));
#3556=CARTESIAN_POINT('Origin',(-0.294484141701705,-52.5118710063159,-0.245764762705435));
#3557=CARTESIAN_POINT('Origin',(-46.2799978929767,-60.9352962679551,-3.82140329939077));
#3558=CARTESIAN_POINT('',(1.25982698807597,-57.5261005248553,-3.75603649233003));
#3559=CARTESIAN_POINT('Origin',(1.25982698807597,-56.7761005248553,-3.82140329939077));
#3560=CARTESIAN_POINT('',(-0.294484141701705,-57.6620851283031,-3.75603649233002));
#3561=CARTESIAN_POINT('',(-46.2148798263516,-61.6795991753347,-3.75603649233002));
#3562=CARTESIAN_POINT('Origin',(-0.294484141701705,-56.9120851283031,-3.82140329939077));
#3563=CARTESIAN_POINT('Origin',(-95.3315046931648,-68.22281367321,-3.51846650860076));
#3564=CARTESIAN_POINT('',(1.25982698807597,-60.522167156229,-3.45309970154002));
#3565=CARTESIAN_POINT('Origin',(1.25982698807597,-59.772167156229,-3.51846650860077));
#3566=CARTESIAN_POINT('',(-0.294484141701705,-60.6581517596767,-3.45309970154002));
#3567=CARTESIAN_POINT('',(-95.2663866265397,-68.9671165805895,-3.45309970154002));
#3568=CARTESIAN_POINT('Origin',(-0.294484141701705,-59.9081517596767,-3.51846650860077));
#3569=CARTESIAN_POINT('Origin',(-45.75973638227,-66.8819125464467,-3.21552971781076));
#3570=CARTESIAN_POINT('',(1.25982698807597,-63.5182337876026,-3.15016291075002));
#3571=CARTESIAN_POINT('Origin',(1.25982698807597,-62.7682337876026,-3.21552971781077));
#3572=CARTESIAN_POINT('',(-0.294484141701705,-63.6542183910503,-3.15016291075002));
#3573=CARTESIAN_POINT('',(-45.6946183156449,-67.6262154538262,-3.15016291075002));
#3574=CARTESIAN_POINT('Origin',(-0.294484141701705,-62.9042183910503,-3.21552971781077));
#3575=CARTESIAN_POINT('Origin',(-50.9271697893126,-70.9233012840972,1.16794026098124));
#3576=CARTESIAN_POINT('',(1.25982698807597,-67.1075306826118,1.23330706804198));
#3577=CARTESIAN_POINT('Origin',(1.25982698807597,-66.3575306826118,1.16794026098124));
#3578=CARTESIAN_POINT('',(-0.294484141701705,-67.2435152860595,1.23330706804198));
#3579=CARTESIAN_POINT('',(-50.8620517226875,-71.6676041914768,1.23330706804199));
#3580=CARTESIAN_POINT('Origin',(-0.294484141701705,-66.4935152860595,1.16794026098124));
#3581=CARTESIAN_POINT('Origin',(-45.4745016308149,-70.1421606741432,4.15260595428524));
#3582=CARTESIAN_POINT('',(1.25982698807597,-66.8034367224951,4.21797276134598));
#3583=CARTESIAN_POINT('Origin',(1.25982698807597,-66.0534367224951,4.15260595428524));
#3584=CARTESIAN_POINT('',(-0.294484141701705,-66.9394213259428,4.21797276134598));
#3585=CARTESIAN_POINT('',(-45.4093835641898,-70.8864635815228,4.21797276134599));
#3586=CARTESIAN_POINT('Origin',(-0.294484141701705,-66.1894213259428,4.15260595428524));
#3587=CARTESIAN_POINT('Origin',(-45.5009043118218,-69.8403766493013,7.13727164758924));
#3588=CARTESIAN_POINT('',(1.25982698807597,-66.4993427623783,7.20263845464998));
#3589=CARTESIAN_POINT('Origin',(1.25982698807597,-65.7493427623783,7.13727164758924));
#3590=CARTESIAN_POINT('',(-0.294484141701705,-66.6353273658261,7.20263845464999));
#3591=CARTESIAN_POINT('',(-45.4357862451967,-70.5846795566808,7.20263845464999));
#3592=CARTESIAN_POINT('Origin',(-0.294484141701705,-65.8853273658261,7.13727164758924));
#3593=CARTESIAN_POINT('Origin',(-45.8829488936355,-65.4735870971843,10.7129101842746));
#3594=CARTESIAN_POINT('',(1.25982698807597,-62.0991286403912,10.7782769913353));
#3595=CARTESIAN_POINT('Origin',(1.25982698807597,-61.3491286403912,10.7129101842746));
#3596=CARTESIAN_POINT('',(-0.294484141701705,-62.2351132438389,10.7782769913353));
#3597=CARTESIAN_POINT('',(-45.8178308270104,-66.2178900045639,10.7782769913353));
#3598=CARTESIAN_POINT('Origin',(-0.294484141701705,-61.4851132438389,10.7129101842746));
#3599=CARTESIAN_POINT('Origin',(-46.4032104043422,-59.5269708186928,10.1070366026946));
#3600=CARTESIAN_POINT('',(1.25982698807597,-56.106995377644,10.1724034097553));
#3601=CARTESIAN_POINT('Origin',(1.25982698807597,-55.356995377644,10.1070366026946));
#3602=CARTESIAN_POINT('',(-0.294484141701705,-56.2429799810917,10.1724034097553));
#3603=CARTESIAN_POINT('',(-46.3380923377171,-60.2712737260724,10.1724034097553));
#3604=CARTESIAN_POINT('Origin',(-0.294484141701705,-55.4929799810917,10.1070366026946));
#3605=CARTESIAN_POINT('Origin',(-46.1430796489888,-62.5002789579385,10.4099733934846));
#3606=CARTESIAN_POINT('',(1.25982698807597,-59.1030620090176,10.4753402005453));
#3607=CARTESIAN_POINT('Origin',(1.25982698807597,-58.3530620090176,10.4099733934846));
#3608=CARTESIAN_POINT('',(-0.294484141701705,-59.2390466124653,10.4753402005453));
#3609=CARTESIAN_POINT('',(-46.0779615823637,-63.2445818653181,10.4753402005453));
#3610=CARTESIAN_POINT('Origin',(-0.294484141701705,-58.4890466124653,10.4099733934846));
#3611=CARTESIAN_POINT('Origin',(1.50982698807597,-59.0000008791685,3.50000005215406));
#3612=CARTESIAN_POINT('',(1.75982698807598,-69.5000008791685,3.50000005215407));
#3613=CARTESIAN_POINT('Origin',(1.75982698807597,-59.0000008791685,3.50000005215406));
#3614=CARTESIAN_POINT('',(1.25982698807597,-69.5000008791685,3.50000005215407));
#3615=CARTESIAN_POINT('',(1.50982698807597,-69.5000008791685,3.50000005215407));
#3616=CARTESIAN_POINT('Origin',(1.25982698807597,-59.0000008791685,3.50000005215406));
#3617=CARTESIAN_POINT('Origin',(1.25982698807597,-59.0000008791685,3.50000005215406));
#3618=CARTESIAN_POINT('Origin',(15.2055158582983,-40.0000005960464,-22.0000003278255));
#3619=CARTESIAN_POINT('',(18.7055158582983,-42.5000005960464,-22.0000003278255));
#3620=CARTESIAN_POINT('Origin',(18.7055158582983,-40.0000005960464,-22.0000003278255));
#3621=CARTESIAN_POINT('',(11.7055158582983,-42.5000005960464,-22.0000003278255));
#3622=CARTESIAN_POINT('',(15.2055158582983,-42.5000005960464,-22.0000003278255));
#3623=CARTESIAN_POINT('Origin',(11.7055158582983,-40.0000005960464,-22.0000003278255));
#3624=CARTESIAN_POINT('Origin',(11.7055158582983,-40.0000005960464,-22.0000003278255));
#3625=CARTESIAN_POINT('Origin',(15.2055158582983,-54.39689536711,-28.0272409418669));
#3626=CARTESIAN_POINT('',(18.7055158582983,-56.89689536711,-28.0272409418669));
#3627=CARTESIAN_POINT('Origin',(18.7055158582983,-54.39689536711,-28.0272409418669));
#3628=CARTESIAN_POINT('',(11.7055158582983,-56.89689536711,-28.0272409418669));
#3629=CARTESIAN_POINT('',(15.2055158582983,-56.89689536711,-28.0272409418669));
#3630=CARTESIAN_POINT('Origin',(11.7055158582983,-54.39689536711,-28.0272409418669));
#3631=CARTESIAN_POINT('Origin',(11.7055158582983,-54.39689536711,-28.0272409418669));
#3632=CARTESIAN_POINT('Origin',(15.2055158582983,-69.0544820774488,-27.6198744437718));
#3633=CARTESIAN_POINT('',(18.7055158582983,-71.5544820774488,-27.6198744437718));
#3634=CARTESIAN_POINT('Origin',(18.7055158582983,-69.0544820774488,-27.6198744437718));
#3635=CARTESIAN_POINT('',(11.7055158582983,-71.5544820774488,-27.6198744437718));
#3636=CARTESIAN_POINT('',(15.2055158582983,-71.5544820774488,-27.6198744437718));
#3637=CARTESIAN_POINT('Origin',(11.7055158582983,-69.0544820774488,-27.6198744437718));
#3638=CARTESIAN_POINT('Origin',(11.7055158582983,-69.0544820774488,-27.6198744437718));
#3639=CARTESIAN_POINT('Origin',(15.2055158582983,-81.7120687579855,-19.4293111093924));
#3640=CARTESIAN_POINT('',(18.7055158582983,-84.2120687579855,-19.4293111093924));
#3641=CARTESIAN_POINT('Origin',(18.7055158582983,-81.7120687579855,-19.4293111093924));
#3642=CARTESIAN_POINT('',(11.7055158582983,-84.2120687579855,-19.4293111093924));
#3643=CARTESIAN_POINT('',(15.2055158582983,-84.2120687579855,-19.4293111093924));
#3644=CARTESIAN_POINT('Origin',(11.7055158582983,-81.7120687579855,-19.4293111093924));
#3645=CARTESIAN_POINT('Origin',(11.7055158582983,-81.7120687579855,-19.4293111093924));
#3646=CARTESIAN_POINT('Origin',(15.2055158582983,-89.4848803860172,-6.90671941048233));
#3647=CARTESIAN_POINT('',(18.7055158582983,-91.9848803860172,-6.90671941048233));
#3648=CARTESIAN_POINT('Origin',(18.7055158582983,-89.4848803860172,-6.90671941048233));
#3649=CARTESIAN_POINT('',(11.7055158582983,-91.9848803860172,-6.90671941048233));
#3650=CARTESIAN_POINT('',(15.2055158582983,-91.9848803860172,-6.90671941048233));
#3651=CARTESIAN_POINT('Origin',(11.7055158582983,-89.4848803860172,-6.90671941048233));
#3652=CARTESIAN_POINT('Origin',(11.7055158582983,-89.4848803860172,-6.90671941048233));
#3653=CARTESIAN_POINT('Origin',(15.2055158582983,-92.1811798347041,7.23766053113341));
#3654=CARTESIAN_POINT('',(18.7055158582983,-94.6811798347041,7.23766053113341));
#3655=CARTESIAN_POINT('Origin',(18.7055158582983,-92.1811798347041,7.23766053113341));
#3656=CARTESIAN_POINT('',(11.7055158582983,-94.6811798347041,7.23766053113342));
#3657=CARTESIAN_POINT('',(15.2055158582983,-94.6811798347041,7.23766053113341));
#3658=CARTESIAN_POINT('Origin',(11.7055158582983,-92.1811798347041,7.23766053113342));
#3659=CARTESIAN_POINT('Origin',(11.7055158582983,-92.1811798347041,7.23766053113342));
#3660=CARTESIAN_POINT('Origin',(15.2055158582983,-87.5529214391656,21.1999482794675));
#3661=CARTESIAN_POINT('',(18.7055158582983,-90.0529214391656,21.1999482794675));
#3662=CARTESIAN_POINT('Origin',(18.7055158582983,-87.5529214391656,21.1999482794675));
#3663=CARTESIAN_POINT('',(11.7055158582983,-90.0529214391656,21.1999482794675));
#3664=CARTESIAN_POINT('',(15.2055158582983,-90.0529214391656,21.1999482794675));
#3665=CARTESIAN_POINT('Origin',(11.7055158582983,-87.5529214391656,21.1999482794675));
#3666=CARTESIAN_POINT('Origin',(11.7055158582983,-87.5529214391656,21.1999482794675));
#3667=CARTESIAN_POINT('Origin',(15.2055158582983,-77.5152088298718,32.0764258542811));
#3668=CARTESIAN_POINT('',(18.7055158582983,-80.0152088298718,32.0764258542811));
#3669=CARTESIAN_POINT('Origin',(18.7055158582983,-77.5152088298718,32.0764258542811));
#3670=CARTESIAN_POINT('',(11.7055158582983,-80.0152088298718,32.0764258542811));
#3671=CARTESIAN_POINT('',(15.2055158582983,-80.0152088298718,32.0764258542811));
#3672=CARTESIAN_POINT('Origin',(11.7055158582983,-77.5152088298718,32.0764258542811));
#3673=CARTESIAN_POINT('Origin',(11.7055158582983,-77.5152088298718,32.0764258542811));
#3674=CARTESIAN_POINT('Origin',(15.2055158582983,-63.0000009387732,37.000000551343));
#3675=CARTESIAN_POINT('',(18.7055158582983,-65.5000009387732,37.000000551343));
#3676=CARTESIAN_POINT('Origin',(18.7055158582983,-63.0000009387732,37.000000551343));
#3677=CARTESIAN_POINT('',(11.7055158582983,-65.5000009387732,37.000000551343));
#3678=CARTESIAN_POINT('',(15.2055158582983,-65.5000009387732,37.000000551343));
#3679=CARTESIAN_POINT('Origin',(11.7055158582983,-63.0000009387732,37.000000551343));
#3680=CARTESIAN_POINT('Origin',(11.7055158582983,-63.0000009387732,37.000000551343));
#3681=CARTESIAN_POINT('Origin',(16.7055158582983,-46.7150696070838,35.0000005215406));
#3682=CARTESIAN_POINT('',(11.7055158582983,-46.7150696070838,37.5000005215406));
#3683=CARTESIAN_POINT('Origin',(11.7055158582983,-46.7150696070838,35.0000005215406));
#3684=CARTESIAN_POINT('',(18.7055158582983,-46.7150696070838,37.5000005215406));
#3685=CARTESIAN_POINT('',(16.7055158582983,-46.7150696070838,37.5000005215406));
#3686=CARTESIAN_POINT('Origin',(18.7055158582983,-46.7150696070838,35.0000005215406));
#3687=CARTESIAN_POINT('Origin',(11.7055158582983,-46.7150696070838,35.0000005215406));
#3688=CARTESIAN_POINT('Origin',(11.7055158582983,-40.0000005960464,-22.0000003278255));
#3689=CARTESIAN_POINT('',(18.7055158582983,-45.0000005960464,-22.0000003278255));
#3690=CARTESIAN_POINT('Origin',(18.7055158582983,-40.0000005960464,-22.0000003278255));
#3691=CARTESIAN_POINT('',(11.7055158582983,-45.0000005960464,-22.0000003278255));
#3692=CARTESIAN_POINT('',(11.7055158582983,-45.0000005960464,-22.0000003278255));
#3693=CARTESIAN_POINT('Origin',(11.7055158582983,-40.0000005960464,-22.0000003278255));
#3694=CARTESIAN_POINT('Origin',(18.7055158582983,-40.0000005960464,-22.0000003278255));
#3695=CARTESIAN_POINT('Origin',(11.7055158582983,-89.4848803860172,-6.90671941048233));
#3696=CARTESIAN_POINT('',(18.7055158582983,-94.4848803860172,-6.90671941048233));
#3697=CARTESIAN_POINT('Origin',(18.7055158582983,-89.4848803860172,-6.90671941048233));
#3698=CARTESIAN_POINT('',(11.7055158582983,-94.4848803860172,-6.90671941048233));
#3699=CARTESIAN_POINT('',(11.7055158582983,-94.4848803860172,-6.90671941048233));
#3700=CARTESIAN_POINT('Origin',(11.7055158582983,-89.4848803860172,-6.90671941048233));
#3701=CARTESIAN_POINT('Origin',(18.7055158582983,-89.4848803860172,-6.90671941048233));
#3702=CARTESIAN_POINT('Origin',(11.7055158582983,-63.0000009387732,37.000000551343));
#3703=CARTESIAN_POINT('',(18.7055158582983,-68.0000009387732,37.000000551343));
#3704=CARTESIAN_POINT('Origin',(18.7055158582983,-63.0000009387732,37.000000551343));
#3705=CARTESIAN_POINT('',(11.7055158582983,-68.0000009387732,37.000000551343));
#3706=CARTESIAN_POINT('',(11.7055158582983,-68.0000009387732,37.000000551343));
#3707=CARTESIAN_POINT('Origin',(11.7055158582983,-63.0000009387732,37.000000551343));
#3708=CARTESIAN_POINT('Origin',(18.7055158582983,-63.0000009387732,37.000000551343));
#3709=CARTESIAN_POINT('Origin',(11.7055158582983,-77.5152088298718,32.0764258542811));
#3710=CARTESIAN_POINT('',(18.7055158582983,-82.5152088298718,32.0764258542811));
#3711=CARTESIAN_POINT('Origin',(18.7055158582983,-77.5152088298718,32.0764258542811));
#3712=CARTESIAN_POINT('',(11.7055158582983,-82.5152088298718,32.0764258542811));
#3713=CARTESIAN_POINT('',(11.7055158582983,-82.5152088298718,32.0764258542811));
#3714=CARTESIAN_POINT('Origin',(11.7055158582983,-77.5152088298718,32.0764258542811));
#3715=CARTESIAN_POINT('Origin',(18.7055158582983,-77.5152088298718,32.0764258542811));
#3716=CARTESIAN_POINT('Origin',(11.7055158582983,-81.7120687579855,-19.4293111093924));
#3717=CARTESIAN_POINT('',(18.7055158582983,-86.7120687579855,-19.4293111093924));
#3718=CARTESIAN_POINT('Origin',(18.7055158582983,-81.7120687579855,-19.4293111093924));
#3719=CARTESIAN_POINT('',(11.7055158582983,-86.7120687579855,-19.4293111093924));
#3720=CARTESIAN_POINT('',(11.7055158582983,-86.7120687579855,-19.4293111093924));
#3721=CARTESIAN_POINT('Origin',(11.7055158582983,-81.7120687579855,-19.4293111093924));
#3722=CARTESIAN_POINT('Origin',(18.7055158582983,-81.7120687579855,-19.4293111093924));
#3723=CARTESIAN_POINT('Origin',(11.7055158582983,-54.39689536711,-28.0272409418669));
#3724=CARTESIAN_POINT('',(18.7055158582983,-59.39689536711,-28.0272409418669));
#3725=CARTESIAN_POINT('Origin',(18.7055158582983,-54.39689536711,-28.0272409418669));
#3726=CARTESIAN_POINT('',(11.7055158582983,-59.39689536711,-28.0272409418669));
#3727=CARTESIAN_POINT('',(11.7055158582983,-59.39689536711,-28.0272409418669));
#3728=CARTESIAN_POINT('Origin',(11.7055158582983,-54.39689536711,-28.0272409418669));
#3729=CARTESIAN_POINT('Origin',(18.7055158582983,-54.39689536711,-28.0272409418669));
#3730=CARTESIAN_POINT('Origin',(11.7055158582983,-92.1811798347041,7.23766053113341));
#3731=CARTESIAN_POINT('',(18.7055158582983,-97.1811798347041,7.23766053113341));
#3732=CARTESIAN_POINT('Origin',(18.7055158582983,-92.1811798347041,7.23766053113341));
#3733=CARTESIAN_POINT('',(11.7055158582983,-97.1811798347041,7.23766053113341));
#3734=CARTESIAN_POINT('',(11.7055158582983,-97.1811798347041,7.23766053113341));
#3735=CARTESIAN_POINT('Origin',(11.7055158582983,-92.1811798347041,7.23766053113341));
#3736=CARTESIAN_POINT('Origin',(18.7055158582983,-92.1811798347041,7.23766053113341));
#3737=CARTESIAN_POINT('Origin',(11.7055158582983,-46.7150696070838,35.0000005215406));
#3738=CARTESIAN_POINT('',(18.7055158582983,-51.7150696070838,35.0000005215406));
#3739=CARTESIAN_POINT('Origin',(18.7055158582983,-46.7150696070838,35.0000005215406));
#3740=CARTESIAN_POINT('',(11.7055158582983,-51.7150696070838,35.0000005215406));
#3741=CARTESIAN_POINT('',(11.7055158582983,-51.7150696070838,35.0000005215406));
#3742=CARTESIAN_POINT('Origin',(11.7055158582983,-46.7150696070838,35.0000005215406));
#3743=CARTESIAN_POINT('Origin',(18.7055158582983,-46.7150696070838,35.0000005215406));
#3744=CARTESIAN_POINT('Origin',(11.7055158582983,-87.5529214391656,21.1999482794675));
#3745=CARTESIAN_POINT('',(18.7055158582983,-92.5529214391656,21.1999482794675));
#3746=CARTESIAN_POINT('Origin',(18.7055158582983,-87.5529214391656,21.1999482794675));
#3747=CARTESIAN_POINT('',(11.7055158582983,-92.5529214391656,21.1999482794675));
#3748=CARTESIAN_POINT('',(11.7055158582983,-92.5529214391656,21.1999482794675));
#3749=CARTESIAN_POINT('Origin',(11.7055158582983,-87.5529214391656,21.1999482794675));
#3750=CARTESIAN_POINT('Origin',(18.7055158582983,-87.5529214391656,21.1999482794675));
#3751=CARTESIAN_POINT('Origin',(11.7055158582983,-69.0544820774488,-27.6198744437718));
#3752=CARTESIAN_POINT('',(18.7055158582983,-74.0544820774488,-27.6198744437718));
#3753=CARTESIAN_POINT('Origin',(18.7055158582983,-69.0544820774488,-27.6198744437718));
#3754=CARTESIAN_POINT('',(11.7055158582983,-74.0544820774488,-27.6198744437718));
#3755=CARTESIAN_POINT('',(11.7055158582983,-74.0544820774488,-27.6198744437718));
#3756=CARTESIAN_POINT('Origin',(11.7055158582983,-69.0544820774488,-27.6198744437718));
#3757=CARTESIAN_POINT('Origin',(18.7055158582983,-69.0544820774488,-27.6198744437718));
#3758=CARTESIAN_POINT('Origin',(11.759826988076,-58.6351397601918,3.59705084432371));
#3759=CARTESIAN_POINT('Origin',(11.759826988076,0.,-240.));
#3760=CARTESIAN_POINT('Origin',(11.759826988076,-58.6351397601918,3.59705084432371));
#3761=CARTESIAN_POINT('',(11.759826988076,-66.4876778842284,-12.0422472540742));
#3762=CARTESIAN_POINT('',(11.759826988076,-70.0379411120767,0.130083812834139));
#3763=CARTESIAN_POINT('',(11.759826988076,-76.1771989757579,21.1789679168843));
#3764=CARTESIAN_POINT('Origin',(11.759826988076,0.,-240.));
#3765=CARTESIAN_POINT('',(11.759826988076,-73.6640865640781,12.5625825054107));
#3766=CARTESIAN_POINT('',(11.759826988076,-70.0379411120767,0.130083812834139));
#3767=CARTESIAN_POINT('',(11.759826988076,-76.1351397601918,3.5970508443237));
#3768=CARTESIAN_POINT('Origin',(11.759826988076,-58.6351397601918,3.5970508443237));
#3769=CARTESIAN_POINT('Origin',(11.759826988076,-58.6351397601918,3.5970508443237));
#3770=CARTESIAN_POINT('Origin',(26.759826988076,-58.6351397601918,3.5970508443237));
#3771=CARTESIAN_POINT('',(26.759826988076,-76.1351397601918,3.5970508443237));
#3772=CARTESIAN_POINT('',(11.7055158582983,-73.6640865640781,12.5625825054107));
#3773=CARTESIAN_POINT('',(26.759826988076,-73.6640865640781,12.5625825054107));
#3774=CARTESIAN_POINT('',(11.7055158582983,-76.1351397601918,3.5970508443237));
#3775=CARTESIAN_POINT('Origin',(11.7055158582983,-58.6351397601918,3.5970508443237));
#3776=CARTESIAN_POINT('',(1.75982698807597,-76.1351397601918,3.5970508443237));
#3777=CARTESIAN_POINT('',(26.759826988076,-76.1351397601918,3.5970508443237));
#3778=CARTESIAN_POINT('Origin',(1.75982698807597,-58.6351397601918,3.5970508443237));
#3779=CARTESIAN_POINT('',(11.7055158582983,-66.4876778842284,-12.0422472540742));
#3780=CARTESIAN_POINT('Origin',(11.7055158582983,-58.6351397601918,3.5970508443237));
#3781=CARTESIAN_POINT('',(26.759826988076,-66.4876778842284,-12.0422472540742));
#3782=CARTESIAN_POINT('Origin',(0.,-70.,0.));
#3783=CARTESIAN_POINT('',(11.7055158582983,-76.1852811125853,21.2066781002924));
#3784=CARTESIAN_POINT('Origin',(0.,-70.,0.));
#3785=CARTESIAN_POINT('',(11.7055158582983,-70.2767452603881,0.948840892759117));
#3786=CARTESIAN_POINT('Origin',(0.,0.,-240.));
#3787=CARTESIAN_POINT('',(11.7055158582983,-29.2162714845813,30.5171625293535));
#3788=CARTESIAN_POINT('Ctrl Pts',(-0.202378564593295,-31.6300371156265,
33.1741023915636));
#3789=CARTESIAN_POINT('Ctrl Pts',(1.92723200053971,-31.6455069859161,33.1896664272342));
#3790=CARTESIAN_POINT('Ctrl Pts',(4.02106033449562,-31.4135070692466,32.9617631473801));
#3791=CARTESIAN_POINT('Ctrl Pts',(8.04742057123922,-30.54791247468,32.0490740593937));
#3792=CARTESIAN_POINT('Ctrl Pts',(9.94218439168935,-29.9319099050007,31.3796852049875));
#3793=CARTESIAN_POINT('Ctrl Pts',(11.7055158582983,-29.2162714845813,30.5171625293535));
#3794=CARTESIAN_POINT('Origin',(11.7055158582983,0.,-240.));
#3795=CARTESIAN_POINT('',(11.7055158582983,-63.8147188874147,-21.2066781002924));
#3796=CARTESIAN_POINT('Origin',(0.,-70.,0.));
#3797=CARTESIAN_POINT('',(11.7055158582983,-24.47498766341,-13.4082723631228));
#3798=CARTESIAN_POINT('Origin',(11.7055158582983,0.,-240.));
#3799=CARTESIAN_POINT('Ctrl Pts',(11.7055158582983,-24.47498766341,-13.4082723631228));
#3800=CARTESIAN_POINT('Ctrl Pts',(9.93836475437519,-24.9912484553215,-14.405885264756));
#3801=CARTESIAN_POINT('Ctrl Pts',(8.03824111374978,-25.4542147262398,-15.1980767851931));
#3802=CARTESIAN_POINT('Ctrl Pts',(4.01285330934443,-26.1104486231622,-16.2822862793736));
#3803=CARTESIAN_POINT('Ctrl Pts',(1.92491174925193,-26.2908834360253,-16.5578174164858));
#3804=CARTESIAN_POINT('Ctrl Pts',(-0.202378564593289,-26.2789226985486,
-16.5390708820342));
#3805=CARTESIAN_POINT('Origin',(11.7055158582983,-60.0000000000001,4.97578318741127));
#3806=CARTESIAN_POINT('',(11.7055158582983,-60.0000000000001,-35.0242168125887));
#3807=CARTESIAN_POINT('Origin',(11.7055158582983,-60.0000000000001,4.97578318741127));
#3808=CARTESIAN_POINT('Origin',(11.7055158582983,-60.0000000000001,4.97578318741127));
#3809=CARTESIAN_POINT('',(11.7055158582983,-70.2767452603881,0.948840892759117));
#3810=CARTESIAN_POINT('Origin',(-1.79448414170169,-60.0000000000001,4.97578318741127));
#3811=CARTESIAN_POINT('',(-0.294484141701694,-60.0000000000001,-35.0242168125887));
#3812=CARTESIAN_POINT('Origin',(-0.294484141701703,-60.0000000000001,4.97578318741127));
#3813=CARTESIAN_POINT('',(-1.79448414170168,-60.0000000000001,-35.0242168125887));
#3814=CARTESIAN_POINT('Origin',(-0.294484141701703,-60.0000000000001,4.97578318741127));
#3815=CARTESIAN_POINT('Origin',(0.,-70.,0.));
#3816=CARTESIAN_POINT('Origin',(1.75982698807597,-58.6351397601918,3.5970508443237));
#3817=CARTESIAN_POINT('',(0.,0.,0.));
#3818=UNCERTAINTY_MEASURE_WITH_UNIT(LENGTH_MEASURE(0.01),#3824,
'DISTANCE_ACCURACY_VALUE',
'Maximum model space distance between geometric entities at asserted c
onnectivities');
#3819=UNCERTAINTY_MEASURE_WITH_UNIT(LENGTH_MEASURE(0.01),#3824,
'DISTANCE_ACCURACY_VALUE',
'Maximum model space distance between geometric entities at asserted c
onnectivities');
#3820=UNCERTAINTY_MEASURE_WITH_UNIT(LENGTH_MEASURE(0.01),#3824,
'DISTANCE_ACCURACY_VALUE',
'Maximum model space distance between geometric entities at asserted c
onnectivities');
#3821=(
GEOMETRIC_REPRESENTATION_CONTEXT(3)
GLOBAL_UNCERTAINTY_ASSIGNED_CONTEXT((#3818))
GLOBAL_UNIT_ASSIGNED_CONTEXT((#3824,#3826,#3827))
REPRESENTATION_CONTEXT('','3D')
);
#3822=(
GEOMETRIC_REPRESENTATION_CONTEXT(3)
GLOBAL_UNCERTAINTY_ASSIGNED_CONTEXT((#3819))
GLOBAL_UNIT_ASSIGNED_CONTEXT((#3824,#3826,#3827))
REPRESENTATION_CONTEXT('','3D')
);
#3823=(
GEOMETRIC_REPRESENTATION_CONTEXT(3)
GLOBAL_UNCERTAINTY_ASSIGNED_CONTEXT((#3820))
GLOBAL_UNIT_ASSIGNED_CONTEXT((#3824,#3826,#3827))
REPRESENTATION_CONTEXT('','3D')
);
#3824=(
LENGTH_UNIT()
NAMED_UNIT(*)
SI_UNIT(.MILLI.,.METRE.)
);
#3825=(
LENGTH_UNIT()
NAMED_UNIT(*)
SI_UNIT($,.METRE.)
);
#3826=(
NAMED_UNIT(*)
PLANE_ANGLE_UNIT()
SI_UNIT($,.RADIAN.)
);
#3827=(
NAMED_UNIT(*)
SI_UNIT($,.STERADIAN.)
SOLID_ANGLE_UNIT()
);
#3828=SHAPE_DEFINITION_REPRESENTATION(#3830,#3833);
#3829=SHAPE_DEFINITION_REPRESENTATION(#3831,#3834);
#3830=PRODUCT_DEFINITION_SHAPE('',$,#3836);
#3831=PRODUCT_DEFINITION_SHAPE('',$,#3837);
#3832=PRODUCT_DEFINITION_SHAPE($,$,#14);
#3833=SHAPE_REPRESENTATION('',(#2152,#2433),#3821);
#3834=SHAPE_REPRESENTATION('',(#2153),#3822);
#3835=PRODUCT_DEFINITION_CONTEXT('part definition',#3843,'design');
#3836=PRODUCT_DEFINITION('2026-06-20-10-38-19-090','rotation part1',#3838,
#3835);
#3837=PRODUCT_DEFINITION('2026-07-01-00-48-48-116','Component1',#3839,#3835);
#3838=PRODUCT_DEFINITION_FORMATION('',$,#3845);
#3839=PRODUCT_DEFINITION_FORMATION('',$,#3846);
#3840=PRODUCT_RELATED_PRODUCT_CATEGORY('rotation part1',
'rotation part1',(#3845));
#3841=PRODUCT_RELATED_PRODUCT_CATEGORY('Component1','Component1',(#3846));
#3842=APPLICATION_PROTOCOL_DEFINITION('international standard',
'automotive_design',2009,#3843);
#3843=APPLICATION_CONTEXT(
'Core Data for Automotive Mechanical Design Process');
#3844=PRODUCT_CONTEXT('part definition',#3843,'mechanical');
#3845=PRODUCT('2026-06-20-10-38-19-090','rotation part1',$,(#3844));
#3846=PRODUCT('2026-07-01-00-48-48-116','Component1',$,(#3844));
#3847=PRESENTATION_STYLE_ASSIGNMENT((#3848));
#3848=SURFACE_STYLE_USAGE(.BOTH.,#3849);
#3849=SURFACE_SIDE_STYLE('',(#3850));
#3850=SURFACE_STYLE_FILL_AREA(#3851);
#3851=FILL_AREA_STYLE('Steel - Satin',(#3852));
#3852=FILL_AREA_STYLE_COLOUR('Steel - Satin',#3853);
#3853=COLOUR_RGB('Steel - Satin',0.627450980392157,0.627450980392157,0.627450980392157);
ENDSEC;
END-ISO-10303-21;
