ISO-10303-21;
HEADER;
/* Generated by software containing ST-Developer
 * from STEP Tools, Inc. (www.steptools.com) 
 */

FILE_DESCRIPTION(
/* description */ (''),
/* implementation_level */ '2;1');

FILE_NAME(
/* name */ 'EWNS Final Part WRO 2 ssssst 2.step',
/* time_stamp */ '2026-07-14T19:34:34+05:30',
/* author */ (''),
/* organization */ (''),
/* preprocessor_version */ 'ST-DEVELOPER v20.1',
/* originating_system */ 'Autodesk Translation Framework v15.8.0.0',
/* authorisation */ '');

FILE_SCHEMA (('AUTOMOTIVE_DESIGN { 1 0 10303 214 3 1 1 }'));
ENDSEC;

DATA;
#10=MECHANICAL_DESIGN_GEOMETRIC_PRESENTATION_REPRESENTATION('',(#13),#5759);
#11=SHAPE_REPRESENTATION_RELATIONSHIP('SRR','None',#5765,#12);
#12=ADVANCED_BREP_SHAPE_REPRESENTATION('',(#14),#5758);
#13=STYLED_ITEM('',(#5774),#14);
#14=MANIFOLD_SOLID_BREP('Body4',#2778);
#15=ELLIPSE('',#2884,18.9926983575852,13.5);
#16=ELLIPSE('',#2885,18.9926983575852,13.5);
#17=ELLIPSE('',#2886,18.9926983575852,13.5);
#18=ELLIPSE('',#2887,18.9926983575852,13.5);
#19=ELLIPSE('',#2893,13.223769002138,10.);
#20=ELLIPSE('',#2964,14.2845543146361,10.);
#21=ELLIPSE('',#2966,14.2845543146361,10.);
#22=ELLIPSE('',#2978,5.01499314555863,5.);
#23=ELLIPSE('',#2985,7.90569415042095,7.5);
#24=ELLIPSE('',#2998,7.90569415042095,7.5);
#25=ELLIPSE('',#2999,7.90569415042095,7.5);
#26=ELLIPSE('',#3001,7.90569415042095,7.5);
#27=ELLIPSE('',#3028,7.07106781186548,5.);
#28=ELLIPSE('',#3029,7.07106781186547,5.);
#29=ELLIPSE('',#3031,7.07106781186547,5.);
#30=ELLIPSE('',#3033,7.07106781186548,5.);
#31=FACE_BOUND('',#331,.T.);
#32=FACE_BOUND('',#376,.T.);
#33=FACE_BOUND('',#377,.T.);
#34=FACE_BOUND('',#378,.T.);
#35=FACE_BOUND('',#379,.T.);
#36=FACE_BOUND('',#380,.T.);
#37=FACE_BOUND('',#382,.T.);
#38=SPHERICAL_SURFACE('',#2836,7.5);
#39=SPHERICAL_SURFACE('',#2838,7.5);
#40=TOROIDAL_SURFACE('',#2794,52.5,7.5);
#41=TOROIDAL_SURFACE('',#2825,52.5,7.5);
#42=TOROIDAL_SURFACE('',#2827,52.5,7.5);
#43=TOROIDAL_SURFACE('',#2835,15.,7.5);
#44=TOROIDAL_SURFACE('',#2847,15.,7.5);
#45=TOROIDAL_SURFACE('',#2979,13.,10.);
#46=TOROIDAL_SURFACE('',#2981,11.386,10.);
#47=TOROIDAL_SURFACE('',#3012,11.386,10.);
#48=TOROIDAL_SURFACE('',#3016,60.,10.);
#49=TOROIDAL_SURFACE('',#3020,13.,10.);
#50=TOROIDAL_SURFACE('',#3023,60.,10.);
#51=TOROIDAL_SURFACE('',#3050,75.,5.);
#52=PLANE('',#2788);
#53=PLANE('',#2803);
#54=PLANE('',#2805);
#55=PLANE('',#2806);
#56=PLANE('',#2808);
#57=PLANE('',#2809);
#58=PLANE('',#2812);
#59=PLANE('',#2813);
#60=PLANE('',#2814);
#61=PLANE('',#2816);
#62=PLANE('',#2817);
#63=PLANE('',#2818);
#64=PLANE('',#2823);
#65=PLANE('',#2824);
#66=PLANE('',#2826);
#67=PLANE('',#2850);
#68=PLANE('',#2851);
#69=PLANE('',#2852);
#70=PLANE('',#2853);
#71=PLANE('',#2854);
#72=PLANE('',#2855);
#73=PLANE('',#2856);
#74=PLANE('',#2857);
#75=PLANE('',#2862);
#76=PLANE('',#2870);
#77=PLANE('',#2874);
#78=PLANE('',#2878);
#79=PLANE('',#2882);
#80=PLANE('',#2891);
#81=PLANE('',#2896);
#82=PLANE('',#2897);
#83=PLANE('',#2907);
#84=PLANE('',#2911);
#85=PLANE('',#2921);
#86=PLANE('',#2925);
#87=PLANE('',#2941);
#88=PLANE('',#2945);
#89=PLANE('',#2955);
#90=PLANE('',#2959);
#91=PLANE('',#2960);
#92=PLANE('',#2961);
#93=PLANE('',#2963);
#94=PLANE('',#2965);
#95=PLANE('',#2967);
#96=PLANE('',#2968);
#97=PLANE('',#2970);
#98=PLANE('',#2971);
#99=PLANE('',#2972);
#100=PLANE('',#2973);
#101=PLANE('',#2974);
#102=PLANE('',#2977);
#103=PLANE('',#2988);
#104=PLANE('',#2991);
#105=PLANE('',#3003);
#106=PLANE('',#3009);
#107=PLANE('',#3015);
#108=PLANE('',#3021);
#109=PLANE('',#3024);
#110=PLANE('',#3025);
#111=PLANE('',#3026);
#112=PLANE('',#3039);
#113=PLANE('',#3041);
#114=PLANE('',#3045);
#115=PLANE('',#3048);
#116=PLANE('',#3059);
#117=PLANE('',#3060);
#118=PLANE('',#3061);
#119=PLANE('',#3062);
#120=B_SPLINE_SURFACE_WITH_KNOTS('',3,1,((#3889,#3890),(#3891,#3892),(#3893,
#3894),(#3895,#3896),(#3897,#3898),(#3899,#3900)),.UNSPECIFIED.,.F.,.F.,
 .F.,(4,2,4),(2,2),(-0.392447318694837,-0.247086154532447,0.),(0.,0.1),
 .UNSPECIFIED.);
#121=B_SPLINE_SURFACE_WITH_KNOTS('',3,1,((#3943,#3944),(#3945,#3946),(#3947,
#3948),(#3949,#3950),(#3951,#3952),(#3953,#3954)),.UNSPECIFIED.,.F.,.F.,
 .F.,(4,2,4),(2,2),(-1.40137747656133,-1.19979884663913,-1.00827843015704),
(0.,0.1),.UNSPECIFIED.);
#122=B_SPLINE_SURFACE_WITH_KNOTS('',3,3,((#4096,#4097,#4098,#4099),(#4100,
#4101,#4102,#4103),(#4104,#4105,#4106,#4107),(#4108,#4109,#4110,#4111)),
 .UNSPECIFIED.,.F.,.F.,.F.,(4,4),(4,4),(0.880965550770205,1.),(2.6018793745273,
3.19043492559561),.UNSPECIFIED.);
#123=B_SPLINE_SURFACE_WITH_KNOTS('',3,3,((#4155,#4156,#4157,#4158),(#4159,
#4160,#4161,#4162),(#4163,#4164,#4165,#4166),(#4167,#4168,#4169,#4170)),
 .UNSPECIFIED.,.F.,.F.,.F.,(4,4),(4,4),(0.,0.291651639636656),(1.1190681425043,
1.71231910840554),.UNSPECIFIED.);
#124=B_SPLINE_SURFACE_WITH_KNOTS('',3,3,((#4222,#4223,#4224,#4225),(#4226,
#4227,#4228,#4229),(#4230,#4231,#4232,#4233),(#4234,#4235,#4236,#4237)),
 .UNSPECIFIED.,.F.,.F.,.F.,(4,4),(4,4),(0.,0.289124398190938),(11.2035643558935,
11.7976540656099),.UNSPECIFIED.);
#125=B_SPLINE_SURFACE_WITH_KNOTS('',3,3,((#4832,#4833,#4834,#4835,#4836),
(#4837,#4838,#4839,#4840,#4841),(#4842,#4843,#4844,#4845,#4846),(#4847,
#4848,#4849,#4850,#4851),(#4852,#4853,#4854,#4855,#4856),(#4857,#4858,#4859,
#4860,#4861)),.UNSPECIFIED.,.F.,.F.,.F.,(4,1,1,4),(4,1,4),(0.,0.285714285714286,
0.571428571428571,1.),(1.23635515698207,1.36192526845608,1.52935208375477),
 .UNSPECIFIED.);
#126=B_SPLINE_SURFACE_WITH_KNOTS('',3,3,((#4918,#4919,#4920,#4921,#4922,
#4923,#4924),(#4925,#4926,#4927,#4928,#4929,#4930,#4931),(#4932,#4933,#4934,
#4935,#4936,#4937,#4938),(#4939,#4940,#4941,#4942,#4943,#4944,#4945),(#4946,
#4947,#4948,#4949,#4950,#4951,#4952),(#4953,#4954,#4955,#4956,#4957,#4958,
#4959)),.UNSPECIFIED.,.F.,.F.,.F.,(4,1,1,4),(4,1,1,1,4),(0.,0.285714285714286,
0.571428571428571,1.),(-4.2355216652689E-51,0.224399475256414,0.673198425769241,
1.12199737628207,1.5707963267949),.UNSPECIFIED.);
#127=B_SPLINE_SURFACE_WITH_KNOTS('',3,3,((#5006,#5007,#5008,#5009,#5010,
#5011,#5012),(#5013,#5014,#5015,#5016,#5017,#5018,#5019),(#5020,#5021,#5022,
#5023,#5024,#5025,#5026),(#5027,#5028,#5029,#5030,#5031,#5032,#5033),(#5034,
#5035,#5036,#5037,#5038,#5039,#5040),(#5041,#5042,#5043,#5044,#5045,#5046,
#5047)),.UNSPECIFIED.,.F.,.F.,.F.,(4,1,1,4),(4,1,1,1,4),(0.,0.285714285714286,
0.571428571428571,1.),(-1.5707963267949,-0.897597901025655,-0.448798950512828,
-0.224399475256414,3.49273218340905E-49),.UNSPECIFIED.);
#128=B_SPLINE_SURFACE_WITH_KNOTS('',3,3,((#5061,#5062,#5063,#5064,#5065),
(#5066,#5067,#5068,#5069,#5070),(#5071,#5072,#5073,#5074,#5075),(#5076,
#5077,#5078,#5079,#5080),(#5081,#5082,#5083,#5084,#5085),(#5086,#5087,#5088,
#5089,#5090)),.UNSPECIFIED.,.F.,.F.,.F.,(4,1,1,4),(4,1,4),(0.,0.285714285714286,
0.571428571428571,1.),(2.64461125940685,2.77028123704845,2.93784120723725),
 .UNSPECIFIED.);
#129=B_SPLINE_SURFACE_WITH_KNOTS('',3,3,((#5104,#5105,#5106,#5107,#5108,
#5109,#5110,#5111,#5112,#5113,#5114,#5115,#5116,#5117,#5118,#5119,#5120,
#5121,#5122,#5123,#5124,#5125,#5126,#5127,#5128,#5129,#5130,#5131,#5132,
#5133,#5134),(#5135,#5136,#5137,#5138,#5139,#5140,#5141,#5142,#5143,#5144,
#5145,#5146,#5147,#5148,#5149,#5150,#5151,#5152,#5153,#5154,#5155,#5156,
#5157,#5158,#5159,#5160,#5161,#5162,#5163,#5164,#5165),(#5166,#5167,#5168,
#5169,#5170,#5171,#5172,#5173,#5174,#5175,#5176,#5177,#5178,#5179,#5180,
#5181,#5182,#5183,#5184,#5185,#5186,#5187,#5188,#5189,#5190,#5191,#5192,
#5193,#5194,#5195,#5196),(#5197,#5198,#5199,#5200,#5201,#5202,#5203,#5204,
#5205,#5206,#5207,#5208,#5209,#5210,#5211,#5212,#5213,#5214,#5215,#5216,
#5217,#5218,#5219,#5220,#5221,#5222,#5223,#5224,#5225,#5226,#5227),(#5228,
#5229,#5230,#5231,#5232,#5233,#5234,#5235,#5236,#5237,#5238,#5239,#5240,
#5241,#5242,#5243,#5244,#5245,#5246,#5247,#5248,#5249,#5250,#5251,#5252,
#5253,#5254,#5255,#5256,#5257,#5258)),.UNSPECIFIED.,.F.,.F.,.F.,(4,1,4),
(4,1,1,1,1,1,1,1,1,1,1,1,1,1,1,1,1,1,1,1,1,1,1,1,1,1,1,1,4),(0.,0.571428571428571,
1.),(9.34717421046884E-12,0.110210752260218,0.158427956369974,0.165316128385654,
0.179092472417013,0.192868816448372,0.199756988464051,0.20664516047973,
0.220421504511089,0.227309676526769,0.234197848542448,0.247974192573807,
0.254862364589487,0.257445429095366,0.261750536605166,0.265194622613006,
0.268638708620845,0.270360751624765,0.272082794628685,0.273804837632605,
0.274665859134565,0.275096369885545,0.275526880636525,0.303079568699243,
0.330632256761961,0.344408600793319,0.358184944824678,0.371961288856037,
0.385737632887396),.UNSPECIFIED.);
#130=B_SPLINE_SURFACE_WITH_KNOTS('',3,3,((#5295,#5296,#5297,#5298,#5299,
#5300,#5301,#5302,#5303,#5304,#5305,#5306),(#5307,#5308,#5309,#5310,#5311,
#5312,#5313,#5314,#5315,#5316,#5317,#5318),(#5319,#5320,#5321,#5322,#5323,
#5324,#5325,#5326,#5327,#5328,#5329,#5330),(#5331,#5332,#5333,#5334,#5335,
#5336,#5337,#5338,#5339,#5340,#5341,#5342),(#5343,#5344,#5345,#5346,#5347,
#5348,#5349,#5350,#5351,#5352,#5353,#5354)),.UNSPECIFIED.,.F.,.F.,.F.,(4,
1,4),(4,1,1,1,1,1,1,1,1,4),(0.,0.571428571428571,1.),(-0.0296855523626373,
-0.0159433127068645,-0.00220107305109177,0.011541166604681,0.0252834062604537,
0.0527678855719992,0.0802523648835447,0.135221323506636,0.245159240752818,
0.355097157999),.UNSPECIFIED.);
#131=FACE_OUTER_BOUND('',#284,.T.);
#132=FACE_OUTER_BOUND('',#285,.T.);
#133=FACE_OUTER_BOUND('',#286,.T.);
#134=FACE_OUTER_BOUND('',#287,.T.);
#135=FACE_OUTER_BOUND('',#288,.T.);
#136=FACE_OUTER_BOUND('',#289,.T.);
#137=FACE_OUTER_BOUND('',#290,.T.);
#138=FACE_OUTER_BOUND('',#291,.T.);
#139=FACE_OUTER_BOUND('',#292,.T.);
#140=FACE_OUTER_BOUND('',#293,.T.);
#141=FACE_OUTER_BOUND('',#294,.T.);
#142=FACE_OUTER_BOUND('',#295,.T.);
#143=FACE_OUTER_BOUND('',#296,.T.);
#144=FACE_OUTER_BOUND('',#297,.T.);
#145=FACE_OUTER_BOUND('',#298,.T.);
#146=FACE_OUTER_BOUND('',#299,.T.);
#147=FACE_OUTER_BOUND('',#300,.T.);
#148=FACE_OUTER_BOUND('',#301,.T.);
#149=FACE_OUTER_BOUND('',#302,.T.);
#150=FACE_OUTER_BOUND('',#303,.T.);
#151=FACE_OUTER_BOUND('',#304,.T.);
#152=FACE_OUTER_BOUND('',#305,.T.);
#153=FACE_OUTER_BOUND('',#306,.T.);
#154=FACE_OUTER_BOUND('',#307,.T.);
#155=FACE_OUTER_BOUND('',#308,.T.);
#156=FACE_OUTER_BOUND('',#309,.T.);
#157=FACE_OUTER_BOUND('',#310,.T.);
#158=FACE_OUTER_BOUND('',#311,.T.);
#159=FACE_OUTER_BOUND('',#312,.T.);
#160=FACE_OUTER_BOUND('',#313,.T.);
#161=FACE_OUTER_BOUND('',#314,.T.);
#162=FACE_OUTER_BOUND('',#315,.T.);
#163=FACE_OUTER_BOUND('',#316,.T.);
#164=FACE_OUTER_BOUND('',#317,.T.);
#165=FACE_OUTER_BOUND('',#318,.T.);
#166=FACE_OUTER_BOUND('',#319,.T.);
#167=FACE_OUTER_BOUND('',#320,.T.);
#168=FACE_OUTER_BOUND('',#321,.T.);
#169=FACE_OUTER_BOUND('',#322,.T.);
#170=FACE_OUTER_BOUND('',#323,.T.);
#171=FACE_OUTER_BOUND('',#324,.T.);
#172=FACE_OUTER_BOUND('',#325,.T.);
#173=FACE_OUTER_BOUND('',#326,.T.);
#174=FACE_OUTER_BOUND('',#327,.T.);
#175=FACE_OUTER_BOUND('',#328,.T.);
#176=FACE_OUTER_BOUND('',#329,.T.);
#177=FACE_OUTER_BOUND('',#330,.T.);
#178=FACE_OUTER_BOUND('',#332,.T.);
#179=FACE_OUTER_BOUND('',#333,.T.);
#180=FACE_OUTER_BOUND('',#334,.T.);
#181=FACE_OUTER_BOUND('',#335,.T.);
#182=FACE_OUTER_BOUND('',#336,.T.);
#183=FACE_OUTER_BOUND('',#337,.T.);
#184=FACE_OUTER_BOUND('',#338,.T.);
#185=FACE_OUTER_BOUND('',#339,.T.);
#186=FACE_OUTER_BOUND('',#340,.T.);
#187=FACE_OUTER_BOUND('',#341,.T.);
#188=FACE_OUTER_BOUND('',#342,.T.);
#189=FACE_OUTER_BOUND('',#343,.T.);
#190=FACE_OUTER_BOUND('',#344,.T.);
#191=FACE_OUTER_BOUND('',#345,.T.);
#192=FACE_OUTER_BOUND('',#346,.T.);
#193=FACE_OUTER_BOUND('',#347,.T.);
#194=FACE_OUTER_BOUND('',#348,.T.);
#195=FACE_OUTER_BOUND('',#349,.T.);
#196=FACE_OUTER_BOUND('',#350,.T.);
#197=FACE_OUTER_BOUND('',#351,.T.);
#198=FACE_OUTER_BOUND('',#352,.T.);
#199=FACE_OUTER_BOUND('',#353,.T.);
#200=FACE_OUTER_BOUND('',#354,.T.);
#201=FACE_OUTER_BOUND('',#355,.T.);
#202=FACE_OUTER_BOUND('',#356,.T.);
#203=FACE_OUTER_BOUND('',#357,.T.);
#204=FACE_OUTER_BOUND('',#358,.T.);
#205=FACE_OUTER_BOUND('',#359,.T.);
#206=FACE_OUTER_BOUND('',#360,.T.);
#207=FACE_OUTER_BOUND('',#361,.T.);
#208=FACE_OUTER_BOUND('',#362,.T.);
#209=FACE_OUTER_BOUND('',#363,.T.);
#210=FACE_OUTER_BOUND('',#364,.T.);
#211=FACE_OUTER_BOUND('',#365,.T.);
#212=FACE_OUTER_BOUND('',#366,.T.);
#213=FACE_OUTER_BOUND('',#367,.T.);
#214=FACE_OUTER_BOUND('',#368,.T.);
#215=FACE_OUTER_BOUND('',#369,.T.);
#216=FACE_OUTER_BOUND('',#370,.T.);
#217=FACE_OUTER_BOUND('',#371,.T.);
#218=FACE_OUTER_BOUND('',#372,.T.);
#219=FACE_OUTER_BOUND('',#373,.T.);
#220=FACE_OUTER_BOUND('',#374,.T.);
#221=FACE_OUTER_BOUND('',#375,.T.);
#222=FACE_OUTER_BOUND('',#381,.T.);
#223=FACE_OUTER_BOUND('',#383,.T.);
#224=FACE_OUTER_BOUND('',#384,.T.);
#225=FACE_OUTER_BOUND('',#385,.T.);
#226=FACE_OUTER_BOUND('',#386,.T.);
#227=FACE_OUTER_BOUND('',#387,.T.);
#228=FACE_OUTER_BOUND('',#388,.T.);
#229=FACE_OUTER_BOUND('',#389,.T.);
#230=FACE_OUTER_BOUND('',#390,.T.);
#231=FACE_OUTER_BOUND('',#391,.T.);
#232=FACE_OUTER_BOUND('',#392,.T.);
#233=FACE_OUTER_BOUND('',#393,.T.);
#234=FACE_OUTER_BOUND('',#394,.T.);
#235=FACE_OUTER_BOUND('',#395,.T.);
#236=FACE_OUTER_BOUND('',#396,.T.);
#237=FACE_OUTER_BOUND('',#397,.T.);
#238=FACE_OUTER_BOUND('',#398,.T.);
#239=FACE_OUTER_BOUND('',#399,.T.);
#240=FACE_OUTER_BOUND('',#400,.T.);
#241=FACE_OUTER_BOUND('',#401,.T.);
#242=FACE_OUTER_BOUND('',#402,.T.);
#243=FACE_OUTER_BOUND('',#403,.T.);
#244=FACE_OUTER_BOUND('',#404,.T.);
#245=FACE_OUTER_BOUND('',#405,.T.);
#246=FACE_OUTER_BOUND('',#406,.T.);
#247=FACE_OUTER_BOUND('',#407,.T.);
#248=FACE_OUTER_BOUND('',#408,.T.);
#249=FACE_OUTER_BOUND('',#409,.T.);
#250=FACE_OUTER_BOUND('',#410,.T.);
#251=FACE_OUTER_BOUND('',#411,.T.);
#252=FACE_OUTER_BOUND('',#412,.T.);
#253=FACE_OUTER_BOUND('',#413,.T.);
#254=FACE_OUTER_BOUND('',#414,.T.);
#255=FACE_OUTER_BOUND('',#415,.T.);
#256=FACE_OUTER_BOUND('',#416,.T.);
#257=FACE_OUTER_BOUND('',#417,.T.);
#258=FACE_OUTER_BOUND('',#418,.T.);
#259=FACE_OUTER_BOUND('',#419,.T.);
#260=FACE_OUTER_BOUND('',#420,.T.);
#261=FACE_OUTER_BOUND('',#421,.T.);
#262=FACE_OUTER_BOUND('',#422,.T.);
#263=FACE_OUTER_BOUND('',#423,.T.);
#264=FACE_OUTER_BOUND('',#424,.T.);
#265=FACE_OUTER_BOUND('',#425,.T.);
#266=FACE_OUTER_BOUND('',#426,.T.);
#267=FACE_OUTER_BOUND('',#427,.T.);
#268=FACE_OUTER_BOUND('',#428,.T.);
#269=FACE_OUTER_BOUND('',#429,.T.);
#270=FACE_OUTER_BOUND('',#430,.T.);
#271=FACE_OUTER_BOUND('',#431,.T.);
#272=FACE_OUTER_BOUND('',#432,.T.);
#273=FACE_OUTER_BOUND('',#433,.T.);
#274=FACE_OUTER_BOUND('',#434,.T.);
#275=FACE_OUTER_BOUND('',#435,.T.);
#276=FACE_OUTER_BOUND('',#436,.T.);
#277=FACE_OUTER_BOUND('',#437,.T.);
#278=FACE_OUTER_BOUND('',#438,.T.);
#279=FACE_OUTER_BOUND('',#439,.T.);
#280=FACE_OUTER_BOUND('',#440,.T.);
#281=FACE_OUTER_BOUND('',#441,.T.);
#282=FACE_OUTER_BOUND('',#442,.T.);
#283=FACE_OUTER_BOUND('',#443,.T.);
#284=EDGE_LOOP('',(#1731,#1732,#1733,#1734,#1735,#1736,#1737,#1738,#1739,
#1740,#1741,#1742,#1743,#1744,#1745,#1746,#1747,#1748));
#285=EDGE_LOOP('',(#1749,#1750,#1751,#1752,#1753));
#286=EDGE_LOOP('',(#1754,#1755,#1756,#1757,#1758,#1759,#1760,#1761));
#287=EDGE_LOOP('',(#1762,#1763,#1764,#1765,#1766));
#288=EDGE_LOOP('',(#1767,#1768,#1769,#1770));
#289=EDGE_LOOP('',(#1771,#1772,#1773,#1774,#1775,#1776,#1777,#1778,#1779,
#1780,#1781,#1782,#1783,#1784,#1785,#1786,#1787,#1788));
#290=EDGE_LOOP('',(#1789,#1790,#1791));
#291=EDGE_LOOP('',(#1792,#1793,#1794));
#292=EDGE_LOOP('',(#1795,#1796,#1797,#1798,#1799,#1800,#1801));
#293=EDGE_LOOP('',(#1802,#1803,#1804,#1805,#1806,#1807));
#294=EDGE_LOOP('',(#1808,#1809,#1810,#1811,#1812,#1813,#1814,#1815,#1816));
#295=EDGE_LOOP('',(#1817,#1818,#1819,#1820,#1821));
#296=EDGE_LOOP('',(#1822,#1823,#1824,#1825,#1826,#1827,#1828,#1829));
#297=EDGE_LOOP('',(#1830,#1831,#1832,#1833));
#298=EDGE_LOOP('',(#1834,#1835,#1836,#1837));
#299=EDGE_LOOP('',(#1838,#1839,#1840,#1841,#1842,#1843));
#300=EDGE_LOOP('',(#1844,#1845,#1846,#1847));
#301=EDGE_LOOP('',(#1848,#1849,#1850,#1851));
#302=EDGE_LOOP('',(#1852,#1853,#1854,#1855,#1856,#1857,#1858,#1859,#1860,
#1861));
#303=EDGE_LOOP('',(#1862,#1863,#1864,#1865,#1866));
#304=EDGE_LOOP('',(#1867,#1868,#1869,#1870,#1871,#1872));
#305=EDGE_LOOP('',(#1873,#1874,#1875,#1876));
#306=EDGE_LOOP('',(#1877,#1878,#1879,#1880));
#307=EDGE_LOOP('',(#1881,#1882,#1883,#1884));
#308=EDGE_LOOP('',(#1885,#1886,#1887,#1888));
#309=EDGE_LOOP('',(#1889));
#310=EDGE_LOOP('',(#1890,#1891,#1892,#1893,#1894,#1895,#1896,#1897,#1898,
#1899));
#311=EDGE_LOOP('',(#1900,#1901,#1902,#1903));
#312=EDGE_LOOP('',(#1904,#1905,#1906,#1907,#1908));
#313=EDGE_LOOP('',(#1909,#1910,#1911));
#314=EDGE_LOOP('',(#1912,#1913,#1914,#1915));
#315=EDGE_LOOP('',(#1916,#1917,#1918,#1919,#1920));
#316=EDGE_LOOP('',(#1921,#1922,#1923,#1924,#1925,#1926,#1927,#1928));
#317=EDGE_LOOP('',(#1929,#1930,#1931,#1932));
#318=EDGE_LOOP('',(#1933,#1934,#1935,#1936,#1937));
#319=EDGE_LOOP('',(#1938,#1939,#1940,#1941));
#320=EDGE_LOOP('',(#1942,#1943,#1944,#1945));
#321=EDGE_LOOP('',(#1946,#1947,#1948,#1949,#1950,#1951,#1952));
#322=EDGE_LOOP('',(#1953,#1954,#1955,#1956,#1957));
#323=EDGE_LOOP('',(#1958,#1959,#1960,#1961));
#324=EDGE_LOOP('',(#1962,#1963,#1964,#1965,#1966));
#325=EDGE_LOOP('',(#1967,#1968,#1969,#1970));
#326=EDGE_LOOP('',(#1971,#1972,#1973,#1974));
#327=EDGE_LOOP('',(#1975,#1976,#1977,#1978,#1979,#1980,#1981,#1982,#1983,
#1984,#1985,#1986));
#328=EDGE_LOOP('',(#1987,#1988,#1989,#1990));
#329=EDGE_LOOP('',(#1991,#1992,#1993,#1994));
#330=EDGE_LOOP('',(#1995));
#331=EDGE_LOOP('',(#1996));
#332=EDGE_LOOP('',(#1997,#1998,#1999,#2000));
#333=EDGE_LOOP('',(#2001,#2002,#2003,#2004));
#334=EDGE_LOOP('',(#2005));
#335=EDGE_LOOP('',(#2006,#2007,#2008,#2009));
#336=EDGE_LOOP('',(#2010));
#337=EDGE_LOOP('',(#2011,#2012,#2013,#2014));
#338=EDGE_LOOP('',(#2015));
#339=EDGE_LOOP('',(#2016,#2017,#2018,#2019));
#340=EDGE_LOOP('',(#2020));
#341=EDGE_LOOP('',(#2021,#2022,#2023,#2024,#2025,#2026,#2027,#2028,#2029,
#2030,#2031,#2032,#2033,#2034,#2035,#2036,#2037));
#342=EDGE_LOOP('',(#2038,#2039,#2040,#2041,#2042));
#343=EDGE_LOOP('',(#2043,#2044,#2045,#2046,#2047,#2048));
#344=EDGE_LOOP('',(#2049,#2050,#2051,#2052,#2053,#2054,#2055,#2056,#2057));
#345=EDGE_LOOP('',(#2058,#2059,#2060,#2061));
#346=EDGE_LOOP('',(#2062,#2063,#2064,#2065));
#347=EDGE_LOOP('',(#2066,#2067,#2068));
#348=EDGE_LOOP('',(#2069,#2070,#2071));
#349=EDGE_LOOP('',(#2072,#2073,#2074,#2075));
#350=EDGE_LOOP('',(#2076,#2077,#2078,#2079,#2080,#2081));
#351=EDGE_LOOP('',(#2082,#2083,#2084,#2085));
#352=EDGE_LOOP('',(#2086,#2087,#2088,#2089));
#353=EDGE_LOOP('',(#2090,#2091,#2092,#2093));
#354=EDGE_LOOP('',(#2094,#2095,#2096,#2097));
#355=EDGE_LOOP('',(#2098,#2099,#2100,#2101));
#356=EDGE_LOOP('',(#2102,#2103,#2104,#2105));
#357=EDGE_LOOP('',(#2106,#2107,#2108,#2109));
#358=EDGE_LOOP('',(#2110,#2111,#2112,#2113));
#359=EDGE_LOOP('',(#2114,#2115,#2116,#2117));
#360=EDGE_LOOP('',(#2118,#2119,#2120,#2121));
#361=EDGE_LOOP('',(#2122,#2123,#2124,#2125));
#362=EDGE_LOOP('',(#2126,#2127,#2128,#2129));
#363=EDGE_LOOP('',(#2130,#2131,#2132,#2133));
#364=EDGE_LOOP('',(#2134,#2135,#2136,#2137));
#365=EDGE_LOOP('',(#2138,#2139,#2140,#2141));
#366=EDGE_LOOP('',(#2142,#2143,#2144,#2145));
#367=EDGE_LOOP('',(#2146,#2147,#2148,#2149));
#368=EDGE_LOOP('',(#2150,#2151,#2152,#2153));
#369=EDGE_LOOP('',(#2154,#2155,#2156,#2157));
#370=EDGE_LOOP('',(#2158,#2159,#2160,#2161));
#371=EDGE_LOOP('',(#2162,#2163,#2164,#2165));
#372=EDGE_LOOP('',(#2166,#2167,#2168,#2169));
#373=EDGE_LOOP('',(#2170,#2171,#2172,#2173));
#374=EDGE_LOOP('',(#2174,#2175,#2176,#2177));
#375=EDGE_LOOP('',(#2178,#2179,#2180,#2181,#2182,#2183,#2184,#2185,#2186,
#2187,#2188,#2189,#2190,#2191,#2192,#2193,#2194,#2195,#2196,#2197,#2198,
#2199,#2200,#2201));
#376=EDGE_LOOP('',(#2202));
#377=EDGE_LOOP('',(#2203));
#378=EDGE_LOOP('',(#2204));
#379=EDGE_LOOP('',(#2205));
#380=EDGE_LOOP('',(#2206));
#381=EDGE_LOOP('',(#2207));
#382=EDGE_LOOP('',(#2208,#2209,#2210,#2211,#2212,#2213,#2214,#2215,#2216,
#2217,#2218,#2219,#2220,#2221,#2222,#2223,#2224,#2225,#2226,#2227,#2228,
#2229,#2230,#2231));
#383=EDGE_LOOP('',(#2232,#2233,#2234,#2235));
#384=EDGE_LOOP('',(#2236,#2237,#2238,#2239));
#385=EDGE_LOOP('',(#2240,#2241,#2242,#2243));
#386=EDGE_LOOP('',(#2244,#2245,#2246,#2247,#2248));
#387=EDGE_LOOP('',(#2249,#2250,#2251,#2252));
#388=EDGE_LOOP('',(#2253,#2254,#2255,#2256,#2257,#2258));
#389=EDGE_LOOP('',(#2259,#2260,#2261,#2262));
#390=EDGE_LOOP('',(#2263,#2264,#2265,#2266,#2267,#2268));
#391=EDGE_LOOP('',(#2269,#2270,#2271,#2272,#2273,#2274,#2275,#2276,#2277,
#2278,#2279));
#392=EDGE_LOOP('',(#2280,#2281,#2282,#2283));
#393=EDGE_LOOP('',(#2284,#2285,#2286,#2287));
#394=EDGE_LOOP('',(#2288,#2289,#2290,#2291,#2292,#2293,#2294));
#395=EDGE_LOOP('',(#2295,#2296,#2297,#2298,#2299));
#396=EDGE_LOOP('',(#2300,#2301,#2302,#2303));
#397=EDGE_LOOP('',(#2304,#2305,#2306,#2307,#2308,#2309,#2310,#2311,#2312));
#398=EDGE_LOOP('',(#2313,#2314,#2315,#2316));
#399=EDGE_LOOP('',(#2317,#2318,#2319,#2320,#2321));
#400=EDGE_LOOP('',(#2322,#2323,#2324,#2325,#2326,#2327,#2328,#2329));
#401=EDGE_LOOP('',(#2330,#2331,#2332,#2333));
#402=EDGE_LOOP('',(#2334,#2335,#2336));
#403=EDGE_LOOP('',(#2337,#2338,#2339,#2340));
#404=EDGE_LOOP('',(#2341,#2342,#2343,#2344,#2345));
#405=EDGE_LOOP('',(#2346,#2347,#2348,#2349,#2350,#2351,#2352,#2353,#2354));
#406=EDGE_LOOP('',(#2355,#2356,#2357,#2358));
#407=EDGE_LOOP('',(#2359,#2360,#2361,#2362,#2363,#2364));
#408=EDGE_LOOP('',(#2365,#2366,#2367,#2368,#2369,#2370,#2371,#2372,#2373,
#2374,#2375,#2376));
#409=EDGE_LOOP('',(#2377,#2378,#2379,#2380));
#410=EDGE_LOOP('',(#2381,#2382,#2383,#2384));
#411=EDGE_LOOP('',(#2385,#2386,#2387,#2388));
#412=EDGE_LOOP('',(#2389,#2390,#2391,#2392,#2393,#2394,#2395,#2396,#2397,
#2398));
#413=EDGE_LOOP('',(#2399,#2400,#2401,#2402,#2403,#2404));
#414=EDGE_LOOP('',(#2405,#2406,#2407,#2408));
#415=EDGE_LOOP('',(#2409,#2410,#2411,#2412,#2413,#2414));
#416=EDGE_LOOP('',(#2415,#2416,#2417,#2418));
#417=EDGE_LOOP('',(#2419,#2420,#2421,#2422,#2423));
#418=EDGE_LOOP('',(#2424,#2425,#2426,#2427,#2428,#2429));
#419=EDGE_LOOP('',(#2430,#2431,#2432,#2433));
#420=EDGE_LOOP('',(#2434,#2435,#2436,#2437,#2438,#2439));
#421=EDGE_LOOP('',(#2440,#2441,#2442,#2443));
#422=EDGE_LOOP('',(#2444,#2445,#2446,#2447,#2448,#2449));
#423=EDGE_LOOP('',(#2450,#2451,#2452,#2453,#2454,#2455,#2456,#2457,#2458,
#2459,#2460,#2461));
#424=EDGE_LOOP('',(#2462,#2463,#2464,#2465));
#425=EDGE_LOOP('',(#2466,#2467,#2468,#2469,#2470,#2471));
#426=EDGE_LOOP('',(#2472,#2473,#2474,#2475,#2476,#2477));
#427=EDGE_LOOP('',(#2478,#2479,#2480,#2481,#2482,#2483));
#428=EDGE_LOOP('',(#2484,#2485,#2486,#2487,#2488,#2489,#2490));
#429=EDGE_LOOP('',(#2491,#2492,#2493,#2494,#2495,#2496,#2497,#2498,#2499,
#2500,#2501,#2502));
#430=EDGE_LOOP('',(#2503,#2504,#2505,#2506));
#431=EDGE_LOOP('',(#2507,#2508,#2509,#2510,#2511));
#432=EDGE_LOOP('',(#2512,#2513,#2514,#2515));
#433=EDGE_LOOP('',(#2516,#2517,#2518));
#434=EDGE_LOOP('',(#2519,#2520,#2521,#2522));
#435=EDGE_LOOP('',(#2523,#2524,#2525));
#436=EDGE_LOOP('',(#2526,#2527,#2528));
#437=EDGE_LOOP('',(#2529,#2530,#2531,#2532,#2533,#2534,#2535,#2536,#2537,
#2538,#2539,#2540));
#438=EDGE_LOOP('',(#2541,#2542,#2543,#2544,#2545,#2546,#2547,#2548));
#439=EDGE_LOOP('',(#2549,#2550,#2551));
#440=EDGE_LOOP('',(#2552,#2553,#2554));
#441=EDGE_LOOP('',(#2555,#2556,#2557));
#442=EDGE_LOOP('',(#2558,#2559,#2560));
#443=EDGE_LOOP('',(#2561,#2562,#2563,#2564));
#444=CIRCLE('',#2781,60.);
#445=CIRCLE('',#2782,60.);
#446=CIRCLE('',#2783,60.);
#447=CIRCLE('',#2784,60.);
#448=CIRCLE('',#2785,60.);
#449=CIRCLE('',#2786,60.);
#450=CIRCLE('',#2787,60.);
#451=CIRCLE('',#2789,59.9995847020925);
#452=CIRCLE('',#2790,59.9995847020925);
#453=CIRCLE('',#2791,58.7089071046729);
#454=CIRCLE('',#2793,58.7089071046729);
#455=CIRCLE('',#2795,52.5);
#456=CIRCLE('',#2796,7.5);
#457=CIRCLE('',#2797,60.);
#458=CIRCLE('',#2798,60.);
#459=CIRCLE('',#2799,59.8178241984896);
#460=CIRCLE('',#2800,60.);
#461=CIRCLE('',#2804,1.39418460504355);
#462=CIRCLE('',#2807,7.5);
#463=CIRCLE('',#2810,7.48056403281792);
#464=CIRCLE('',#2811,7.48056403281798);
#465=CIRCLE('',#2815,7.5);
#466=CIRCLE('',#2819,15.);
#467=CIRCLE('',#2821,7.50000000000002);
#468=CIRCLE('',#2822,7.5);
#469=CIRCLE('',#2828,52.5);
#470=CIRCLE('',#2829,7.5);
#471=CIRCLE('',#2830,60.);
#472=CIRCLE('',#2831,52.5);
#473=CIRCLE('',#2833,7.5);
#474=CIRCLE('',#2834,7.5);
#475=CIRCLE('',#2837,7.5);
#476=CIRCLE('',#2839,7.5);
#477=CIRCLE('',#2840,7.5);
#478=CIRCLE('',#2841,7.5);
#479=CIRCLE('',#2843,7.5);
#480=CIRCLE('',#2844,7.5);
#481=CIRCLE('',#2846,7.5);
#482=CIRCLE('',#2848,15.);
#483=CIRCLE('',#2859,60.);
#484=CIRCLE('',#2861,60.);
#485=CIRCLE('',#2863,13.5);
#486=CIRCLE('',#2864,1.4825);
#487=CIRCLE('',#2866,1.4825);
#488=CIRCLE('',#2868,0.756);
#489=CIRCLE('',#2869,0.756);
#490=CIRCLE('',#2872,0.748);
#491=CIRCLE('',#2873,0.748);
#492=CIRCLE('',#2876,0.7565);
#493=CIRCLE('',#2877,0.7565);
#494=CIRCLE('',#2880,0.7485);
#495=CIRCLE('',#2881,0.7485);
#496=CIRCLE('',#2889,9.99999999999999);
#497=CIRCLE('',#2890,10.);
#498=CIRCLE('',#2895,1.386);
#499=CIRCLE('',#2899,23.);
#500=CIRCLE('',#2901,23.);
#501=CIRCLE('',#2903,10.);
#502=CIRCLE('',#2905,3.8);
#503=CIRCLE('',#2906,3.8);
#504=CIRCLE('',#2909,1.1);
#505=CIRCLE('',#2910,1.1);
#506=CIRCLE('',#2913,3.8);
#507=CIRCLE('',#2914,3.8);
#508=CIRCLE('',#2916,1.7);
#509=CIRCLE('',#2917,1.7);
#510=CIRCLE('',#2919,3.8);
#511=CIRCLE('',#2920,3.8);
#512=CIRCLE('',#2923,1.1);
#513=CIRCLE('',#2924,1.1);
#514=CIRCLE('',#2927,3.8);
#515=CIRCLE('',#2928,3.8);
#516=CIRCLE('',#2930,1.7);
#517=CIRCLE('',#2931,1.7);
#518=CIRCLE('',#2933,3.8);
#519=CIRCLE('',#2934,3.8);
#520=CIRCLE('',#2936,1.7);
#521=CIRCLE('',#2937,1.7);
#522=CIRCLE('',#2939,3.8);
#523=CIRCLE('',#2940,3.8);
#524=CIRCLE('',#2943,1.1);
#525=CIRCLE('',#2944,1.1);
#526=CIRCLE('',#2947,3.8);
#527=CIRCLE('',#2948,3.8);
#528=CIRCLE('',#2950,1.7);
#529=CIRCLE('',#2951,1.7);
#530=CIRCLE('',#2953,3.8);
#531=CIRCLE('',#2954,3.8);
#532=CIRCLE('',#2957,1.1);
#533=CIRCLE('',#2958,1.1);
#534=CIRCLE('',#2962,80.);
#535=CIRCLE('',#2969,60.);
#536=CIRCLE('',#2975,10.6381925381461);
#537=CIRCLE('',#2976,13.7478074618539);
#538=CIRCLE('',#2980,9.99999999999999);
#539=CIRCLE('',#2982,1.386);
#540=CIRCLE('',#2983,7.5);
#541=CIRCLE('',#2987,10.);
#542=CIRCLE('',#2990,10.);
#543=CIRCLE('',#2992,13.);
#544=CIRCLE('',#2993,11.386);
#545=CIRCLE('',#2994,60.);
#546=CIRCLE('',#2996,5.);
#547=CIRCLE('',#2997,5.);
#548=CIRCLE('',#3004,59.9023666524293);
#549=CIRCLE('',#3005,11.28836665243);
#550=CIRCLE('',#3006,5.);
#551=CIRCLE('',#3008,5.);
#552=CIRCLE('',#3010,59.8976905265867);
#553=CIRCLE('',#3011,7.49999999999999);
#554=CIRCLE('',#3013,10.);
#555=CIRCLE('',#3017,50.);
#556=CIRCLE('',#3019,50.);
#557=CIRCLE('',#3036,15.0000000002178);
#558=CIRCLE('',#3040,15.);
#559=CIRCLE('',#3042,75.);
#560=CIRCLE('',#3044,15.);
#561=CIRCLE('',#3046,15.);
#562=CIRCLE('',#3049,75.);
#563=CIRCLE('',#3051,75.);
#564=CIRCLE('',#3052,75.);
#565=CIRCLE('',#3053,75.);
#566=CIRCLE('',#3054,75.);
#567=CIRCLE('',#3055,5.);
#568=CIRCLE('',#3056,80.);
#569=CIRCLE('',#3057,75.);
#570=LINE('',#3845,#770);
#571=LINE('',#3856,#771);
#572=LINE('',#3860,#772);
#573=LINE('',#3864,#773);
#574=LINE('',#3871,#774);
#575=LINE('',#3880,#775);
#576=LINE('',#3915,#776);
#577=LINE('',#3923,#777);
#578=LINE('',#3928,#778);
#579=LINE('',#3930,#779);
#580=LINE('',#3932,#780);
#581=LINE('',#3961,#781);
#582=LINE('',#3969,#782);
#583=LINE('',#4042,#783);
#584=LINE('',#4045,#784);
#585=LINE('',#4048,#785);
#586=LINE('',#4050,#786);
#587=LINE('',#4052,#787);
#588=LINE('',#4054,#788);
#589=LINE('',#4055,#789);
#590=LINE('',#4058,#790);
#591=LINE('',#4060,#791);
#592=LINE('',#4064,#792);
#593=LINE('',#4066,#793);
#594=LINE('',#4068,#794);
#595=LINE('',#4069,#795);
#596=LINE('',#4071,#796);
#597=LINE('',#4076,#797);
#598=LINE('',#4079,#798);
#599=LINE('',#4082,#799);
#600=LINE('',#4083,#800);
#601=LINE('',#4086,#801);
#602=LINE('',#4088,#802);
#603=LINE('',#4089,#803);
#604=LINE('',#4092,#804);
#605=LINE('',#4094,#805);
#606=LINE('',#4095,#806);
#607=LINE('',#4120,#807);
#608=LINE('',#4121,#808);
#609=LINE('',#4124,#809);
#610=LINE('',#4125,#810);
#611=LINE('',#4127,#811);
#612=LINE('',#4129,#812);
#613=LINE('',#4130,#813);
#614=LINE('',#4133,#814);
#615=LINE('',#4136,#815);
#616=LINE('',#4141,#816);
#617=LINE('',#4144,#817);
#618=LINE('',#4213,#818);
#619=LINE('',#4246,#819);
#620=LINE('',#4250,#820);
#621=LINE('',#4253,#821);
#622=LINE('',#4257,#822);
#623=LINE('',#4258,#823);
#624=LINE('',#4267,#824);
#625=LINE('',#4270,#825);
#626=LINE('',#4273,#826);
#627=LINE('',#4275,#827);
#628=LINE('',#4277,#828);
#629=LINE('',#4278,#829);
#630=LINE('',#4281,#830);
#631=LINE('',#4283,#831);
#632=LINE('',#4284,#832);
#633=LINE('',#4286,#833);
#634=LINE('',#4288,#834);
#635=LINE('',#4289,#835);
#636=LINE('',#4291,#836);
#637=LINE('',#4352,#837);
#638=LINE('',#4357,#838);
#639=LINE('',#4364,#839);
#640=LINE('',#4371,#840);
#641=LINE('',#4378,#841);
#642=LINE('',#4410,#842);
#643=LINE('',#4485,#843);
#644=LINE('',#4488,#844);
#645=LINE('',#4491,#845);
#646=LINE('',#4511,#846);
#647=LINE('',#4513,#847);
#648=LINE('',#4515,#848);
#649=LINE('',#4518,#849);
#650=LINE('',#4522,#850);
#651=LINE('',#4524,#851);
#652=LINE('',#4526,#852);
#653=LINE('',#4532,#853);
#654=LINE('',#4536,#854);
#655=LINE('',#4542,#855);
#656=LINE('',#4545,#856);
#657=LINE('',#4548,#857);
#658=LINE('',#4550,#858);
#659=LINE('',#4551,#859);
#660=LINE('',#4557,#860);
#661=LINE('',#4560,#861);
#662=LINE('',#4562,#862);
#663=LINE('',#4563,#863);
#664=LINE('',#4569,#864);
#665=LINE('',#4575,#865);
#666=LINE('',#4581,#866);
#667=LINE('',#4584,#867);
#668=LINE('',#4586,#868);
#669=LINE('',#4587,#869);
#670=LINE('',#4593,#870);
#671=LINE('',#4596,#871);
#672=LINE('',#4598,#872);
#673=LINE('',#4599,#873);
#674=LINE('',#4605,#874);
#675=LINE('',#4611,#875);
#676=LINE('',#4617,#876);
#677=LINE('',#4622,#877);
#678=LINE('',#4628,#878);
#679=LINE('',#4632,#879);
#680=LINE('',#4634,#880);
#681=LINE('',#4635,#881);
#682=LINE('',#4640,#882);
#683=LINE('',#4644,#883);
#684=LINE('',#4646,#884);
#685=LINE('',#4647,#885);
#686=LINE('',#4652,#886);
#687=LINE('',#4658,#887);
#688=LINE('',#4664,#888);
#689=LINE('',#4668,#889);
#690=LINE('',#4670,#890);
#691=LINE('',#4671,#891);
#692=LINE('',#4676,#892);
#693=LINE('',#4679,#893);
#694=LINE('',#4680,#894);
#695=LINE('',#4688,#895);
#696=LINE('',#4690,#896);
#697=LINE('',#4692,#897);
#698=LINE('',#4697,#898);
#699=LINE('',#4701,#899);
#700=LINE('',#4702,#900);
#701=LINE('',#4705,#901);
#702=LINE('',#4707,#902);
#703=LINE('',#4708,#903);
#704=LINE('',#4711,#904);
#705=LINE('',#4714,#905);
#706=LINE('',#4717,#906);
#707=LINE('',#4719,#907);
#708=LINE('',#4720,#908);
#709=LINE('',#4722,#909);
#710=LINE('',#4723,#910);
#711=LINE('',#4727,#911);
#712=LINE('',#4729,#912);
#713=LINE('',#4731,#913);
#714=LINE('',#4732,#914);
#715=LINE('',#4734,#915);
#716=LINE('',#4735,#916);
#717=LINE('',#4738,#917);
#718=LINE('',#4740,#918);
#719=LINE('',#4755,#919);
#720=LINE('',#4778,#920);
#721=LINE('',#4885,#921);
#722=LINE('',#4888,#922);
#723=LINE('',#4890,#923);
#724=LINE('',#4893,#924);
#725=LINE('',#4894,#925);
#726=LINE('',#4897,#926);
#727=LINE('',#4905,#927);
#728=LINE('',#4907,#928);
#729=LINE('',#4914,#929);
#730=LINE('',#4917,#930);
#731=LINE('',#4964,#931);
#732=LINE('',#4967,#932);
#733=LINE('',#4970,#933);
#734=LINE('',#4993,#934);
#735=LINE('',#4996,#935);
#736=LINE('',#4999,#936);
#737=LINE('',#5051,#937);
#738=LINE('',#5054,#938);
#739=LINE('',#5057,#939);
#740=LINE('',#5060,#940);
#741=LINE('',#5380,#941);
#742=LINE('',#5381,#942);
#743=LINE('',#5383,#943);
#744=LINE('',#5407,#944);
#745=LINE('',#5411,#945);
#746=LINE('',#5440,#946);
#747=LINE('',#5442,#947);
#748=LINE('',#5444,#948);
#749=LINE('',#5446,#949);
#750=LINE('',#5447,#950);
#751=LINE('',#5452,#951);
#752=LINE('',#5463,#952);
#753=LINE('',#5471,#953);
#754=LINE('',#5475,#954);
#755=LINE('',#5513,#955);
#756=LINE('',#5569,#956);
#757=LINE('',#5611,#957);
#758=LINE('',#5626,#958);
#759=LINE('',#5641,#959);
#760=LINE('',#5686,#960);
#761=LINE('',#5689,#961);
#762=LINE('',#5718,#962);
#763=LINE('',#5720,#963);
#764=LINE('',#5724,#964);
#765=LINE('',#5726,#965);
#766=LINE('',#5733,#966);
#767=LINE('',#5748,#967);
#768=LINE('',#5749,#968);
#769=LINE('',#5755,#969);
#770=VECTOR('',#3068,10.);
#771=VECTOR('',#3073,10.);
#772=VECTOR('',#3076,10.);
#773=VECTOR('',#3079,10.);
#774=VECTOR('',#3080,10.);
#775=VECTOR('',#3083,10.);
#776=VECTOR('',#3088,10.);
#777=VECTOR('',#3089,10.);
#778=VECTOR('',#3094,10.);
#779=VECTOR('',#3095,10.);
#780=VECTOR('',#3096,10.);
#781=VECTOR('',#3101,10.);
#782=VECTOR('',#3102,10.);
#783=VECTOR('',#3127,10.);
#784=VECTOR('',#3130,10.);
#785=VECTOR('',#3133,10.);
#786=VECTOR('',#3134,10.);
#787=VECTOR('',#3135,10.);
#788=VECTOR('',#3136,10.);
#789=VECTOR('',#3137,10.);
#790=VECTOR('',#3140,10.);
#791=VECTOR('',#3141,10.);
#792=VECTOR('',#3144,10.);
#793=VECTOR('',#3145,10.);
#794=VECTOR('',#3146,10.);
#795=VECTOR('',#3147,10.);
#796=VECTOR('',#3150,10.);
#797=VECTOR('',#3155,10.);
#798=VECTOR('',#3158,10.);
#799=VECTOR('',#3161,10.);
#800=VECTOR('',#3162,10.);
#801=VECTOR('',#3165,10.);
#802=VECTOR('',#3166,10.);
#803=VECTOR('',#3167,10.);
#804=VECTOR('',#3170,10.);
#805=VECTOR('',#3171,10.);
#806=VECTOR('',#3172,10.);
#807=VECTOR('',#3177,10.);
#808=VECTOR('',#3178,10.);
#809=VECTOR('',#3181,10.);
#810=VECTOR('',#3182,10.);
#811=VECTOR('',#3183,10.);
#812=VECTOR('',#3184,10.);
#813=VECTOR('',#3185,10.);
#814=VECTOR('',#3188,10.);
#815=VECTOR('',#3191,10.);
#816=VECTOR('',#3196,10.);
#817=VECTOR('',#3201,10.);
#818=VECTOR('',#3222,10.);
#819=VECTOR('',#3241,10.);
#820=VECTOR('',#3244,10.);
#821=VECTOR('',#3247,10.);
#822=VECTOR('',#3252,10.);
#823=VECTOR('',#3253,10.);
#824=VECTOR('',#3260,10.);
#825=VECTOR('',#3265,10.);
#826=VECTOR('',#3268,10.);
#827=VECTOR('',#3269,10.);
#828=VECTOR('',#3270,10.);
#829=VECTOR('',#3271,10.);
#830=VECTOR('',#3274,10.);
#831=VECTOR('',#3275,10.);
#832=VECTOR('',#3276,10.);
#833=VECTOR('',#3279,10.);
#834=VECTOR('',#3280,10.);
#835=VECTOR('',#3281,10.);
#836=VECTOR('',#3284,10.);
#837=VECTOR('',#3307,1.4825);
#838=VECTOR('',#3312,0.756);
#839=VECTOR('',#3321,0.748);
#840=VECTOR('',#3330,0.7565);
#841=VECTOR('',#3339,0.7485);
#842=VECTOR('',#3348,13.5);
#843=VECTOR('',#3359,10.);
#844=VECTOR('',#3362,10.);
#845=VECTOR('',#3365,10.);
#846=VECTOR('',#3366,10.);
#847=VECTOR('',#3369,10.);
#848=VECTOR('',#3370,10.);
#849=VECTOR('',#3373,10.);
#850=VECTOR('',#3378,10.);
#851=VECTOR('',#3381,10.);
#852=VECTOR('',#3384,10.);
#853=VECTOR('',#3393,10.);
#854=VECTOR('',#3398,10.);
#855=VECTOR('',#3403,10.);
#856=VECTOR('',#3406,10.);
#857=VECTOR('',#3409,10.);
#858=VECTOR('',#3410,1000.);
#859=VECTOR('',#3411,10.);
#860=VECTOR('',#3418,10.);
#861=VECTOR('',#3421,10.);
#862=VECTOR('',#3422,1000.);
#863=VECTOR('',#3423,10.);
#864=VECTOR('',#3430,10.);
#865=VECTOR('',#3437,10.);
#866=VECTOR('',#3444,10.);
#867=VECTOR('',#3447,10.);
#868=VECTOR('',#3448,1000.);
#869=VECTOR('',#3449,10.);
#870=VECTOR('',#3456,10.);
#871=VECTOR('',#3459,10.);
#872=VECTOR('',#3460,1000.);
#873=VECTOR('',#3461,10.);
#874=VECTOR('',#3468,10.);
#875=VECTOR('',#3475,10.);
#876=VECTOR('',#3482,10.);
#877=VECTOR('',#3487,10.);
#878=VECTOR('',#3494,10.);
#879=VECTOR('',#3499,10.);
#880=VECTOR('',#3500,10.);
#881=VECTOR('',#3501,1000.);
#882=VECTOR('',#3506,10.);
#883=VECTOR('',#3511,10.);
#884=VECTOR('',#3512,10.);
#885=VECTOR('',#3513,1000.);
#886=VECTOR('',#3518,10.);
#887=VECTOR('',#3525,10.);
#888=VECTOR('',#3532,10.);
#889=VECTOR('',#3537,10.);
#890=VECTOR('',#3538,10.);
#891=VECTOR('',#3539,1000.);
#892=VECTOR('',#3544,10.);
#893=VECTOR('',#3549,10.);
#894=VECTOR('',#3550,1000.);
#895=VECTOR('',#3559,10.);
#896=VECTOR('',#3560,10.);
#897=VECTOR('',#3561,10.);
#898=VECTOR('',#3566,10.);
#899=VECTOR('',#3569,10.);
#900=VECTOR('',#3570,10.);
#901=VECTOR('',#3573,10.);
#902=VECTOR('',#3574,10.);
#903=VECTOR('',#3575,10.);
#904=VECTOR('',#3578,10.);
#905=VECTOR('',#3581,10.);
#906=VECTOR('',#3584,10.);
#907=VECTOR('',#3585,10.);
#908=VECTOR('',#3586,10.);
#909=VECTOR('',#3589,10.);
#910=VECTOR('',#3590,10.);
#911=VECTOR('',#3593,10.);
#912=VECTOR('',#3594,10.);
#913=VECTOR('',#3595,10.);
#914=VECTOR('',#3596,10.);
#915=VECTOR('',#3599,10.);
#916=VECTOR('',#3600,10.);
#917=VECTOR('',#3603,10.);
#918=VECTOR('',#3604,10.);
#919=VECTOR('',#3605,10.);
#920=VECTOR('',#3612,10.);
#921=VECTOR('',#3629,10.);
#922=VECTOR('',#3632,10.);
#923=VECTOR('',#3635,10.);
#924=VECTOR('',#3638,10.);
#925=VECTOR('',#3639,50.);
#926=VECTOR('',#3642,10.);
#927=VECTOR('',#3651,10.);
#928=VECTOR('',#3652,10.);
#929=VECTOR('',#3659,10.);
#930=VECTOR('',#3662,10.);
#931=VECTOR('',#3669,10.);
#932=VECTOR('',#3672,10.);
#933=VECTOR('',#3675,10.);
#934=VECTOR('',#3676,10.);
#935=VECTOR('',#3679,10.);
#936=VECTOR('',#3682,10.);
#937=VECTOR('',#3689,10.);
#938=VECTOR('',#3692,10.);
#939=VECTOR('',#3695,10.);
#940=VECTOR('',#3698,10.);
#941=VECTOR('',#3707,10.);
#942=VECTOR('',#3708,23.);
#943=VECTOR('',#3711,10.);
#944=VECTOR('',#3718,10.);
#945=VECTOR('',#3725,10.);
#946=VECTOR('',#3736,10.);
#947=VECTOR('',#3737,10.);
#948=VECTOR('',#3738,10.);
#949=VECTOR('',#3739,10.);
#950=VECTOR('',#3740,10.);
#951=VECTOR('',#3745,10.);
#952=VECTOR('',#3752,10.);
#953=VECTOR('',#3757,10.);
#954=VECTOR('',#3760,10.);
#955=VECTOR('',#3763,10.);
#956=VECTOR('',#3768,10.);
#957=VECTOR('',#3769,10.);
#958=VECTOR('',#3770,10.);
#959=VECTOR('',#3771,10.);
#960=VECTOR('',#3772,10.);
#961=VECTOR('',#3775,10.);
#962=VECTOR('',#3778,10.);
#963=VECTOR('',#3779,10.);
#964=VECTOR('',#3784,10.);
#965=VECTOR('',#3785,10.);
#966=VECTOR('',#3798,10.);
#967=VECTOR('',#3821,10.);
#968=VECTOR('',#3822,10.);
#969=VECTOR('',#3833,80.);
#970=B_SPLINE_CURVE_WITH_KNOTS('',3,(#3838,#3839,#3840,#3841,#3842,#3843),
 .UNSPECIFIED.,.F.,.F.,(4,2,4),(0.,0.228938962678632,0.312385033070942),
 .UNSPECIFIED.);
#971=B_SPLINE_CURVE_WITH_KNOTS('',3,(#3847,#3848,#3849,#3850),
 .UNSPECIFIED.,.F.,.F.,(4,4),(2.99898270901257,3.35531332885672),
 .UNSPECIFIED.);
#972=B_SPLINE_CURVE_WITH_KNOTS('',3,(#3866,#3867,#3868,#3869),
 .UNSPECIFIED.,.F.,.F.,(4,4),(1.65891763656472,1.80543797592763),
 .UNSPECIFIED.);
#973=B_SPLINE_CURVE_WITH_KNOTS('',3,(#3875,#3876,#3877,#3878),
 .UNSPECIFIED.,.F.,.F.,(4,4),(0.,0.34897114014191),.UNSPECIFIED.);
#974=B_SPLINE_CURVE_WITH_KNOTS('',3,(#3882,#3883,#3884,#3885),
 .UNSPECIFIED.,.F.,.F.,(4,4),(-0.316007952723547,0.),.UNSPECIFIED.);
#975=B_SPLINE_CURVE_WITH_KNOTS('',3,(#3903,#3904,#3905,#3906),
 .UNSPECIFIED.,.F.,.F.,(4,4),(0.,0.00789296055440674),.UNSPECIFIED.);
#976=B_SPLINE_CURVE_WITH_KNOTS('',3,(#3908,#3909,#3910,#3911,#3912,#3913),
 .UNSPECIFIED.,.F.,.F.,(4,2,4),(-0.392380900603175,-0.247086154532447,0.),
 .UNSPECIFIED.);
#977=B_SPLINE_CURVE_WITH_KNOTS('',3,(#3917,#3918,#3919,#3920,#3921,#3922),
 .UNSPECIFIED.,.F.,.F.,(4,2,4),(-0.392447318694837,-0.247086154532447,0.),
 .UNSPECIFIED.);
#978=B_SPLINE_CURVE_WITH_KNOTS('',3,(#3936,#3937,#3938,#3939,#3940,#3941),
 .UNSPECIFIED.,.F.,.F.,(4,2,4),(-1.40137747656133,-1.19979884663913,-1.00834490596238),
 .UNSPECIFIED.);
#979=B_SPLINE_CURVE_WITH_KNOTS('',3,(#3956,#3957,#3958,#3959),
 .UNSPECIFIED.,.F.,.F.,(4,4),(0.000164901075618184,0.00805785835625441),
 .UNSPECIFIED.);
#980=B_SPLINE_CURVE_WITH_KNOTS('',3,(#3963,#3964,#3965,#3966,#3967,#3968),
 .UNSPECIFIED.,.F.,.F.,(4,2,4),(-1.40137747656133,-1.19979884663913,-1.00827843015704),
 .UNSPECIFIED.);
#981=B_SPLINE_CURVE_WITH_KNOTS('',3,(#3977,#3978,#3979,#3980),
 .UNSPECIFIED.,.F.,.F.,(4,4),(0.,0.0078518928234301),.UNSPECIFIED.);
#982=B_SPLINE_CURVE_WITH_KNOTS('',3,(#3984,#3985,#3986,#3987,#3988,#3989,
#3990,#3991),.UNSPECIFIED.,.F.,.F.,(4,2,2,4),(-0.34989132726065,-0.326188041756963,
-0.120709217882505,0.),.UNSPECIFIED.);
#983=B_SPLINE_CURVE_WITH_KNOTS('',3,(#3995,#3996,#3997,#3998,#3999,#4000,
#4001,#4002,#4003,#4004),.UNSPECIFIED.,.F.,.F.,(4,2,2,2,4),(-1.7735920923171,
-1.68132296411048,-1.5761764450982,-1.2614706533382,-1.24462435718768),
 .UNSPECIFIED.);
#984=B_SPLINE_CURVE_WITH_KNOTS('',3,(#4006,#4007,#4008,#4009),
 .UNSPECIFIED.,.F.,.F.,(4,4),(-0.00785179881982775,0.),.UNSPECIFIED.);
#985=B_SPLINE_CURVE_WITH_KNOTS('',3,(#4011,#4012,#4013,#4014),
 .UNSPECIFIED.,.F.,.F.,(4,4),(0.473843684188005,0.611456377485732),
 .UNSPECIFIED.);
#986=B_SPLINE_CURVE_WITH_KNOTS('',3,(#4016,#4017,#4018,#4019),
 .UNSPECIFIED.,.F.,.F.,(4,4),(1.16846880244007,1.29386007722843),
 .UNSPECIFIED.);
#987=B_SPLINE_CURVE_WITH_KNOTS('',3,(#4022,#4023,#4024,#4025,#4026,#4027,
#4028,#4029,#4030,#4031,#4032,#4033,#4034,#4035,#4036,#4037,#4038,#4039,
#4040),.UNSPECIFIED.,.F.,.F.,(4,3,3,3,3,3,4),(-1.8111264226251,-1.70508437226809,
-1.59947012803317,-1.49536232743289,-1.43040566297795,-1.32908396047848,
-1.27331123485697),.UNSPECIFIED.);
#988=B_SPLINE_CURVE_WITH_KNOTS('',3,(#4113,#4114,#4115,#4116),
 .UNSPECIFIED.,.F.,.F.,(4,4),(2.66037369057204,3.19043492559561),
 .UNSPECIFIED.);
#989=B_SPLINE_CURVE_WITH_KNOTS('',3,(#4147,#4148,#4149,#4150),
 .UNSPECIFIED.,.F.,.F.,(4,4),(-11.7976540656099,-11.2323600022482),
 .UNSPECIFIED.);
#990=B_SPLINE_CURVE_WITH_KNOTS('',3,(#4151,#4152,#4153,#4154),
 .UNSPECIFIED.,.F.,.F.,(4,4),(-1.6839301760615,-1.1190681445083),
 .UNSPECIFIED.);
#991=B_SPLINE_CURVE_WITH_KNOTS('',3,(#4175,#4176,#4177,#4178,#4179,#4180,
#4181,#4182,#4183,#4184),.UNSPECIFIED.,.F.,.F.,(4,2,2,2,4),(0.000369445745255346,
0.245454809228152,0.57214088964903,0.920971060357632,1.04639630089065),
 .UNSPECIFIED.);
#992=B_SPLINE_CURVE_WITH_KNOTS('',3,(#4192,#4193,#4194,#4195,#4196,#4197,
#4198,#4199,#4200,#4201,#4202,#4203),.UNSPECIFIED.,.F.,.F.,(4,2,2,2,2,4),
(0.45609988534708,0.541007902890726,0.838704935223092,1.16799963157836,
1.35968462103342,1.55094483447976),.UNSPECIFIED.);
#993=B_SPLINE_CURVE_WITH_KNOTS('',3,(#4204,#4205,#4206,#4207,#4208,#4209),
 .UNSPECIFIED.,.F.,.F.,(4,2,4),(0.,1.47244766076066,2.85925115775377),
 .UNSPECIFIED.);
#994=B_SPLINE_CURVE_WITH_KNOTS('',3,(#4216,#4217,#4218,#4219),
 .UNSPECIFIED.,.F.,.F.,(4,4),(1.26038279168861,1.45519534271684),
 .UNSPECIFIED.);
#995=B_SPLINE_CURVE_WITH_KNOTS('',3,(#4262,#4263,#4264,#4265),
 .UNSPECIFIED.,.F.,.F.,(4,4),(3.79149180028882,4.04491899337348),
 .UNSPECIFIED.);
#996=B_SPLINE_CURVE_WITH_KNOTS('',3,(#4296,#4297,#4298,#4299,#4300,#4301,
#4302,#4303,#4304,#4305),.UNSPECIFIED.,.F.,.F.,(4,2,2,2,4),(1.61858912985148,
2.10601966786573,2.59345020587998,2.97438176736835,2.99898270901257),
 .UNSPECIFIED.);
#997=B_SPLINE_CURVE_WITH_KNOTS('',3,(#4308,#4309,#4310,#4311,#4312,#4313,
#4314,#4315,#4316,#4317),.UNSPECIFIED.,.F.,.F.,(4,2,2,2,4),(0.34897114014191,
0.389615674611888,0.779231349223776,1.18684078050966,1.59445021179554),
 .UNSPECIFIED.);
#998=B_SPLINE_CURVE_WITH_KNOTS('',3,(#4320,#4321,#4322,#4323,#4324,#4325,
#4326,#4327,#4328,#4329),.UNSPECIFIED.,.F.,.F.,(4,2,2,2,4),(-1.59426516045162,
-1.17529406059453,-0.756322960737438,-0.378161480368719,-0.316007952723547),
 .UNSPECIFIED.);
#999=B_SPLINE_CURVE_WITH_KNOTS('',3,(#4332,#4333,#4334,#4335,#4336,#4337,
#4338,#4339,#4340,#4341,#4342,#4343),.UNSPECIFIED.,.F.,.F.,(4,2,2,2,2,4),
(0.312385033070942,0.457877925357264,0.753775842913257,1.04967376046925,
1.66968626061524,1.72658672352062),.UNSPECIFIED.);
#1000=B_SPLINE_CURVE_WITH_KNOTS('',3,(#4384,#4385,#4386,#4387),
 .UNSPECIFIED.,.F.,.F.,(4,4),(-0.421214881736183,0.),.UNSPECIFIED.);
#1001=B_SPLINE_CURVE_WITH_KNOTS('',3,(#4389,#4390,#4391,#4392,#4393,#4394,
#4395,#4396,#4397,#4398,#4399,#4400),.UNSPECIFIED.,.F.,.F.,(4,2,2,2,2,4),
(4.51190376172864,4.58944156794895,4.94641072444138,5.66034903742624,6.04293987675158,
6.41083261438567),.UNSPECIFIED.);
#1002=B_SPLINE_CURVE_WITH_KNOTS('',3,(#4404,#4405,#4406,#4407,#4408,#4409),
 .UNSPECIFIED.,.F.,.F.,(4,2,4),(2.48583158277496,3.12239788576398,3.20238718325325),
 .UNSPECIFIED.);
#1003=B_SPLINE_CURVE_WITH_KNOTS('',3,(#4412,#4413,#4414,#4415),
 .UNSPECIFIED.,.F.,.F.,(4,4),(2.18663915699911,2.48583158277496),
 .UNSPECIFIED.);
#1004=B_SPLINE_CURVE_WITH_KNOTS('',3,(#4417,#4418,#4419,#4420,#4421,#4422),
 .UNSPECIFIED.,.F.,.F.,(4,2,4),(2.13374296975832,2.1544735887025,2.57187713881576),
 .UNSPECIFIED.);
#1005=B_SPLINE_CURVE_WITH_KNOTS('',3,(#4426,#4427,#4428,#4429,#4430,#4431),
 .UNSPECIFIED.,.F.,.F.,(4,2,4),(1.12380912801814,1.25078776546866,1.62168571473082),
 .UNSPECIFIED.);
#1006=B_SPLINE_CURVE_WITH_KNOTS('',3,(#4433,#4434,#4435,#4436,#4437,#4438,
#4439,#4440,#4441,#4442),.UNSPECIFIED.,.F.,.F.,(4,2,2,2,4),(0.245929099789003,
0.269869010901085,0.342205384227977,0.414541757554869,0.436691370780827),
 .UNSPECIFIED.);
#1007=B_SPLINE_CURVE_WITH_KNOTS('',3,(#4446,#4447,#4448,#4449,#4450,#4451,
#4452,#4453,#4454,#4455,#4456,#4457,#4458,#4459,#4460,#4461,#4462,#4463),
 .UNSPECIFIED.,.F.,.F.,(4,2,2,2,2,2,2,2,4),(1.90921324040562,1.93909327898039,
2.25974771935935,2.58040215973831,2.90105660011726,3.22171104049622,3.54236548087517,
3.86301992125412,3.8928999598289),.UNSPECIFIED.);
#1008=B_SPLINE_CURVE_WITH_KNOTS('',3,(#4467,#4468,#4469,#4470,#4471,#4472,
#4473,#4474,#4475,#4476),.UNSPECIFIED.,.F.,.F.,(4,2,2,2,4),(0.597630649594402,
0.619780262820359,0.692116636147251,0.764453009474143,0.788392920586225),
 .UNSPECIFIED.);
#1009=B_SPLINE_CURVE_WITH_KNOTS('',3,(#4477,#4478,#4479,#4480),
 .UNSPECIFIED.,.F.,.F.,(4,4),(7.48189288589378,7.57282583379509),
 .UNSPECIFIED.);
#1010=B_SPLINE_CURVE_WITH_KNOTS('',3,(#4493,#4494,#4495,#4496,#4497,#4498,
#4499,#4500),.UNSPECIFIED.,.F.,.F.,(4,2,2,4),(0.,0.03103093163729,0.0910906721116904,
0.098508262874936),.UNSPECIFIED.);
#1011=B_SPLINE_CURVE_WITH_KNOTS('',3,(#4502,#4503,#4504,#4505),
 .UNSPECIFIED.,.F.,.F.,(4,4),(2.86161479602939,2.92917622528599),
 .UNSPECIFIED.);
#1012=B_SPLINE_CURVE_WITH_KNOTS('',3,(#4507,#4508,#4509,#4510),
 .UNSPECIFIED.,.F.,.F.,(4,4),(2.97504156311957,3.02090690095314),
 .UNSPECIFIED.);
#1013=B_SPLINE_CURVE_WITH_KNOTS('',3,(#4742,#4743,#4744,#4745,#4746,#4747,
#4748,#4749,#4750,#4751,#4752,#4753),.UNSPECIFIED.,.F.,.F.,(4,2,2,2,2,4),
(-0.0927151015701676,-0.079723496145155,-0.0662255725577497,-0.0434622902653203,
-0.0203007065183439,0.),.UNSPECIFIED.);
#1014=B_SPLINE_CURVE_WITH_KNOTS('',3,(#4757,#4758,#4759,#4760,#4761,#4762,
#4763,#4764,#4765,#4766,#4767,#4768,#4769,#4770,#4771,#4772),
 .UNSPECIFIED.,.F.,.F.,(4,3,3,3,3,4),(-0.0586536744096154,-0.0451068810711464,
-0.0315532084916949,-0.0289913448717253,-0.013358369277205,-1.21973617588471E-5),
 .UNSPECIFIED.);
#1015=B_SPLINE_CURVE_WITH_KNOTS('',3,(#4784,#4785,#4786,#4787,#4788),
 .UNSPECIFIED.,.F.,.F.,(4,1,4),(-1.52935208375477,-1.36192526845608,-1.25945893715416),
 .UNSPECIFIED.);
#1016=B_SPLINE_CURVE_WITH_KNOTS('',3,(#4790,#4791,#4792,#4793,#4794,#4795,
#4796,#4797,#4798,#4799,#4800,#4801,#4802,#4803,#4804,#4805,#4806,#4807,
#4808,#4809,#4810,#4811,#4812,#4813,#4814,#4815,#4816,#4817,#4818,#4819,
#4820),.UNSPECIFIED.,.F.,.F.,(4,1,1,1,1,1,1,1,1,1,1,1,1,1,1,1,1,1,1,1,1,
1,1,1,1,1,1,1,4),(-0.385737632887396,-0.371961288856037,-0.358184944824678,
-0.344408600793319,-0.330632256761961,-0.303079568699243,-0.275526880636525,
-0.275096369885545,-0.274665859134565,-0.273804837632605,-0.272082794628685,
-0.270360751624765,-0.268638708620845,-0.265194622613006,-0.261750536605166,
-0.257445429095366,-0.254862364589487,-0.247974192573807,-0.234197848542448,
-0.227309676526769,-0.220421504511089,-0.20664516047973,-0.199756988464051,
-0.192868816448372,-0.179092472417013,-0.165316128385654,-0.158427956369974,
-0.110210752260218,-9.34717421046884E-12),.UNSPECIFIED.);
#1017=B_SPLINE_CURVE_WITH_KNOTS('',3,(#4822,#4823,#4824,#4825),
 .UNSPECIFIED.,.F.,.F.,(4,4),(3.02091430368734,3.0885001642002),
 .UNSPECIFIED.);
#1018=B_SPLINE_CURVE_WITH_KNOTS('',3,(#4827,#4828,#4829,#4830),
 .UNSPECIFIED.,.F.,.F.,(4,4),(2.92917622528599,2.97504156311957),
 .UNSPECIFIED.);
#1019=B_SPLINE_CURVE_WITH_KNOTS('',3,(#4863,#4864,#4865,#4866,#4867,#4868,
#4869,#4870,#4871,#4872,#4873,#4874),.UNSPECIFIED.,.F.,.F.,(4,2,2,2,2,4),
(-1.17433232842194,-1.16891665109406,-0.878970928965066,-0.586102368124577,
-0.293104534807352,-0.05688515873979),.UNSPECIFIED.);
#1020=B_SPLINE_CURVE_WITH_KNOTS('',3,(#4876,#4877,#4878,#4879,#4880),
 .UNSPECIFIED.,.F.,.F.,(4,1,4),(1.23900415483796,1.36192526845608,1.52935208375477),
 .UNSPECIFIED.);
#1021=B_SPLINE_CURVE_WITH_KNOTS('',3,(#4972,#4973,#4974,#4975,#4976,#4977,
#4978,#4979),.UNSPECIFIED.,.F.,.F.,(4,2,2,4),(-0.684359306916577,-0.681812265669236,
-0.678399953020679,-0.67597307322067),.UNSPECIFIED.);
#1022=B_SPLINE_CURVE_WITH_KNOTS('',3,(#4981,#4982,#4983,#4984,#4985,#4986,
#4987,#4988,#4989,#4990,#4991,#4992),.UNSPECIFIED.,.F.,.F.,(4,2,2,2,2,4),
(-0.00541809099951108,0.,0.290287228360994,0.58316142727884,0.876158978382245,
1.1692583514662),.UNSPECIFIED.);
#1023=B_SPLINE_CURVE_WITH_KNOTS('',3,(#5001,#5002,#5003,#5004),
 .UNSPECIFIED.,.F.,.F.,(4,4),(4.46778115568502,4.47753603658653),
 .UNSPECIFIED.);
#1024=B_SPLINE_CURVE_WITH_KNOTS('',3,(#5092,#5093,#5094,#5095,#5096),
 .UNSPECIFIED.,.F.,.F.,(4,1,4),(-2.93784120640906,-2.77028123704845,-2.64461125940685),
 .UNSPECIFIED.);
#1025=B_SPLINE_CURVE_WITH_KNOTS('',3,(#5099,#5100,#5101,#5102,#5103),
 .UNSPECIFIED.,.F.,.F.,(4,1,4),(2.64461125940685,2.77028123704845,2.93530841128142),
 .UNSPECIFIED.);
#1026=B_SPLINE_CURVE_WITH_KNOTS('',3,(#5260,#5261,#5262,#5263,#5264,#5265),
 .UNSPECIFIED.,.F.,.F.,(4,2,4),(0.,0.0587829359286886,0.0983694788605228),
 .UNSPECIFIED.);
#1027=B_SPLINE_CURVE_WITH_KNOTS('',3,(#5266,#5267,#5268,#5269,#5270,#5271,
#5272,#5273,#5274,#5275,#5276,#5277,#5278,#5279,#5280,#5281,#5282,#5283,
#5284,#5285,#5286,#5287,#5288,#5289,#5290,#5291,#5292,#5293,#5294),
 .UNSPECIFIED.,.F.,.F.,(4,1,1,1,1,1,1,1,1,1,1,1,1,1,1,1,1,1,1,1,1,1,1,1,
1,1,4),(9.34717421046884E-12,0.110210752260218,0.158427956369974,0.165316128385654,
0.179092472417013,0.192868816448372,0.199756988464051,0.20664516047973,
0.220421504511089,0.227309676526769,0.234197848542448,0.247974192573807,
0.254862364589487,0.257445429095366,0.261750536605166,0.265194622613006,
0.268638708620845,0.270360751624765,0.272082794628685,0.273804837632605,
0.274665859134565,0.275096369885545,0.275526880636525,0.303079568699243,
0.330632256761961,0.344408600793319,0.355699956933319),.UNSPECIFIED.);
#1028=B_SPLINE_CURVE_WITH_KNOTS('',3,(#5355,#5356,#5357,#5358,#5359,#5360,
#5361,#5362,#5363,#5364),.UNSPECIFIED.,.F.,.F.,(4,1,1,1,1,1,1,4),(-8.80405878606749E-5,
0.011541166604681,0.0252834062604537,0.0527678855719992,0.0802523648835447,
0.135221323506636,0.245159240752818,0.355097157999),.UNSPECIFIED.);
#1029=B_SPLINE_CURVE_WITH_KNOTS('',3,(#5365,#5366,#5367,#5368,#5369,#5370,
#5371,#5372,#5373,#5374,#5375,#5376),.UNSPECIFIED.,.F.,.F.,(4,1,1,1,1,1,
1,1,1,4),(-0.355097157999,-0.245159240752818,-0.135221323506636,-0.0802523648835447,
-0.0527678855719992,-0.0252834062604537,-0.011541166604681,0.00220107305109177,
0.0159433127068645,0.0296855523626373),.UNSPECIFIED.);
#1030=B_SPLINE_CURVE_WITH_KNOTS('',3,(#5386,#5387,#5388,#5389,#5390,#5391,
#5392,#5393,#5394,#5395,#5396,#5397,#5398,#5399,#5400,#5401,#5402,#5403),
 .UNSPECIFIED.,.F.,.F.,(4,2,2,2,2,2,2,2,4),(3.00111127929613,3.18426996188594,
3.36742864447574,3.55406916202537,3.740709679575,3.93078897140493,4.12086826323486,
4.31272135798475,4.49460599876053),.UNSPECIFIED.);
#1031=B_SPLINE_CURVE_WITH_KNOTS('',3,(#5414,#5415,#5416,#5417,#5418,#5419,
#5420,#5421,#5422,#5423,#5424,#5425,#5426,#5427,#5428,#5429,#5430,#5431),
 .UNSPECIFIED.,.F.,.F.,(4,2,2,2,2,2,2,2,4),(1.50809174146103,1.68950120060752,
1.88135429535741,2.07143358718734,2.26151287901727,2.4481533965669,2.63479391411653,
2.81795259670633,3.00111127929613),.UNSPECIFIED.);
#1032=B_SPLINE_CURVE_WITH_KNOTS('',3,(#5432,#5433,#5434,#5435),
 .UNSPECIFIED.,.F.,.F.,(4,4),(6.74556019494332,6.76272471224959),
 .UNSPECIFIED.);
#1033=B_SPLINE_CURVE_WITH_KNOTS('',3,(#5458,#5459,#5460,#5461),
 .UNSPECIFIED.,.F.,.F.,(4,4),(0.635189390991976,0.761716388840243),
 .UNSPECIFIED.);
#1034=B_SPLINE_CURVE_WITH_KNOTS('',3,(#5464,#5465,#5466,#5467),
 .UNSPECIFIED.,.F.,.F.,(4,4),(2.3905862311755,2.51711322909113),
 .UNSPECIFIED.);
#1035=B_SPLINE_CURVE_WITH_KNOTS('',3,(#5476,#5477,#5478,#5479,#5480,#5481),
 .UNSPECIFIED.,.F.,.F.,(4,2,4),(0.813162420675755,0.813307540000769,0.941080968709847),
 .UNSPECIFIED.);
#1036=B_SPLINE_CURVE_WITH_KNOTS('',3,(#5482,#5483,#5484,#5485,#5486,#5487),
 .UNSPECIFIED.,.F.,.F.,(4,2,4),(2.21122165137327,2.33899508008234,2.33914019940737),
 .UNSPECIFIED.);
#1037=B_SPLINE_CURVE_WITH_KNOTS('',3,(#5490,#5491,#5492,#5493,#5494,#5495,
#5496,#5497,#5498,#5499,#5500,#5501,#5502,#5503,#5504,#5505,#5506,#5507,
#5508,#5509,#5510,#5511),.UNSPECIFIED.,.F.,.F.,(4,2,2,2,2,2,2,2,2,2,4),
(6.64843341870576,7.08148407468677,7.52939540932929,7.85384875092241,8.17830209251552,
8.50275543410864,8.6649821049052,8.74609544030348,8.78665210800262,8.80693044185219,
8.82720877570176),.UNSPECIFIED.);
#1038=B_SPLINE_CURVE_WITH_KNOTS('',3,(#5516,#5517,#5518,#5519,#5520,#5521,
#5522,#5523,#5524,#5525,#5526,#5527,#5528,#5529,#5530,#5531,#5532,#5533,
#5534,#5535,#5536,#5537,#5538,#5539,#5540,#5541,#5542,#5543),
 .UNSPECIFIED.,.F.,.F.,(4,2,2,2,2,2,2,2,2,2,2,2,2,4),(3.41891527554929,
3.42036136005475,3.48244479453968,3.51348651178214,3.54452822902461,3.57556994626707,
3.60661166350954,3.66869509799447,3.79286196696432,4.04119570490403,4.54621088655385,
5.05122606820366,5.39483613985658,5.5666720451841),.UNSPECIFIED.);
#1039=B_SPLINE_CURVE_WITH_KNOTS('',3,(#5546,#5547,#5548,#5549,#5550,#5551,
#5552,#5553,#5554,#5555,#5556,#5557,#5558,#5559,#5560,#5561,#5562,#5563,
#5564,#5565,#5566,#5567),.UNSPECIFIED.,.F.,.F.,(4,2,2,2,2,2,2,2,2,2,4),
(1.4186797744512,1.43895810830077,1.45923644215034,1.49979310984948,1.58090644524776,
1.74313311604431,2.06758645763742,2.39203979923054,2.71649314082365,3.1644044754662,
3.5974551314473),.UNSPECIFIED.);
#1040=B_SPLINE_CURVE_WITH_KNOTS('',3,(#5571,#5572,#5573,#5574,#5575,#5576,
#5577,#5578,#5579,#5580,#5581,#5582,#5583,#5584,#5585,#5586,#5587,#5588,
#5589,#5590,#5591,#5592,#5593,#5594,#5595,#5596,#5597,#5598,#5599,#5600,
#5601,#5602,#5603,#5604,#5605,#5606,#5607,#5608,#5609),.UNSPECIFIED.,.F.,
 .F.,(4,2,2,2,2,2,2,2,3,2,2,2,2,2,2,2,2,2,4),(-0.0520364772471305,-0.0501655876978789,
-0.0362113822661224,-0.0184134769810089,-0.00627723510855083,-0.000289893726527917,
-0.000116769853596193,-4.81961291480686E-5,0.,3.77380371500424E-5,9.92481919479815E-5,
0.000234169245390242,0.00122072271386234,0.0114804893224767,0.0218253737906282,
0.0283823142258305,0.03389471797932,0.0400379388233764,0.0448174189526441),
 .UNSPECIFIED.);
#1041=B_SPLINE_CURVE_WITH_KNOTS('',3,(#5613,#5614,#5615,#5616,#5617,#5618,
#5619,#5620,#5621,#5622,#5623,#5624),.UNSPECIFIED.,.F.,.F.,(4,2,2,2,2,4),
(8.51313775568842,8.66498210490552,8.7460954403038,8.78665210800294,8.8069304418525,
8.82720877570207),.UNSPECIFIED.);
#1042=B_SPLINE_CURVE_WITH_KNOTS('',3,(#5628,#5629,#5630,#5631,#5632,#5633,
#5634,#5635,#5636,#5637,#5638,#5639),.UNSPECIFIED.,.F.,.F.,(4,2,2,2,2,4),
(1.4186797744511,1.43895810830067,1.45923644215024,1.49979310984938,1.58090644524766,
1.73275079446462),.UNSPECIFIED.);
#1043=B_SPLINE_CURVE_WITH_KNOTS('',3,(#5643,#5644,#5645,#5646,#5647,#5648,
#5649,#5650,#5651,#5652,#5653,#5654,#5655,#5656,#5657,#5658,#5659,#5660,
#5661,#5662,#5663,#5664,#5665,#5666,#5667,#5668,#5669,#5670,#5671,#5672,
#5673,#5674,#5675,#5676,#5677,#5678,#5679,#5680,#5681,#5682,#5683,#5684,
#5685),.UNSPECIFIED.,.F.,.F.,(4,2,2,2,2,2,2,2,2,2,3,2,2,2,2,2,2,2,2,2,4),
(-0.0433053623045909,-0.0393806153571232,-0.0338687720498495,-0.0289178154800638,
-0.0229937030123065,-0.0149892993446821,-0.00627583197297333,-0.000298205845527828,
-0.000118820483512568,-4.85915044078436E-5,0.,1.45395374058777E-5,5.98547831969498E-5,
0.000138326036744268,0.000360019003980583,0.000838992069221167,0.00120591722277091,
0.0157258282227472,0.0377605906137215,0.0496890487306082,0.0520199455387259),
 .UNSPECIFIED.);
#1044=B_SPLINE_CURVE_WITH_KNOTS('',3,(#5690,#5691,#5692,#5693,#5694,#5695,
#5696,#5697,#5698,#5699,#5700,#5701,#5702,#5703,#5704,#5705,#5706,#5707,
#5708,#5709,#5710,#5711,#5712,#5713,#5714,#5715),.UNSPECIFIED.,.F.,.F.,
(4,2,2,2,2,2,2,2,2,2,2,2,4),(1.52841947852267,2.01964431949611,2.51336168338897,
2.80892404232705,3.10448640126512,3.4000487602032,3.54782993967224,3.62172052940676,
3.65866582427402,3.69561111914128,3.73255641400854,3.7695017088758,3.83697801934253),
 .UNSPECIFIED.);
#1045=VERTEX_POINT('',#3836);
#1046=VERTEX_POINT('',#3837);
#1047=VERTEX_POINT('',#3844);
#1048=VERTEX_POINT('',#3846);
#1049=VERTEX_POINT('',#3851);
#1050=VERTEX_POINT('',#3853);
#1051=VERTEX_POINT('',#3855);
#1052=VERTEX_POINT('',#3857);
#1053=VERTEX_POINT('',#3859);
#1054=VERTEX_POINT('',#3861);
#1055=VERTEX_POINT('',#3863);
#1056=VERTEX_POINT('',#3865);
#1057=VERTEX_POINT('',#3870);
#1058=VERTEX_POINT('',#3872);
#1059=VERTEX_POINT('',#3874);
#1060=VERTEX_POINT('',#3879);
#1061=VERTEX_POINT('',#3881);
#1062=VERTEX_POINT('',#3886);
#1063=VERTEX_POINT('',#3901);
#1064=VERTEX_POINT('',#3902);
#1065=VERTEX_POINT('',#3907);
#1066=VERTEX_POINT('',#3914);
#1067=VERTEX_POINT('',#3916);
#1068=VERTEX_POINT('',#3925);
#1069=VERTEX_POINT('',#3927);
#1070=VERTEX_POINT('',#3929);
#1071=VERTEX_POINT('',#3931);
#1072=VERTEX_POINT('',#3933);
#1073=VERTEX_POINT('',#3935);
#1074=VERTEX_POINT('',#3955);
#1075=VERTEX_POINT('',#3960);
#1076=VERTEX_POINT('',#3962);
#1077=VERTEX_POINT('',#3973);
#1078=VERTEX_POINT('',#3981);
#1079=VERTEX_POINT('',#3983);
#1080=VERTEX_POINT('',#3992);
#1081=VERTEX_POINT('',#3994);
#1082=VERTEX_POINT('',#4021);
#1083=VERTEX_POINT('',#4041);
#1084=VERTEX_POINT('',#4043);
#1085=VERTEX_POINT('',#4047);
#1086=VERTEX_POINT('',#4049);
#1087=VERTEX_POINT('',#4051);
#1088=VERTEX_POINT('',#4053);
#1089=VERTEX_POINT('',#4057);
#1090=VERTEX_POINT('',#4059);
#1091=VERTEX_POINT('',#4061);
#1092=VERTEX_POINT('',#4063);
#1093=VERTEX_POINT('',#4065);
#1094=VERTEX_POINT('',#4067);
#1095=VERTEX_POINT('',#4073);
#1096=VERTEX_POINT('',#4075);
#1097=VERTEX_POINT('',#4077);
#1098=VERTEX_POINT('',#4081);
#1099=VERTEX_POINT('',#4085);
#1100=VERTEX_POINT('',#4087);
#1101=VERTEX_POINT('',#4091);
#1102=VERTEX_POINT('',#4093);
#1103=VERTEX_POINT('',#4112);
#1104=VERTEX_POINT('',#4119);
#1105=VERTEX_POINT('',#4123);
#1106=VERTEX_POINT('',#4126);
#1107=VERTEX_POINT('',#4128);
#1108=VERTEX_POINT('',#4132);
#1109=VERTEX_POINT('',#4134);
#1110=VERTEX_POINT('',#4138);
#1111=VERTEX_POINT('',#4140);
#1112=VERTEX_POINT('',#4173);
#1113=VERTEX_POINT('',#4174);
#1114=VERTEX_POINT('',#4185);
#1115=VERTEX_POINT('',#4189);
#1116=VERTEX_POINT('',#4191);
#1117=VERTEX_POINT('',#4212);
#1118=VERTEX_POINT('',#4239);
#1119=VERTEX_POINT('',#4241);
#1120=VERTEX_POINT('',#4245);
#1121=VERTEX_POINT('',#4247);
#1122=VERTEX_POINT('',#4249);
#1123=VERTEX_POINT('',#4251);
#1124=VERTEX_POINT('',#4255);
#1125=VERTEX_POINT('',#4260);
#1126=VERTEX_POINT('',#4272);
#1127=VERTEX_POINT('',#4274);
#1128=VERTEX_POINT('',#4276);
#1129=VERTEX_POINT('',#4280);
#1130=VERTEX_POINT('',#4282);
#1131=VERTEX_POINT('',#4287);
#1132=VERTEX_POINT('',#4295);
#1133=VERTEX_POINT('',#4306);
#1134=VERTEX_POINT('',#4319);
#1135=VERTEX_POINT('',#4330);
#1136=VERTEX_POINT('',#4345);
#1137=VERTEX_POINT('',#4347);
#1138=VERTEX_POINT('',#4350);
#1139=VERTEX_POINT('',#4354);
#1140=VERTEX_POINT('',#4356);
#1141=VERTEX_POINT('',#4361);
#1142=VERTEX_POINT('',#4363);
#1143=VERTEX_POINT('',#4368);
#1144=VERTEX_POINT('',#4370);
#1145=VERTEX_POINT('',#4375);
#1146=VERTEX_POINT('',#4377);
#1147=VERTEX_POINT('',#4382);
#1148=VERTEX_POINT('',#4383);
#1149=VERTEX_POINT('',#4388);
#1150=VERTEX_POINT('',#4401);
#1151=VERTEX_POINT('',#4403);
#1152=VERTEX_POINT('',#4411);
#1153=VERTEX_POINT('',#4416);
#1154=VERTEX_POINT('',#4423);
#1155=VERTEX_POINT('',#4425);
#1156=VERTEX_POINT('',#4432);
#1157=VERTEX_POINT('',#4443);
#1158=VERTEX_POINT('',#4445);
#1159=VERTEX_POINT('',#4464);
#1160=VERTEX_POINT('',#4466);
#1161=VERTEX_POINT('',#4482);
#1162=VERTEX_POINT('',#4484);
#1163=VERTEX_POINT('',#4486);
#1164=VERTEX_POINT('',#4490);
#1165=VERTEX_POINT('',#4492);
#1166=VERTEX_POINT('',#4501);
#1167=VERTEX_POINT('',#4506);
#1168=VERTEX_POINT('',#4514);
#1169=VERTEX_POINT('',#4516);
#1170=VERTEX_POINT('',#4520);
#1171=VERTEX_POINT('',#4530);
#1172=VERTEX_POINT('',#4534);
#1173=VERTEX_POINT('',#4538);
#1174=VERTEX_POINT('',#4539);
#1175=VERTEX_POINT('',#4541);
#1176=VERTEX_POINT('',#4543);
#1177=VERTEX_POINT('',#4547);
#1178=VERTEX_POINT('',#4549);
#1179=VERTEX_POINT('',#4553);
#1180=VERTEX_POINT('',#4555);
#1181=VERTEX_POINT('',#4559);
#1182=VERTEX_POINT('',#4561);
#1183=VERTEX_POINT('',#4565);
#1184=VERTEX_POINT('',#4567);
#1185=VERTEX_POINT('',#4571);
#1186=VERTEX_POINT('',#4573);
#1187=VERTEX_POINT('',#4577);
#1188=VERTEX_POINT('',#4579);
#1189=VERTEX_POINT('',#4583);
#1190=VERTEX_POINT('',#4585);
#1191=VERTEX_POINT('',#4589);
#1192=VERTEX_POINT('',#4591);
#1193=VERTEX_POINT('',#4595);
#1194=VERTEX_POINT('',#4597);
#1195=VERTEX_POINT('',#4601);
#1196=VERTEX_POINT('',#4603);
#1197=VERTEX_POINT('',#4607);
#1198=VERTEX_POINT('',#4609);
#1199=VERTEX_POINT('',#4613);
#1200=VERTEX_POINT('',#4615);
#1201=VERTEX_POINT('',#4619);
#1202=VERTEX_POINT('',#4621);
#1203=VERTEX_POINT('',#4625);
#1204=VERTEX_POINT('',#4627);
#1205=VERTEX_POINT('',#4631);
#1206=VERTEX_POINT('',#4633);
#1207=VERTEX_POINT('',#4637);
#1208=VERTEX_POINT('',#4639);
#1209=VERTEX_POINT('',#4643);
#1210=VERTEX_POINT('',#4645);
#1211=VERTEX_POINT('',#4649);
#1212=VERTEX_POINT('',#4651);
#1213=VERTEX_POINT('',#4655);
#1214=VERTEX_POINT('',#4657);
#1215=VERTEX_POINT('',#4661);
#1216=VERTEX_POINT('',#4663);
#1217=VERTEX_POINT('',#4667);
#1218=VERTEX_POINT('',#4669);
#1219=VERTEX_POINT('',#4673);
#1220=VERTEX_POINT('',#4675);
#1221=VERTEX_POINT('',#4683);
#1222=VERTEX_POINT('',#4686);
#1223=VERTEX_POINT('',#4687);
#1224=VERTEX_POINT('',#4689);
#1225=VERTEX_POINT('',#4691);
#1226=VERTEX_POINT('',#4695);
#1227=VERTEX_POINT('',#4696);
#1228=VERTEX_POINT('',#4698);
#1229=VERTEX_POINT('',#4700);
#1230=VERTEX_POINT('',#4704);
#1231=VERTEX_POINT('',#4706);
#1232=VERTEX_POINT('',#4710);
#1233=VERTEX_POINT('',#4712);
#1234=VERTEX_POINT('',#4716);
#1235=VERTEX_POINT('',#4718);
#1236=VERTEX_POINT('',#4725);
#1237=VERTEX_POINT('',#4726);
#1238=VERTEX_POINT('',#4728);
#1239=VERTEX_POINT('',#4730);
#1240=VERTEX_POINT('',#4737);
#1241=VERTEX_POINT('',#4739);
#1242=VERTEX_POINT('',#4741);
#1243=VERTEX_POINT('',#4754);
#1244=VERTEX_POINT('',#4756);
#1245=VERTEX_POINT('',#4773);
#1246=VERTEX_POINT('',#4777);
#1247=VERTEX_POINT('',#4783);
#1248=VERTEX_POINT('',#4789);
#1249=VERTEX_POINT('',#4821);
#1250=VERTEX_POINT('',#4826);
#1251=VERTEX_POINT('',#4862);
#1252=VERTEX_POINT('',#4875);
#1253=VERTEX_POINT('',#4883);
#1254=VERTEX_POINT('',#4887);
#1255=VERTEX_POINT('',#4892);
#1256=VERTEX_POINT('',#4896);
#1257=VERTEX_POINT('',#4900);
#1258=VERTEX_POINT('',#4902);
#1259=VERTEX_POINT('',#4904);
#1260=VERTEX_POINT('',#4906);
#1261=VERTEX_POINT('',#4910);
#1262=VERTEX_POINT('',#4911);
#1263=VERTEX_POINT('',#4913);
#1264=VERTEX_POINT('',#4915);
#1265=VERTEX_POINT('',#4960);
#1266=VERTEX_POINT('',#4965);
#1267=VERTEX_POINT('',#4969);
#1268=VERTEX_POINT('',#4971);
#1269=VERTEX_POINT('',#4980);
#1270=VERTEX_POINT('',#4995);
#1271=VERTEX_POINT('',#4997);
#1272=VERTEX_POINT('',#5000);
#1273=VERTEX_POINT('',#5050);
#1274=VERTEX_POINT('',#5052);
#1275=VERTEX_POINT('',#5056);
#1276=VERTEX_POINT('',#5058);
#1277=VERTEX_POINT('',#5091);
#1278=VERTEX_POINT('',#5097);
#1279=VERTEX_POINT('',#5259);
#1280=VERTEX_POINT('',#5385);
#1281=VERTEX_POINT('',#5406);
#1282=VERTEX_POINT('',#5439);
#1283=VERTEX_POINT('',#5441);
#1284=VERTEX_POINT('',#5443);
#1285=VERTEX_POINT('',#5445);
#1286=VERTEX_POINT('',#5449);
#1287=VERTEX_POINT('',#5451);
#1288=VERTEX_POINT('',#5455);
#1289=VERTEX_POINT('',#5457);
#1290=VERTEX_POINT('',#5462);
#1291=VERTEX_POINT('',#5469);
#1292=VERTEX_POINT('',#5473);
#1293=VERTEX_POINT('',#5474);
#1294=VERTEX_POINT('',#5489);
#1295=VERTEX_POINT('',#5512);
#1296=VERTEX_POINT('',#5514);
#1297=VERTEX_POINT('',#5545);
#1298=VERTEX_POINT('',#5568);
#1299=VERTEX_POINT('',#5570);
#1300=VERTEX_POINT('',#5610);
#1301=VERTEX_POINT('',#5612);
#1302=VERTEX_POINT('',#5625);
#1303=VERTEX_POINT('',#5627);
#1304=VERTEX_POINT('',#5640);
#1305=VERTEX_POINT('',#5642);
#1306=VERTEX_POINT('',#5688);
#1307=VERTEX_POINT('',#5717);
#1308=VERTEX_POINT('',#5719);
#1309=VERTEX_POINT('',#5723);
#1310=VERTEX_POINT('',#5725);
#1311=VERTEX_POINT('',#5738);
#1312=VERTEX_POINT('',#5741);
#1313=VERTEX_POINT('',#5743);
#1314=EDGE_CURVE('',#1045,#1046,#970,.T.);
#1315=EDGE_CURVE('',#1047,#1045,#570,.T.);
#1316=EDGE_CURVE('',#1048,#1047,#971,.T.);
#1317=EDGE_CURVE('',#1049,#1048,#444,.T.);
#1318=EDGE_CURVE('',#1050,#1049,#445,.T.);
#1319=EDGE_CURVE('',#1050,#1051,#571,.T.);
#1320=EDGE_CURVE('',#1051,#1052,#446,.T.);
#1321=EDGE_CURVE('',#1052,#1053,#572,.T.);
#1322=EDGE_CURVE('',#1053,#1054,#447,.T.);
#1323=EDGE_CURVE('',#1054,#1055,#573,.T.);
#1324=EDGE_CURVE('',#1056,#1055,#972,.T.);
#1325=EDGE_CURVE('',#1056,#1057,#574,.T.);
#1326=EDGE_CURVE('',#1058,#1057,#448,.T.);
#1327=EDGE_CURVE('',#1059,#1058,#973,.T.);
#1328=EDGE_CURVE('',#1060,#1059,#575,.T.);
#1329=EDGE_CURVE('',#1061,#1060,#974,.T.);
#1330=EDGE_CURVE('',#1062,#1061,#449,.T.);
#1331=EDGE_CURVE('',#1046,#1062,#450,.T.);
#1332=EDGE_CURVE('',#1063,#1064,#975,.T.);
#1333=EDGE_CURVE('',#1063,#1065,#976,.T.);
#1334=EDGE_CURVE('',#1066,#1065,#576,.T.);
#1335=EDGE_CURVE('',#1067,#1066,#977,.T.);
#1336=EDGE_CURVE('',#1064,#1067,#577,.T.);
#1337=EDGE_CURVE('',#1068,#1063,#451,.T.);
#1338=EDGE_CURVE('',#1069,#1068,#578,.T.);
#1339=EDGE_CURVE('',#1070,#1069,#579,.T.);
#1340=EDGE_CURVE('',#1071,#1070,#580,.T.);
#1341=EDGE_CURVE('',#1072,#1071,#452,.T.);
#1342=EDGE_CURVE('',#1073,#1072,#978,.T.);
#1343=EDGE_CURVE('',#1065,#1073,#453,.T.);
#1344=EDGE_CURVE('',#1074,#1072,#979,.T.);
#1345=EDGE_CURVE('',#1075,#1074,#581,.T.);
#1346=EDGE_CURVE('',#1076,#1075,#980,.T.);
#1347=EDGE_CURVE('',#1076,#1073,#582,.T.);
#1348=EDGE_CURVE('',#1066,#1076,#454,.T.);
#1349=EDGE_CURVE('',#1077,#1077,#455,.T.);
#1350=EDGE_CURVE('',#1077,#1049,#456,.T.);
#1351=EDGE_CURVE('',#1058,#1048,#457,.T.);
#1352=EDGE_CURVE('',#1057,#1068,#981,.T.);
#1353=EDGE_CURVE('',#1064,#1078,#458,.T.);
#1354=EDGE_CURVE('',#1078,#1079,#982,.T.);
#1355=EDGE_CURVE('',#1079,#1080,#459,.T.);
#1356=EDGE_CURVE('',#1080,#1081,#983,.T.);
#1357=EDGE_CURVE('',#1081,#1074,#460,.T.);
#1358=EDGE_CURVE('',#1071,#1050,#984,.T.);
#1359=EDGE_CURVE('',#1078,#1067,#985,.T.);
#1360=EDGE_CURVE('',#1075,#1081,#986,.T.);
#1361=EDGE_CURVE('',#1082,#1056,#987,.T.);
#1362=EDGE_CURVE('',#1083,#1082,#583,.T.);
#1363=EDGE_CURVE('',#1084,#1083,#461,.T.);
#1364=EDGE_CURVE('',#1084,#1069,#584,.T.);
#1365=EDGE_CURVE('',#1052,#1085,#585,.T.);
#1366=EDGE_CURVE('',#1086,#1085,#586,.T.);
#1367=EDGE_CURVE('',#1087,#1086,#587,.T.);
#1368=EDGE_CURVE('',#1088,#1087,#588,.T.);
#1369=EDGE_CURVE('',#1053,#1088,#589,.T.);
#1370=EDGE_CURVE('',#1051,#1089,#590,.T.);
#1371=EDGE_CURVE('',#1089,#1090,#591,.T.);
#1372=EDGE_CURVE('',#1091,#1090,#462,.T.);
#1373=EDGE_CURVE('',#1092,#1091,#592,.T.);
#1374=EDGE_CURVE('',#1093,#1092,#593,.T.);
#1375=EDGE_CURVE('',#1094,#1093,#594,.T.);
#1376=EDGE_CURVE('',#1085,#1094,#595,.T.);
#1377=EDGE_CURVE('',#1070,#1089,#596,.T.);
#1378=EDGE_CURVE('',#1095,#1084,#463,.T.);
#1379=EDGE_CURVE('',#1096,#1095,#597,.T.);
#1380=EDGE_CURVE('',#1097,#1096,#464,.T.);
#1381=EDGE_CURVE('',#1090,#1097,#598,.T.);
#1382=EDGE_CURVE('',#1098,#1088,#599,.T.);
#1383=EDGE_CURVE('',#1054,#1098,#600,.T.);
#1384=EDGE_CURVE('',#1086,#1099,#601,.T.);
#1385=EDGE_CURVE('',#1099,#1100,#602,.T.);
#1386=EDGE_CURVE('',#1087,#1100,#603,.T.);
#1387=EDGE_CURVE('',#1101,#1094,#604,.T.);
#1388=EDGE_CURVE('',#1101,#1102,#605,.T.);
#1389=EDGE_CURVE('',#1102,#1099,#606,.T.);
#1390=EDGE_CURVE('',#1055,#1103,#988,.T.);
#1391=EDGE_CURVE('',#1103,#1082,#465,.T.);
#1392=EDGE_CURVE('',#1104,#1093,#607,.T.);
#1393=EDGE_CURVE('',#1104,#1101,#608,.T.);
#1394=EDGE_CURVE('',#1100,#1105,#609,.T.);
#1395=EDGE_CURVE('',#1105,#1104,#610,.T.);
#1396=EDGE_CURVE('',#1092,#1106,#611,.T.);
#1397=EDGE_CURVE('',#1107,#1106,#612,.T.);
#1398=EDGE_CURVE('',#1098,#1107,#613,.T.);
#1399=EDGE_CURVE('',#1108,#1091,#614,.T.);
#1400=EDGE_CURVE('',#1109,#1108,#466,.T.);
#1401=EDGE_CURVE('',#1106,#1109,#615,.T.);
#1402=EDGE_CURVE('',#1097,#1110,#467,.F.);
#1403=EDGE_CURVE('',#1110,#1111,#616,.T.);
#1404=EDGE_CURVE('',#1111,#1108,#468,.T.);
#1405=EDGE_CURVE('',#1105,#1102,#617,.T.);
#1406=EDGE_CURVE('',#1080,#1076,#989,.T.);
#1407=EDGE_CURVE('',#1066,#1079,#990,.T.);
#1408=EDGE_CURVE('',#1112,#1113,#991,.T.);
#1409=EDGE_CURVE('',#1113,#1114,#469,.T.);
#1410=EDGE_CURVE('',#1114,#1062,#470,.T.);
#1411=EDGE_CURVE('',#1061,#1046,#471,.T.);
#1412=EDGE_CURVE('',#1114,#1115,#472,.T.);
#1413=EDGE_CURVE('',#1115,#1116,#992,.T.);
#1414=EDGE_CURVE('',#1116,#1112,#993,.T.);
#1415=EDGE_CURVE('',#1111,#1116,#473,.T.);
#1416=EDGE_CURVE('',#1111,#1117,#618,.T.);
#1417=EDGE_CURVE('',#1112,#1117,#474,.T.);
#1418=EDGE_CURVE('',#1115,#1109,#994,.T.);
#1419=EDGE_CURVE('',#1110,#1096,#475,.F.);
#1420=EDGE_CURVE('',#1118,#1083,#476,.F.);
#1421=EDGE_CURVE('',#1119,#1118,#477,.F.);
#1422=EDGE_CURVE('',#1095,#1119,#478,.F.);
#1423=EDGE_CURVE('',#1103,#1120,#619,.T.);
#1424=EDGE_CURVE('',#1121,#1120,#479,.F.);
#1425=EDGE_CURVE('',#1121,#1122,#620,.T.);
#1426=EDGE_CURVE('',#1123,#1122,#480,.F.);
#1427=EDGE_CURVE('',#1123,#1118,#621,.T.);
#1428=EDGE_CURVE('',#1124,#1117,#481,.T.);
#1429=EDGE_CURVE('',#1117,#1119,#622,.T.);
#1430=EDGE_CURVE('',#1118,#1124,#623,.T.);
#1431=EDGE_CURVE('',#1124,#1125,#482,.T.);
#1432=EDGE_CURVE('',#1113,#1125,#995,.F.);
#1433=EDGE_CURVE('',#1119,#1110,#624,.T.);
#1434=EDGE_CURVE('',#1125,#1107,#625,.T.);
#1435=EDGE_CURVE('',#1126,#1122,#626,.T.);
#1436=EDGE_CURVE('',#1127,#1126,#627,.T.);
#1437=EDGE_CURVE('',#1128,#1127,#628,.T.);
#1438=EDGE_CURVE('',#1123,#1128,#629,.T.);
#1439=EDGE_CURVE('',#1128,#1129,#630,.T.);
#1440=EDGE_CURVE('',#1127,#1130,#631,.T.);
#1441=EDGE_CURVE('',#1130,#1129,#632,.T.);
#1442=EDGE_CURVE('',#1129,#1120,#633,.T.);
#1443=EDGE_CURVE('',#1131,#1130,#634,.T.);
#1444=EDGE_CURVE('',#1131,#1121,#635,.F.);
#1445=EDGE_CURVE('',#1126,#1131,#636,.T.);
#1446=EDGE_CURVE('',#1132,#1048,#996,.T.);
#1447=EDGE_CURVE('',#1133,#1132,#483,.T.);
#1448=EDGE_CURVE('',#1058,#1133,#997,.T.);
#1449=EDGE_CURVE('',#1134,#1061,#998,.T.);
#1450=EDGE_CURVE('',#1135,#1134,#484,.T.);
#1451=EDGE_CURVE('',#1046,#1135,#999,.T.);
#1452=EDGE_CURVE('',#1136,#1136,#485,.T.);
#1453=EDGE_CURVE('',#1137,#1137,#486,.T.);
#1454=EDGE_CURVE('',#1138,#1138,#487,.T.);
#1455=EDGE_CURVE('',#1138,#1137,#637,.T.);
#1456=EDGE_CURVE('',#1139,#1139,#488,.T.);
#1457=EDGE_CURVE('',#1139,#1140,#638,.T.);
#1458=EDGE_CURVE('',#1140,#1140,#489,.T.);
#1459=EDGE_CURVE('',#1141,#1141,#490,.T.);
#1460=EDGE_CURVE('',#1141,#1142,#639,.T.);
#1461=EDGE_CURVE('',#1142,#1142,#491,.T.);
#1462=EDGE_CURVE('',#1143,#1143,#492,.T.);
#1463=EDGE_CURVE('',#1143,#1144,#640,.T.);
#1464=EDGE_CURVE('',#1144,#1144,#493,.T.);
#1465=EDGE_CURVE('',#1145,#1145,#494,.T.);
#1466=EDGE_CURVE('',#1145,#1146,#641,.T.);
#1467=EDGE_CURVE('',#1146,#1146,#495,.T.);
#1468=EDGE_CURVE('',#1147,#1148,#1000,.T.);
#1469=EDGE_CURVE('',#1149,#1147,#1001,.T.);
#1470=EDGE_CURVE('',#1150,#1149,#15,.T.);
#1471=EDGE_CURVE('',#1151,#1150,#1002,.T.);
#1472=EDGE_CURVE('',#1151,#1136,#642,.T.);
#1473=EDGE_CURVE('',#1152,#1151,#1003,.T.);
#1474=EDGE_CURVE('',#1153,#1152,#1004,.T.);
#1475=EDGE_CURVE('',#1154,#1153,#16,.T.);
#1476=EDGE_CURVE('',#1155,#1154,#1005,.T.);
#1477=EDGE_CURVE('',#1156,#1155,#1006,.T.);
#1478=EDGE_CURVE('',#1157,#1156,#17,.T.);
#1479=EDGE_CURVE('',#1158,#1157,#1007,.T.);
#1480=EDGE_CURVE('',#1159,#1158,#18,.T.);
#1481=EDGE_CURVE('',#1160,#1159,#1008,.T.);
#1482=EDGE_CURVE('',#1148,#1160,#1009,.T.);
#1483=EDGE_CURVE('',#1161,#1152,#496,.T.);
#1484=EDGE_CURVE('',#1161,#1162,#643,.T.);
#1485=EDGE_CURVE('',#1162,#1163,#497,.T.);
#1486=EDGE_CURVE('',#1163,#1153,#644,.T.);
#1487=EDGE_CURVE('',#1164,#1158,#645,.T.);
#1488=EDGE_CURVE('',#1165,#1164,#1010,.F.);
#1489=EDGE_CURVE('',#1165,#1166,#1011,.T.);
#1490=EDGE_CURVE('',#1167,#1166,#1012,.T.);
#1491=EDGE_CURVE('',#1167,#1159,#646,.T.);
#1492=EDGE_CURVE('',#1150,#1059,#647,.T.);
#1493=EDGE_CURVE('',#1133,#1168,#648,.T.);
#1494=EDGE_CURVE('',#1168,#1169,#19,.T.);
#1495=EDGE_CURVE('',#1169,#1161,#649,.T.);
#1496=EDGE_CURVE('',#1170,#1167,#498,.T.);
#1497=EDGE_CURVE('',#1160,#1170,#650,.T.);
#1498=EDGE_CURVE('',#1060,#1149,#651,.T.);
#1499=EDGE_CURVE('',#1154,#1163,#652,.T.);
#1500=EDGE_CURVE('',#1148,#1170,#499,.T.);
#1501=EDGE_CURVE('',#1171,#1163,#500,.T.);
#1502=EDGE_CURVE('',#1171,#1155,#653,.T.);
#1503=EDGE_CURVE('',#1172,#1147,#501,.T.);
#1504=EDGE_CURVE('',#1172,#1134,#654,.T.);
#1505=EDGE_CURVE('',#1173,#1174,#502,.T.);
#1506=EDGE_CURVE('',#1173,#1175,#655,.T.);
#1507=EDGE_CURVE('',#1175,#1176,#503,.T.);
#1508=EDGE_CURVE('',#1174,#1176,#656,.T.);
#1509=EDGE_CURVE('',#1174,#1177,#657,.T.);
#1510=EDGE_CURVE('',#1176,#1178,#658,.T.);
#1511=EDGE_CURVE('',#1177,#1178,#659,.T.);
#1512=EDGE_CURVE('',#1177,#1179,#504,.T.);
#1513=EDGE_CURVE('',#1178,#1180,#505,.T.);
#1514=EDGE_CURVE('',#1179,#1180,#660,.T.);
#1515=EDGE_CURVE('',#1179,#1181,#661,.T.);
#1516=EDGE_CURVE('',#1180,#1182,#662,.T.);
#1517=EDGE_CURVE('',#1181,#1182,#663,.T.);
#1518=EDGE_CURVE('',#1181,#1183,#506,.T.);
#1519=EDGE_CURVE('',#1182,#1184,#507,.T.);
#1520=EDGE_CURVE('',#1183,#1184,#664,.T.);
#1521=EDGE_CURVE('',#1183,#1185,#508,.T.);
#1522=EDGE_CURVE('',#1184,#1186,#509,.T.);
#1523=EDGE_CURVE('',#1185,#1186,#665,.T.);
#1524=EDGE_CURVE('',#1185,#1187,#510,.T.);
#1525=EDGE_CURVE('',#1186,#1188,#511,.T.);
#1526=EDGE_CURVE('',#1187,#1188,#666,.T.);
#1527=EDGE_CURVE('',#1187,#1189,#667,.T.);
#1528=EDGE_CURVE('',#1188,#1190,#668,.T.);
#1529=EDGE_CURVE('',#1189,#1190,#669,.T.);
#1530=EDGE_CURVE('',#1189,#1191,#512,.T.);
#1531=EDGE_CURVE('',#1190,#1192,#513,.T.);
#1532=EDGE_CURVE('',#1191,#1192,#670,.T.);
#1533=EDGE_CURVE('',#1191,#1193,#671,.T.);
#1534=EDGE_CURVE('',#1192,#1194,#672,.T.);
#1535=EDGE_CURVE('',#1193,#1194,#673,.T.);
#1536=EDGE_CURVE('',#1193,#1195,#514,.T.);
#1537=EDGE_CURVE('',#1194,#1196,#515,.T.);
#1538=EDGE_CURVE('',#1195,#1196,#674,.T.);
#1539=EDGE_CURVE('',#1195,#1197,#516,.T.);
#1540=EDGE_CURVE('',#1196,#1198,#517,.T.);
#1541=EDGE_CURVE('',#1197,#1198,#675,.T.);
#1542=EDGE_CURVE('',#1197,#1199,#518,.T.);
#1543=EDGE_CURVE('',#1198,#1200,#519,.T.);
#1544=EDGE_CURVE('',#1199,#1200,#676,.T.);
#1545=EDGE_CURVE('',#1201,#1173,#520,.T.);
#1546=EDGE_CURVE('',#1201,#1202,#677,.T.);
#1547=EDGE_CURVE('',#1202,#1175,#521,.T.);
#1548=EDGE_CURVE('',#1203,#1201,#522,.T.);
#1549=EDGE_CURVE('',#1203,#1204,#678,.T.);
#1550=EDGE_CURVE('',#1204,#1202,#523,.T.);
#1551=EDGE_CURVE('',#1205,#1203,#679,.T.);
#1552=EDGE_CURVE('',#1205,#1206,#680,.T.);
#1553=EDGE_CURVE('',#1206,#1204,#681,.T.);
#1554=EDGE_CURVE('',#1207,#1205,#524,.T.);
#1555=EDGE_CURVE('',#1207,#1208,#682,.T.);
#1556=EDGE_CURVE('',#1208,#1206,#525,.T.);
#1557=EDGE_CURVE('',#1209,#1207,#683,.T.);
#1558=EDGE_CURVE('',#1209,#1210,#684,.T.);
#1559=EDGE_CURVE('',#1210,#1208,#685,.T.);
#1560=EDGE_CURVE('',#1211,#1209,#526,.T.);
#1561=EDGE_CURVE('',#1211,#1212,#686,.T.);
#1562=EDGE_CURVE('',#1212,#1210,#527,.T.);
#1563=EDGE_CURVE('',#1213,#1211,#528,.T.);
#1564=EDGE_CURVE('',#1213,#1214,#687,.T.);
#1565=EDGE_CURVE('',#1214,#1212,#529,.T.);
#1566=EDGE_CURVE('',#1215,#1213,#530,.T.);
#1567=EDGE_CURVE('',#1215,#1216,#688,.T.);
#1568=EDGE_CURVE('',#1216,#1214,#531,.T.);
#1569=EDGE_CURVE('',#1217,#1215,#689,.T.);
#1570=EDGE_CURVE('',#1217,#1218,#690,.T.);
#1571=EDGE_CURVE('',#1218,#1216,#691,.T.);
#1572=EDGE_CURVE('',#1219,#1217,#532,.T.);
#1573=EDGE_CURVE('',#1219,#1220,#692,.T.);
#1574=EDGE_CURVE('',#1220,#1218,#533,.T.);
#1575=EDGE_CURVE('',#1199,#1219,#693,.T.);
#1576=EDGE_CURVE('',#1200,#1220,#694,.T.);
#1577=EDGE_CURVE('',#1221,#1221,#534,.T.);
#1578=EDGE_CURVE('',#1222,#1223,#695,.T.);
#1579=EDGE_CURVE('',#1224,#1222,#696,.T.);
#1580=EDGE_CURVE('',#1225,#1224,#697,.T.);
#1581=EDGE_CURVE('',#1223,#1225,#20,.T.);
#1582=EDGE_CURVE('',#1226,#1227,#698,.T.);
#1583=EDGE_CURVE('',#1228,#1226,#21,.T.);
#1584=EDGE_CURVE('',#1228,#1229,#699,.T.);
#1585=EDGE_CURVE('',#1227,#1229,#700,.T.);
#1586=EDGE_CURVE('',#1230,#1222,#701,.T.);
#1587=EDGE_CURVE('',#1231,#1230,#702,.T.);
#1588=EDGE_CURVE('',#1224,#1231,#703,.T.);
#1589=EDGE_CURVE('',#1232,#1223,#704,.T.);
#1590=EDGE_CURVE('',#1233,#1232,#535,.T.);
#1591=EDGE_CURVE('',#1233,#1230,#705,.T.);
#1592=EDGE_CURVE('',#1234,#1229,#706,.T.);
#1593=EDGE_CURVE('',#1235,#1234,#707,.T.);
#1594=EDGE_CURVE('',#1227,#1235,#708,.T.);
#1595=EDGE_CURVE('',#1235,#1168,#709,.T.);
#1596=EDGE_CURVE('',#1226,#1132,#710,.T.);
#1597=EDGE_CURVE('',#1236,#1237,#711,.T.);
#1598=EDGE_CURVE('',#1238,#1236,#712,.T.);
#1599=EDGE_CURVE('',#1239,#1238,#713,.T.);
#1600=EDGE_CURVE('',#1237,#1239,#714,.T.);
#1601=EDGE_CURVE('',#1234,#1237,#715,.T.);
#1602=EDGE_CURVE('',#1169,#1239,#716,.T.);
#1603=EDGE_CURVE('',#1240,#1238,#717,.T.);
#1604=EDGE_CURVE('',#1241,#1240,#718,.T.);
#1605=EDGE_CURVE('',#1242,#1241,#1013,.T.);
#1606=EDGE_CURVE('',#1243,#1242,#719,.T.);
#1607=EDGE_CURVE('',#1244,#1243,#1014,.T.);
#1608=EDGE_CURVE('',#1245,#1244,#536,.T.);
#1609=EDGE_CURVE('',#1162,#1245,#537,.T.);
#1610=EDGE_CURVE('',#1246,#1236,#720,.T.);
#1611=EDGE_CURVE('',#1240,#1246,#22,.T.);
#1612=EDGE_CURVE('',#1245,#1171,#538,.T.);
#1613=EDGE_CURVE('',#1247,#1244,#1015,.T.);
#1614=EDGE_CURVE('',#1248,#1247,#1016,.T.);
#1615=EDGE_CURVE('',#1249,#1248,#1017,.T.);
#1616=EDGE_CURVE('',#1249,#1250,#1018,.T.);
#1617=EDGE_CURVE('',#1250,#1171,#539,.T.);
#1618=EDGE_CURVE('',#1251,#1243,#1019,.T.);
#1619=EDGE_CURVE('',#1251,#1252,#1020,.T.);
#1620=EDGE_CURVE('',#1252,#1247,#540,.T.);
#1621=EDGE_CURVE('',#1253,#1242,#23,.T.);
#1622=EDGE_CURVE('',#1253,#1251,#721,.T.);
#1623=EDGE_CURVE('',#1047,#1254,#722,.T.);
#1624=EDGE_CURVE('',#1254,#1232,#541,.T.);
#1625=EDGE_CURVE('',#1225,#1228,#723,.T.);
#1626=EDGE_CURVE('',#1255,#1045,#724,.T.);
#1627=EDGE_CURVE('',#1254,#1255,#725,.T.);
#1628=EDGE_CURVE('',#1135,#1256,#726,.T.);
#1629=EDGE_CURVE('',#1256,#1255,#542,.T.);
#1630=EDGE_CURVE('',#1257,#1172,#543,.T.);
#1631=EDGE_CURVE('',#1258,#1257,#544,.T.);
#1632=EDGE_CURVE('',#1259,#1258,#727,.T.);
#1633=EDGE_CURVE('',#1259,#1260,#728,.T.);
#1634=EDGE_CURVE('',#1256,#1260,#545,.T.);
#1635=EDGE_CURVE('',#1261,#1262,#546,.T.);
#1636=EDGE_CURVE('',#1262,#1263,#729,.T.);
#1637=EDGE_CURVE('',#1263,#1264,#547,.F.);
#1638=EDGE_CURVE('',#1264,#1261,#730,.T.);
#1639=EDGE_CURVE('',#1261,#1265,#24,.T.);
#1640=EDGE_CURVE('',#1265,#1262,#25,.T.);
#1641=EDGE_CURVE('',#1265,#1253,#731,.T.);
#1642=EDGE_CURVE('',#1266,#1253,#26,.T.);
#1643=EDGE_CURVE('',#1266,#1262,#732,.T.);
#1644=EDGE_CURVE('',#1261,#1267,#733,.T.);
#1645=EDGE_CURVE('',#1267,#1268,#1021,.T.);
#1646=EDGE_CURVE('',#1269,#1268,#1022,.T.);
#1647=EDGE_CURVE('',#1269,#1265,#734,.T.);
#1648=EDGE_CURVE('',#1270,#1264,#735,.T.);
#1649=EDGE_CURVE('',#1271,#1270,#548,.T.);
#1650=EDGE_CURVE('',#1260,#1271,#736,.T.);
#1651=EDGE_CURVE('',#1272,#1258,#1023,.T.);
#1652=EDGE_CURVE('',#1267,#1272,#549,.T.);
#1653=EDGE_CURVE('',#1241,#1266,#550,.T.);
#1654=EDGE_CURVE('',#1246,#1273,#737,.T.);
#1655=EDGE_CURVE('',#1273,#1274,#551,.F.);
#1656=EDGE_CURVE('',#1274,#1266,#738,.T.);
#1657=EDGE_CURVE('',#1275,#1231,#739,.T.);
#1658=EDGE_CURVE('',#1276,#1275,#552,.T.);
#1659=EDGE_CURVE('',#1273,#1276,#740,.T.);
#1660=EDGE_CURVE('',#1268,#1277,#1024,.T.);
#1661=EDGE_CURVE('',#1277,#1278,#553,.T.);
#1662=EDGE_CURVE('',#1278,#1269,#1025,.T.);
#1663=EDGE_CURVE('',#1279,#1248,#1026,.F.);
#1664=EDGE_CURVE('',#1252,#1279,#1027,.T.);
#1665=EDGE_CURVE('',#1164,#1278,#1028,.T.);
#1666=EDGE_CURVE('',#1277,#1165,#1029,.T.);
#1667=EDGE_CURVE('',#1257,#1170,#554,.T.);
#1668=EDGE_CURVE('',#1157,#1279,#741,.T.);
#1669=EDGE_CURVE('',#1252,#1278,#742,.T.);
#1670=EDGE_CURVE('',#1263,#1274,#743,.T.);
#1671=EDGE_CURVE('',#1270,#1280,#1030,.F.);
#1672=EDGE_CURVE('',#1280,#1255,#555,.T.);
#1673=EDGE_CURVE('',#1281,#1280,#744,.T.);
#1674=EDGE_CURVE('',#1254,#1281,#556,.T.);
#1675=EDGE_CURVE('',#1156,#1250,#745,.T.);
#1676=EDGE_CURVE('',#1276,#1281,#1031,.T.);
#1677=EDGE_CURVE('',#1275,#1233,#1032,.T.);
#1678=EDGE_CURVE('',#1282,#1281,#746,.T.);
#1679=EDGE_CURVE('',#1283,#1282,#747,.T.);
#1680=EDGE_CURVE('',#1284,#1283,#748,.T.);
#1681=EDGE_CURVE('',#1285,#1284,#749,.T.);
#1682=EDGE_CURVE('',#1280,#1285,#750,.T.);
#1683=EDGE_CURVE('',#1283,#1286,#27,.T.);
#1684=EDGE_CURVE('',#1286,#1287,#751,.T.);
#1685=EDGE_CURVE('',#1284,#1287,#28,.T.);
#1686=EDGE_CURVE('',#1282,#1288,#29,.T.);
#1687=EDGE_CURVE('',#1288,#1289,#1033,.T.);
#1688=EDGE_CURVE('',#1289,#1290,#752,.T.);
#1689=EDGE_CURVE('',#1290,#1286,#1034,.T.);
#1690=EDGE_CURVE('',#1285,#1291,#30,.T.);
#1691=EDGE_CURVE('',#1291,#1288,#753,.T.);
#1692=EDGE_CURVE('',#1292,#1293,#754,.T.);
#1693=EDGE_CURVE('',#1293,#1291,#1035,.T.);
#1694=EDGE_CURVE('',#1287,#1292,#1036,.T.);
#1695=EDGE_CURVE('',#1293,#1294,#1037,.T.);
#1696=EDGE_CURVE('',#1295,#1294,#755,.T.);
#1697=EDGE_CURVE('',#1296,#1295,#557,.T.);
#1698=EDGE_CURVE('',#1296,#1289,#1038,.T.);
#1699=EDGE_CURVE('',#1297,#1292,#1039,.T.);
#1700=EDGE_CURVE('',#1298,#1297,#756,.T.);
#1701=EDGE_CURVE('',#1299,#1298,#1040,.T.);
#1702=EDGE_CURVE('',#1300,#1299,#757,.T.);
#1703=EDGE_CURVE('',#1301,#1300,#1041,.T.);
#1704=EDGE_CURVE('',#1302,#1301,#758,.T.);
#1705=EDGE_CURVE('',#1303,#1302,#1042,.T.);
#1706=EDGE_CURVE('',#1304,#1303,#759,.T.);
#1707=EDGE_CURVE('',#1305,#1304,#1043,.T.);
#1708=EDGE_CURVE('',#1294,#1305,#760,.T.);
#1709=EDGE_CURVE('',#1306,#1296,#761,.T.);
#1710=EDGE_CURVE('',#1290,#1306,#1044,.T.);
#1711=EDGE_CURVE('',#1307,#1295,#762,.T.);
#1712=EDGE_CURVE('',#1308,#1307,#763,.T.);
#1713=EDGE_CURVE('',#1308,#1306,#558,.T.);
#1714=EDGE_CURVE('',#1303,#1309,#764,.T.);
#1715=EDGE_CURVE('',#1309,#1310,#765,.T.);
#1716=EDGE_CURVE('',#1304,#1310,#559,.T.);
#1717=EDGE_CURVE('',#1309,#1302,#560,.T.);
#1718=EDGE_CURVE('',#1301,#1310,#561,.T.);
#1719=EDGE_CURVE('',#1310,#1300,#766,.T.);
#1720=EDGE_CURVE('',#1310,#1299,#562,.T.);
#1721=EDGE_CURVE('',#1295,#1305,#563,.T.);
#1722=EDGE_CURVE('',#1298,#1311,#564,.T.);
#1723=EDGE_CURVE('',#1311,#1307,#565,.T.);
#1724=EDGE_CURVE('',#1307,#1312,#566,.T.);
#1725=EDGE_CURVE('',#1312,#1313,#567,.T.);
#1726=EDGE_CURVE('',#1313,#1313,#568,.T.);
#1727=EDGE_CURVE('',#1312,#1295,#569,.T.);
#1728=EDGE_CURVE('',#1311,#1308,#767,.T.);
#1729=EDGE_CURVE('',#1297,#1311,#768,.T.);
#1730=EDGE_CURVE('',#1313,#1221,#769,.T.);
#1731=ORIENTED_EDGE('',*,*,#1314,.F.);
#1732=ORIENTED_EDGE('',*,*,#1315,.F.);
#1733=ORIENTED_EDGE('',*,*,#1316,.F.);
#1734=ORIENTED_EDGE('',*,*,#1317,.F.);
#1735=ORIENTED_EDGE('',*,*,#1318,.F.);
#1736=ORIENTED_EDGE('',*,*,#1319,.T.);
#1737=ORIENTED_EDGE('',*,*,#1320,.T.);
#1738=ORIENTED_EDGE('',*,*,#1321,.T.);
#1739=ORIENTED_EDGE('',*,*,#1322,.T.);
#1740=ORIENTED_EDGE('',*,*,#1323,.T.);
#1741=ORIENTED_EDGE('',*,*,#1324,.F.);
#1742=ORIENTED_EDGE('',*,*,#1325,.T.);
#1743=ORIENTED_EDGE('',*,*,#1326,.F.);
#1744=ORIENTED_EDGE('',*,*,#1327,.F.);
#1745=ORIENTED_EDGE('',*,*,#1328,.F.);
#1746=ORIENTED_EDGE('',*,*,#1329,.F.);
#1747=ORIENTED_EDGE('',*,*,#1330,.F.);
#1748=ORIENTED_EDGE('',*,*,#1331,.F.);
#1749=ORIENTED_EDGE('',*,*,#1332,.F.);
#1750=ORIENTED_EDGE('',*,*,#1333,.T.);
#1751=ORIENTED_EDGE('',*,*,#1334,.F.);
#1752=ORIENTED_EDGE('',*,*,#1335,.F.);
#1753=ORIENTED_EDGE('',*,*,#1336,.F.);
#1754=ORIENTED_EDGE('',*,*,#1337,.F.);
#1755=ORIENTED_EDGE('',*,*,#1338,.F.);
#1756=ORIENTED_EDGE('',*,*,#1339,.F.);
#1757=ORIENTED_EDGE('',*,*,#1340,.F.);
#1758=ORIENTED_EDGE('',*,*,#1341,.F.);
#1759=ORIENTED_EDGE('',*,*,#1342,.F.);
#1760=ORIENTED_EDGE('',*,*,#1343,.F.);
#1761=ORIENTED_EDGE('',*,*,#1333,.F.);
#1762=ORIENTED_EDGE('',*,*,#1344,.F.);
#1763=ORIENTED_EDGE('',*,*,#1345,.F.);
#1764=ORIENTED_EDGE('',*,*,#1346,.F.);
#1765=ORIENTED_EDGE('',*,*,#1347,.T.);
#1766=ORIENTED_EDGE('',*,*,#1342,.T.);
#1767=ORIENTED_EDGE('',*,*,#1348,.F.);
#1768=ORIENTED_EDGE('',*,*,#1334,.T.);
#1769=ORIENTED_EDGE('',*,*,#1343,.T.);
#1770=ORIENTED_EDGE('',*,*,#1347,.F.);
#1771=ORIENTED_EDGE('',*,*,#1349,.T.);
#1772=ORIENTED_EDGE('',*,*,#1350,.T.);
#1773=ORIENTED_EDGE('',*,*,#1317,.T.);
#1774=ORIENTED_EDGE('',*,*,#1351,.F.);
#1775=ORIENTED_EDGE('',*,*,#1326,.T.);
#1776=ORIENTED_EDGE('',*,*,#1352,.T.);
#1777=ORIENTED_EDGE('',*,*,#1337,.T.);
#1778=ORIENTED_EDGE('',*,*,#1332,.T.);
#1779=ORIENTED_EDGE('',*,*,#1353,.T.);
#1780=ORIENTED_EDGE('',*,*,#1354,.T.);
#1781=ORIENTED_EDGE('',*,*,#1355,.T.);
#1782=ORIENTED_EDGE('',*,*,#1356,.T.);
#1783=ORIENTED_EDGE('',*,*,#1357,.T.);
#1784=ORIENTED_EDGE('',*,*,#1344,.T.);
#1785=ORIENTED_EDGE('',*,*,#1341,.T.);
#1786=ORIENTED_EDGE('',*,*,#1358,.T.);
#1787=ORIENTED_EDGE('',*,*,#1318,.T.);
#1788=ORIENTED_EDGE('',*,*,#1350,.F.);
#1789=ORIENTED_EDGE('',*,*,#1336,.T.);
#1790=ORIENTED_EDGE('',*,*,#1359,.F.);
#1791=ORIENTED_EDGE('',*,*,#1353,.F.);
#1792=ORIENTED_EDGE('',*,*,#1345,.T.);
#1793=ORIENTED_EDGE('',*,*,#1357,.F.);
#1794=ORIENTED_EDGE('',*,*,#1360,.F.);
#1795=ORIENTED_EDGE('',*,*,#1325,.F.);
#1796=ORIENTED_EDGE('',*,*,#1361,.F.);
#1797=ORIENTED_EDGE('',*,*,#1362,.F.);
#1798=ORIENTED_EDGE('',*,*,#1363,.F.);
#1799=ORIENTED_EDGE('',*,*,#1364,.T.);
#1800=ORIENTED_EDGE('',*,*,#1338,.T.);
#1801=ORIENTED_EDGE('',*,*,#1352,.F.);
#1802=ORIENTED_EDGE('',*,*,#1321,.F.);
#1803=ORIENTED_EDGE('',*,*,#1365,.T.);
#1804=ORIENTED_EDGE('',*,*,#1366,.F.);
#1805=ORIENTED_EDGE('',*,*,#1367,.F.);
#1806=ORIENTED_EDGE('',*,*,#1368,.F.);
#1807=ORIENTED_EDGE('',*,*,#1369,.F.);
#1808=ORIENTED_EDGE('',*,*,#1320,.F.);
#1809=ORIENTED_EDGE('',*,*,#1370,.T.);
#1810=ORIENTED_EDGE('',*,*,#1371,.T.);
#1811=ORIENTED_EDGE('',*,*,#1372,.F.);
#1812=ORIENTED_EDGE('',*,*,#1373,.F.);
#1813=ORIENTED_EDGE('',*,*,#1374,.F.);
#1814=ORIENTED_EDGE('',*,*,#1375,.F.);
#1815=ORIENTED_EDGE('',*,*,#1376,.F.);
#1816=ORIENTED_EDGE('',*,*,#1365,.F.);
#1817=ORIENTED_EDGE('',*,*,#1319,.F.);
#1818=ORIENTED_EDGE('',*,*,#1358,.F.);
#1819=ORIENTED_EDGE('',*,*,#1340,.T.);
#1820=ORIENTED_EDGE('',*,*,#1377,.T.);
#1821=ORIENTED_EDGE('',*,*,#1370,.F.);
#1822=ORIENTED_EDGE('',*,*,#1378,.F.);
#1823=ORIENTED_EDGE('',*,*,#1379,.F.);
#1824=ORIENTED_EDGE('',*,*,#1380,.F.);
#1825=ORIENTED_EDGE('',*,*,#1381,.F.);
#1826=ORIENTED_EDGE('',*,*,#1371,.F.);
#1827=ORIENTED_EDGE('',*,*,#1377,.F.);
#1828=ORIENTED_EDGE('',*,*,#1339,.T.);
#1829=ORIENTED_EDGE('',*,*,#1364,.F.);
#1830=ORIENTED_EDGE('',*,*,#1369,.T.);
#1831=ORIENTED_EDGE('',*,*,#1382,.F.);
#1832=ORIENTED_EDGE('',*,*,#1383,.F.);
#1833=ORIENTED_EDGE('',*,*,#1322,.F.);
#1834=ORIENTED_EDGE('',*,*,#1367,.T.);
#1835=ORIENTED_EDGE('',*,*,#1384,.T.);
#1836=ORIENTED_EDGE('',*,*,#1385,.T.);
#1837=ORIENTED_EDGE('',*,*,#1386,.F.);
#1838=ORIENTED_EDGE('',*,*,#1366,.T.);
#1839=ORIENTED_EDGE('',*,*,#1376,.T.);
#1840=ORIENTED_EDGE('',*,*,#1387,.F.);
#1841=ORIENTED_EDGE('',*,*,#1388,.T.);
#1842=ORIENTED_EDGE('',*,*,#1389,.T.);
#1843=ORIENTED_EDGE('',*,*,#1384,.F.);
#1844=ORIENTED_EDGE('',*,*,#1361,.T.);
#1845=ORIENTED_EDGE('',*,*,#1324,.T.);
#1846=ORIENTED_EDGE('',*,*,#1390,.T.);
#1847=ORIENTED_EDGE('',*,*,#1391,.T.);
#1848=ORIENTED_EDGE('',*,*,#1375,.T.);
#1849=ORIENTED_EDGE('',*,*,#1392,.F.);
#1850=ORIENTED_EDGE('',*,*,#1393,.T.);
#1851=ORIENTED_EDGE('',*,*,#1387,.T.);
#1852=ORIENTED_EDGE('',*,*,#1368,.T.);
#1853=ORIENTED_EDGE('',*,*,#1386,.T.);
#1854=ORIENTED_EDGE('',*,*,#1394,.T.);
#1855=ORIENTED_EDGE('',*,*,#1395,.T.);
#1856=ORIENTED_EDGE('',*,*,#1392,.T.);
#1857=ORIENTED_EDGE('',*,*,#1374,.T.);
#1858=ORIENTED_EDGE('',*,*,#1396,.T.);
#1859=ORIENTED_EDGE('',*,*,#1397,.F.);
#1860=ORIENTED_EDGE('',*,*,#1398,.F.);
#1861=ORIENTED_EDGE('',*,*,#1382,.T.);
#1862=ORIENTED_EDGE('',*,*,#1373,.T.);
#1863=ORIENTED_EDGE('',*,*,#1399,.F.);
#1864=ORIENTED_EDGE('',*,*,#1400,.F.);
#1865=ORIENTED_EDGE('',*,*,#1401,.F.);
#1866=ORIENTED_EDGE('',*,*,#1396,.F.);
#1867=ORIENTED_EDGE('',*,*,#1372,.T.);
#1868=ORIENTED_EDGE('',*,*,#1381,.T.);
#1869=ORIENTED_EDGE('',*,*,#1402,.T.);
#1870=ORIENTED_EDGE('',*,*,#1403,.T.);
#1871=ORIENTED_EDGE('',*,*,#1404,.T.);
#1872=ORIENTED_EDGE('',*,*,#1399,.T.);
#1873=ORIENTED_EDGE('',*,*,#1395,.F.);
#1874=ORIENTED_EDGE('',*,*,#1405,.T.);
#1875=ORIENTED_EDGE('',*,*,#1388,.F.);
#1876=ORIENTED_EDGE('',*,*,#1393,.F.);
#1877=ORIENTED_EDGE('',*,*,#1394,.F.);
#1878=ORIENTED_EDGE('',*,*,#1385,.F.);
#1879=ORIENTED_EDGE('',*,*,#1389,.F.);
#1880=ORIENTED_EDGE('',*,*,#1405,.F.);
#1881=ORIENTED_EDGE('',*,*,#1348,.T.);
#1882=ORIENTED_EDGE('',*,*,#1406,.F.);
#1883=ORIENTED_EDGE('',*,*,#1355,.F.);
#1884=ORIENTED_EDGE('',*,*,#1407,.F.);
#1885=ORIENTED_EDGE('',*,*,#1335,.T.);
#1886=ORIENTED_EDGE('',*,*,#1407,.T.);
#1887=ORIENTED_EDGE('',*,*,#1354,.F.);
#1888=ORIENTED_EDGE('',*,*,#1359,.T.);
#1889=ORIENTED_EDGE('',*,*,#1349,.F.);
#1890=ORIENTED_EDGE('',*,*,#1408,.T.);
#1891=ORIENTED_EDGE('',*,*,#1409,.T.);
#1892=ORIENTED_EDGE('',*,*,#1410,.T.);
#1893=ORIENTED_EDGE('',*,*,#1330,.T.);
#1894=ORIENTED_EDGE('',*,*,#1411,.T.);
#1895=ORIENTED_EDGE('',*,*,#1331,.T.);
#1896=ORIENTED_EDGE('',*,*,#1410,.F.);
#1897=ORIENTED_EDGE('',*,*,#1412,.T.);
#1898=ORIENTED_EDGE('',*,*,#1413,.T.);
#1899=ORIENTED_EDGE('',*,*,#1414,.T.);
#1900=ORIENTED_EDGE('',*,*,#1414,.F.);
#1901=ORIENTED_EDGE('',*,*,#1415,.F.);
#1902=ORIENTED_EDGE('',*,*,#1416,.T.);
#1903=ORIENTED_EDGE('',*,*,#1417,.F.);
#1904=ORIENTED_EDGE('',*,*,#1413,.F.);
#1905=ORIENTED_EDGE('',*,*,#1418,.T.);
#1906=ORIENTED_EDGE('',*,*,#1400,.T.);
#1907=ORIENTED_EDGE('',*,*,#1404,.F.);
#1908=ORIENTED_EDGE('',*,*,#1415,.T.);
#1909=ORIENTED_EDGE('',*,*,#1380,.T.);
#1910=ORIENTED_EDGE('',*,*,#1419,.F.);
#1911=ORIENTED_EDGE('',*,*,#1402,.F.);
#1912=ORIENTED_EDGE('',*,*,#1346,.T.);
#1913=ORIENTED_EDGE('',*,*,#1360,.T.);
#1914=ORIENTED_EDGE('',*,*,#1356,.F.);
#1915=ORIENTED_EDGE('',*,*,#1406,.T.);
#1916=ORIENTED_EDGE('',*,*,#1363,.T.);
#1917=ORIENTED_EDGE('',*,*,#1420,.F.);
#1918=ORIENTED_EDGE('',*,*,#1421,.F.);
#1919=ORIENTED_EDGE('',*,*,#1422,.F.);
#1920=ORIENTED_EDGE('',*,*,#1378,.T.);
#1921=ORIENTED_EDGE('',*,*,#1362,.T.);
#1922=ORIENTED_EDGE('',*,*,#1391,.F.);
#1923=ORIENTED_EDGE('',*,*,#1423,.T.);
#1924=ORIENTED_EDGE('',*,*,#1424,.F.);
#1925=ORIENTED_EDGE('',*,*,#1425,.T.);
#1926=ORIENTED_EDGE('',*,*,#1426,.F.);
#1927=ORIENTED_EDGE('',*,*,#1427,.T.);
#1928=ORIENTED_EDGE('',*,*,#1420,.T.);
#1929=ORIENTED_EDGE('',*,*,#1428,.T.);
#1930=ORIENTED_EDGE('',*,*,#1429,.T.);
#1931=ORIENTED_EDGE('',*,*,#1421,.T.);
#1932=ORIENTED_EDGE('',*,*,#1430,.T.);
#1933=ORIENTED_EDGE('',*,*,#1408,.F.);
#1934=ORIENTED_EDGE('',*,*,#1417,.T.);
#1935=ORIENTED_EDGE('',*,*,#1428,.F.);
#1936=ORIENTED_EDGE('',*,*,#1431,.T.);
#1937=ORIENTED_EDGE('',*,*,#1432,.F.);
#1938=ORIENTED_EDGE('',*,*,#1379,.T.);
#1939=ORIENTED_EDGE('',*,*,#1422,.T.);
#1940=ORIENTED_EDGE('',*,*,#1433,.T.);
#1941=ORIENTED_EDGE('',*,*,#1419,.T.);
#1942=ORIENTED_EDGE('',*,*,#1429,.F.);
#1943=ORIENTED_EDGE('',*,*,#1416,.F.);
#1944=ORIENTED_EDGE('',*,*,#1403,.F.);
#1945=ORIENTED_EDGE('',*,*,#1433,.F.);
#1946=ORIENTED_EDGE('',*,*,#1409,.F.);
#1947=ORIENTED_EDGE('',*,*,#1432,.T.);
#1948=ORIENTED_EDGE('',*,*,#1434,.T.);
#1949=ORIENTED_EDGE('',*,*,#1397,.T.);
#1950=ORIENTED_EDGE('',*,*,#1401,.T.);
#1951=ORIENTED_EDGE('',*,*,#1418,.F.);
#1952=ORIENTED_EDGE('',*,*,#1412,.F.);
#1953=ORIENTED_EDGE('',*,*,#1435,.F.);
#1954=ORIENTED_EDGE('',*,*,#1436,.F.);
#1955=ORIENTED_EDGE('',*,*,#1437,.F.);
#1956=ORIENTED_EDGE('',*,*,#1438,.F.);
#1957=ORIENTED_EDGE('',*,*,#1426,.T.);
#1958=ORIENTED_EDGE('',*,*,#1439,.F.);
#1959=ORIENTED_EDGE('',*,*,#1437,.T.);
#1960=ORIENTED_EDGE('',*,*,#1440,.T.);
#1961=ORIENTED_EDGE('',*,*,#1441,.T.);
#1962=ORIENTED_EDGE('',*,*,#1442,.F.);
#1963=ORIENTED_EDGE('',*,*,#1441,.F.);
#1964=ORIENTED_EDGE('',*,*,#1443,.F.);
#1965=ORIENTED_EDGE('',*,*,#1444,.T.);
#1966=ORIENTED_EDGE('',*,*,#1424,.T.);
#1967=ORIENTED_EDGE('',*,*,#1444,.F.);
#1968=ORIENTED_EDGE('',*,*,#1445,.F.);
#1969=ORIENTED_EDGE('',*,*,#1435,.T.);
#1970=ORIENTED_EDGE('',*,*,#1425,.F.);
#1971=ORIENTED_EDGE('',*,*,#1440,.F.);
#1972=ORIENTED_EDGE('',*,*,#1436,.T.);
#1973=ORIENTED_EDGE('',*,*,#1445,.T.);
#1974=ORIENTED_EDGE('',*,*,#1443,.T.);
#1975=ORIENTED_EDGE('',*,*,#1427,.F.);
#1976=ORIENTED_EDGE('',*,*,#1438,.T.);
#1977=ORIENTED_EDGE('',*,*,#1439,.T.);
#1978=ORIENTED_EDGE('',*,*,#1442,.T.);
#1979=ORIENTED_EDGE('',*,*,#1423,.F.);
#1980=ORIENTED_EDGE('',*,*,#1390,.F.);
#1981=ORIENTED_EDGE('',*,*,#1323,.F.);
#1982=ORIENTED_EDGE('',*,*,#1383,.T.);
#1983=ORIENTED_EDGE('',*,*,#1398,.T.);
#1984=ORIENTED_EDGE('',*,*,#1434,.F.);
#1985=ORIENTED_EDGE('',*,*,#1431,.F.);
#1986=ORIENTED_EDGE('',*,*,#1430,.F.);
#1987=ORIENTED_EDGE('',*,*,#1351,.T.);
#1988=ORIENTED_EDGE('',*,*,#1446,.F.);
#1989=ORIENTED_EDGE('',*,*,#1447,.F.);
#1990=ORIENTED_EDGE('',*,*,#1448,.F.);
#1991=ORIENTED_EDGE('',*,*,#1411,.F.);
#1992=ORIENTED_EDGE('',*,*,#1449,.F.);
#1993=ORIENTED_EDGE('',*,*,#1450,.F.);
#1994=ORIENTED_EDGE('',*,*,#1451,.F.);
#1995=ORIENTED_EDGE('',*,*,#1452,.F.);
#1996=ORIENTED_EDGE('',*,*,#1453,.T.);
#1997=ORIENTED_EDGE('',*,*,#1454,.F.);
#1998=ORIENTED_EDGE('',*,*,#1455,.T.);
#1999=ORIENTED_EDGE('',*,*,#1453,.F.);
#2000=ORIENTED_EDGE('',*,*,#1455,.F.);
#2001=ORIENTED_EDGE('',*,*,#1456,.F.);
#2002=ORIENTED_EDGE('',*,*,#1457,.T.);
#2003=ORIENTED_EDGE('',*,*,#1458,.T.);
#2004=ORIENTED_EDGE('',*,*,#1457,.F.);
#2005=ORIENTED_EDGE('',*,*,#1458,.F.);
#2006=ORIENTED_EDGE('',*,*,#1459,.F.);
#2007=ORIENTED_EDGE('',*,*,#1460,.T.);
#2008=ORIENTED_EDGE('',*,*,#1461,.T.);
#2009=ORIENTED_EDGE('',*,*,#1460,.F.);
#2010=ORIENTED_EDGE('',*,*,#1461,.F.);
#2011=ORIENTED_EDGE('',*,*,#1462,.F.);
#2012=ORIENTED_EDGE('',*,*,#1463,.T.);
#2013=ORIENTED_EDGE('',*,*,#1464,.T.);
#2014=ORIENTED_EDGE('',*,*,#1463,.F.);
#2015=ORIENTED_EDGE('',*,*,#1464,.F.);
#2016=ORIENTED_EDGE('',*,*,#1465,.F.);
#2017=ORIENTED_EDGE('',*,*,#1466,.T.);
#2018=ORIENTED_EDGE('',*,*,#1467,.T.);
#2019=ORIENTED_EDGE('',*,*,#1466,.F.);
#2020=ORIENTED_EDGE('',*,*,#1467,.F.);
#2021=ORIENTED_EDGE('',*,*,#1468,.F.);
#2022=ORIENTED_EDGE('',*,*,#1469,.F.);
#2023=ORIENTED_EDGE('',*,*,#1470,.F.);
#2024=ORIENTED_EDGE('',*,*,#1471,.F.);
#2025=ORIENTED_EDGE('',*,*,#1472,.T.);
#2026=ORIENTED_EDGE('',*,*,#1452,.T.);
#2027=ORIENTED_EDGE('',*,*,#1472,.F.);
#2028=ORIENTED_EDGE('',*,*,#1473,.F.);
#2029=ORIENTED_EDGE('',*,*,#1474,.F.);
#2030=ORIENTED_EDGE('',*,*,#1475,.F.);
#2031=ORIENTED_EDGE('',*,*,#1476,.F.);
#2032=ORIENTED_EDGE('',*,*,#1477,.F.);
#2033=ORIENTED_EDGE('',*,*,#1478,.F.);
#2034=ORIENTED_EDGE('',*,*,#1479,.F.);
#2035=ORIENTED_EDGE('',*,*,#1480,.F.);
#2036=ORIENTED_EDGE('',*,*,#1481,.F.);
#2037=ORIENTED_EDGE('',*,*,#1482,.F.);
#2038=ORIENTED_EDGE('',*,*,#1474,.T.);
#2039=ORIENTED_EDGE('',*,*,#1483,.F.);
#2040=ORIENTED_EDGE('',*,*,#1484,.T.);
#2041=ORIENTED_EDGE('',*,*,#1485,.T.);
#2042=ORIENTED_EDGE('',*,*,#1486,.T.);
#2043=ORIENTED_EDGE('',*,*,#1480,.T.);
#2044=ORIENTED_EDGE('',*,*,#1487,.F.);
#2045=ORIENTED_EDGE('',*,*,#1488,.F.);
#2046=ORIENTED_EDGE('',*,*,#1489,.T.);
#2047=ORIENTED_EDGE('',*,*,#1490,.F.);
#2048=ORIENTED_EDGE('',*,*,#1491,.T.);
#2049=ORIENTED_EDGE('',*,*,#1473,.T.);
#2050=ORIENTED_EDGE('',*,*,#1471,.T.);
#2051=ORIENTED_EDGE('',*,*,#1492,.T.);
#2052=ORIENTED_EDGE('',*,*,#1327,.T.);
#2053=ORIENTED_EDGE('',*,*,#1448,.T.);
#2054=ORIENTED_EDGE('',*,*,#1493,.T.);
#2055=ORIENTED_EDGE('',*,*,#1494,.T.);
#2056=ORIENTED_EDGE('',*,*,#1495,.T.);
#2057=ORIENTED_EDGE('',*,*,#1483,.T.);
#2058=ORIENTED_EDGE('',*,*,#1481,.T.);
#2059=ORIENTED_EDGE('',*,*,#1491,.F.);
#2060=ORIENTED_EDGE('',*,*,#1496,.F.);
#2061=ORIENTED_EDGE('',*,*,#1497,.F.);
#2062=ORIENTED_EDGE('',*,*,#1470,.T.);
#2063=ORIENTED_EDGE('',*,*,#1498,.F.);
#2064=ORIENTED_EDGE('',*,*,#1328,.T.);
#2065=ORIENTED_EDGE('',*,*,#1492,.F.);
#2066=ORIENTED_EDGE('',*,*,#1475,.T.);
#2067=ORIENTED_EDGE('',*,*,#1486,.F.);
#2068=ORIENTED_EDGE('',*,*,#1499,.F.);
#2069=ORIENTED_EDGE('',*,*,#1482,.T.);
#2070=ORIENTED_EDGE('',*,*,#1497,.T.);
#2071=ORIENTED_EDGE('',*,*,#1500,.F.);
#2072=ORIENTED_EDGE('',*,*,#1476,.T.);
#2073=ORIENTED_EDGE('',*,*,#1499,.T.);
#2074=ORIENTED_EDGE('',*,*,#1501,.F.);
#2075=ORIENTED_EDGE('',*,*,#1502,.T.);
#2076=ORIENTED_EDGE('',*,*,#1469,.T.);
#2077=ORIENTED_EDGE('',*,*,#1503,.F.);
#2078=ORIENTED_EDGE('',*,*,#1504,.T.);
#2079=ORIENTED_EDGE('',*,*,#1449,.T.);
#2080=ORIENTED_EDGE('',*,*,#1329,.T.);
#2081=ORIENTED_EDGE('',*,*,#1498,.T.);
#2082=ORIENTED_EDGE('',*,*,#1505,.F.);
#2083=ORIENTED_EDGE('',*,*,#1506,.T.);
#2084=ORIENTED_EDGE('',*,*,#1507,.T.);
#2085=ORIENTED_EDGE('',*,*,#1508,.F.);
#2086=ORIENTED_EDGE('',*,*,#1509,.F.);
#2087=ORIENTED_EDGE('',*,*,#1508,.T.);
#2088=ORIENTED_EDGE('',*,*,#1510,.T.);
#2089=ORIENTED_EDGE('',*,*,#1511,.F.);
#2090=ORIENTED_EDGE('',*,*,#1512,.F.);
#2091=ORIENTED_EDGE('',*,*,#1511,.T.);
#2092=ORIENTED_EDGE('',*,*,#1513,.T.);
#2093=ORIENTED_EDGE('',*,*,#1514,.F.);
#2094=ORIENTED_EDGE('',*,*,#1515,.F.);
#2095=ORIENTED_EDGE('',*,*,#1514,.T.);
#2096=ORIENTED_EDGE('',*,*,#1516,.T.);
#2097=ORIENTED_EDGE('',*,*,#1517,.F.);
#2098=ORIENTED_EDGE('',*,*,#1518,.F.);
#2099=ORIENTED_EDGE('',*,*,#1517,.T.);
#2100=ORIENTED_EDGE('',*,*,#1519,.T.);
#2101=ORIENTED_EDGE('',*,*,#1520,.F.);
#2102=ORIENTED_EDGE('',*,*,#1521,.F.);
#2103=ORIENTED_EDGE('',*,*,#1520,.T.);
#2104=ORIENTED_EDGE('',*,*,#1522,.T.);
#2105=ORIENTED_EDGE('',*,*,#1523,.F.);
#2106=ORIENTED_EDGE('',*,*,#1524,.F.);
#2107=ORIENTED_EDGE('',*,*,#1523,.T.);
#2108=ORIENTED_EDGE('',*,*,#1525,.T.);
#2109=ORIENTED_EDGE('',*,*,#1526,.F.);
#2110=ORIENTED_EDGE('',*,*,#1527,.F.);
#2111=ORIENTED_EDGE('',*,*,#1526,.T.);
#2112=ORIENTED_EDGE('',*,*,#1528,.T.);
#2113=ORIENTED_EDGE('',*,*,#1529,.F.);
#2114=ORIENTED_EDGE('',*,*,#1530,.F.);
#2115=ORIENTED_EDGE('',*,*,#1529,.T.);
#2116=ORIENTED_EDGE('',*,*,#1531,.T.);
#2117=ORIENTED_EDGE('',*,*,#1532,.F.);
#2118=ORIENTED_EDGE('',*,*,#1533,.F.);
#2119=ORIENTED_EDGE('',*,*,#1532,.T.);
#2120=ORIENTED_EDGE('',*,*,#1534,.T.);
#2121=ORIENTED_EDGE('',*,*,#1535,.F.);
#2122=ORIENTED_EDGE('',*,*,#1536,.F.);
#2123=ORIENTED_EDGE('',*,*,#1535,.T.);
#2124=ORIENTED_EDGE('',*,*,#1537,.T.);
#2125=ORIENTED_EDGE('',*,*,#1538,.F.);
#2126=ORIENTED_EDGE('',*,*,#1539,.F.);
#2127=ORIENTED_EDGE('',*,*,#1538,.T.);
#2128=ORIENTED_EDGE('',*,*,#1540,.T.);
#2129=ORIENTED_EDGE('',*,*,#1541,.F.);
#2130=ORIENTED_EDGE('',*,*,#1542,.F.);
#2131=ORIENTED_EDGE('',*,*,#1541,.T.);
#2132=ORIENTED_EDGE('',*,*,#1543,.T.);
#2133=ORIENTED_EDGE('',*,*,#1544,.F.);
#2134=ORIENTED_EDGE('',*,*,#1545,.F.);
#2135=ORIENTED_EDGE('',*,*,#1546,.T.);
#2136=ORIENTED_EDGE('',*,*,#1547,.T.);
#2137=ORIENTED_EDGE('',*,*,#1506,.F.);
#2138=ORIENTED_EDGE('',*,*,#1548,.F.);
#2139=ORIENTED_EDGE('',*,*,#1549,.T.);
#2140=ORIENTED_EDGE('',*,*,#1550,.T.);
#2141=ORIENTED_EDGE('',*,*,#1546,.F.);
#2142=ORIENTED_EDGE('',*,*,#1551,.F.);
#2143=ORIENTED_EDGE('',*,*,#1552,.T.);
#2144=ORIENTED_EDGE('',*,*,#1553,.T.);
#2145=ORIENTED_EDGE('',*,*,#1549,.F.);
#2146=ORIENTED_EDGE('',*,*,#1554,.F.);
#2147=ORIENTED_EDGE('',*,*,#1555,.T.);
#2148=ORIENTED_EDGE('',*,*,#1556,.T.);
#2149=ORIENTED_EDGE('',*,*,#1552,.F.);
#2150=ORIENTED_EDGE('',*,*,#1557,.F.);
#2151=ORIENTED_EDGE('',*,*,#1558,.T.);
#2152=ORIENTED_EDGE('',*,*,#1559,.T.);
#2153=ORIENTED_EDGE('',*,*,#1555,.F.);
#2154=ORIENTED_EDGE('',*,*,#1560,.F.);
#2155=ORIENTED_EDGE('',*,*,#1561,.T.);
#2156=ORIENTED_EDGE('',*,*,#1562,.T.);
#2157=ORIENTED_EDGE('',*,*,#1558,.F.);
#2158=ORIENTED_EDGE('',*,*,#1563,.F.);
#2159=ORIENTED_EDGE('',*,*,#1564,.T.);
#2160=ORIENTED_EDGE('',*,*,#1565,.T.);
#2161=ORIENTED_EDGE('',*,*,#1561,.F.);
#2162=ORIENTED_EDGE('',*,*,#1566,.F.);
#2163=ORIENTED_EDGE('',*,*,#1567,.T.);
#2164=ORIENTED_EDGE('',*,*,#1568,.T.);
#2165=ORIENTED_EDGE('',*,*,#1564,.F.);
#2166=ORIENTED_EDGE('',*,*,#1569,.F.);
#2167=ORIENTED_EDGE('',*,*,#1570,.T.);
#2168=ORIENTED_EDGE('',*,*,#1571,.T.);
#2169=ORIENTED_EDGE('',*,*,#1567,.F.);
#2170=ORIENTED_EDGE('',*,*,#1572,.F.);
#2171=ORIENTED_EDGE('',*,*,#1573,.T.);
#2172=ORIENTED_EDGE('',*,*,#1574,.T.);
#2173=ORIENTED_EDGE('',*,*,#1570,.F.);
#2174=ORIENTED_EDGE('',*,*,#1575,.F.);
#2175=ORIENTED_EDGE('',*,*,#1544,.T.);
#2176=ORIENTED_EDGE('',*,*,#1576,.T.);
#2177=ORIENTED_EDGE('',*,*,#1573,.F.);
#2178=ORIENTED_EDGE('',*,*,#1576,.F.);
#2179=ORIENTED_EDGE('',*,*,#1543,.F.);
#2180=ORIENTED_EDGE('',*,*,#1540,.F.);
#2181=ORIENTED_EDGE('',*,*,#1537,.F.);
#2182=ORIENTED_EDGE('',*,*,#1534,.F.);
#2183=ORIENTED_EDGE('',*,*,#1531,.F.);
#2184=ORIENTED_EDGE('',*,*,#1528,.F.);
#2185=ORIENTED_EDGE('',*,*,#1525,.F.);
#2186=ORIENTED_EDGE('',*,*,#1522,.F.);
#2187=ORIENTED_EDGE('',*,*,#1519,.F.);
#2188=ORIENTED_EDGE('',*,*,#1516,.F.);
#2189=ORIENTED_EDGE('',*,*,#1513,.F.);
#2190=ORIENTED_EDGE('',*,*,#1510,.F.);
#2191=ORIENTED_EDGE('',*,*,#1507,.F.);
#2192=ORIENTED_EDGE('',*,*,#1547,.F.);
#2193=ORIENTED_EDGE('',*,*,#1550,.F.);
#2194=ORIENTED_EDGE('',*,*,#1553,.F.);
#2195=ORIENTED_EDGE('',*,*,#1556,.F.);
#2196=ORIENTED_EDGE('',*,*,#1559,.F.);
#2197=ORIENTED_EDGE('',*,*,#1562,.F.);
#2198=ORIENTED_EDGE('',*,*,#1565,.F.);
#2199=ORIENTED_EDGE('',*,*,#1568,.F.);
#2200=ORIENTED_EDGE('',*,*,#1571,.F.);
#2201=ORIENTED_EDGE('',*,*,#1574,.F.);
#2202=ORIENTED_EDGE('',*,*,#1454,.T.);
#2203=ORIENTED_EDGE('',*,*,#1456,.T.);
#2204=ORIENTED_EDGE('',*,*,#1459,.T.);
#2205=ORIENTED_EDGE('',*,*,#1462,.T.);
#2206=ORIENTED_EDGE('',*,*,#1465,.T.);
#2207=ORIENTED_EDGE('',*,*,#1577,.F.);
#2208=ORIENTED_EDGE('',*,*,#1542,.T.);
#2209=ORIENTED_EDGE('',*,*,#1575,.T.);
#2210=ORIENTED_EDGE('',*,*,#1572,.T.);
#2211=ORIENTED_EDGE('',*,*,#1569,.T.);
#2212=ORIENTED_EDGE('',*,*,#1566,.T.);
#2213=ORIENTED_EDGE('',*,*,#1563,.T.);
#2214=ORIENTED_EDGE('',*,*,#1560,.T.);
#2215=ORIENTED_EDGE('',*,*,#1557,.T.);
#2216=ORIENTED_EDGE('',*,*,#1554,.T.);
#2217=ORIENTED_EDGE('',*,*,#1551,.T.);
#2218=ORIENTED_EDGE('',*,*,#1548,.T.);
#2219=ORIENTED_EDGE('',*,*,#1545,.T.);
#2220=ORIENTED_EDGE('',*,*,#1505,.T.);
#2221=ORIENTED_EDGE('',*,*,#1509,.T.);
#2222=ORIENTED_EDGE('',*,*,#1512,.T.);
#2223=ORIENTED_EDGE('',*,*,#1515,.T.);
#2224=ORIENTED_EDGE('',*,*,#1518,.T.);
#2225=ORIENTED_EDGE('',*,*,#1521,.T.);
#2226=ORIENTED_EDGE('',*,*,#1524,.T.);
#2227=ORIENTED_EDGE('',*,*,#1527,.T.);
#2228=ORIENTED_EDGE('',*,*,#1530,.T.);
#2229=ORIENTED_EDGE('',*,*,#1533,.T.);
#2230=ORIENTED_EDGE('',*,*,#1536,.T.);
#2231=ORIENTED_EDGE('',*,*,#1539,.T.);
#2232=ORIENTED_EDGE('',*,*,#1578,.F.);
#2233=ORIENTED_EDGE('',*,*,#1579,.F.);
#2234=ORIENTED_EDGE('',*,*,#1580,.F.);
#2235=ORIENTED_EDGE('',*,*,#1581,.F.);
#2236=ORIENTED_EDGE('',*,*,#1582,.F.);
#2237=ORIENTED_EDGE('',*,*,#1583,.F.);
#2238=ORIENTED_EDGE('',*,*,#1584,.T.);
#2239=ORIENTED_EDGE('',*,*,#1585,.F.);
#2240=ORIENTED_EDGE('',*,*,#1579,.T.);
#2241=ORIENTED_EDGE('',*,*,#1586,.F.);
#2242=ORIENTED_EDGE('',*,*,#1587,.F.);
#2243=ORIENTED_EDGE('',*,*,#1588,.F.);
#2244=ORIENTED_EDGE('',*,*,#1578,.T.);
#2245=ORIENTED_EDGE('',*,*,#1589,.F.);
#2246=ORIENTED_EDGE('',*,*,#1590,.F.);
#2247=ORIENTED_EDGE('',*,*,#1591,.T.);
#2248=ORIENTED_EDGE('',*,*,#1586,.T.);
#2249=ORIENTED_EDGE('',*,*,#1585,.T.);
#2250=ORIENTED_EDGE('',*,*,#1592,.F.);
#2251=ORIENTED_EDGE('',*,*,#1593,.F.);
#2252=ORIENTED_EDGE('',*,*,#1594,.F.);
#2253=ORIENTED_EDGE('',*,*,#1582,.T.);
#2254=ORIENTED_EDGE('',*,*,#1594,.T.);
#2255=ORIENTED_EDGE('',*,*,#1595,.T.);
#2256=ORIENTED_EDGE('',*,*,#1493,.F.);
#2257=ORIENTED_EDGE('',*,*,#1447,.T.);
#2258=ORIENTED_EDGE('',*,*,#1596,.F.);
#2259=ORIENTED_EDGE('',*,*,#1597,.F.);
#2260=ORIENTED_EDGE('',*,*,#1598,.F.);
#2261=ORIENTED_EDGE('',*,*,#1599,.F.);
#2262=ORIENTED_EDGE('',*,*,#1600,.F.);
#2263=ORIENTED_EDGE('',*,*,#1595,.F.);
#2264=ORIENTED_EDGE('',*,*,#1593,.T.);
#2265=ORIENTED_EDGE('',*,*,#1601,.T.);
#2266=ORIENTED_EDGE('',*,*,#1600,.T.);
#2267=ORIENTED_EDGE('',*,*,#1602,.F.);
#2268=ORIENTED_EDGE('',*,*,#1494,.F.);
#2269=ORIENTED_EDGE('',*,*,#1495,.F.);
#2270=ORIENTED_EDGE('',*,*,#1602,.T.);
#2271=ORIENTED_EDGE('',*,*,#1599,.T.);
#2272=ORIENTED_EDGE('',*,*,#1603,.F.);
#2273=ORIENTED_EDGE('',*,*,#1604,.F.);
#2274=ORIENTED_EDGE('',*,*,#1605,.F.);
#2275=ORIENTED_EDGE('',*,*,#1606,.F.);
#2276=ORIENTED_EDGE('',*,*,#1607,.F.);
#2277=ORIENTED_EDGE('',*,*,#1608,.F.);
#2278=ORIENTED_EDGE('',*,*,#1609,.F.);
#2279=ORIENTED_EDGE('',*,*,#1484,.F.);
#2280=ORIENTED_EDGE('',*,*,#1610,.F.);
#2281=ORIENTED_EDGE('',*,*,#1611,.F.);
#2282=ORIENTED_EDGE('',*,*,#1603,.T.);
#2283=ORIENTED_EDGE('',*,*,#1598,.T.);
#2284=ORIENTED_EDGE('',*,*,#1609,.T.);
#2285=ORIENTED_EDGE('',*,*,#1612,.T.);
#2286=ORIENTED_EDGE('',*,*,#1501,.T.);
#2287=ORIENTED_EDGE('',*,*,#1485,.F.);
#2288=ORIENTED_EDGE('',*,*,#1608,.T.);
#2289=ORIENTED_EDGE('',*,*,#1613,.F.);
#2290=ORIENTED_EDGE('',*,*,#1614,.F.);
#2291=ORIENTED_EDGE('',*,*,#1615,.F.);
#2292=ORIENTED_EDGE('',*,*,#1616,.T.);
#2293=ORIENTED_EDGE('',*,*,#1617,.T.);
#2294=ORIENTED_EDGE('',*,*,#1612,.F.);
#2295=ORIENTED_EDGE('',*,*,#1607,.T.);
#2296=ORIENTED_EDGE('',*,*,#1618,.F.);
#2297=ORIENTED_EDGE('',*,*,#1619,.T.);
#2298=ORIENTED_EDGE('',*,*,#1620,.T.);
#2299=ORIENTED_EDGE('',*,*,#1613,.T.);
#2300=ORIENTED_EDGE('',*,*,#1606,.T.);
#2301=ORIENTED_EDGE('',*,*,#1621,.F.);
#2302=ORIENTED_EDGE('',*,*,#1622,.T.);
#2303=ORIENTED_EDGE('',*,*,#1618,.T.);
#2304=ORIENTED_EDGE('',*,*,#1583,.T.);
#2305=ORIENTED_EDGE('',*,*,#1596,.T.);
#2306=ORIENTED_EDGE('',*,*,#1446,.T.);
#2307=ORIENTED_EDGE('',*,*,#1316,.T.);
#2308=ORIENTED_EDGE('',*,*,#1623,.T.);
#2309=ORIENTED_EDGE('',*,*,#1624,.T.);
#2310=ORIENTED_EDGE('',*,*,#1589,.T.);
#2311=ORIENTED_EDGE('',*,*,#1581,.T.);
#2312=ORIENTED_EDGE('',*,*,#1625,.T.);
#2313=ORIENTED_EDGE('',*,*,#1315,.T.);
#2314=ORIENTED_EDGE('',*,*,#1626,.F.);
#2315=ORIENTED_EDGE('',*,*,#1627,.F.);
#2316=ORIENTED_EDGE('',*,*,#1623,.F.);
#2317=ORIENTED_EDGE('',*,*,#1314,.T.);
#2318=ORIENTED_EDGE('',*,*,#1451,.T.);
#2319=ORIENTED_EDGE('',*,*,#1628,.T.);
#2320=ORIENTED_EDGE('',*,*,#1629,.T.);
#2321=ORIENTED_EDGE('',*,*,#1626,.T.);
#2322=ORIENTED_EDGE('',*,*,#1450,.T.);
#2323=ORIENTED_EDGE('',*,*,#1504,.F.);
#2324=ORIENTED_EDGE('',*,*,#1630,.F.);
#2325=ORIENTED_EDGE('',*,*,#1631,.F.);
#2326=ORIENTED_EDGE('',*,*,#1632,.F.);
#2327=ORIENTED_EDGE('',*,*,#1633,.T.);
#2328=ORIENTED_EDGE('',*,*,#1634,.F.);
#2329=ORIENTED_EDGE('',*,*,#1628,.F.);
#2330=ORIENTED_EDGE('',*,*,#1635,.T.);
#2331=ORIENTED_EDGE('',*,*,#1636,.T.);
#2332=ORIENTED_EDGE('',*,*,#1637,.T.);
#2333=ORIENTED_EDGE('',*,*,#1638,.T.);
#2334=ORIENTED_EDGE('',*,*,#1635,.F.);
#2335=ORIENTED_EDGE('',*,*,#1639,.T.);
#2336=ORIENTED_EDGE('',*,*,#1640,.T.);
#2337=ORIENTED_EDGE('',*,*,#1640,.F.);
#2338=ORIENTED_EDGE('',*,*,#1641,.T.);
#2339=ORIENTED_EDGE('',*,*,#1642,.F.);
#2340=ORIENTED_EDGE('',*,*,#1643,.T.);
#2341=ORIENTED_EDGE('',*,*,#1639,.F.);
#2342=ORIENTED_EDGE('',*,*,#1644,.T.);
#2343=ORIENTED_EDGE('',*,*,#1645,.T.);
#2344=ORIENTED_EDGE('',*,*,#1646,.F.);
#2345=ORIENTED_EDGE('',*,*,#1647,.T.);
#2346=ORIENTED_EDGE('',*,*,#1638,.F.);
#2347=ORIENTED_EDGE('',*,*,#1648,.F.);
#2348=ORIENTED_EDGE('',*,*,#1649,.F.);
#2349=ORIENTED_EDGE('',*,*,#1650,.F.);
#2350=ORIENTED_EDGE('',*,*,#1633,.F.);
#2351=ORIENTED_EDGE('',*,*,#1632,.T.);
#2352=ORIENTED_EDGE('',*,*,#1651,.F.);
#2353=ORIENTED_EDGE('',*,*,#1652,.F.);
#2354=ORIENTED_EDGE('',*,*,#1644,.F.);
#2355=ORIENTED_EDGE('',*,*,#1605,.T.);
#2356=ORIENTED_EDGE('',*,*,#1653,.T.);
#2357=ORIENTED_EDGE('',*,*,#1642,.T.);
#2358=ORIENTED_EDGE('',*,*,#1621,.T.);
#2359=ORIENTED_EDGE('',*,*,#1611,.T.);
#2360=ORIENTED_EDGE('',*,*,#1654,.T.);
#2361=ORIENTED_EDGE('',*,*,#1655,.T.);
#2362=ORIENTED_EDGE('',*,*,#1656,.T.);
#2363=ORIENTED_EDGE('',*,*,#1653,.F.);
#2364=ORIENTED_EDGE('',*,*,#1604,.T.);
#2365=ORIENTED_EDGE('',*,*,#1657,.F.);
#2366=ORIENTED_EDGE('',*,*,#1658,.F.);
#2367=ORIENTED_EDGE('',*,*,#1659,.F.);
#2368=ORIENTED_EDGE('',*,*,#1654,.F.);
#2369=ORIENTED_EDGE('',*,*,#1610,.T.);
#2370=ORIENTED_EDGE('',*,*,#1597,.T.);
#2371=ORIENTED_EDGE('',*,*,#1601,.F.);
#2372=ORIENTED_EDGE('',*,*,#1592,.T.);
#2373=ORIENTED_EDGE('',*,*,#1584,.F.);
#2374=ORIENTED_EDGE('',*,*,#1625,.F.);
#2375=ORIENTED_EDGE('',*,*,#1580,.T.);
#2376=ORIENTED_EDGE('',*,*,#1588,.T.);
#2377=ORIENTED_EDGE('',*,*,#1660,.T.);
#2378=ORIENTED_EDGE('',*,*,#1661,.T.);
#2379=ORIENTED_EDGE('',*,*,#1662,.T.);
#2380=ORIENTED_EDGE('',*,*,#1646,.T.);
#2381=ORIENTED_EDGE('',*,*,#1663,.T.);
#2382=ORIENTED_EDGE('',*,*,#1614,.T.);
#2383=ORIENTED_EDGE('',*,*,#1620,.F.);
#2384=ORIENTED_EDGE('',*,*,#1664,.T.);
#2385=ORIENTED_EDGE('',*,*,#1488,.T.);
#2386=ORIENTED_EDGE('',*,*,#1665,.T.);
#2387=ORIENTED_EDGE('',*,*,#1661,.F.);
#2388=ORIENTED_EDGE('',*,*,#1666,.T.);
#2389=ORIENTED_EDGE('',*,*,#1489,.F.);
#2390=ORIENTED_EDGE('',*,*,#1666,.F.);
#2391=ORIENTED_EDGE('',*,*,#1660,.F.);
#2392=ORIENTED_EDGE('',*,*,#1645,.F.);
#2393=ORIENTED_EDGE('',*,*,#1652,.T.);
#2394=ORIENTED_EDGE('',*,*,#1651,.T.);
#2395=ORIENTED_EDGE('',*,*,#1631,.T.);
#2396=ORIENTED_EDGE('',*,*,#1667,.T.);
#2397=ORIENTED_EDGE('',*,*,#1496,.T.);
#2398=ORIENTED_EDGE('',*,*,#1490,.T.);
#2399=ORIENTED_EDGE('',*,*,#1479,.T.);
#2400=ORIENTED_EDGE('',*,*,#1668,.T.);
#2401=ORIENTED_EDGE('',*,*,#1664,.F.);
#2402=ORIENTED_EDGE('',*,*,#1669,.T.);
#2403=ORIENTED_EDGE('',*,*,#1665,.F.);
#2404=ORIENTED_EDGE('',*,*,#1487,.T.);
#2405=ORIENTED_EDGE('',*,*,#1636,.F.);
#2406=ORIENTED_EDGE('',*,*,#1643,.F.);
#2407=ORIENTED_EDGE('',*,*,#1656,.F.);
#2408=ORIENTED_EDGE('',*,*,#1670,.F.);
#2409=ORIENTED_EDGE('',*,*,#1671,.T.);
#2410=ORIENTED_EDGE('',*,*,#1672,.T.);
#2411=ORIENTED_EDGE('',*,*,#1629,.F.);
#2412=ORIENTED_EDGE('',*,*,#1634,.T.);
#2413=ORIENTED_EDGE('',*,*,#1650,.T.);
#2414=ORIENTED_EDGE('',*,*,#1649,.T.);
#2415=ORIENTED_EDGE('',*,*,#1672,.F.);
#2416=ORIENTED_EDGE('',*,*,#1673,.F.);
#2417=ORIENTED_EDGE('',*,*,#1674,.F.);
#2418=ORIENTED_EDGE('',*,*,#1627,.T.);
#2419=ORIENTED_EDGE('',*,*,#1468,.T.);
#2420=ORIENTED_EDGE('',*,*,#1500,.T.);
#2421=ORIENTED_EDGE('',*,*,#1667,.F.);
#2422=ORIENTED_EDGE('',*,*,#1630,.T.);
#2423=ORIENTED_EDGE('',*,*,#1503,.T.);
#2424=ORIENTED_EDGE('',*,*,#1478,.T.);
#2425=ORIENTED_EDGE('',*,*,#1675,.T.);
#2426=ORIENTED_EDGE('',*,*,#1616,.F.);
#2427=ORIENTED_EDGE('',*,*,#1615,.T.);
#2428=ORIENTED_EDGE('',*,*,#1663,.F.);
#2429=ORIENTED_EDGE('',*,*,#1668,.F.);
#2430=ORIENTED_EDGE('',*,*,#1477,.T.);
#2431=ORIENTED_EDGE('',*,*,#1502,.F.);
#2432=ORIENTED_EDGE('',*,*,#1617,.F.);
#2433=ORIENTED_EDGE('',*,*,#1675,.F.);
#2434=ORIENTED_EDGE('',*,*,#1676,.F.);
#2435=ORIENTED_EDGE('',*,*,#1658,.T.);
#2436=ORIENTED_EDGE('',*,*,#1677,.T.);
#2437=ORIENTED_EDGE('',*,*,#1590,.T.);
#2438=ORIENTED_EDGE('',*,*,#1624,.F.);
#2439=ORIENTED_EDGE('',*,*,#1674,.T.);
#2440=ORIENTED_EDGE('',*,*,#1587,.T.);
#2441=ORIENTED_EDGE('',*,*,#1591,.F.);
#2442=ORIENTED_EDGE('',*,*,#1677,.F.);
#2443=ORIENTED_EDGE('',*,*,#1657,.T.);
#2444=ORIENTED_EDGE('',*,*,#1662,.F.);
#2445=ORIENTED_EDGE('',*,*,#1669,.F.);
#2446=ORIENTED_EDGE('',*,*,#1619,.F.);
#2447=ORIENTED_EDGE('',*,*,#1622,.F.);
#2448=ORIENTED_EDGE('',*,*,#1641,.F.);
#2449=ORIENTED_EDGE('',*,*,#1647,.F.);
#2450=ORIENTED_EDGE('',*,*,#1648,.T.);
#2451=ORIENTED_EDGE('',*,*,#1637,.F.);
#2452=ORIENTED_EDGE('',*,*,#1670,.T.);
#2453=ORIENTED_EDGE('',*,*,#1655,.F.);
#2454=ORIENTED_EDGE('',*,*,#1659,.T.);
#2455=ORIENTED_EDGE('',*,*,#1676,.T.);
#2456=ORIENTED_EDGE('',*,*,#1678,.F.);
#2457=ORIENTED_EDGE('',*,*,#1679,.F.);
#2458=ORIENTED_EDGE('',*,*,#1680,.F.);
#2459=ORIENTED_EDGE('',*,*,#1681,.F.);
#2460=ORIENTED_EDGE('',*,*,#1682,.F.);
#2461=ORIENTED_EDGE('',*,*,#1671,.F.);
#2462=ORIENTED_EDGE('',*,*,#1680,.T.);
#2463=ORIENTED_EDGE('',*,*,#1683,.T.);
#2464=ORIENTED_EDGE('',*,*,#1684,.T.);
#2465=ORIENTED_EDGE('',*,*,#1685,.F.);
#2466=ORIENTED_EDGE('',*,*,#1679,.T.);
#2467=ORIENTED_EDGE('',*,*,#1686,.T.);
#2468=ORIENTED_EDGE('',*,*,#1687,.T.);
#2469=ORIENTED_EDGE('',*,*,#1688,.T.);
#2470=ORIENTED_EDGE('',*,*,#1689,.T.);
#2471=ORIENTED_EDGE('',*,*,#1683,.F.);
#2472=ORIENTED_EDGE('',*,*,#1678,.T.);
#2473=ORIENTED_EDGE('',*,*,#1673,.T.);
#2474=ORIENTED_EDGE('',*,*,#1682,.T.);
#2475=ORIENTED_EDGE('',*,*,#1690,.T.);
#2476=ORIENTED_EDGE('',*,*,#1691,.T.);
#2477=ORIENTED_EDGE('',*,*,#1686,.F.);
#2478=ORIENTED_EDGE('',*,*,#1692,.T.);
#2479=ORIENTED_EDGE('',*,*,#1693,.T.);
#2480=ORIENTED_EDGE('',*,*,#1690,.F.);
#2481=ORIENTED_EDGE('',*,*,#1681,.T.);
#2482=ORIENTED_EDGE('',*,*,#1685,.T.);
#2483=ORIENTED_EDGE('',*,*,#1694,.T.);
#2484=ORIENTED_EDGE('',*,*,#1687,.F.);
#2485=ORIENTED_EDGE('',*,*,#1691,.F.);
#2486=ORIENTED_EDGE('',*,*,#1693,.F.);
#2487=ORIENTED_EDGE('',*,*,#1695,.T.);
#2488=ORIENTED_EDGE('',*,*,#1696,.F.);
#2489=ORIENTED_EDGE('',*,*,#1697,.F.);
#2490=ORIENTED_EDGE('',*,*,#1698,.T.);
#2491=ORIENTED_EDGE('',*,*,#1692,.F.);
#2492=ORIENTED_EDGE('',*,*,#1699,.F.);
#2493=ORIENTED_EDGE('',*,*,#1700,.F.);
#2494=ORIENTED_EDGE('',*,*,#1701,.F.);
#2495=ORIENTED_EDGE('',*,*,#1702,.F.);
#2496=ORIENTED_EDGE('',*,*,#1703,.F.);
#2497=ORIENTED_EDGE('',*,*,#1704,.F.);
#2498=ORIENTED_EDGE('',*,*,#1705,.F.);
#2499=ORIENTED_EDGE('',*,*,#1706,.F.);
#2500=ORIENTED_EDGE('',*,*,#1707,.F.);
#2501=ORIENTED_EDGE('',*,*,#1708,.F.);
#2502=ORIENTED_EDGE('',*,*,#1695,.F.);
#2503=ORIENTED_EDGE('',*,*,#1709,.F.);
#2504=ORIENTED_EDGE('',*,*,#1710,.F.);
#2505=ORIENTED_EDGE('',*,*,#1688,.F.);
#2506=ORIENTED_EDGE('',*,*,#1698,.F.);
#2507=ORIENTED_EDGE('',*,*,#1709,.T.);
#2508=ORIENTED_EDGE('',*,*,#1697,.T.);
#2509=ORIENTED_EDGE('',*,*,#1711,.F.);
#2510=ORIENTED_EDGE('',*,*,#1712,.F.);
#2511=ORIENTED_EDGE('',*,*,#1713,.T.);
#2512=ORIENTED_EDGE('',*,*,#1706,.T.);
#2513=ORIENTED_EDGE('',*,*,#1714,.T.);
#2514=ORIENTED_EDGE('',*,*,#1715,.T.);
#2515=ORIENTED_EDGE('',*,*,#1716,.F.);
#2516=ORIENTED_EDGE('',*,*,#1705,.T.);
#2517=ORIENTED_EDGE('',*,*,#1717,.F.);
#2518=ORIENTED_EDGE('',*,*,#1714,.F.);
#2519=ORIENTED_EDGE('',*,*,#1704,.T.);
#2520=ORIENTED_EDGE('',*,*,#1718,.T.);
#2521=ORIENTED_EDGE('',*,*,#1715,.F.);
#2522=ORIENTED_EDGE('',*,*,#1717,.T.);
#2523=ORIENTED_EDGE('',*,*,#1703,.T.);
#2524=ORIENTED_EDGE('',*,*,#1719,.F.);
#2525=ORIENTED_EDGE('',*,*,#1718,.F.);
#2526=ORIENTED_EDGE('',*,*,#1702,.T.);
#2527=ORIENTED_EDGE('',*,*,#1720,.F.);
#2528=ORIENTED_EDGE('',*,*,#1719,.T.);
#2529=ORIENTED_EDGE('',*,*,#1721,.T.);
#2530=ORIENTED_EDGE('',*,*,#1707,.T.);
#2531=ORIENTED_EDGE('',*,*,#1716,.T.);
#2532=ORIENTED_EDGE('',*,*,#1720,.T.);
#2533=ORIENTED_EDGE('',*,*,#1701,.T.);
#2534=ORIENTED_EDGE('',*,*,#1722,.T.);
#2535=ORIENTED_EDGE('',*,*,#1723,.T.);
#2536=ORIENTED_EDGE('',*,*,#1724,.T.);
#2537=ORIENTED_EDGE('',*,*,#1725,.T.);
#2538=ORIENTED_EDGE('',*,*,#1726,.T.);
#2539=ORIENTED_EDGE('',*,*,#1725,.F.);
#2540=ORIENTED_EDGE('',*,*,#1727,.T.);
#2541=ORIENTED_EDGE('',*,*,#1689,.F.);
#2542=ORIENTED_EDGE('',*,*,#1710,.T.);
#2543=ORIENTED_EDGE('',*,*,#1713,.F.);
#2544=ORIENTED_EDGE('',*,*,#1728,.F.);
#2545=ORIENTED_EDGE('',*,*,#1729,.F.);
#2546=ORIENTED_EDGE('',*,*,#1699,.T.);
#2547=ORIENTED_EDGE('',*,*,#1694,.F.);
#2548=ORIENTED_EDGE('',*,*,#1684,.F.);
#2549=ORIENTED_EDGE('',*,*,#1723,.F.);
#2550=ORIENTED_EDGE('',*,*,#1728,.T.);
#2551=ORIENTED_EDGE('',*,*,#1712,.T.);
#2552=ORIENTED_EDGE('',*,*,#1708,.T.);
#2553=ORIENTED_EDGE('',*,*,#1721,.F.);
#2554=ORIENTED_EDGE('',*,*,#1696,.T.);
#2555=ORIENTED_EDGE('',*,*,#1700,.T.);
#2556=ORIENTED_EDGE('',*,*,#1729,.T.);
#2557=ORIENTED_EDGE('',*,*,#1722,.F.);
#2558=ORIENTED_EDGE('',*,*,#1711,.T.);
#2559=ORIENTED_EDGE('',*,*,#1727,.F.);
#2560=ORIENTED_EDGE('',*,*,#1724,.F.);
#2561=ORIENTED_EDGE('',*,*,#1726,.F.);
#2562=ORIENTED_EDGE('',*,*,#1730,.T.);
#2563=ORIENTED_EDGE('',*,*,#1577,.T.);
#2564=ORIENTED_EDGE('',*,*,#1730,.F.);
#2565=CYLINDRICAL_SURFACE('',#2780,60.);
#2566=CYLINDRICAL_SURFACE('',#2792,58.7089071046729);
#2567=CYLINDRICAL_SURFACE('',#2801,60.);
#2568=CYLINDRICAL_SURFACE('',#2802,60.);
#2569=CYLINDRICAL_SURFACE('',#2820,7.5);
#2570=CYLINDRICAL_SURFACE('',#2832,7.5);
#2571=CYLINDRICAL_SURFACE('',#2842,7.5);
#2572=CYLINDRICAL_SURFACE('',#2845,7.5);
#2573=CYLINDRICAL_SURFACE('',#2849,7.5);
#2574=CYLINDRICAL_SURFACE('',#2858,60.);
#2575=CYLINDRICAL_SURFACE('',#2860,60.);
#2576=CYLINDRICAL_SURFACE('',#2865,1.4825);
#2577=CYLINDRICAL_SURFACE('',#2867,0.756);
#2578=CYLINDRICAL_SURFACE('',#2871,0.748);
#2579=CYLINDRICAL_SURFACE('',#2875,0.7565);
#2580=CYLINDRICAL_SURFACE('',#2879,0.7485);
#2581=CYLINDRICAL_SURFACE('',#2883,13.5);
#2582=CYLINDRICAL_SURFACE('',#2888,10.);
#2583=CYLINDRICAL_SURFACE('',#2892,10.);
#2584=CYLINDRICAL_SURFACE('',#2894,1.386);
#2585=CYLINDRICAL_SURFACE('',#2898,23.);
#2586=CYLINDRICAL_SURFACE('',#2900,23.);
#2587=CYLINDRICAL_SURFACE('',#2902,10.);
#2588=CYLINDRICAL_SURFACE('',#2904,3.8);
#2589=CYLINDRICAL_SURFACE('',#2908,1.1);
#2590=CYLINDRICAL_SURFACE('',#2912,3.8);
#2591=CYLINDRICAL_SURFACE('',#2915,1.7);
#2592=CYLINDRICAL_SURFACE('',#2918,3.8);
#2593=CYLINDRICAL_SURFACE('',#2922,1.1);
#2594=CYLINDRICAL_SURFACE('',#2926,3.8);
#2595=CYLINDRICAL_SURFACE('',#2929,1.7);
#2596=CYLINDRICAL_SURFACE('',#2932,3.8);
#2597=CYLINDRICAL_SURFACE('',#2935,1.7);
#2598=CYLINDRICAL_SURFACE('',#2938,3.8);
#2599=CYLINDRICAL_SURFACE('',#2942,1.1);
#2600=CYLINDRICAL_SURFACE('',#2946,3.8);
#2601=CYLINDRICAL_SURFACE('',#2949,1.7);
#2602=CYLINDRICAL_SURFACE('',#2952,3.8);
#2603=CYLINDRICAL_SURFACE('',#2956,1.1);
#2604=CYLINDRICAL_SURFACE('',#2984,7.5);
#2605=CYLINDRICAL_SURFACE('',#2986,10.);
#2606=CYLINDRICAL_SURFACE('',#2989,10.);
#2607=CYLINDRICAL_SURFACE('',#2995,5.);
#2608=CYLINDRICAL_SURFACE('',#3000,7.5);
#2609=CYLINDRICAL_SURFACE('',#3002,7.5);
#2610=CYLINDRICAL_SURFACE('',#3007,5.);
#2611=CYLINDRICAL_SURFACE('',#3014,23.);
#2612=CYLINDRICAL_SURFACE('',#3018,50.);
#2613=CYLINDRICAL_SURFACE('',#3022,1.386);
#2614=CYLINDRICAL_SURFACE('',#3027,5.);
#2615=CYLINDRICAL_SURFACE('',#3030,5.);
#2616=CYLINDRICAL_SURFACE('',#3032,5.);
#2617=CYLINDRICAL_SURFACE('',#3034,5.);
#2618=CYLINDRICAL_SURFACE('',#3035,15.);
#2619=CYLINDRICAL_SURFACE('',#3037,10.);
#2620=CYLINDRICAL_SURFACE('',#3038,10.);
#2621=CYLINDRICAL_SURFACE('',#3043,15.);
#2622=CYLINDRICAL_SURFACE('',#3047,15.);
#2623=CYLINDRICAL_SURFACE('',#3058,15.);
#2624=CYLINDRICAL_SURFACE('',#3063,80.);
#2625=ADVANCED_FACE('',(#131),#2565,.T.);
#2626=ADVANCED_FACE('',(#132),#120,.F.);
#2627=ADVANCED_FACE('',(#133),#52,.F.);
#2628=ADVANCED_FACE('',(#134),#121,.F.);
#2629=ADVANCED_FACE('',(#135),#2566,.F.);
#2630=ADVANCED_FACE('',(#136),#40,.T.);
#2631=ADVANCED_FACE('',(#137),#2567,.T.);
#2632=ADVANCED_FACE('',(#138),#2568,.T.);
#2633=ADVANCED_FACE('',(#139),#53,.F.);
#2634=ADVANCED_FACE('',(#140),#54,.F.);
#2635=ADVANCED_FACE('',(#141),#55,.F.);
#2636=ADVANCED_FACE('',(#142),#56,.F.);
#2637=ADVANCED_FACE('',(#143),#57,.F.);
#2638=ADVANCED_FACE('',(#144),#58,.F.);
#2639=ADVANCED_FACE('',(#145),#59,.F.);
#2640=ADVANCED_FACE('',(#146),#60,.F.);
#2641=ADVANCED_FACE('',(#147),#122,.T.);
#2642=ADVANCED_FACE('',(#148),#61,.T.);
#2643=ADVANCED_FACE('',(#149),#62,.T.);
#2644=ADVANCED_FACE('',(#150),#63,.T.);
#2645=ADVANCED_FACE('',(#151),#2569,.F.);
#2646=ADVANCED_FACE('',(#152),#64,.F.);
#2647=ADVANCED_FACE('',(#153),#65,.F.);
#2648=ADVANCED_FACE('',(#154),#41,.T.);
#2649=ADVANCED_FACE('',(#155),#123,.T.);
#2650=ADVANCED_FACE('',(#156),#66,.T.);
#2651=ADVANCED_FACE('',(#157),#42,.T.);
#2652=ADVANCED_FACE('',(#158),#2570,.T.);
#2653=ADVANCED_FACE('',(#159),#43,.F.);
#2654=ADVANCED_FACE('',(#160),#38,.F.);
#2655=ADVANCED_FACE('',(#161),#124,.T.);
#2656=ADVANCED_FACE('',(#162),#39,.F.);
#2657=ADVANCED_FACE('',(#163),#2571,.F.);
#2658=ADVANCED_FACE('',(#164),#2572,.F.);
#2659=ADVANCED_FACE('',(#165),#44,.F.);
#2660=ADVANCED_FACE('',(#166),#2573,.F.);
#2661=ADVANCED_FACE('',(#167),#67,.F.);
#2662=ADVANCED_FACE('',(#168),#68,.T.);
#2663=ADVANCED_FACE('',(#169),#69,.F.);
#2664=ADVANCED_FACE('',(#170),#70,.T.);
#2665=ADVANCED_FACE('',(#171),#71,.T.);
#2666=ADVANCED_FACE('',(#172),#72,.T.);
#2667=ADVANCED_FACE('',(#173),#73,.T.);
#2668=ADVANCED_FACE('',(#174),#74,.T.);
#2669=ADVANCED_FACE('',(#175),#2574,.F.);
#2670=ADVANCED_FACE('',(#176),#2575,.F.);
#2671=ADVANCED_FACE('',(#177,#31),#75,.T.);
#2672=ADVANCED_FACE('',(#178),#2576,.F.);
#2673=ADVANCED_FACE('',(#179),#2577,.F.);
#2674=ADVANCED_FACE('',(#180),#76,.T.);
#2675=ADVANCED_FACE('',(#181),#2578,.F.);
#2676=ADVANCED_FACE('',(#182),#77,.T.);
#2677=ADVANCED_FACE('',(#183),#2579,.F.);
#2678=ADVANCED_FACE('',(#184),#78,.T.);
#2679=ADVANCED_FACE('',(#185),#2580,.F.);
#2680=ADVANCED_FACE('',(#186),#79,.T.);
#2681=ADVANCED_FACE('',(#187),#2581,.F.);
#2682=ADVANCED_FACE('',(#188),#2582,.T.);
#2683=ADVANCED_FACE('',(#189),#80,.F.);
#2684=ADVANCED_FACE('',(#190),#2583,.T.);
#2685=ADVANCED_FACE('',(#191),#2584,.F.);
#2686=ADVANCED_FACE('',(#192),#81,.F.);
#2687=ADVANCED_FACE('',(#193),#82,.F.);
#2688=ADVANCED_FACE('',(#194),#2585,.T.);
#2689=ADVANCED_FACE('',(#195),#2586,.T.);
#2690=ADVANCED_FACE('',(#196),#2587,.T.);
#2691=ADVANCED_FACE('',(#197),#2588,.F.);
#2692=ADVANCED_FACE('',(#198),#83,.F.);
#2693=ADVANCED_FACE('',(#199),#2589,.F.);
#2694=ADVANCED_FACE('',(#200),#84,.F.);
#2695=ADVANCED_FACE('',(#201),#2590,.F.);
#2696=ADVANCED_FACE('',(#202),#2591,.T.);
#2697=ADVANCED_FACE('',(#203),#2592,.F.);
#2698=ADVANCED_FACE('',(#204),#85,.F.);
#2699=ADVANCED_FACE('',(#205),#2593,.F.);
#2700=ADVANCED_FACE('',(#206),#86,.F.);
#2701=ADVANCED_FACE('',(#207),#2594,.F.);
#2702=ADVANCED_FACE('',(#208),#2595,.T.);
#2703=ADVANCED_FACE('',(#209),#2596,.F.);
#2704=ADVANCED_FACE('',(#210),#2597,.T.);
#2705=ADVANCED_FACE('',(#211),#2598,.F.);
#2706=ADVANCED_FACE('',(#212),#87,.F.);
#2707=ADVANCED_FACE('',(#213),#2599,.F.);
#2708=ADVANCED_FACE('',(#214),#88,.F.);
#2709=ADVANCED_FACE('',(#215),#2600,.F.);
#2710=ADVANCED_FACE('',(#216),#2601,.T.);
#2711=ADVANCED_FACE('',(#217),#2602,.F.);
#2712=ADVANCED_FACE('',(#218),#89,.F.);
#2713=ADVANCED_FACE('',(#219),#2603,.F.);
#2714=ADVANCED_FACE('',(#220),#90,.F.);
#2715=ADVANCED_FACE('',(#221,#32,#33,#34,#35,#36),#91,.T.);
#2716=ADVANCED_FACE('',(#222,#37),#92,.T.);
#2717=ADVANCED_FACE('',(#223),#93,.T.);
#2718=ADVANCED_FACE('',(#224),#94,.T.);
#2719=ADVANCED_FACE('',(#225),#95,.F.);
#2720=ADVANCED_FACE('',(#226),#96,.F.);
#2721=ADVANCED_FACE('',(#227),#97,.F.);
#2722=ADVANCED_FACE('',(#228),#98,.F.);
#2723=ADVANCED_FACE('',(#229),#99,.T.);
#2724=ADVANCED_FACE('',(#230),#100,.T.);
#2725=ADVANCED_FACE('',(#231),#101,.T.);
#2726=ADVANCED_FACE('',(#232),#102,.T.);
#2727=ADVANCED_FACE('',(#233),#45,.T.);
#2728=ADVANCED_FACE('',(#234),#46,.T.);
#2729=ADVANCED_FACE('',(#235),#125,.F.);
#2730=ADVANCED_FACE('',(#236),#2604,.T.);
#2731=ADVANCED_FACE('',(#237),#2605,.T.);
#2732=ADVANCED_FACE('',(#238),#103,.F.);
#2733=ADVANCED_FACE('',(#239),#2606,.T.);
#2734=ADVANCED_FACE('',(#240),#104,.F.);
#2735=ADVANCED_FACE('',(#241),#2607,.T.);
#2736=ADVANCED_FACE('',(#242),#126,.F.);
#2737=ADVANCED_FACE('',(#243),#2608,.T.);
#2738=ADVANCED_FACE('',(#244),#2609,.T.);
#2739=ADVANCED_FACE('',(#245),#105,.F.);
#2740=ADVANCED_FACE('',(#246),#127,.F.);
#2741=ADVANCED_FACE('',(#247),#2610,.T.);
#2742=ADVANCED_FACE('',(#248),#106,.F.);
#2743=ADVANCED_FACE('',(#249),#128,.F.);
#2744=ADVANCED_FACE('',(#250),#129,.F.);
#2745=ADVANCED_FACE('',(#251),#130,.F.);
#2746=ADVANCED_FACE('',(#252),#47,.T.);
#2747=ADVANCED_FACE('',(#253),#2611,.T.);
#2748=ADVANCED_FACE('',(#254),#107,.F.);
#2749=ADVANCED_FACE('',(#255),#48,.T.);
#2750=ADVANCED_FACE('',(#256),#2612,.F.);
#2751=ADVANCED_FACE('',(#257),#49,.T.);
#2752=ADVANCED_FACE('',(#258),#108,.F.);
#2753=ADVANCED_FACE('',(#259),#2613,.F.);
#2754=ADVANCED_FACE('',(#260),#50,.T.);
#2755=ADVANCED_FACE('',(#261),#109,.F.);
#2756=ADVANCED_FACE('',(#262),#110,.T.);
#2757=ADVANCED_FACE('',(#263),#111,.T.);
#2758=ADVANCED_FACE('',(#264),#2614,.T.);
#2759=ADVANCED_FACE('',(#265),#2615,.T.);
#2760=ADVANCED_FACE('',(#266),#2616,.T.);
#2761=ADVANCED_FACE('',(#267),#2617,.T.);
#2762=ADVANCED_FACE('',(#268),#2618,.F.);
#2763=ADVANCED_FACE('',(#269),#2619,.F.);
#2764=ADVANCED_FACE('',(#270),#2620,.F.);
#2765=ADVANCED_FACE('',(#271),#112,.F.);
#2766=ADVANCED_FACE('',(#272),#113,.T.);
#2767=ADVANCED_FACE('',(#273),#2621,.F.);
#2768=ADVANCED_FACE('',(#274),#114,.F.);
#2769=ADVANCED_FACE('',(#275),#2622,.F.);
#2770=ADVANCED_FACE('',(#276),#115,.T.);
#2771=ADVANCED_FACE('',(#277),#51,.T.);
#2772=ADVANCED_FACE('',(#278),#2623,.F.);
#2773=ADVANCED_FACE('',(#279),#116,.F.);
#2774=ADVANCED_FACE('',(#280),#117,.T.);
#2775=ADVANCED_FACE('',(#281),#118,.T.);
#2776=ADVANCED_FACE('',(#282),#119,.T.);
#2777=ADVANCED_FACE('',(#283),#2624,.T.);
#2778=CLOSED_SHELL('',(#2625,#2626,#2627,#2628,#2629,#2630,#2631,#2632,
#2633,#2634,#2635,#2636,#2637,#2638,#2639,#2640,#2641,#2642,#2643,#2644,
#2645,#2646,#2647,#2648,#2649,#2650,#2651,#2652,#2653,#2654,#2655,#2656,
#2657,#2658,#2659,#2660,#2661,#2662,#2663,#2664,#2665,#2666,#2667,#2668,
#2669,#2670,#2671,#2672,#2673,#2674,#2675,#2676,#2677,#2678,#2679,#2680,
#2681,#2682,#2683,#2684,#2685,#2686,#2687,#2688,#2689,#2690,#2691,#2692,
#2693,#2694,#2695,#2696,#2697,#2698,#2699,#2700,#2701,#2702,#2703,#2704,
#2705,#2706,#2707,#2708,#2709,#2710,#2711,#2712,#2713,#2714,#2715,#2716,
#2717,#2718,#2719,#2720,#2721,#2722,#2723,#2724,#2725,#2726,#2727,#2728,
#2729,#2730,#2731,#2732,#2733,#2734,#2735,#2736,#2737,#2738,#2739,#2740,
#2741,#2742,#2743,#2744,#2745,#2746,#2747,#2748,#2749,#2750,#2751,#2752,
#2753,#2754,#2755,#2756,#2757,#2758,#2759,#2760,#2761,#2762,#2763,#2764,
#2765,#2766,#2767,#2768,#2769,#2770,#2771,#2772,#2773,#2774,#2775,#2776,
#2777));
#2779=AXIS2_PLACEMENT_3D('',#3834,#3064,#3065);
#2780=AXIS2_PLACEMENT_3D('',#3835,#3066,#3067);
#2781=AXIS2_PLACEMENT_3D('',#3852,#3069,#3070);
#2782=AXIS2_PLACEMENT_3D('',#3854,#3071,#3072);
#2783=AXIS2_PLACEMENT_3D('',#3858,#3074,#3075);
#2784=AXIS2_PLACEMENT_3D('',#3862,#3077,#3078);
#2785=AXIS2_PLACEMENT_3D('',#3873,#3081,#3082);
#2786=AXIS2_PLACEMENT_3D('',#3887,#3084,#3085);
#2787=AXIS2_PLACEMENT_3D('',#3888,#3086,#3087);
#2788=AXIS2_PLACEMENT_3D('',#3924,#3090,#3091);
#2789=AXIS2_PLACEMENT_3D('',#3926,#3092,#3093);
#2790=AXIS2_PLACEMENT_3D('',#3934,#3097,#3098);
#2791=AXIS2_PLACEMENT_3D('',#3942,#3099,#3100);
#2792=AXIS2_PLACEMENT_3D('',#3970,#3103,#3104);
#2793=AXIS2_PLACEMENT_3D('',#3971,#3105,#3106);
#2794=AXIS2_PLACEMENT_3D('',#3972,#3107,#3108);
#2795=AXIS2_PLACEMENT_3D('',#3974,#3109,#3110);
#2796=AXIS2_PLACEMENT_3D('',#3975,#3111,#3112);
#2797=AXIS2_PLACEMENT_3D('',#3976,#3113,#3114);
#2798=AXIS2_PLACEMENT_3D('',#3982,#3115,#3116);
#2799=AXIS2_PLACEMENT_3D('',#3993,#3117,#3118);
#2800=AXIS2_PLACEMENT_3D('',#4005,#3119,#3120);
#2801=AXIS2_PLACEMENT_3D('',#4010,#3121,#3122);
#2802=AXIS2_PLACEMENT_3D('',#4015,#3123,#3124);
#2803=AXIS2_PLACEMENT_3D('',#4020,#3125,#3126);
#2804=AXIS2_PLACEMENT_3D('',#4044,#3128,#3129);
#2805=AXIS2_PLACEMENT_3D('',#4046,#3131,#3132);
#2806=AXIS2_PLACEMENT_3D('',#4056,#3138,#3139);
#2807=AXIS2_PLACEMENT_3D('',#4062,#3142,#3143);
#2808=AXIS2_PLACEMENT_3D('',#4070,#3148,#3149);
#2809=AXIS2_PLACEMENT_3D('',#4072,#3151,#3152);
#2810=AXIS2_PLACEMENT_3D('',#4074,#3153,#3154);
#2811=AXIS2_PLACEMENT_3D('',#4078,#3156,#3157);
#2812=AXIS2_PLACEMENT_3D('',#4080,#3159,#3160);
#2813=AXIS2_PLACEMENT_3D('',#4084,#3163,#3164);
#2814=AXIS2_PLACEMENT_3D('',#4090,#3168,#3169);
#2815=AXIS2_PLACEMENT_3D('',#4117,#3173,#3174);
#2816=AXIS2_PLACEMENT_3D('',#4118,#3175,#3176);
#2817=AXIS2_PLACEMENT_3D('',#4122,#3179,#3180);
#2818=AXIS2_PLACEMENT_3D('',#4131,#3186,#3187);
#2819=AXIS2_PLACEMENT_3D('',#4135,#3189,#3190);
#2820=AXIS2_PLACEMENT_3D('',#4137,#3192,#3193);
#2821=AXIS2_PLACEMENT_3D('',#4139,#3194,#3195);
#2822=AXIS2_PLACEMENT_3D('',#4142,#3197,#3198);
#2823=AXIS2_PLACEMENT_3D('',#4143,#3199,#3200);
#2824=AXIS2_PLACEMENT_3D('',#4145,#3202,#3203);
#2825=AXIS2_PLACEMENT_3D('',#4146,#3204,#3205);
#2826=AXIS2_PLACEMENT_3D('',#4171,#3206,#3207);
#2827=AXIS2_PLACEMENT_3D('',#4172,#3208,#3209);
#2828=AXIS2_PLACEMENT_3D('',#4186,#3210,#3211);
#2829=AXIS2_PLACEMENT_3D('',#4187,#3212,#3213);
#2830=AXIS2_PLACEMENT_3D('',#4188,#3214,#3215);
#2831=AXIS2_PLACEMENT_3D('',#4190,#3216,#3217);
#2832=AXIS2_PLACEMENT_3D('',#4210,#3218,#3219);
#2833=AXIS2_PLACEMENT_3D('',#4211,#3220,#3221);
#2834=AXIS2_PLACEMENT_3D('',#4214,#3223,#3224);
#2835=AXIS2_PLACEMENT_3D('',#4215,#3225,#3226);
#2836=AXIS2_PLACEMENT_3D('',#4220,#3227,#3228);
#2837=AXIS2_PLACEMENT_3D('',#4221,#3229,#3230);
#2838=AXIS2_PLACEMENT_3D('',#4238,#3231,#3232);
#2839=AXIS2_PLACEMENT_3D('',#4240,#3233,#3234);
#2840=AXIS2_PLACEMENT_3D('',#4242,#3235,#3236);
#2841=AXIS2_PLACEMENT_3D('',#4243,#3237,#3238);
#2842=AXIS2_PLACEMENT_3D('',#4244,#3239,#3240);
#2843=AXIS2_PLACEMENT_3D('',#4248,#3242,#3243);
#2844=AXIS2_PLACEMENT_3D('',#4252,#3245,#3246);
#2845=AXIS2_PLACEMENT_3D('',#4254,#3248,#3249);
#2846=AXIS2_PLACEMENT_3D('',#4256,#3250,#3251);
#2847=AXIS2_PLACEMENT_3D('',#4259,#3254,#3255);
#2848=AXIS2_PLACEMENT_3D('',#4261,#3256,#3257);
#2849=AXIS2_PLACEMENT_3D('',#4266,#3258,#3259);
#2850=AXIS2_PLACEMENT_3D('',#4268,#3261,#3262);
#2851=AXIS2_PLACEMENT_3D('',#4269,#3263,#3264);
#2852=AXIS2_PLACEMENT_3D('',#4271,#3266,#3267);
#2853=AXIS2_PLACEMENT_3D('',#4279,#3272,#3273);
#2854=AXIS2_PLACEMENT_3D('',#4285,#3277,#3278);
#2855=AXIS2_PLACEMENT_3D('',#4290,#3282,#3283);
#2856=AXIS2_PLACEMENT_3D('',#4292,#3285,#3286);
#2857=AXIS2_PLACEMENT_3D('',#4293,#3287,#3288);
#2858=AXIS2_PLACEMENT_3D('',#4294,#3289,#3290);
#2859=AXIS2_PLACEMENT_3D('',#4307,#3291,#3292);
#2860=AXIS2_PLACEMENT_3D('',#4318,#3293,#3294);
#2861=AXIS2_PLACEMENT_3D('',#4331,#3295,#3296);
#2862=AXIS2_PLACEMENT_3D('',#4344,#3297,#3298);
#2863=AXIS2_PLACEMENT_3D('',#4346,#3299,#3300);
#2864=AXIS2_PLACEMENT_3D('',#4348,#3301,#3302);
#2865=AXIS2_PLACEMENT_3D('',#4349,#3303,#3304);
#2866=AXIS2_PLACEMENT_3D('',#4351,#3305,#3306);
#2867=AXIS2_PLACEMENT_3D('',#4353,#3308,#3309);
#2868=AXIS2_PLACEMENT_3D('',#4355,#3310,#3311);
#2869=AXIS2_PLACEMENT_3D('',#4358,#3313,#3314);
#2870=AXIS2_PLACEMENT_3D('',#4359,#3315,#3316);
#2871=AXIS2_PLACEMENT_3D('',#4360,#3317,#3318);
#2872=AXIS2_PLACEMENT_3D('',#4362,#3319,#3320);
#2873=AXIS2_PLACEMENT_3D('',#4365,#3322,#3323);
#2874=AXIS2_PLACEMENT_3D('',#4366,#3324,#3325);
#2875=AXIS2_PLACEMENT_3D('',#4367,#3326,#3327);
#2876=AXIS2_PLACEMENT_3D('',#4369,#3328,#3329);
#2877=AXIS2_PLACEMENT_3D('',#4372,#3331,#3332);
#2878=AXIS2_PLACEMENT_3D('',#4373,#3333,#3334);
#2879=AXIS2_PLACEMENT_3D('',#4374,#3335,#3336);
#2880=AXIS2_PLACEMENT_3D('',#4376,#3337,#3338);
#2881=AXIS2_PLACEMENT_3D('',#4379,#3340,#3341);
#2882=AXIS2_PLACEMENT_3D('',#4380,#3342,#3343);
#2883=AXIS2_PLACEMENT_3D('',#4381,#3344,#3345);
#2884=AXIS2_PLACEMENT_3D('',#4402,#3346,#3347);
#2885=AXIS2_PLACEMENT_3D('',#4424,#3349,#3350);
#2886=AXIS2_PLACEMENT_3D('',#4444,#3351,#3352);
#2887=AXIS2_PLACEMENT_3D('',#4465,#3353,#3354);
#2888=AXIS2_PLACEMENT_3D('',#4481,#3355,#3356);
#2889=AXIS2_PLACEMENT_3D('',#4483,#3357,#3358);
#2890=AXIS2_PLACEMENT_3D('',#4487,#3360,#3361);
#2891=AXIS2_PLACEMENT_3D('',#4489,#3363,#3364);
#2892=AXIS2_PLACEMENT_3D('',#4512,#3367,#3368);
#2893=AXIS2_PLACEMENT_3D('',#4517,#3371,#3372);
#2894=AXIS2_PLACEMENT_3D('',#4519,#3374,#3375);
#2895=AXIS2_PLACEMENT_3D('',#4521,#3376,#3377);
#2896=AXIS2_PLACEMENT_3D('',#4523,#3379,#3380);
#2897=AXIS2_PLACEMENT_3D('',#4525,#3382,#3383);
#2898=AXIS2_PLACEMENT_3D('',#4527,#3385,#3386);
#2899=AXIS2_PLACEMENT_3D('',#4528,#3387,#3388);
#2900=AXIS2_PLACEMENT_3D('',#4529,#3389,#3390);
#2901=AXIS2_PLACEMENT_3D('',#4531,#3391,#3392);
#2902=AXIS2_PLACEMENT_3D('',#4533,#3394,#3395);
#2903=AXIS2_PLACEMENT_3D('',#4535,#3396,#3397);
#2904=AXIS2_PLACEMENT_3D('',#4537,#3399,#3400);
#2905=AXIS2_PLACEMENT_3D('',#4540,#3401,#3402);
#2906=AXIS2_PLACEMENT_3D('',#4544,#3404,#3405);
#2907=AXIS2_PLACEMENT_3D('',#4546,#3407,#3408);
#2908=AXIS2_PLACEMENT_3D('',#4552,#3412,#3413);
#2909=AXIS2_PLACEMENT_3D('',#4554,#3414,#3415);
#2910=AXIS2_PLACEMENT_3D('',#4556,#3416,#3417);
#2911=AXIS2_PLACEMENT_3D('',#4558,#3419,#3420);
#2912=AXIS2_PLACEMENT_3D('',#4564,#3424,#3425);
#2913=AXIS2_PLACEMENT_3D('',#4566,#3426,#3427);
#2914=AXIS2_PLACEMENT_3D('',#4568,#3428,#3429);
#2915=AXIS2_PLACEMENT_3D('',#4570,#3431,#3432);
#2916=AXIS2_PLACEMENT_3D('',#4572,#3433,#3434);
#2917=AXIS2_PLACEMENT_3D('',#4574,#3435,#3436);
#2918=AXIS2_PLACEMENT_3D('',#4576,#3438,#3439);
#2919=AXIS2_PLACEMENT_3D('',#4578,#3440,#3441);
#2920=AXIS2_PLACEMENT_3D('',#4580,#3442,#3443);
#2921=AXIS2_PLACEMENT_3D('',#4582,#3445,#3446);
#2922=AXIS2_PLACEMENT_3D('',#4588,#3450,#3451);
#2923=AXIS2_PLACEMENT_3D('',#4590,#3452,#3453);
#2924=AXIS2_PLACEMENT_3D('',#4592,#3454,#3455);
#2925=AXIS2_PLACEMENT_3D('',#4594,#3457,#3458);
#2926=AXIS2_PLACEMENT_3D('',#4600,#3462,#3463);
#2927=AXIS2_PLACEMENT_3D('',#4602,#3464,#3465);
#2928=AXIS2_PLACEMENT_3D('',#4604,#3466,#3467);
#2929=AXIS2_PLACEMENT_3D('',#4606,#3469,#3470);
#2930=AXIS2_PLACEMENT_3D('',#4608,#3471,#3472);
#2931=AXIS2_PLACEMENT_3D('',#4610,#3473,#3474);
#2932=AXIS2_PLACEMENT_3D('',#4612,#3476,#3477);
#2933=AXIS2_PLACEMENT_3D('',#4614,#3478,#3479);
#2934=AXIS2_PLACEMENT_3D('',#4616,#3480,#3481);
#2935=AXIS2_PLACEMENT_3D('',#4618,#3483,#3484);
#2936=AXIS2_PLACEMENT_3D('',#4620,#3485,#3486);
#2937=AXIS2_PLACEMENT_3D('',#4623,#3488,#3489);
#2938=AXIS2_PLACEMENT_3D('',#4624,#3490,#3491);
#2939=AXIS2_PLACEMENT_3D('',#4626,#3492,#3493);
#2940=AXIS2_PLACEMENT_3D('',#4629,#3495,#3496);
#2941=AXIS2_PLACEMENT_3D('',#4630,#3497,#3498);
#2942=AXIS2_PLACEMENT_3D('',#4636,#3502,#3503);
#2943=AXIS2_PLACEMENT_3D('',#4638,#3504,#3505);
#2944=AXIS2_PLACEMENT_3D('',#4641,#3507,#3508);
#2945=AXIS2_PLACEMENT_3D('',#4642,#3509,#3510);
#2946=AXIS2_PLACEMENT_3D('',#4648,#3514,#3515);
#2947=AXIS2_PLACEMENT_3D('',#4650,#3516,#3517);
#2948=AXIS2_PLACEMENT_3D('',#4653,#3519,#3520);
#2949=AXIS2_PLACEMENT_3D('',#4654,#3521,#3522);
#2950=AXIS2_PLACEMENT_3D('',#4656,#3523,#3524);
#2951=AXIS2_PLACEMENT_3D('',#4659,#3526,#3527);
#2952=AXIS2_PLACEMENT_3D('',#4660,#3528,#3529);
#2953=AXIS2_PLACEMENT_3D('',#4662,#3530,#3531);
#2954=AXIS2_PLACEMENT_3D('',#4665,#3533,#3534);
#2955=AXIS2_PLACEMENT_3D('',#4666,#3535,#3536);
#2956=AXIS2_PLACEMENT_3D('',#4672,#3540,#3541);
#2957=AXIS2_PLACEMENT_3D('',#4674,#3542,#3543);
#2958=AXIS2_PLACEMENT_3D('',#4677,#3545,#3546);
#2959=AXIS2_PLACEMENT_3D('',#4678,#3547,#3548);
#2960=AXIS2_PLACEMENT_3D('',#4681,#3551,#3552);
#2961=AXIS2_PLACEMENT_3D('',#4682,#3553,#3554);
#2962=AXIS2_PLACEMENT_3D('',#4684,#3555,#3556);
#2963=AXIS2_PLACEMENT_3D('',#4685,#3557,#3558);
#2964=AXIS2_PLACEMENT_3D('',#4693,#3562,#3563);
#2965=AXIS2_PLACEMENT_3D('',#4694,#3564,#3565);
#2966=AXIS2_PLACEMENT_3D('',#4699,#3567,#3568);
#2967=AXIS2_PLACEMENT_3D('',#4703,#3571,#3572);
#2968=AXIS2_PLACEMENT_3D('',#4709,#3576,#3577);
#2969=AXIS2_PLACEMENT_3D('',#4713,#3579,#3580);
#2970=AXIS2_PLACEMENT_3D('',#4715,#3582,#3583);
#2971=AXIS2_PLACEMENT_3D('',#4721,#3587,#3588);
#2972=AXIS2_PLACEMENT_3D('',#4724,#3591,#3592);
#2973=AXIS2_PLACEMENT_3D('',#4733,#3597,#3598);
#2974=AXIS2_PLACEMENT_3D('',#4736,#3601,#3602);
#2975=AXIS2_PLACEMENT_3D('',#4774,#3606,#3607);
#2976=AXIS2_PLACEMENT_3D('',#4775,#3608,#3609);
#2977=AXIS2_PLACEMENT_3D('',#4776,#3610,#3611);
#2978=AXIS2_PLACEMENT_3D('',#4779,#3613,#3614);
#2979=AXIS2_PLACEMENT_3D('',#4780,#3615,#3616);
#2980=AXIS2_PLACEMENT_3D('',#4781,#3617,#3618);
#2981=AXIS2_PLACEMENT_3D('',#4782,#3619,#3620);
#2982=AXIS2_PLACEMENT_3D('',#4831,#3621,#3622);
#2983=AXIS2_PLACEMENT_3D('',#4881,#3623,#3624);
#2984=AXIS2_PLACEMENT_3D('',#4882,#3625,#3626);
#2985=AXIS2_PLACEMENT_3D('',#4884,#3627,#3628);
#2986=AXIS2_PLACEMENT_3D('',#4886,#3630,#3631);
#2987=AXIS2_PLACEMENT_3D('',#4889,#3633,#3634);
#2988=AXIS2_PLACEMENT_3D('',#4891,#3636,#3637);
#2989=AXIS2_PLACEMENT_3D('',#4895,#3640,#3641);
#2990=AXIS2_PLACEMENT_3D('',#4898,#3643,#3644);
#2991=AXIS2_PLACEMENT_3D('',#4899,#3645,#3646);
#2992=AXIS2_PLACEMENT_3D('',#4901,#3647,#3648);
#2993=AXIS2_PLACEMENT_3D('',#4903,#3649,#3650);
#2994=AXIS2_PLACEMENT_3D('',#4908,#3653,#3654);
#2995=AXIS2_PLACEMENT_3D('',#4909,#3655,#3656);
#2996=AXIS2_PLACEMENT_3D('',#4912,#3657,#3658);
#2997=AXIS2_PLACEMENT_3D('',#4916,#3660,#3661);
#2998=AXIS2_PLACEMENT_3D('',#4961,#3663,#3664);
#2999=AXIS2_PLACEMENT_3D('',#4962,#3665,#3666);
#3000=AXIS2_PLACEMENT_3D('',#4963,#3667,#3668);
#3001=AXIS2_PLACEMENT_3D('',#4966,#3670,#3671);
#3002=AXIS2_PLACEMENT_3D('',#4968,#3673,#3674);
#3003=AXIS2_PLACEMENT_3D('',#4994,#3677,#3678);
#3004=AXIS2_PLACEMENT_3D('',#4998,#3680,#3681);
#3005=AXIS2_PLACEMENT_3D('',#5005,#3683,#3684);
#3006=AXIS2_PLACEMENT_3D('',#5048,#3685,#3686);
#3007=AXIS2_PLACEMENT_3D('',#5049,#3687,#3688);
#3008=AXIS2_PLACEMENT_3D('',#5053,#3690,#3691);
#3009=AXIS2_PLACEMENT_3D('',#5055,#3693,#3694);
#3010=AXIS2_PLACEMENT_3D('',#5059,#3696,#3697);
#3011=AXIS2_PLACEMENT_3D('',#5098,#3699,#3700);
#3012=AXIS2_PLACEMENT_3D('',#5377,#3701,#3702);
#3013=AXIS2_PLACEMENT_3D('',#5378,#3703,#3704);
#3014=AXIS2_PLACEMENT_3D('',#5379,#3705,#3706);
#3015=AXIS2_PLACEMENT_3D('',#5382,#3709,#3710);
#3016=AXIS2_PLACEMENT_3D('',#5384,#3712,#3713);
#3017=AXIS2_PLACEMENT_3D('',#5404,#3714,#3715);
#3018=AXIS2_PLACEMENT_3D('',#5405,#3716,#3717);
#3019=AXIS2_PLACEMENT_3D('',#5408,#3719,#3720);
#3020=AXIS2_PLACEMENT_3D('',#5409,#3721,#3722);
#3021=AXIS2_PLACEMENT_3D('',#5410,#3723,#3724);
#3022=AXIS2_PLACEMENT_3D('',#5412,#3726,#3727);
#3023=AXIS2_PLACEMENT_3D('',#5413,#3728,#3729);
#3024=AXIS2_PLACEMENT_3D('',#5436,#3730,#3731);
#3025=AXIS2_PLACEMENT_3D('',#5437,#3732,#3733);
#3026=AXIS2_PLACEMENT_3D('',#5438,#3734,#3735);
#3027=AXIS2_PLACEMENT_3D('',#5448,#3741,#3742);
#3028=AXIS2_PLACEMENT_3D('',#5450,#3743,#3744);
#3029=AXIS2_PLACEMENT_3D('',#5453,#3746,#3747);
#3030=AXIS2_PLACEMENT_3D('',#5454,#3748,#3749);
#3031=AXIS2_PLACEMENT_3D('',#5456,#3750,#3751);
#3032=AXIS2_PLACEMENT_3D('',#5468,#3753,#3754);
#3033=AXIS2_PLACEMENT_3D('',#5470,#3755,#3756);
#3034=AXIS2_PLACEMENT_3D('',#5472,#3758,#3759);
#3035=AXIS2_PLACEMENT_3D('',#5488,#3761,#3762);
#3036=AXIS2_PLACEMENT_3D('',#5515,#3764,#3765);
#3037=AXIS2_PLACEMENT_3D('',#5544,#3766,#3767);
#3038=AXIS2_PLACEMENT_3D('',#5687,#3773,#3774);
#3039=AXIS2_PLACEMENT_3D('',#5716,#3776,#3777);
#3040=AXIS2_PLACEMENT_3D('',#5721,#3780,#3781);
#3041=AXIS2_PLACEMENT_3D('',#5722,#3782,#3783);
#3042=AXIS2_PLACEMENT_3D('',#5727,#3786,#3787);
#3043=AXIS2_PLACEMENT_3D('',#5728,#3788,#3789);
#3044=AXIS2_PLACEMENT_3D('',#5729,#3790,#3791);
#3045=AXIS2_PLACEMENT_3D('',#5730,#3792,#3793);
#3046=AXIS2_PLACEMENT_3D('',#5731,#3794,#3795);
#3047=AXIS2_PLACEMENT_3D('',#5732,#3796,#3797);
#3048=AXIS2_PLACEMENT_3D('',#5734,#3799,#3800);
#3049=AXIS2_PLACEMENT_3D('',#5735,#3801,#3802);
#3050=AXIS2_PLACEMENT_3D('',#5736,#3803,#3804);
#3051=AXIS2_PLACEMENT_3D('',#5737,#3805,#3806);
#3052=AXIS2_PLACEMENT_3D('',#5739,#3807,#3808);
#3053=AXIS2_PLACEMENT_3D('',#5740,#3809,#3810);
#3054=AXIS2_PLACEMENT_3D('',#5742,#3811,#3812);
#3055=AXIS2_PLACEMENT_3D('',#5744,#3813,#3814);
#3056=AXIS2_PLACEMENT_3D('',#5745,#3815,#3816);
#3057=AXIS2_PLACEMENT_3D('',#5746,#3817,#3818);
#3058=AXIS2_PLACEMENT_3D('',#5747,#3819,#3820);
#3059=AXIS2_PLACEMENT_3D('',#5750,#3823,#3824);
#3060=AXIS2_PLACEMENT_3D('',#5751,#3825,#3826);
#3061=AXIS2_PLACEMENT_3D('',#5752,#3827,#3828);
#3062=AXIS2_PLACEMENT_3D('',#5753,#3829,#3830);
#3063=AXIS2_PLACEMENT_3D('',#5754,#3831,#3832);
#3064=DIRECTION('axis',(0.,0.,1.));
#3065=DIRECTION('refdir',(1.,0.,0.));
#3066=DIRECTION('center_axis',(1.,0.,0.));
#3067=DIRECTION('ref_axis',(0.,0.651314456730318,0.758807932519218));
#3068=DIRECTION('',(1.,0.,2.53765262771464E-16));
#3069=DIRECTION('center_axis',(-1.,0.,-2.22044604925031E-16));
#3070=DIRECTION('ref_axis',(2.22044604925031E-16,0.,-1.));
#3071=DIRECTION('center_axis',(-1.,0.,-2.22044604925031E-16));
#3072=DIRECTION('ref_axis',(2.22044604925031E-16,0.,-1.));
#3073=DIRECTION('',(1.,0.,0.));
#3074=DIRECTION('center_axis',(1.,1.50030138462859E-15,1.73531472055773E-29));
#3075=DIRECTION('ref_axis',(0.,0.,1.));
#3076=DIRECTION('',(-1.,0.,0.));
#3077=DIRECTION('center_axis',(1.,0.,0.));
#3078=DIRECTION('ref_axis',(0.,0.,1.));
#3079=DIRECTION('',(-1.,0.,0.));
#3080=DIRECTION('',(-1.,0.,0.));
#3081=DIRECTION('center_axis',(-1.,0.,-2.22044604925031E-16));
#3082=DIRECTION('ref_axis',(2.22044604925031E-16,0.,-1.));
#3083=DIRECTION('',(-1.,0.,-2.53765262771464E-16));
#3084=DIRECTION('center_axis',(1.,0.,2.22044604925031E-16));
#3085=DIRECTION('ref_axis',(9.25185853854297E-17,0.920394533526453,-0.390990924005433));
#3086=DIRECTION('center_axis',(1.,0.,2.22044604925031E-16));
#3087=DIRECTION('ref_axis',(9.25185853854297E-17,0.920394533526453,-0.390990924005433));
#3088=DIRECTION('',(-1.,0.,0.));
#3089=DIRECTION('',(1.,0.,0.));
#3090=DIRECTION('center_axis',(-1.,-1.50030138462859E-15,-1.73531472055773E-29));
#3091=DIRECTION('ref_axis',(-2.08114969896854E-29,2.54379850517239E-14,
-1.));
#3092=DIRECTION('center_axis',(-1.,-7.50150692314295E-16,-1.11022302462524E-16));
#3093=DIRECTION('ref_axis',(-1.11022302462524E-16,0.,1.));
#3094=DIRECTION('',(-1.50030138462859E-15,1.,2.54451114833009E-14));
#3095=DIRECTION('',(2.08114969896854E-29,-2.54379850517239E-14,1.));
#3096=DIRECTION('',(1.50030138462859E-15,-1.,-2.54451114833009E-14));
#3097=DIRECTION('center_axis',(-1.,-7.50150692314295E-16,-1.11022302462524E-16));
#3098=DIRECTION('ref_axis',(-1.11022302462524E-16,0.,1.));
#3099=DIRECTION('center_axis',(-1.,-7.50150692314295E-16,-8.67657360278866E-30));
#3100=DIRECTION('ref_axis',(-8.67657360278866E-30,0.,1.));
#3101=DIRECTION('',(-1.,0.,0.));
#3102=DIRECTION('',(-1.,0.,0.));
#3103=DIRECTION('center_axis',(-1.,0.,0.));
#3104=DIRECTION('ref_axis',(0.,0.,1.));
#3105=DIRECTION('center_axis',(-1.,-7.50150692314295E-16,-8.67657360278866E-30));
#3106=DIRECTION('ref_axis',(-8.67657360278866E-30,0.,1.));
#3107=DIRECTION('center_axis',(-1.,0.,-2.22044604925031E-16));
#3108=DIRECTION('ref_axis',(-2.368475785867E-16,0.,1.));
#3109=DIRECTION('center_axis',(1.,0.,2.22044604925031E-16));
#3110=DIRECTION('ref_axis',(2.22044604925031E-16,0.,-1.));
#3111=DIRECTION('center_axis',(0.,-1.,0.));
#3112=DIRECTION('ref_axis',(2.22044604925031E-16,0.,-1.));
#3113=DIRECTION('center_axis',(1.,0.,2.53765262771464E-16));
#3114=DIRECTION('ref_axis',(-2.53765262771464E-16,0.,1.));
#3115=DIRECTION('center_axis',(-1.,0.,-2.22044604925031E-16));
#3116=DIRECTION('ref_axis',(2.22044604925031E-16,0.,-1.));
#3117=DIRECTION('center_axis',(-1.,0.,-2.22044604925031E-16));
#3118=DIRECTION('ref_axis',(-2.22720844063036E-16,0.,1.));
#3119=DIRECTION('center_axis',(-1.,0.,-2.22044604925031E-16));
#3120=DIRECTION('ref_axis',(2.22044604925031E-16,0.,-1.));
#3121=DIRECTION('center_axis',(1.,0.,0.));
#3122=DIRECTION('ref_axis',(0.,0.,1.));
#3123=DIRECTION('center_axis',(1.,0.,0.));
#3124=DIRECTION('ref_axis',(0.,0.,1.));
#3125=DIRECTION('center_axis',(2.08221899906894E-29,-2.54451114833009E-14,
1.));
#3126=DIRECTION('ref_axis',(-1.,-1.50047059155163E-15,-1.73574514887563E-29));
#3127=DIRECTION('',(0.,1.,0.));
#3128=DIRECTION('center_axis',(-2.08221899906894E-29,2.54451114833009E-14,
-1.));
#3129=DIRECTION('ref_axis',(0.,1.,2.54451114833009E-14));
#3130=DIRECTION('',(-1.,0.,0.));
#3131=DIRECTION('center_axis',(2.08221899906894E-29,-2.54451114833009E-14,
1.));
#3132=DIRECTION('ref_axis',(-1.,-1.50047059155163E-15,-1.73574514887563E-29));
#3133=DIRECTION('',(1.50030138462859E-15,-1.,-2.54451114833009E-14));
#3134=DIRECTION('',(1.,-1.11022302462516E-15,-4.9071938623604E-29));
#3135=DIRECTION('',(5.55111512312603E-16,1.,2.54451114833009E-14));
#3136=DIRECTION('',(1.,0.,-2.08221899906894E-29));
#3137=DIRECTION('',(0.,-1.,-2.54451114833009E-14));
#3138=DIRECTION('center_axis',(1.,1.50030138462859E-15,1.73531472055773E-29));
#3139=DIRECTION('ref_axis',(2.08114969896854E-29,-2.54379850517239E-14,
1.));
#3140=DIRECTION('',(1.50030138462859E-15,-1.,-2.54451114833009E-14));
#3141=DIRECTION('',(2.08114969896854E-29,-2.54379850517239E-14,1.));
#3142=DIRECTION('center_axis',(-1.,-1.50030138462859E-15,-1.73531472055773E-29));
#3143=DIRECTION('ref_axis',(0.,-0.707106781186547,-0.707106781186547));
#3144=DIRECTION('',(1.50030138462859E-15,-1.,0.));
#3145=DIRECTION('',(1.73531472055773E-29,0.,-1.));
#3146=DIRECTION('',(1.50030138462859E-15,-1.,-1.28303146976793E-15));
#3147=DIRECTION('',(1.73531472055773E-29,-1.14660015293754E-30,-1.));
#3148=DIRECTION('center_axis',(-2.08221899906894E-29,2.54451114833009E-14,
-1.));
#3149=DIRECTION('ref_axis',(1.,1.50047059155163E-15,1.73574514887563E-29));
#3150=DIRECTION('',(1.,1.50047059155163E-15,1.73574514887563E-29));
#3151=DIRECTION('center_axis',(1.50030138462859E-15,-1.,-2.54451114833009E-14));
#3152=DIRECTION('ref_axis',(0.,2.54451114833009E-14,-1.));
#3153=DIRECTION('center_axis',(-1.50030138462859E-15,1.,2.54451114833009E-14));
#3154=DIRECTION('ref_axis',(0.,-2.54451114833009E-14,1.));
#3155=DIRECTION('',(0.,0.,1.));
#3156=DIRECTION('center_axis',(-1.50030138462859E-15,1.,2.54451114833009E-14));
#3157=DIRECTION('ref_axis',(0.,-2.54451114833009E-14,1.));
#3158=DIRECTION('',(-1.,0.,0.));
#3159=DIRECTION('center_axis',(1.,0.,0.));
#3160=DIRECTION('ref_axis',(0.,0.,1.));
#3161=DIRECTION('',(0.,0.,-1.));
#3162=DIRECTION('',(0.,-1.,0.));
#3163=DIRECTION('center_axis',(-1.,5.55111512312576E-16,1.03276560430247E-15));
#3164=DIRECTION('ref_axis',(-5.55111512312578E-16,-1.,-1.28303146976792E-15));
#3165=DIRECTION('',(1.03276560430247E-15,0.,1.));
#3166=DIRECTION('',(-5.55111512312578E-16,-1.,-1.28303146976792E-15));
#3167=DIRECTION('',(1.03276560430247E-15,0.,1.));
#3168=DIRECTION('center_axis',(1.11022302462516E-15,1.,-1.14660015293752E-30));
#3169=DIRECTION('ref_axis',(-1.,1.11022302462516E-15,1.11022302462516E-15));
#3170=DIRECTION('',(-1.,1.11022302462516E-15,1.11022302462516E-15));
#3171=DIRECTION('',(1.03276560430247E-15,0.,1.));
#3172=DIRECTION('',(-1.,1.11022302462516E-15,1.11022302462516E-15));
#3173=DIRECTION('center_axis',(1.96583490226961E-13,-1.,0.));
#3174=DIRECTION('ref_axis',(0.,0.,1.));
#3175=DIRECTION('center_axis',(1.11022302462516E-15,-1.28303146976793E-15,
1.));
#3176=DIRECTION('ref_axis',(1.,-1.11022302462516E-15,-1.11022302462516E-15));
#3177=DIRECTION('',(-1.,0.,1.11022302462516E-15));
#3178=DIRECTION('',(1.11022302462516E-15,1.,1.28303146976792E-15));
#3179=DIRECTION('center_axis',(0.,-1.,0.));
#3180=DIRECTION('ref_axis',(-1.,0.,0.));
#3181=DIRECTION('',(1.,0.,-1.03276560430247E-15));
#3182=DIRECTION('',(-1.03276560430247E-15,0.,-1.));
#3183=DIRECTION('',(1.,0.,0.));
#3184=DIRECTION('',(2.22044604925031E-16,0.,-1.));
#3185=DIRECTION('',(1.,0.,0.));
#3186=DIRECTION('center_axis',(0.,0.,1.));
#3187=DIRECTION('ref_axis',(-1.,0.,0.));
#3188=DIRECTION('',(-1.,0.,0.));
#3189=DIRECTION('center_axis',(0.,0.,1.));
#3190=DIRECTION('ref_axis',(0.563658059963811,0.826008227221638,0.));
#3191=DIRECTION('',(0.,-1.,0.));
#3192=DIRECTION('center_axis',(1.,0.,0.));
#3193=DIRECTION('ref_axis',(0.,-0.707106781186547,-0.707106781186547));
#3194=DIRECTION('center_axis',(1.,0.,0.));
#3195=DIRECTION('ref_axis',(0.,0.,-1.));
#3196=DIRECTION('',(1.,0.,0.));
#3197=DIRECTION('center_axis',(1.,0.,0.));
#3198=DIRECTION('ref_axis',(0.,-1.,0.));
#3199=DIRECTION('center_axis',(1.,-1.11022302462516E-15,-1.03276560430247E-15));
#3200=DIRECTION('ref_axis',(1.11022302462516E-15,1.,1.28303146976792E-15));
#3201=DIRECTION('',(1.11022302462516E-15,1.,1.28303146976792E-15));
#3202=DIRECTION('center_axis',(1.03276560430247E-15,0.,1.));
#3203=DIRECTION('ref_axis',(1.,0.,-1.03276560430247E-15));
#3204=DIRECTION('center_axis',(-1.,0.,0.));
#3205=DIRECTION('ref_axis',(0.,0.,1.));
#3206=DIRECTION('center_axis',(-1.,0.,-2.22044604925031E-16));
#3207=DIRECTION('ref_axis',(-2.22044604925031E-16,0.,1.));
#3208=DIRECTION('center_axis',(1.,0.,2.22044604925031E-16));
#3209=DIRECTION('ref_axis',(2.368475785867E-16,0.,-1.));
#3210=DIRECTION('center_axis',(-1.,0.,-2.22044604925031E-16));
#3211=DIRECTION('ref_axis',(8.68174252500593E-17,0.920394533526453,-0.390990924005433));
#3212=DIRECTION('center_axis',(0.,-1.,0.));
#3213=DIRECTION('ref_axis',(-2.22044604925031E-16,0.,1.));
#3214=DIRECTION('center_axis',(1.,0.,2.53765262771464E-16));
#3215=DIRECTION('ref_axis',(-2.53765262771464E-16,0.,1.));
#3216=DIRECTION('center_axis',(-1.,0.,-2.22044604925031E-16));
#3217=DIRECTION('ref_axis',(8.68174252500593E-17,0.920394533526453,-0.390990924005433));
#3218=DIRECTION('center_axis',(-2.22044604925031E-16,0.,1.));
#3219=DIRECTION('ref_axis',(0.707106781186547,0.707106781186547,0.));
#3220=DIRECTION('center_axis',(0.,0.,-1.));
#3221=DIRECTION('ref_axis',(0.563658059963811,0.826008227221638,0.));
#3222=DIRECTION('',(-2.22044604925031E-16,0.,1.));
#3223=DIRECTION('center_axis',(0.,0.,1.));
#3224=DIRECTION('ref_axis',(0.590903784685369,0.806742038847925,0.));
#3225=DIRECTION('center_axis',(0.,0.,-1.));
#3226=DIRECTION('ref_axis',(-1.,0.,0.));
#3227=DIRECTION('center_axis',(0.408248290463863,-0.816496580927726,0.408248290463863));
#3228=DIRECTION('ref_axis',(-0.577350269189626,-0.577350269189627,-0.577350269189625));
#3229=DIRECTION('center_axis',(0.,0.,1.));
#3230=DIRECTION('ref_axis',(0.,-1.,0.));
#3231=DIRECTION('center_axis',(-0.816496580927726,0.408248290463863,-0.408248290463863));
#3232=DIRECTION('ref_axis',(-0.577350269189626,-0.577350269189627,0.577350269189625));
#3233=DIRECTION('center_axis',(0.,1.,0.));
#3234=DIRECTION('ref_axis',(0.,0.,1.));
#3235=DIRECTION('center_axis',(1.,0.,0.));
#3236=DIRECTION('ref_axis',(0.,-1.,0.));
#3237=DIRECTION('center_axis',(0.,0.,-1.));
#3238=DIRECTION('ref_axis',(-1.,0.,0.));
#3239=DIRECTION('center_axis',(0.,-1.,0.));
#3240=DIRECTION('ref_axis',(-0.707106781186547,0.,0.707106781186547));
#3241=DIRECTION('',(0.,-1.,0.));
#3242=DIRECTION('center_axis',(-1.14790975994286E-15,-1.,-1.55431223447522E-15));
#3243=DIRECTION('ref_axis',(-0.707106781186547,0.,0.707106781186547));
#3244=DIRECTION('',(0.,-1.,0.));
#3245=DIRECTION('center_axis',(1.14790975994286E-15,1.,1.55431223447522E-15));
#3246=DIRECTION('ref_axis',(-0.707106781186547,0.,0.707106781186547));
#3247=DIRECTION('',(0.,-1.,0.));
#3248=DIRECTION('center_axis',(-1.,0.,0.));
#3249=DIRECTION('ref_axis',(0.,-0.707106781186547,0.707106781186547));
#3250=DIRECTION('center_axis',(1.,0.,0.));
#3251=DIRECTION('ref_axis',(0.,0.,1.));
#3252=DIRECTION('',(-1.,0.,0.));
#3253=DIRECTION('',(1.,0.,0.));
#3254=DIRECTION('center_axis',(0.,0.,-1.));
#3255=DIRECTION('ref_axis',(-1.,0.,0.));
#3256=DIRECTION('center_axis',(0.,0.,-1.));
#3257=DIRECTION('ref_axis',(0.590903784685369,0.806742038847925,0.));
#3258=DIRECTION('center_axis',(0.,0.,-1.));
#3259=DIRECTION('ref_axis',(-0.707106781186547,-0.707106781186547,0.));
#3260=DIRECTION('',(0.,0.,-1.));
#3261=DIRECTION('center_axis',(0.,-1.,0.));
#3262=DIRECTION('ref_axis',(0.,0.,-1.));
#3263=DIRECTION('center_axis',(1.,0.,2.22044604925031E-16));
#3264=DIRECTION('ref_axis',(2.22044604925031E-16,0.,-1.));
#3265=DIRECTION('',(0.,1.,0.));
#3266=DIRECTION('center_axis',(-1.14790975994286E-15,-1.,-1.55431223447522E-15));
#3267=DIRECTION('ref_axis',(-8.65496270914522E-31,-1.55431223447522E-15,
1.));
#3268=DIRECTION('',(8.65496270914522E-31,1.55431223447522E-15,-1.));
#3269=DIRECTION('',(-1.,1.14790975994286E-15,9.18713913038172E-31));
#3270=DIRECTION('',(-8.65496270914522E-31,-1.55431223447522E-15,1.));
#3271=DIRECTION('',(1.,-1.14790975994286E-15,0.));
#3272=DIRECTION('center_axis',(-1.,1.14790975994286E-15,9.18713913038172E-31));
#3273=DIRECTION('ref_axis',(-1.14790975994286E-15,-1.,-1.55431223447522E-15));
#3274=DIRECTION('',(1.14790975994286E-15,1.,0.));
#3275=DIRECTION('',(1.14790975994286E-15,1.,1.55431223447522E-15));
#3276=DIRECTION('',(8.65496270914522E-31,1.55431223447522E-15,-1.));
#3277=DIRECTION('center_axis',(-1.14790975994286E-15,-1.,-1.55431223447522E-15));
#3278=DIRECTION('ref_axis',(-8.65496270914522E-31,-1.55431223447522E-15,
1.));
#3279=DIRECTION('',(-1.,1.14790975994286E-15,0.));
#3280=DIRECTION('',(1.,-1.14790975994286E-15,-9.18713913038172E-31));
#3281=DIRECTION('',(-8.65496270914522E-31,-1.55431223447522E-15,1.));
#3282=DIRECTION('center_axis',(1.,-1.14790975994286E-15,-9.18713913038172E-31));
#3283=DIRECTION('ref_axis',(1.14790975994286E-15,1.,1.55431223447522E-15));
#3284=DIRECTION('',(1.14790975994286E-15,1.,1.55431223447522E-15));
#3285=DIRECTION('center_axis',(8.65496270914522E-31,1.55431223447522E-15,
-1.));
#3286=DIRECTION('ref_axis',(-1.14790975994286E-15,-1.,-1.55431223447522E-15));
#3287=DIRECTION('center_axis',(0.,0.,-1.));
#3288=DIRECTION('ref_axis',(1.,0.,0.));
#3289=DIRECTION('center_axis',(1.,0.,2.53765262771464E-16));
#3290=DIRECTION('ref_axis',(-2.53765262771464E-16,0.,1.));
#3291=DIRECTION('center_axis',(1.,2.21199658166192E-16,-1.93524624653514E-17));
#3292=DIRECTION('ref_axis',(-2.53765262771464E-16,0.,1.));
#3293=DIRECTION('center_axis',(1.,0.,2.53765262771464E-16));
#3294=DIRECTION('ref_axis',(-2.53765262771464E-16,0.,1.));
#3295=DIRECTION('center_axis',(-1.,-2.21199658166192E-16,1.93524624653514E-17));
#3296=DIRECTION('ref_axis',(-2.53765262771464E-16,0.,1.));
#3297=DIRECTION('center_axis',(0.,0.,1.));
#3298=DIRECTION('ref_axis',(1.,0.,0.));
#3299=DIRECTION('center_axis',(0.,0.,-1.));
#3300=DIRECTION('ref_axis',(1.,0.,0.));
#3301=DIRECTION('center_axis',(0.,0.,-1.));
#3302=DIRECTION('ref_axis',(1.,8.55101997760713E-33,4.19082355898663E-31));
#3303=DIRECTION('center_axis',(-4.19082355898663E-31,2.71170936169723E-31,
1.));
#3304=DIRECTION('ref_axis',(1.,8.55101997760713E-33,4.19082355898663E-31));
#3305=DIRECTION('center_axis',(6.16297582203915E-32,1.39591029707508E-16,
1.));
#3306=DIRECTION('ref_axis',(1.,8.55101997760713E-33,4.19082355898663E-31));
#3307=DIRECTION('',(-4.19082355898663E-31,2.71170936169723E-31,1.));
#3308=DIRECTION('center_axis',(0.,0.,1.));
#3309=DIRECTION('ref_axis',(4.1121981080775E-32,1.,0.));
#3310=DIRECTION('center_axis',(6.16297582203915E-32,1.39591029707508E-16,
1.));
#3311=DIRECTION('ref_axis',(4.1121981080775E-32,1.,0.));
#3312=DIRECTION('',(0.,0.,1.));
#3313=DIRECTION('center_axis',(-4.19082355898663E-31,2.71170936169723E-31,
1.));
#3314=DIRECTION('ref_axis',(4.1121981080775E-32,1.,-2.71170936169723E-31));
#3315=DIRECTION('center_axis',(4.19082355898663E-31,-2.71170936169723E-31,
-1.));
#3316=DIRECTION('ref_axis',(4.1121981080775E-32,1.,-2.71170936169723E-31));
#3317=DIRECTION('center_axis',(0.,0.,1.));
#3318=DIRECTION('ref_axis',(4.1121981080775E-32,1.,0.));
#3319=DIRECTION('center_axis',(6.16297582203915E-32,1.39591029707508E-16,
1.));
#3320=DIRECTION('ref_axis',(4.1121981080775E-32,1.,0.));
#3321=DIRECTION('',(0.,0.,1.));
#3322=DIRECTION('center_axis',(-4.19082355898663E-31,2.71170936169723E-31,
1.));
#3323=DIRECTION('ref_axis',(4.1121981080775E-32,1.,-2.71170936169723E-31));
#3324=DIRECTION('center_axis',(4.19082355898663E-31,-2.71170936169723E-31,
-1.));
#3325=DIRECTION('ref_axis',(4.1121981080775E-32,1.,-2.71170936169723E-31));
#3326=DIRECTION('center_axis',(0.,0.,1.));
#3327=DIRECTION('ref_axis',(4.1121981080775E-32,1.,0.));
#3328=DIRECTION('center_axis',(6.16297582203915E-32,1.39591029707508E-16,
1.));
#3329=DIRECTION('ref_axis',(4.1121981080775E-32,1.,0.));
#3330=DIRECTION('',(0.,0.,1.));
#3331=DIRECTION('center_axis',(-4.19082355898663E-31,2.71170936169723E-31,
1.));
#3332=DIRECTION('ref_axis',(4.1121981080775E-32,1.,-2.71170936169723E-31));
#3333=DIRECTION('center_axis',(4.19082355898663E-31,-2.71170936169723E-31,
-1.));
#3334=DIRECTION('ref_axis',(4.1121981080775E-32,1.,-2.71170936169723E-31));
#3335=DIRECTION('center_axis',(0.,0.,1.));
#3336=DIRECTION('ref_axis',(4.1121981080775E-32,1.,0.));
#3337=DIRECTION('center_axis',(6.16297582203915E-32,1.39591029707508E-16,
1.));
#3338=DIRECTION('ref_axis',(4.1121981080775E-32,1.,0.));
#3339=DIRECTION('',(0.,0.,1.));
#3340=DIRECTION('center_axis',(-4.19082355898663E-31,2.71170936169723E-31,
1.));
#3341=DIRECTION('ref_axis',(4.1121981080775E-32,1.,-2.71170936169723E-31));
#3342=DIRECTION('center_axis',(4.19082355898663E-31,-2.71170936169723E-31,
-1.));
#3343=DIRECTION('ref_axis',(4.1121981080775E-32,1.,-2.71170936169723E-31));
#3344=DIRECTION('center_axis',(0.,0.,-1.));
#3345=DIRECTION('ref_axis',(1.,0.,0.));
#3346=DIRECTION('center_axis',(1.37528718478326E-16,0.703394702810504,-0.710799473872992));
#3347=DIRECTION('ref_axis',(0.,-0.710799473872992,-0.703394702810504));
#3348=DIRECTION('',(0.,0.,-1.));
#3349=DIRECTION('center_axis',(1.37528718478326E-16,0.703394702810504,-0.710799473872992));
#3350=DIRECTION('ref_axis',(0.,-0.710799473872992,-0.703394702810504));
#3351=DIRECTION('center_axis',(1.37528718478326E-16,0.703394702810504,-0.710799473872992));
#3352=DIRECTION('ref_axis',(0.,-0.710799473872992,-0.703394702810504));
#3353=DIRECTION('center_axis',(1.37528718478326E-16,0.703394702810504,-0.710799473872992));
#3354=DIRECTION('ref_axis',(0.,-0.710799473872992,-0.703394702810504));
#3355=DIRECTION('center_axis',(-1.43616181060948E-16,0.710799473872992,
0.703394702810504));
#3356=DIRECTION('ref_axis',(-0.707106781186546,-0.497375164208004,0.502611128039425));
#3357=DIRECTION('center_axis',(3.15658376714098E-16,0.710799473872992,0.703394702810504));
#3358=DIRECTION('ref_axis',(-1.,4.44089209850063E-16,0.));
#3359=DIRECTION('',(1.43616181060948E-16,-0.710799473872992,-0.703394702810504));
#3360=DIRECTION('center_axis',(0.,0.71079947387299,0.703394702810506));
#3361=DIRECTION('ref_axis',(-1.,0.,0.));
#3362=DIRECTION('',(-1.43616181060948E-16,0.710799473872992,0.703394702810504));
#3363=DIRECTION('center_axis',(1.37528718478326E-16,0.703394702810504,-0.710799473872992));
#3364=DIRECTION('ref_axis',(1.81888292047681E-16,-0.710799473872992,-0.703394702810504));
#3365=DIRECTION('',(-1.,-3.86164530304402E-17,-2.31698718182641E-16));
#3366=DIRECTION('',(-1.,0.,-1.49273683983214E-16));
#3367=DIRECTION('center_axis',(-1.43616181060948E-16,0.710799473872992,
0.703394702810504));
#3368=DIRECTION('ref_axis',(-0.707106781186546,-0.497375164208004,0.502611128039425));
#3369=DIRECTION('',(-1.43616181060948E-16,0.710799473872992,0.703394702810504));
#3370=DIRECTION('',(1.43616181060948E-16,-0.710799473872992,-0.703394702810504));
#3371=DIRECTION('center_axis',(7.39573806481844E-17,0.0772683010231384,
0.997010335782432));
#3372=DIRECTION('ref_axis',(3.3582650285124E-16,-0.997010335782432,0.0772683010231383));
#3373=DIRECTION('',(1.43616181060948E-16,-0.710799473872992,-0.703394702810504));
#3374=DIRECTION('center_axis',(1.,0.,1.49273683983214E-16));
#3375=DIRECTION('ref_axis',(1.35492317895763E-16,0.419669060392092,-0.907677189175545));
#3376=DIRECTION('center_axis',(-1.,-2.21199658166192E-16,1.93524624653514E-17));
#3377=DIRECTION('ref_axis',(0.,0.43117635922539,-0.902267669400349));
#3378=DIRECTION('',(1.,0.,1.49273683983214E-16));
#3379=DIRECTION('center_axis',(1.37528718478326E-16,0.703394702810504,-0.710799473872992));
#3380=DIRECTION('ref_axis',(1.81888292047681E-16,-0.710799473872992,-0.703394702810504));
#3381=DIRECTION('',(1.43616181060948E-16,-0.710799473872992,-0.703394702810504));
#3382=DIRECTION('center_axis',(1.37528718478326E-16,0.703394702810504,-0.710799473872992));
#3383=DIRECTION('ref_axis',(1.81888292047681E-16,-0.710799473872992,-0.703394702810504));
#3384=DIRECTION('',(-1.,2.21042224557669E-17,-1.71610601831974E-16));
#3385=DIRECTION('center_axis',(1.,0.,1.49273683983214E-16));
#3386=DIRECTION('ref_axis',(0.,-0.773478779233,0.633822197525637));
#3387=DIRECTION('center_axis',(1.,2.21199658166192E-16,-1.93524624653514E-17));
#3388=DIRECTION('ref_axis',(1.93082265152201E-16,-0.773478779233,0.633822197525637));
#3389=DIRECTION('center_axis',(1.,0.,1.49273683983214E-16));
#3390=DIRECTION('ref_axis',(0.,-0.773478779233,0.633822197525637));
#3391=DIRECTION('center_axis',(-1.,-2.21199658166192E-16,1.93524624653514E-17));
#3392=DIRECTION('ref_axis',(1.93082265152201E-16,-0.773478779233,0.633822197525637));
#3393=DIRECTION('',(1.,0.,1.49273683983214E-16));
#3394=DIRECTION('center_axis',(-1.43616181060948E-16,0.710799473872992,
0.703394702810504));
#3395=DIRECTION('ref_axis',(0.707106781186546,-0.497375164208004,0.502611128039425));
#3396=DIRECTION('center_axis',(1.57829188357049E-16,-0.710799473872993,
-0.703394702810504));
#3397=DIRECTION('ref_axis',(1.,2.22044604925031E-16,0.));
#3398=DIRECTION('',(-1.43616181060948E-16,0.710799473872992,0.703394702810504));
#3399=DIRECTION('center_axis',(0.,2.61228946970625E-16,1.));
#3400=DIRECTION('ref_axis',(0.811100567409272,0.584906718672608,-1.52794566194889E-16));
#3401=DIRECTION('center_axis',(0.,0.,1.));
#3402=DIRECTION('ref_axis',(-0.837169104331222,-0.546944138603989,1.42877641379276E-16));
#3403=DIRECTION('',(0.,2.61228946970625E-16,1.));
#3404=DIRECTION('center_axis',(6.16297582203915E-32,1.39591029707508E-16,
1.));
#3405=DIRECTION('ref_axis',(-0.837169104331222,-0.546944138603989,7.63484955002169E-17));
#3406=DIRECTION('',(0.,2.61228946970625E-16,1.));
#3407=DIRECTION('center_axis',(0.664375832680185,0.74739865731115,-1.95242164216651E-16));
#3408=DIRECTION('ref_axis',(-0.74739865731115,0.664375832680185,-9.27409065966102E-17));
#3409=DIRECTION('',(-0.74739865731115,0.664375832680185,0.));
#3410=DIRECTION('',(-0.74739865731115,0.664375832680185,-9.27409065966101E-17));
#3411=DIRECTION('',(0.,2.61228946970625E-16,1.));
#3412=DIRECTION('center_axis',(0.,2.61228946970625E-16,1.));
#3413=DIRECTION('ref_axis',(-0.837169104331222,-0.546944138603989,1.42877641379276E-16));
#3414=DIRECTION('center_axis',(0.,0.,1.));
#3415=DIRECTION('ref_axis',(-0.837169104331222,-0.546944138603989,1.42877641379276E-16));
#3416=DIRECTION('center_axis',(6.16297582203915E-32,1.39591029707508E-16,
1.));
#3417=DIRECTION('ref_axis',(-0.837169104331222,-0.546944138603989,7.63484955002169E-17));
#3418=DIRECTION('',(0.,2.61228946970625E-16,1.));
#3419=DIRECTION('center_axis',(-0.951327446390666,-0.308181910150182,8.05060358639277E-17));
#3420=DIRECTION('ref_axis',(0.308181910150182,-0.951327446390666,1.32796777830687E-16));
#3421=DIRECTION('',(0.308181910150182,-0.951327446390666,0.));
#3422=DIRECTION('',(0.308181910150181,-0.951327446390666,1.32796777830687E-16));
#3423=DIRECTION('',(0.,2.61228946970625E-16,1.));
#3424=DIRECTION('center_axis',(0.,2.61228946970625E-16,1.));
#3425=DIRECTION('ref_axis',(-0.837169104331222,-0.546944138603989,1.42877641379276E-16));
#3426=DIRECTION('center_axis',(0.,0.,1.));
#3427=DIRECTION('ref_axis',(-0.837169104331222,-0.546944138603989,1.42877641379276E-16));
#3428=DIRECTION('center_axis',(6.16297582203915E-32,1.39591029707508E-16,
1.));
#3429=DIRECTION('ref_axis',(-0.837169104331222,-0.546944138603989,7.63484955002169E-17));
#3430=DIRECTION('',(0.,2.61228946970625E-16,1.));
#3431=DIRECTION('center_axis',(0.,2.61228946970625E-16,1.));
#3432=DIRECTION('ref_axis',(0.978715860009591,-0.205220041335361,5.36094152953043E-17));
#3433=DIRECTION('center_axis',(0.,0.,-1.));
#3434=DIRECTION('ref_axis',(-0.837169104331222,-0.546944138603989,1.42877641379276E-16));
#3435=DIRECTION('center_axis',(-6.16297582203915E-32,-1.39591029707508E-16,
-1.));
#3436=DIRECTION('ref_axis',(-0.837169104331222,-0.546944138603989,7.63484955002169E-17));
#3437=DIRECTION('',(0.,2.61228946970625E-16,1.));
#3438=DIRECTION('center_axis',(0.,2.61228946970625E-16,1.));
#3439=DIRECTION('ref_axis',(-0.837169104331222,-0.546944138603989,1.42877641379276E-16));
#3440=DIRECTION('center_axis',(0.,0.,1.));
#3441=DIRECTION('ref_axis',(-0.837169104331222,-0.546944138603989,1.42877641379276E-16));
#3442=DIRECTION('center_axis',(6.16297582203915E-32,1.39591029707508E-16,
1.));
#3443=DIRECTION('ref_axis',(-0.837169104331222,-0.546944138603989,7.63484955002169E-17));
#3444=DIRECTION('',(0.,2.61228946970625E-16,1.));
#3445=DIRECTION('center_axis',(-0.74739865731115,0.664375832680186,-1.73554199163777E-16));
#3446=DIRECTION('ref_axis',(-0.664375832680186,-0.74739865731115,1.04330148176072E-16));
#3447=DIRECTION('',(-0.664375832680186,-0.74739865731115,0.));
#3448=DIRECTION('',(-0.664375832680186,-0.74739865731115,1.04330148176072E-16));
#3449=DIRECTION('',(0.,2.61228946970625E-16,1.));
#3450=DIRECTION('center_axis',(0.,2.61228946970625E-16,1.));
#3451=DIRECTION('ref_axis',(-0.837169104331222,-0.546944138603989,1.42877641379276E-16));
#3452=DIRECTION('center_axis',(0.,0.,1.));
#3453=DIRECTION('ref_axis',(-0.837169104331222,-0.546944138603989,1.42877641379276E-16));
#3454=DIRECTION('center_axis',(6.16297582203915E-32,1.39591029707508E-16,
1.));
#3455=DIRECTION('ref_axis',(-0.837169104331222,-0.546944138603989,7.63484955002169E-17));
#3456=DIRECTION('',(0.,2.61228946970625E-16,1.));
#3457=DIRECTION('center_axis',(0.308181910150181,-0.951327446390666,2.48514267044887E-16));
#3458=DIRECTION('ref_axis',(0.951327446390666,0.308181910150181,-4.30194301750906E-17));
#3459=DIRECTION('',(0.951327446390666,0.308181910150181,0.));
#3460=DIRECTION('',(0.951327446390666,0.308181910150181,-4.30194301750906E-17));
#3461=DIRECTION('',(0.,2.61228946970625E-16,1.));
#3462=DIRECTION('center_axis',(0.,2.61228946970625E-16,1.));
#3463=DIRECTION('ref_axis',(-0.837169104331222,-0.546944138603989,1.42877641379276E-16));
#3464=DIRECTION('center_axis',(0.,0.,1.));
#3465=DIRECTION('ref_axis',(-0.837169104331222,-0.546944138603989,1.42877641379276E-16));
#3466=DIRECTION('center_axis',(6.16297582203915E-32,1.39591029707508E-16,
1.));
#3467=DIRECTION('ref_axis',(-0.837169104331222,-0.546944138603989,7.63484955002169E-17));
#3468=DIRECTION('',(0.,2.61228946970625E-16,1.));
#3469=DIRECTION('center_axis',(0.,2.61228946970625E-16,1.));
#3470=DIRECTION('ref_axis',(0.20522004133536,0.978715860009591,-2.55668913493755E-16));
#3471=DIRECTION('center_axis',(0.,0.,-1.));
#3472=DIRECTION('ref_axis',(-0.837169104331222,-0.546944138603989,1.42877641379276E-16));
#3473=DIRECTION('center_axis',(-6.16297582203915E-32,-1.39591029707508E-16,
-1.));
#3474=DIRECTION('ref_axis',(-0.837169104331222,-0.546944138603989,7.63484955002169E-17));
#3475=DIRECTION('',(0.,2.61228946970625E-16,1.));
#3476=DIRECTION('center_axis',(0.,2.61228946970625E-16,1.));
#3477=DIRECTION('ref_axis',(-0.837169104331222,-0.546944138603989,1.42877641379276E-16));
#3478=DIRECTION('center_axis',(0.,0.,1.));
#3479=DIRECTION('ref_axis',(-0.837169104331222,-0.546944138603989,1.42877641379276E-16));
#3480=DIRECTION('center_axis',(6.16297582203915E-32,1.39591029707508E-16,
1.));
#3481=DIRECTION('ref_axis',(-0.837169104331222,-0.546944138603989,7.63484955002169E-17));
#3482=DIRECTION('',(0.,2.61228946970625E-16,1.));
#3483=DIRECTION('center_axis',(0.,2.61228946970625E-16,1.));
#3484=DIRECTION('ref_axis',(-0.837169104331222,-0.546944138603989,1.42877641379276E-16));
#3485=DIRECTION('center_axis',(0.,0.,-1.));
#3486=DIRECTION('ref_axis',(-0.837169104331222,-0.546944138603989,1.42877641379276E-16));
#3487=DIRECTION('',(0.,2.61228946970625E-16,1.));
#3488=DIRECTION('center_axis',(-6.16297582203915E-32,-1.39591029707508E-16,
-1.));
#3489=DIRECTION('ref_axis',(-0.837169104331222,-0.546944138603989,7.63484955002169E-17));
#3490=DIRECTION('center_axis',(0.,2.61228946970625E-16,1.));
#3491=DIRECTION('ref_axis',(-0.837169104331222,-0.546944138603989,1.42877641379276E-16));
#3492=DIRECTION('center_axis',(0.,0.,1.));
#3493=DIRECTION('ref_axis',(-0.837169104331222,-0.546944138603989,1.42877641379276E-16));
#3494=DIRECTION('',(0.,2.61228946970625E-16,1.));
#3495=DIRECTION('center_axis',(6.16297582203915E-32,1.39591029707508E-16,
1.));
#3496=DIRECTION('ref_axis',(-0.837169104331222,-0.546944138603989,7.63484955002169E-17));
#3497=DIRECTION('center_axis',(-0.308181910150182,0.951327446390666,-2.48514267044887E-16));
#3498=DIRECTION('ref_axis',(-0.951327446390666,-0.308181910150182,4.30194301750907E-17));
#3499=DIRECTION('',(-0.951327446390666,-0.308181910150182,0.));
#3500=DIRECTION('',(0.,2.61228946970625E-16,1.));
#3501=DIRECTION('',(-0.951327446390666,-0.308181910150182,4.30194301750907E-17));
#3502=DIRECTION('center_axis',(0.,2.61228946970625E-16,1.));
#3503=DIRECTION('ref_axis',(0.837169104331222,0.546944138603989,-1.42877641379276E-16));
#3504=DIRECTION('center_axis',(0.,0.,1.));
#3505=DIRECTION('ref_axis',(-0.837169104331222,-0.546944138603989,1.42877641379276E-16));
#3506=DIRECTION('',(0.,2.61228946970625E-16,1.));
#3507=DIRECTION('center_axis',(6.16297582203915E-32,1.39591029707508E-16,
1.));
#3508=DIRECTION('ref_axis',(-0.837169104331222,-0.546944138603989,7.63484955002169E-17));
#3509=DIRECTION('center_axis',(0.74739865731115,-0.664375832680185,1.73554199163777E-16));
#3510=DIRECTION('ref_axis',(0.664375832680185,0.74739865731115,-1.04330148176073E-16));
#3511=DIRECTION('',(0.664375832680185,0.74739865731115,0.));
#3512=DIRECTION('',(0.,2.61228946970625E-16,1.));
#3513=DIRECTION('',(0.664375832680185,0.74739865731115,-1.04330148176073E-16));
#3514=DIRECTION('center_axis',(0.,2.61228946970625E-16,1.));
#3515=DIRECTION('ref_axis',(-0.837169104331222,-0.546944138603989,1.42877641379276E-16));
#3516=DIRECTION('center_axis',(0.,0.,1.));
#3517=DIRECTION('ref_axis',(-0.837169104331222,-0.546944138603989,1.42877641379276E-16));
#3518=DIRECTION('',(0.,2.61228946970625E-16,1.));
#3519=DIRECTION('center_axis',(6.16297582203915E-32,1.39591029707508E-16,
1.));
#3520=DIRECTION('ref_axis',(-0.837169104331222,-0.546944138603989,7.63484955002169E-17));
#3521=DIRECTION('center_axis',(0.,2.61228946970625E-16,1.));
#3522=DIRECTION('ref_axis',(-0.837169104331222,-0.546944138603989,1.42877641379276E-16));
#3523=DIRECTION('center_axis',(0.,0.,-1.));
#3524=DIRECTION('ref_axis',(-0.837169104331222,-0.546944138603989,1.42877641379276E-16));
#3525=DIRECTION('',(0.,2.61228946970625E-16,1.));
#3526=DIRECTION('center_axis',(-6.16297582203915E-32,-1.39591029707508E-16,
-1.));
#3527=DIRECTION('ref_axis',(-0.837169104331222,-0.546944138603989,7.63484955002169E-17));
#3528=DIRECTION('center_axis',(0.,2.61228946970625E-16,1.));
#3529=DIRECTION('ref_axis',(0.861462234881229,0.507821639823903,-1.32657712220094E-16));
#3530=DIRECTION('center_axis',(0.,0.,1.));
#3531=DIRECTION('ref_axis',(-0.837169104331222,-0.546944138603989,1.42877641379276E-16));
#3532=DIRECTION('',(0.,2.61228946970625E-16,1.));
#3533=DIRECTION('center_axis',(6.16297582203915E-32,1.39591029707508E-16,
1.));
#3534=DIRECTION('ref_axis',(-0.837169104331222,-0.546944138603989,7.63484955002169E-17));
#3535=DIRECTION('center_axis',(0.951327446390666,0.308181910150182,-8.05060358639277E-17));
#3536=DIRECTION('ref_axis',(-0.308181910150182,0.951327446390666,-1.32796777830687E-16));
#3537=DIRECTION('',(-0.308181910150182,0.951327446390666,0.));
#3538=DIRECTION('',(0.,2.61228946970625E-16,1.));
#3539=DIRECTION('',(-0.308181910150182,0.951327446390666,-1.32796777830687E-16));
#3540=DIRECTION('center_axis',(0.,2.61228946970625E-16,1.));
#3541=DIRECTION('ref_axis',(-0.837169104331222,-0.546944138603989,1.42877641379276E-16));
#3542=DIRECTION('center_axis',(0.,0.,1.));
#3543=DIRECTION('ref_axis',(-0.837169104331222,-0.546944138603989,1.42877641379276E-16));
#3544=DIRECTION('',(0.,2.61228946970625E-16,1.));
#3545=DIRECTION('center_axis',(6.16297582203915E-32,1.39591029707508E-16,
1.));
#3546=DIRECTION('ref_axis',(-0.837169104331222,-0.546944138603989,7.63484955002169E-17));
#3547=DIRECTION('center_axis',(-0.664375832680185,-0.747398657311151,1.95242164216651E-16));
#3548=DIRECTION('ref_axis',(0.747398657311151,-0.664375832680185,9.27409065966101E-17));
#3549=DIRECTION('',(0.74739865731115,-0.664375832680185,0.));
#3550=DIRECTION('',(0.74739865731115,-0.664375832680185,9.27409065966101E-17));
#3551=DIRECTION('center_axis',(-6.16297582203915E-32,-1.39591029707508E-16,
-1.));
#3552=DIRECTION('ref_axis',(-0.837169104331222,-0.546944138603989,7.63484955002169E-17));
#3553=DIRECTION('center_axis',(0.,0.,-1.));
#3554=DIRECTION('ref_axis',(-1.,0.,0.));
#3555=DIRECTION('center_axis',(0.,0.,1.));
#3556=DIRECTION('ref_axis',(1.,0.,0.));
#3557=DIRECTION('center_axis',(-7.70371977754894E-34,0.0772683010231384,
0.997010335782432));
#3558=DIRECTION('ref_axis',(1.53966362979554E-16,0.997010335782432,-0.0772683010231384));
#3559=DIRECTION('',(-2.22033677358547E-16,0.997010335782432,-0.0772683010231384));
#3560=DIRECTION('',(-1.,7.67530276267227E-17,-5.948359641071E-18));
#3561=DIRECTION('',(-1.53966362979554E-16,-0.997010335782432,0.0772683010231384));
#3562=DIRECTION('center_axis',(7.70371977754894E-34,-0.0772683010231384,
-0.997010335782432));
#3563=DIRECTION('ref_axis',(-1.5544384517305E-16,0.997010335782432,-0.0772683010231385));
#3564=DIRECTION('center_axis',(7.70371977754894E-34,-0.0772683010231384,
-0.997010335782432));
#3565=DIRECTION('ref_axis',(-1.53966362979554E-16,-0.997010335782432,0.0772683010231384));
#3566=DIRECTION('',(2.22033677358547E-16,-0.997010335782432,0.0772683010231384));
#3567=DIRECTION('center_axis',(-7.70371977754894E-34,0.0772683010231384,
0.997010335782432));
#3568=DIRECTION('ref_axis',(-1.5544384517305E-16,0.997010335782432,-0.0772683010231385));
#3569=DIRECTION('',(-1.53966362979554E-16,-0.997010335782432,0.0772683010231384));
#3570=DIRECTION('',(1.,-7.67530276267227E-17,5.948359641071E-18));
#3571=DIRECTION('center_axis',(7.69831814897772E-17,0.997010335782432,-0.0772683010231384));
#3572=DIRECTION('ref_axis',(-7.39569353756329E-17,-0.0772683010231384,-0.997010335782432));
#3573=DIRECTION('',(2.20288332739623E-18,0.0772683010231384,0.997010335782432));
#3574=DIRECTION('',(-1.,0.,-9.96310006437493E-16));
#3575=DIRECTION('',(-7.39569353756329E-17,-0.0772683010231384,-0.997010335782432));
#3576=DIRECTION('center_axis',(1.,2.21199658166192E-16,-1.93524624653514E-17));
#3577=DIRECTION('ref_axis',(-1.57009245868377E-16,0.642787609686539,-0.766044443118978));
#3578=DIRECTION('',(-1.57009245868378E-16,0.766044443118978,0.642787609686539));
#3579=DIRECTION('center_axis',(-1.,-2.21199658166192E-16,1.93524624653514E-17));
#3580=DIRECTION('ref_axis',(-1.66533453693773E-16,0.642787609686539,-0.766044443118978));
#3581=DIRECTION('',(1.93524624653514E-17,9.48053962581422E-34,1.));
#3582=DIRECTION('center_axis',(7.69831814897772E-17,0.997010335782432,-0.0772683010231384));
#3583=DIRECTION('ref_axis',(-7.39569353756329E-17,-0.0772683010231384,-0.997010335782432));
#3584=DIRECTION('',(-7.39569353756329E-17,-0.0772683010231384,-0.997010335782432));
#3585=DIRECTION('',(1.,-8.24675543720759E-17,-6.77874693312284E-17));
#3586=DIRECTION('',(2.20288332739623E-18,0.0772683010231384,0.997010335782432));
#3587=DIRECTION('center_axis',(1.,2.21199658166192E-16,-1.93524624653514E-17));
#3588=DIRECTION('ref_axis',(-1.57009245868377E-16,0.642787609686539,-0.766044443118978));
#3589=DIRECTION('',(2.22033677358547E-16,-0.997010335782432,0.0772683010231384));
#3590=DIRECTION('',(-1.57009245868378E-16,0.766044443118978,0.642787609686539));
#3591=DIRECTION('center_axis',(-7.69469394954982E-17,-0.997010335782432,
0.0772683010231384));
#3592=DIRECTION('ref_axis',(-7.39573806481844E-17,-0.0772683010231384,-0.997010335782432));
#3593=DIRECTION('',(-3.78528154223656E-18,0.0772683010231384,0.997010335782432));
#3594=DIRECTION('',(-1.,8.24314551346439E-17,6.77907136298881E-17));
#3595=DIRECTION('',(-7.39573806481844E-17,-0.0772683010231384,-0.997010335782432));
#3596=DIRECTION('',(1.,-8.24314551346439E-17,-6.77907136298881E-17));
#3597=DIRECTION('center_axis',(-7.39573806481844E-17,-0.0772683010231384,
-0.997010335782432));
#3598=DIRECTION('ref_axis',(7.69469394954982E-17,0.997010335782432,-0.0772683010231384));
#3599=DIRECTION('',(-7.69831814897772E-17,-0.997010335782432,0.0772683010231384));
#3600=DIRECTION('',(7.69469394954982E-17,0.997010335782432,-0.0772683010231384));
#3601=DIRECTION('center_axis',(-1.,8.24314551346439E-17,6.77907136298881E-17));
#3602=DIRECTION('ref_axis',(7.69469394954982E-17,0.997010335782432,-0.0772683010231384));
#3603=DIRECTION('',(7.69469394954982E-17,0.997010335782432,-0.0772683010231384));
#3604=DIRECTION('',(0.,0.,-1.));
#3605=DIRECTION('',(4.89888025505186E-17,-1.,0.));
#3606=DIRECTION('center_axis',(-1.,-6.93841015157743E-17,4.35715880476197E-17));
#3607=DIRECTION('ref_axis',(-4.35715880476197E-17,0.,-1.));
#3608=DIRECTION('center_axis',(1.,6.93841015157743E-17,-4.35715880476197E-17));
#3609=DIRECTION('ref_axis',(-4.35715880476197E-17,0.,-1.));
#3610=DIRECTION('center_axis',(7.39573806481844E-17,0.0772683010231384,
0.997010335782432));
#3611=DIRECTION('ref_axis',(-7.69469394954982E-17,-0.997010335782432,0.0772683010231384));
#3612=DIRECTION('',(-4.88423424804718E-17,0.997010335782432,-0.0772683010231384));
#3613=DIRECTION('center_axis',(-7.39573806481844E-17,-0.0772683010231384,
-0.997010335782432));
#3614=DIRECTION('ref_axis',(4.42761532229966E-16,-0.997010335782432,0.0772683010231384));
#3615=DIRECTION('center_axis',(1.,2.21199658166192E-16,-1.93524624653514E-17));
#3616=DIRECTION('ref_axis',(0.,0.,-1.));
#3617=DIRECTION('center_axis',(-1.22119206588676E-16,0.549976013287542,
0.835180450446693));
#3618=DIRECTION('ref_axis',(-1.,-2.22044604925031E-16,0.));
#3619=DIRECTION('center_axis',(1.,2.21199658166192E-16,-1.93524624653514E-17));
#3620=DIRECTION('ref_axis',(0.,0.,-1.));
#3621=DIRECTION('center_axis',(1.,2.21199658166192E-16,-1.93524624653514E-17));
#3622=DIRECTION('ref_axis',(0.,0.55817662223239,-0.82972215734741));
#3623=DIRECTION('center_axis',(-0.417256335489203,-0.908788837131114,5.43794132350592E-17));
#3624=DIRECTION('ref_axis',(-2.56224671109824E-11,1.17642192284014E-11,
1.));
#3625=DIRECTION('center_axis',(4.89888025505186E-17,-1.,0.));
#3626=DIRECTION('ref_axis',(-0.707106781186547,-3.2710259555912E-17,0.707106781186547));
#3627=DIRECTION('center_axis',(0.316227766016838,-0.948683298050514,0.));
#3628=DIRECTION('ref_axis',(-0.948683298050514,-0.316227766016838,0.));
#3629=DIRECTION('',(-4.89888025505186E-17,1.,0.));
#3630=DIRECTION('center_axis',(-1.57009245868378E-16,0.766044443118978,
0.642787609686539));
#3631=DIRECTION('ref_axis',(-0.707106781186547,0.454519477672044,-0.541675220419702));
#3632=DIRECTION('',(1.57009245868378E-16,-0.766044443118978,-0.642787609686539));
#3633=DIRECTION('center_axis',(0.,0.766044443118978,0.642787609686539));
#3634=DIRECTION('ref_axis',(-2.22044604925031E-16,0.642787609686539,-0.766044443118978));
#3635=DIRECTION('',(-1.57009245868378E-16,0.766044443118978,0.642787609686539));
#3636=DIRECTION('center_axis',(1.57009245868377E-16,-0.642787609686539,
0.766044443118978));
#3637=DIRECTION('ref_axis',(1.,2.21199658166192E-16,-1.93524624653514E-17));
#3638=DIRECTION('',(-1.57009245868378E-16,0.766044443118978,0.642787609686539));
#3639=DIRECTION('',(1.,1.00923597850421E-16,-1.20276060315772E-16));
#3640=DIRECTION('center_axis',(1.57009245868378E-16,-0.766044443118978,
-0.642787609686539));
#3641=DIRECTION('ref_axis',(0.707106781186547,0.454519477672044,-0.541675220419702));
#3642=DIRECTION('',(1.57009245868378E-16,-0.766044443118978,-0.642787609686539));
#3643=DIRECTION('center_axis',(0.,0.766044443118978,0.642787609686539));
#3644=DIRECTION('ref_axis',(1.,0.,0.));
#3645=DIRECTION('center_axis',(-1.,-2.21199658166192E-16,1.93524624653514E-17));
#3646=DIRECTION('ref_axis',(1.57009245868377E-16,-0.642787609686539,0.766044443118978));
#3647=DIRECTION('center_axis',(-1.,-2.21199658166192E-16,1.93524624653514E-17));
#3648=DIRECTION('ref_axis',(1.83359261852465E-16,-0.773478779233,0.633822197525637));
#3649=DIRECTION('center_axis',(1.,2.21199658166192E-16,-1.93524624653514E-17));
#3650=DIRECTION('ref_axis',(-1.1283716447577E-16,0.43117635922539,-0.902267669400349));
#3651=DIRECTION('',(1.57009245868377E-16,-0.642787609686539,0.766044443118978));
#3652=DIRECTION('',(-3.75275999688776E-17,0.766044443118978,0.642787609686539));
#3653=DIRECTION('center_axis',(1.,2.21199658166192E-16,-1.93524624653514E-17));
#3654=DIRECTION('ref_axis',(-1.48029736616688E-16,0.642787609686539,-0.766044443118978));
#3655=DIRECTION('center_axis',(0.,0.,-1.));
#3656=DIRECTION('ref_axis',(0.707106781186547,-0.707106781186547,0.));
#3657=DIRECTION('center_axis',(0.,0.,-1.));
#3658=DIRECTION('ref_axis',(1.,0.,0.));
#3659=DIRECTION('',(0.,0.,-1.));
#3660=DIRECTION('center_axis',(0.,0.,-1.));
#3661=DIRECTION('ref_axis',(0.707106781186547,-0.707106781186547,0.));
#3662=DIRECTION('',(0.,0.,1.));
#3663=DIRECTION('center_axis',(-0.316227766016838,-0.948683298050514,0.));
#3664=DIRECTION('ref_axis',(0.948683298050514,-0.316227766016838,0.));
#3665=DIRECTION('center_axis',(0.948683298050514,0.316227766016838,0.));
#3666=DIRECTION('ref_axis',(0.316227766016838,-0.948683298050514,0.));
#3667=DIRECTION('center_axis',(1.,4.89888025505186E-17,0.));
#3668=DIRECTION('ref_axis',(2.61682076447296E-17,-0.707106781186547,0.707106781186547));
#3669=DIRECTION('',(-1.,-4.89888025505186E-17,0.));
#3670=DIRECTION('center_axis',(-0.948683298050514,0.316227766016838,0.));
#3671=DIRECTION('ref_axis',(-0.316227766016838,-0.948683298050514,0.));
#3672=DIRECTION('',(1.,4.89888025505186E-17,0.));
#3673=DIRECTION('center_axis',(-4.89888025505186E-17,1.,0.));
#3674=DIRECTION('ref_axis',(0.707106781186547,3.2710259555912E-17,0.707106781186547));
#3675=DIRECTION('',(-4.89888025505186E-17,1.,0.));
#3676=DIRECTION('',(4.89888025505186E-17,-1.,0.));
#3677=DIRECTION('center_axis',(-1.,-4.89888025505186E-17,0.));
#3678=DIRECTION('ref_axis',(0.,0.,-1.));
#3679=DIRECTION('',(4.89888025505186E-17,-1.,0.));
#3680=DIRECTION('center_axis',(1.,1.35094230358356E-16,-9.6762312326757E-18));
#3681=DIRECTION('ref_axis',(-9.6762312326757E-18,0.,-1.));
#3682=DIRECTION('',(-3.75275999688776E-17,0.766044443118978,0.642787609686539));
#3683=DIRECTION('center_axis',(1.,1.35094230358356E-16,-9.6762312326757E-18));
#3684=DIRECTION('ref_axis',(-9.6762312326757E-18,0.,-1.));
#3685=DIRECTION('center_axis',(0.,0.,1.));
#3686=DIRECTION('ref_axis',(-1.,0.,0.));
#3687=DIRECTION('center_axis',(0.,0.,-1.));
#3688=DIRECTION('ref_axis',(-0.707106781186547,-0.707106781186548,0.));
#3689=DIRECTION('',(0.,0.,-1.));
#3690=DIRECTION('center_axis',(0.,0.,-1.));
#3691=DIRECTION('ref_axis',(-0.707106781186547,-0.707106781186548,0.));
#3692=DIRECTION('',(0.,0.,1.));
#3693=DIRECTION('center_axis',(1.,4.89888025505186E-17,0.));
#3694=DIRECTION('ref_axis',(0.,0.,1.));
#3695=DIRECTION('',(0.,0.,1.));
#3696=DIRECTION('center_axis',(-1.,-1.35094230358356E-16,9.6762312326757E-18));
#3697=DIRECTION('ref_axis',(9.6762312326757E-18,0.,1.));
#3698=DIRECTION('',(0.,1.,0.));
#3699=DIRECTION('center_axis',(0.417256335567265,-0.908788837095272,5.36939574368538E-17));
#3700=DIRECTION('ref_axis',(0.73255201031491,0.336339922938984,0.591813322273993));
#3701=DIRECTION('center_axis',(1.,2.21199658166192E-16,-1.93524624653514E-17));
#3702=DIRECTION('ref_axis',(0.,0.,-1.));
#3703=DIRECTION('center_axis',(1.22119206588675E-16,-0.549976013287539,
-0.835180450446695));
#3704=DIRECTION('ref_axis',(1.,2.22044604925031E-16,0.));
#3705=DIRECTION('center_axis',(1.,3.86164530304402E-17,0.));
#3706=DIRECTION('ref_axis',(0.,0.20026141731085,0.979742499198973));
#3707=DIRECTION('',(-1.,-3.86164530304402E-17,-2.31698718182641E-16));
#3708=DIRECTION('',(1.,3.86164530304402E-17,0.));
#3709=DIRECTION('center_axis',(-4.89888025505186E-17,1.,0.));
#3710=DIRECTION('ref_axis',(0.,0.,1.));
#3711=DIRECTION('',(-1.,-4.89888025505186E-17,0.));
#3712=DIRECTION('center_axis',(1.,2.21199658166192E-16,-1.93524624653514E-17));
#3713=DIRECTION('ref_axis',(-1.52259157662879E-16,0.642787609686539,-0.766044443118978));
#3714=DIRECTION('center_axis',(-1.,-2.21199658166192E-16,1.93524624653514E-17));
#3715=DIRECTION('ref_axis',(-1.57009245868377E-16,0.642787609686539,-0.766044443118978));
#3716=DIRECTION('center_axis',(-1.,-1.00923597850421E-16,1.20276060315772E-16));
#3717=DIRECTION('ref_axis',(1.29063426612674E-16,-0.96362494330526,0.26725824335263));
#3718=DIRECTION('',(1.,0.,0.));
#3719=DIRECTION('center_axis',(1.,2.21199658166192E-16,-1.93524624653514E-17));
#3720=DIRECTION('ref_axis',(-1.57009245868377E-16,0.642787609686539,-0.766044443118978));
#3721=DIRECTION('center_axis',(-1.,-2.21199658166192E-16,1.93524624653514E-17));
#3722=DIRECTION('ref_axis',(0.,0.,1.));
#3723=DIRECTION('center_axis',(1.37528718478326E-16,0.703394702810504,-0.710799473872992));
#3724=DIRECTION('ref_axis',(1.81888292047681E-16,-0.710799473872992,-0.703394702810504));
#3725=DIRECTION('',(-1.,0.,-1.49273683983214E-16));
#3726=DIRECTION('center_axis',(1.,0.,1.49273683983214E-16));
#3727=DIRECTION('ref_axis',(1.35492317895763E-16,0.419669060392093,-0.907677189175545));
#3728=DIRECTION('center_axis',(-1.,-2.21199658166192E-16,1.93524624653514E-17));
#3729=DIRECTION('ref_axis',(-1.52259157662879E-16,0.642787609686539,-0.766044443118978));
#3730=DIRECTION('center_axis',(0.,1.,0.));
#3731=DIRECTION('ref_axis',(0.,0.,1.));
#3732=DIRECTION('center_axis',(0.,0.,1.));
#3733=DIRECTION('ref_axis',(4.89888025505186E-17,-1.,0.));
#3734=DIRECTION('center_axis',(0.,0.,1.));
#3735=DIRECTION('ref_axis',(0.,1.,0.));
#3736=DIRECTION('',(1.,0.,0.));
#3737=DIRECTION('',(0.,1.,0.));
#3738=DIRECTION('',(-1.,0.,0.));
#3739=DIRECTION('',(0.,-1.,0.));
#3740=DIRECTION('',(1.,0.,0.));
#3741=DIRECTION('center_axis',(1.,0.,0.));
#3742=DIRECTION('ref_axis',(0.,-0.612372435695795,0.790569415042095));
#3743=DIRECTION('center_axis',(0.707106781186547,-0.707106781186548,1.25607396694702E-15));
#3744=DIRECTION('ref_axis',(-0.707106781186548,-0.707106781186547,1.25607396694702E-15));
#3745=DIRECTION('',(1.,0.,0.));
#3746=DIRECTION('center_axis',(0.707106781186547,0.707106781186548,0.));
#3747=DIRECTION('ref_axis',(0.707106781186548,-0.707106781186546,3.34953057852539E-16));
#3748=DIRECTION('center_axis',(0.,-1.,2.22044604925031E-16));
#3749=DIRECTION('ref_axis',(-0.706274850993701,0.,0.707937733740634));
#3750=DIRECTION('center_axis',(-0.707106781186547,-0.707106781186548,0.));
#3751=DIRECTION('ref_axis',(-0.707106781186548,0.707106781186547,-3.14018491736755E-16));
#3752=DIRECTION('',(0.,-1.,2.22044604925031E-16));
#3753=DIRECTION('center_axis',(-1.,0.,0.));
#3754=DIRECTION('ref_axis',(0.,0.612372435695795,0.790569415042095));
#3755=DIRECTION('center_axis',(-0.707106781186547,0.707106781186548,0.));
#3756=DIRECTION('ref_axis',(0.707106781186548,0.707106781186547,0.));
#3757=DIRECTION('',(-1.,0.,0.));
#3758=DIRECTION('center_axis',(0.,1.,-2.368475785867E-16));
#3759=DIRECTION('ref_axis',(0.707203523418722,0.,0.707010025716853));
#3760=DIRECTION('',(0.,1.,-2.368475785867E-16));
#3761=DIRECTION('center_axis',(-1.,0.,0.));
#3762=DIRECTION('ref_axis',(0.,0.,-1.));
#3763=DIRECTION('',(1.,0.,0.));
#3764=DIRECTION('center_axis',(1.,0.,0.));
#3765=DIRECTION('ref_axis',(0.,0.,-1.));
#3766=DIRECTION('center_axis',(0.,-1.,2.368475785867E-16));
#3767=DIRECTION('ref_axis',(-0.644838762947007,-1.8102701703767E-16,-0.764318631070167));
#3768=DIRECTION('',(0.,1.,-2.368475785867E-16));
#3769=DIRECTION('',(0.,-1.,2.368475785867E-16));
#3770=DIRECTION('',(0.,-1.,2.368475785867E-16));
#3771=DIRECTION('',(0.,-1.,2.368475785867E-16));
#3772=DIRECTION('',(0.,1.,-2.368475785867E-16));
#3773=DIRECTION('center_axis',(0.,-1.,2.22044604925031E-16));
#3774=DIRECTION('ref_axis',(1.,0.,0.));
#3775=DIRECTION('',(0.,1.,-2.22044604925031E-16));
#3776=DIRECTION('center_axis',(1.,0.,0.));
#3777=DIRECTION('ref_axis',(0.,0.,-1.));
#3778=DIRECTION('',(0.,1.,0.));
#3779=DIRECTION('',(0.,1.,0.));
#3780=DIRECTION('center_axis',(1.,0.,0.));
#3781=DIRECTION('ref_axis',(0.,0.,-1.));
#3782=DIRECTION('center_axis',(0.,0.,1.));
#3783=DIRECTION('ref_axis',(1.,0.,0.));
#3784=DIRECTION('',(1.,0.,0.));
#3785=DIRECTION('',(0.,-1.,0.));
#3786=DIRECTION('center_axis',(0.,0.,-1.));
#3787=DIRECTION('ref_axis',(-1.,1.22464679914735E-16,0.));
#3788=DIRECTION('center_axis',(-1.,0.,0.));
#3789=DIRECTION('ref_axis',(0.,0.,-1.));
#3790=DIRECTION('center_axis',(-1.,0.,0.));
#3791=DIRECTION('ref_axis',(0.,0.,-1.));
#3792=DIRECTION('center_axis',(-1.,0.,0.));
#3793=DIRECTION('ref_axis',(0.,0.,1.));
#3794=DIRECTION('center_axis',(-1.,0.,0.));
#3795=DIRECTION('ref_axis',(0.,0.,-1.));
#3796=DIRECTION('center_axis',(-1.,0.,0.));
#3797=DIRECTION('ref_axis',(0.,0.,-1.));
#3798=DIRECTION('',(-1.,0.,0.));
#3799=DIRECTION('center_axis',(0.,0.,1.));
#3800=DIRECTION('ref_axis',(1.,0.,0.));
#3801=DIRECTION('center_axis',(0.,0.,-1.));
#3802=DIRECTION('ref_axis',(-1.,1.22464679914735E-16,0.));
#3803=DIRECTION('center_axis',(0.,0.,1.));
#3804=DIRECTION('ref_axis',(1.,0.,0.));
#3805=DIRECTION('center_axis',(0.,0.,-1.));
#3806=DIRECTION('ref_axis',(-1.,1.22464679914735E-16,0.));
#3807=DIRECTION('center_axis',(0.,0.,-1.));
#3808=DIRECTION('ref_axis',(-1.,1.22464679914735E-16,0.));
#3809=DIRECTION('center_axis',(0.,0.,-1.));
#3810=DIRECTION('ref_axis',(-1.,1.22464679914735E-16,0.));
#3811=DIRECTION('center_axis',(0.,0.,-1.));
#3812=DIRECTION('ref_axis',(-1.,1.22464679914735E-16,0.));
#3813=DIRECTION('center_axis',(1.22464679914735E-16,-1.,0.));
#3814=DIRECTION('ref_axis',(-1.,-1.22464679914735E-16,0.));
#3815=DIRECTION('center_axis',(0.,0.,1.));
#3816=DIRECTION('ref_axis',(-1.,1.22464679914735E-16,0.));
#3817=DIRECTION('center_axis',(0.,0.,-1.));
#3818=DIRECTION('ref_axis',(-1.,1.22464679914735E-16,0.));
#3819=DIRECTION('center_axis',(-1.,0.,0.));
#3820=DIRECTION('ref_axis',(0.,0.,-1.));
#3821=DIRECTION('',(-1.,0.,0.));
#3822=DIRECTION('',(-1.,0.,0.));
#3823=DIRECTION('center_axis',(0.,0.,1.));
#3824=DIRECTION('ref_axis',(0.,1.,0.));
#3825=DIRECTION('center_axis',(0.,0.,1.));
#3826=DIRECTION('ref_axis',(1.,0.,0.));
#3827=DIRECTION('center_axis',(0.,0.,1.));
#3828=DIRECTION('ref_axis',(1.,0.,0.));
#3829=DIRECTION('center_axis',(0.,0.,1.));
#3830=DIRECTION('ref_axis',(1.,0.,0.));
#3831=DIRECTION('center_axis',(0.,0.,1.));
#3832=DIRECTION('ref_axis',(1.,0.,0.));
#3833=DIRECTION('',(0.,0.,-1.));
#3834=CARTESIAN_POINT('',(0.,0.,0.));
#3835=CARTESIAN_POINT('Origin',(-13.3140000000002,102.986162770255,166.540544559674));
#3836=CARTESIAN_POINT('',(10.9999999999998,99.0304502044083,106.671083746197));
#3837=CARTESIAN_POINT('',(14.1859999999998,98.2840937259419,106.725073762375));
#3838=CARTESIAN_POINT('Ctrl Pts',(10.9999999999998,99.0304502044082,106.671083746197));
#3839=CARTESIAN_POINT('Ctrl Pts',(11.7631298755952,99.0304502044082,106.671083746197));
#3840=CARTESIAN_POINT('Ctrl Pts',(12.5820787978649,98.8947579961801,106.679594543589));
#3841=CARTESIAN_POINT('Ctrl Pts',(13.6403633029721,98.5272485580542,106.706375623777));
#3842=CARTESIAN_POINT('Ctrl Pts',(13.9177450939975,98.4123494589297,106.714991633056));
#3843=CARTESIAN_POINT('Ctrl Pts',(14.1859999999888,98.2840937259361,106.725073762376));
#3844=CARTESIAN_POINT('',(-12.3140000000002,99.0304502044083,106.671083746197));
#3845=CARTESIAN_POINT('',(-32.3140000000002,99.0304502044083,106.671083746197));
#3846=CARTESIAN_POINT('',(-15.8139999999993,98.1258671823109,106.737722495847));
#3847=CARTESIAN_POINT('Ctrl Pts',(-15.8139999999993,98.1258671823108,106.737722495847));
#3848=CARTESIAN_POINT('Ctrl Pts',(-14.7158631463441,98.7078146104014,106.690426458309));
#3849=CARTESIAN_POINT('Ctrl Pts',(-13.5017687328141,99.0304502044083,106.671083746197));
#3850=CARTESIAN_POINT('Ctrl Pts',(-12.3140000000002,99.0304502044083,106.671083746197));
#3851=CARTESIAN_POINT('',(-15.8140000000002,102.986162770255,106.540544559674));
#3852=CARTESIAN_POINT('Origin',(-15.8140000000002,102.986162770255,166.540544559674));
#3853=CARTESIAN_POINT('',(-15.8140000000002,157.679202330734,141.869277392465));
#3854=CARTESIAN_POINT('Origin',(-15.8140000000002,102.986162770255,166.540544559674));
#3855=CARTESIAN_POINT('',(11.7070741098229,157.679202330734,141.869277392465));
#3856=CARTESIAN_POINT('',(-13.3140000000002,157.679202330734,141.869277392465));
#3857=CARTESIAN_POINT('',(11.7070741098229,158.265184328313,189.869277392465));
#3858=CARTESIAN_POINT('Origin',(11.7070741098228,102.986162770255,166.540544559674));
#3859=CARTESIAN_POINT('',(10.,158.265184328313,189.869277392465));
#3860=CARTESIAN_POINT('',(-13.3140000000002,158.265184328313,189.869277392465));
#3861=CARTESIAN_POINT('',(10.,158.209834781842,190.));
#3862=CARTESIAN_POINT('Origin',(10.,102.986162770255,166.540544559674));
#3863=CARTESIAN_POINT('',(-4.9520581025981,158.209834781839,190.));
#3864=CARTESIAN_POINT('',(-13.3140000000002,158.209834781842,190.));
#3865=CARTESIAN_POINT('',(-6.45298373104696,158.265184328313,189.869277392465));
#3866=CARTESIAN_POINT('Ctrl Pts',(-6.45298373104697,158.265184328313,189.869277392465));
#3867=CARTESIAN_POINT('Ctrl Pts',(-5.9588441021815,158.229320511669,189.954259148981));
#3868=CARTESIAN_POINT('Ctrl Pts',(-5.45767208314369,158.209834781842,190.));
#3869=CARTESIAN_POINT('Ctrl Pts',(-4.95205810260041,158.209834781842,190.));
#3870=CARTESIAN_POINT('',(-15.8140000000002,158.265184328313,189.869277392465));
#3871=CARTESIAN_POINT('',(-13.3140000000002,158.265184328313,189.869277392465));
#3872=CARTESIAN_POINT('',(-15.8140000000002,44.6110717211933,152.671559556662));
#3873=CARTESIAN_POINT('Origin',(-15.8140000000002,102.986162770255,166.540544559674));
#3874=CARTESIAN_POINT('',(-12.3140000000002,44.4437336507874,153.395812048431));
#3875=CARTESIAN_POINT('Ctrl Pts',(-12.3140000000002,44.4437336507875,153.395812048431));
#3876=CARTESIAN_POINT('Ctrl Pts',(-13.4772371338066,44.4437336507875,153.395812048431));
#3877=CARTESIAN_POINT('Ctrl Pts',(-14.6916672676485,44.4975887068055,153.149213926896));
#3878=CARTESIAN_POINT('Ctrl Pts',(-15.8140000000002,44.6110717211933,152.671559556662));
#3879=CARTESIAN_POINT('',(10.9999999999998,44.4437336507874,153.395812048431));
#3880=CARTESIAN_POINT('',(-32.3140000000002,44.4437336507874,153.395812048431));
#3881=CARTESIAN_POINT('',(14.1859999999998,44.5810436301865,152.798562961868));
#3882=CARTESIAN_POINT('Ctrl Pts',(14.1859999999997,44.5810436301865,152.798562961868));
#3883=CARTESIAN_POINT('Ctrl Pts',(13.1530978290222,44.4878270115737,153.194745104682));
#3884=CARTESIAN_POINT('Ctrl Pts',(12.0533598424116,44.4437336507875,153.395812048431));
#3885=CARTESIAN_POINT('Ctrl Pts',(10.9999999999998,44.4437336507875,153.395812048431));
#3886=CARTESIAN_POINT('',(14.1859999999997,102.986162770255,226.540544559674));
#3887=CARTESIAN_POINT('Origin',(14.1859999999998,102.986162770255,166.540544559674));
#3888=CARTESIAN_POINT('Origin',(14.1859999999998,102.986162770255,166.540544559674));
#3889=CARTESIAN_POINT('Ctrl Pts',(-14.8929258901771,160.140653831802,184.798807113813));
#3890=CARTESIAN_POINT('Ctrl Pts',(-15.8929258901771,160.140653831802,184.798807113813));
#3891=CARTESIAN_POINT('Ctrl Pts',(-14.8929258901771,159.966206385814,184.349204050946));
#3892=CARTESIAN_POINT('Ctrl Pts',(-15.8929258901771,159.966206385814,184.349204050946));
#3893=CARTESIAN_POINT('Ctrl Pts',(-14.8929258903794,159.839248839408,183.881982623577));
#3894=CARTESIAN_POINT('Ctrl Pts',(-15.8929258903794,159.839248839408,183.881982623577));
#3895=CARTESIAN_POINT('Ctrl Pts',(-14.8929258903794,159.646486817634,182.587342573646));
#3896=CARTESIAN_POINT('Ctrl Pts',(-15.8929258903794,159.646486817634,182.587342573646));
#3897=CARTESIAN_POINT('Ctrl Pts',(-14.8929258901771,159.69082490768,181.771940295404));
#3898=CARTESIAN_POINT('Ctrl Pts',(-15.8929258901771,159.69082490768,181.771940295404));
#3899=CARTESIAN_POINT('Ctrl Pts',(-14.8929258901771,159.89330453628,180.973596539301));
#3900=CARTESIAN_POINT('Ctrl Pts',(-15.8929258901771,159.89330453628,180.973596539301));
#3901=CARTESIAN_POINT('',(-15.8929258901772,160.140414737142,184.798190807973));
#3902=CARTESIAN_POINT('',(-15.8140000000002,160.1406538318,184.798807113809));
#3903=CARTESIAN_POINT('Ctrl Pts',(-15.8929258901771,160.140414737169,184.798190807987));
#3904=CARTESIAN_POINT('Ctrl Pts',(-15.8666197129602,160.140574113736,184.798601685831));
#3905=CARTESIAN_POINT('Ctrl Pts',(-15.8403098678272,160.140653831802,184.798807113815));
#3906=CARTESIAN_POINT('Ctrl Pts',(-15.8140000000002,160.1406538318,184.798807113809));
#3907=CARTESIAN_POINT('',(-15.8929258916599,159.893304538454,180.973596538902));
#3908=CARTESIAN_POINT('Ctrl Pts',(-15.8929258901771,160.140414737159,184.79819080796));
#3909=CARTESIAN_POINT('Ctrl Pts',(-15.8929258901773,159.966090379108,184.348777084878));
#3910=CARTESIAN_POINT('Ctrl Pts',(-15.8929258903794,159.839216216212,183.881763517681));
#3911=CARTESIAN_POINT('Ctrl Pts',(-15.8929258903794,159.646486817634,182.587342573646));
#3912=CARTESIAN_POINT('Ctrl Pts',(-15.8929258901771,159.69082490768,181.771940295404));
#3913=CARTESIAN_POINT('Ctrl Pts',(-15.8929258901771,159.89330453628,180.973596539301));
#3914=CARTESIAN_POINT('',(-14.8929258916599,159.893304538454,180.973596538902));
#3915=CARTESIAN_POINT('',(-14.8929258916599,159.893304538454,180.973596538902));
#3916=CARTESIAN_POINT('',(-14.8929258901743,160.140653831798,184.798807113815));
#3917=CARTESIAN_POINT('Ctrl Pts',(-14.8929258901771,160.140653831802,184.798807113813));
#3918=CARTESIAN_POINT('Ctrl Pts',(-14.8929258901771,159.966206385814,184.349204050946));
#3919=CARTESIAN_POINT('Ctrl Pts',(-14.8929258903794,159.839248839408,183.881982623577));
#3920=CARTESIAN_POINT('Ctrl Pts',(-14.8929258903794,159.646486817634,182.587342573646));
#3921=CARTESIAN_POINT('Ctrl Pts',(-14.8929258901771,159.69082490768,181.771940295404));
#3922=CARTESIAN_POINT('Ctrl Pts',(-14.8929258901771,159.89330453628,180.973596539301));
#3923=CARTESIAN_POINT('',(-14.8929258901771,160.140653831802,184.798807113813));
#3924=CARTESIAN_POINT('Origin',(-15.8929258901772,170.960405938773,189.869277392465));
#3925=CARTESIAN_POINT('',(-15.8929258901771,158.264733562559,189.869277392465));
#3926=CARTESIAN_POINT('Origin',(-15.8929258901771,102.986162770255,166.540544559674));
#3927=CARTESIAN_POINT('',(-15.892925890177,59.9604059387732,189.869277392463));
#3928=CARTESIAN_POINT('',(-15.8929258901772,170.960405938773,189.869277392465));
#3929=CARTESIAN_POINT('',(-15.892925890177,59.9604059387745,141.869277392463));
#3930=CARTESIAN_POINT('',(-15.892925890177,59.9604059387739,165.869277392462));
#3931=CARTESIAN_POINT('',(-15.8929258901771,157.67874673543,141.869277392465));
#3932=CARTESIAN_POINT('',(-15.8929258901772,170.960405938774,141.869277392465));
#3933=CARTESIAN_POINT('',(-15.8929258901772,159.818287368072,147.303606702505));
#3934=CARTESIAN_POINT('Origin',(-15.8929258901771,102.986162770255,166.540544559674));
#3935=CARTESIAN_POINT('',(-15.8929258901842,159.6363593736,151.129801611049));
#3936=CARTESIAN_POINT('Ctrl Pts',(-15.8929258901771,159.636359373589,151.129801611047));
#3937=CARTESIAN_POINT('Ctrl Pts',(-15.8929258901771,159.460574806772,150.483614058427));
#3938=CARTESIAN_POINT('Ctrl Pts',(-15.8929258901771,159.387622784621,149.821143641307));
#3939=CARTESIAN_POINT('Ctrl Pts',(-15.8929258901771,159.462489840166,148.516760901791));
#3940=CARTESIAN_POINT('Ctrl Pts',(-15.8929258901771,159.59826670338,147.897027142012));
#3941=CARTESIAN_POINT('Ctrl Pts',(-15.8929258901771,159.818287368088,147.303606702517));
#3942=CARTESIAN_POINT('Origin',(-15.8929258901771,102.986162770255,166.540544559674));
#3943=CARTESIAN_POINT('Ctrl Pts',(-14.8929258901771,159.636359373589,151.129801611047));
#3944=CARTESIAN_POINT('Ctrl Pts',(-15.8929258901771,159.636359373589,151.129801611047));
#3945=CARTESIAN_POINT('Ctrl Pts',(-14.8929258901771,159.460574806772,150.483614058427));
#3946=CARTESIAN_POINT('Ctrl Pts',(-15.8929258901771,159.460574806772,150.483614058427));
#3947=CARTESIAN_POINT('Ctrl Pts',(-14.8929258901771,159.387622784621,149.821143641307));
#3948=CARTESIAN_POINT('Ctrl Pts',(-15.8929258901771,159.387622784621,149.821143641307));
#3949=CARTESIAN_POINT('Ctrl Pts',(-14.8929258901771,159.462502502852,148.516540284215));
#3950=CARTESIAN_POINT('Ctrl Pts',(-15.8929258901771,159.462502502852,148.516540284215));
#3951=CARTESIAN_POINT('Ctrl Pts',(-14.8929258901771,159.598361003057,147.896596781373));
#3952=CARTESIAN_POINT('Ctrl Pts',(-15.8929258901771,159.598361003057,147.896596781373));
#3953=CARTESIAN_POINT('Ctrl Pts',(-14.8929258901771,159.818516582414,147.302988577436));
#3954=CARTESIAN_POINT('Ctrl Pts',(-15.8929258901771,159.818516582414,147.302988577436));
#3955=CARTESIAN_POINT('',(-15.8140000000002,159.818516582413,147.302988577438));
#3956=CARTESIAN_POINT('Ctrl Pts',(-15.8140000000002,159.818516582413,147.302988577438));
#3957=CARTESIAN_POINT('Ctrl Pts',(-15.840309857164,159.818516582421,147.302988577417));
#3958=CARTESIAN_POINT('Ctrl Pts',(-15.8666197040504,159.818440157657,147.303194611893));
#3959=CARTESIAN_POINT('Ctrl Pts',(-15.8929258901771,159.818287368099,147.303606702488));
#3960=CARTESIAN_POINT('',(-14.8929258901754,159.818516582412,147.302988577435));
#3961=CARTESIAN_POINT('',(-14.8929258901771,159.818516582414,147.302988577436));
#3962=CARTESIAN_POINT('',(-14.8929258901842,159.6363593736,151.129801611049));
#3963=CARTESIAN_POINT('Ctrl Pts',(-14.8929258901771,159.636359373589,151.129801611047));
#3964=CARTESIAN_POINT('Ctrl Pts',(-14.8929258901771,159.460574806772,150.483614058427));
#3965=CARTESIAN_POINT('Ctrl Pts',(-14.8929258901771,159.387622784621,149.821143641307));
#3966=CARTESIAN_POINT('Ctrl Pts',(-14.8929258901771,159.462502502852,148.516540284215));
#3967=CARTESIAN_POINT('Ctrl Pts',(-14.8929258901771,159.598361003057,147.896596781373));
#3968=CARTESIAN_POINT('Ctrl Pts',(-14.8929258901771,159.818516582414,147.302988577436));
#3969=CARTESIAN_POINT('',(-14.8929258901842,159.6363593736,151.129801611049));
#3970=CARTESIAN_POINT('Origin',(-14.8929258901771,102.986162770255,166.540544559674));
#3971=CARTESIAN_POINT('Origin',(-14.8929258901771,102.986162770255,166.540544559674));
#3972=CARTESIAN_POINT('Origin',(-15.8140000000002,102.986162770255,166.540544559674));
#3973=CARTESIAN_POINT('',(-23.3140000000002,102.986162770255,114.040544559674));
#3974=CARTESIAN_POINT('Origin',(-23.3140000000002,102.986162770255,166.540544559674));
#3975=CARTESIAN_POINT('Origin',(-15.8140000000002,102.986162770255,114.040544559674));
#3976=CARTESIAN_POINT('Origin',(-15.8140000000002,102.986162770255,166.540544559674));
#3977=CARTESIAN_POINT('Ctrl Pts',(-15.8140000000002,158.265184328313,189.869277392465));
#3978=CARTESIAN_POINT('Ctrl Pts',(-15.8401729760783,158.265184328313,189.869277392465));
#3979=CARTESIAN_POINT('Ctrl Pts',(-15.8664850533237,158.265035591743,189.869277392465));
#3980=CARTESIAN_POINT('Ctrl Pts',(-15.8929258901771,158.264733562559,189.869277392465));
#3981=CARTESIAN_POINT('',(-15.8140000012742,160.417507603319,183.908348988146));
#3982=CARTESIAN_POINT('Origin',(-15.8140000000002,102.986162770255,166.540544559674));
#3983=CARTESIAN_POINT('',(-17.4569999897797,161.089239392675,180.760410200276));
#3984=CARTESIAN_POINT('Ctrl Pts',(-15.814000001926,160.417507603135,183.908348988756));
#3985=CARTESIAN_POINT('Ctrl Pts',(-15.8804789263948,160.437204475373,183.84321595094));
#3986=CARTESIAN_POINT('Ctrl Pts',(-15.9454629315371,160.455995201078,183.777625426012));
#3987=CARTESIAN_POINT('Ctrl Pts',(-16.5584579757873,160.630121400706,183.138990538044));
#3988=CARTESIAN_POINT('Ctrl Pts',(-16.9866093092752,160.727510476297,182.533870849916));
#3989=CARTESIAN_POINT('Ctrl Pts',(-17.3747506787646,160.915596658903,181.534535754689));
#3990=CARTESIAN_POINT('Ctrl Pts',(-17.4570000000001,160.993589593959,181.151240024655));
#3991=CARTESIAN_POINT('Ctrl Pts',(-17.4570000000001,161.089239393037,180.760410199283));
#3992=CARTESIAN_POINT('',(-17.4569999992093,160.84500045164,151.357429134986));
#3993=CARTESIAN_POINT('Origin',(-17.4570000000001,102.986162770255,166.540544559674));
#3994=CARTESIAN_POINT('',(-15.8140000022953,160.115247493743,148.202941699527));
#3995=CARTESIAN_POINT('Ctrl Pts',(-17.4570000000001,160.845000451671,151.357429135068));
#3996=CARTESIAN_POINT('Ctrl Pts',(-17.4570000000001,160.793098208874,151.159643413409));
#3997=CARTESIAN_POINT('Ctrl Pts',(-17.435723542991,160.745325582039,150.962583442057));
#3998=CARTESIAN_POINT('Ctrl Pts',(-17.3494471147207,160.650282304852,150.544231969595));
#3999=CARTESIAN_POINT('Ctrl Pts',(-17.2794154914575,160.604691765074,150.326601828031));
#4000=CARTESIAN_POINT('Ctrl Pts',(-16.9246607753464,160.433014233869,149.483365078058));
#4001=CARTESIAN_POINT('Ctrl Pts',(-16.4757585563034,160.321669766452,148.874306751381));
#4002=CARTESIAN_POINT('Ctrl Pts',(-15.8759202703282,160.134802547928,148.264582737108));
#4003=CARTESIAN_POINT('Ctrl Pts',(-15.8451175242263,160.12512339357,148.233709140781));
#4004=CARTESIAN_POINT('Ctrl Pts',(-15.8140000034862,160.115247493393,148.202941698435));
#4005=CARTESIAN_POINT('Origin',(-15.8140000000002,102.986162770255,166.540544559674));
#4006=CARTESIAN_POINT('Ctrl Pts',(-15.8929258901771,157.67874673543,141.869277392465));
#4007=CARTESIAN_POINT('Ctrl Pts',(-15.8664847714283,157.679052003867,141.869277392465));
#4008=CARTESIAN_POINT('Ctrl Pts',(-15.840172662733,157.679202330734,141.869277392465));
#4009=CARTESIAN_POINT('Ctrl Pts',(-15.8140000000002,157.679202330734,141.869277392465));
#4010=CARTESIAN_POINT('Origin',(-13.3140000000002,102.986162770255,166.540544559674));
#4011=CARTESIAN_POINT('Ctrl Pts',(-15.814000001926,160.417507603135,183.908348988756));
#4012=CARTESIAN_POINT('Ctrl Pts',(-15.5067242188251,160.326465639201,184.209403877201));
#4013=CARTESIAN_POINT('Ctrl Pts',(-15.2002624297712,160.2339474895,184.506766646691));
#4014=CARTESIAN_POINT('Ctrl Pts',(-14.8929258901715,160.140653831798,184.798807113815));
#4015=CARTESIAN_POINT('Origin',(-13.3140000000002,102.986162770255,166.540544559674));
#4016=CARTESIAN_POINT('Ctrl Pts',(-14.8929258901737,159.818516582412,147.302988577435));
#4017=CARTESIAN_POINT('Ctrl Pts',(-15.2000335852615,159.918488744009,147.598330317546));
#4018=CARTESIAN_POINT('Ctrl Pts',(-15.5064759382389,160.017647270112,147.898877341332));
#4019=CARTESIAN_POINT('Ctrl Pts',(-15.8140000034861,160.115247493393,148.202941698435));
#4020=CARTESIAN_POINT('Origin',(11.7070741098228,170.960405938773,189.869277392465));
#4021=CARTESIAN_POINT('',(-5.49418460503112,153.001618202036,189.869277392465));
#4022=CARTESIAN_POINT('Ctrl Pts',(-5.49418460503106,153.001618202036,189.869277392465));
#4023=CARTESIAN_POINT('Ctrl Pts',(-5.49418460503106,153.355663250614,189.869277392465));
#4024=CARTESIAN_POINT('Ctrl Pts',(-5.50672530951941,153.709366692448,189.869277900508));
#4025=CARTESIAN_POINT('Ctrl Pts',(-5.53170958807478,154.06203090556,189.869278308177));
#4026=CARTESIAN_POINT('Ctrl Pts',(-5.55659307239535,154.41327236318,189.8692787142));
#4027=CARTESIAN_POINT('Ctrl Pts',(-5.5938200258905,154.763483527764,189.869279021639));
#4028=CARTESIAN_POINT('Ctrl Pts',(-5.6433450778864,155.11196580675,189.869279021101));
#4029=CARTESIAN_POINT('Ctrl Pts',(-5.69216372233401,155.455477459711,189.869279020571));
#4030=CARTESIAN_POINT('Ctrl Pts',(-5.75293229659055,155.797309712642,189.869278722217));
#4031=CARTESIAN_POINT('Ctrl Pts',(-5.82565457793209,156.136776314487,189.869278287988));
#4032=CARTESIAN_POINT('Ctrl Pts',(-5.87102866902096,156.348581943101,189.869278017057));
#4033=CARTESIAN_POINT('Ctrl Pts',(-5.92105722640155,156.559466264781,189.869277700321));
#4034=CARTESIAN_POINT('Ctrl Pts',(-5.9757503070477,156.769257777185,189.869277446801));
#4035=CARTESIAN_POINT('Ctrl Pts',(-6.06106461239736,157.096506067784,189.869277051341));
#4036=CARTESIAN_POINT('Ctrl Pts',(-6.15755346687481,157.420430261889,189.869276615156));
#4037=CARTESIAN_POINT('Ctrl Pts',(-6.26516577561938,157.740427705492,189.869276256808));
#4038=CARTESIAN_POINT('Ctrl Pts',(-6.32440117752293,157.916570912538,189.869276059555));
#4039=CARTESIAN_POINT('Ctrl Pts',(-6.38700782863056,158.091524089132,189.869275891846));
#4040=CARTESIAN_POINT('Ctrl Pts',(-6.45298355789821,158.265184394094,189.869275816756));
#4041=CARTESIAN_POINT('',(-5.49418460504352,60.5,189.869277392463));
#4042=CARTESIAN_POINT('',(-5.49418460503264,141.25,189.869277392465));
#4043=CARTESIAN_POINT('',(-5.38553061497156,59.9604059387732,189.869277392463));
#4044=CARTESIAN_POINT('Origin',(-4.1,60.4999999999998,189.869277392463));
#4045=CARTESIAN_POINT('',(-14.892925890177,59.9604059387732,189.869277392463));
#4046=CARTESIAN_POINT('Origin',(11.7070741098228,170.960405938773,189.869277392465));
#4047=CARTESIAN_POINT('',(11.7070741098229,140.289996539999,189.869277392465));
#4048=CARTESIAN_POINT('',(11.7070741098228,170.960405938773,189.869277392465));
#4049=CARTESIAN_POINT('',(10.0744871251755,140.289996539999,189.869277392465));
#4050=CARTESIAN_POINT('',(13.1535370027575,140.289996539999,189.869277392465));
#4051=CARTESIAN_POINT('',(10.0744871251756,140.,189.869277392465));
#4052=CARTESIAN_POINT('',(10.0744871251756,155.625201239386,189.869277392465));
#4053=CARTESIAN_POINT('',(10.,140.,189.869277392465));
#4054=CARTESIAN_POINT('',(10.0465370549113,140.,189.869277392465));
#4055=CARTESIAN_POINT('',(10.,172.980202969386,189.869277392465));
#4056=CARTESIAN_POINT('Origin',(11.7070741098228,170.960405938775,141.869277392465));
#4057=CARTESIAN_POINT('',(11.707074109823,59.9604059387745,141.869277392463));
#4058=CARTESIAN_POINT('',(11.7070741098228,170.960405938775,141.869277392465));
#4059=CARTESIAN_POINT('',(11.707074109823,59.9604059387745,142.019435967182));
#4060=CARTESIAN_POINT('',(11.707074109823,59.9604059387739,165.869277392462));
#4061=CARTESIAN_POINT('',(11.707074109823,60.5,142.));
#4062=CARTESIAN_POINT('Origin',(11.7070741098228,60.5,149.5));
#4063=CARTESIAN_POINT('',(11.7070741098229,140.,142.));
#4064=CARTESIAN_POINT('',(11.7070741098229,139.230202969387,142.));
#4065=CARTESIAN_POINT('',(11.7070741098229,140.,185.686266338218));
#4066=CARTESIAN_POINT('',(11.7070741098229,140.,153.934638696233));
#4067=CARTESIAN_POINT('',(11.7070741098229,140.289996539999,185.686266338218));
#4068=CARTESIAN_POINT('',(11.7070741098229,123.125201239387,185.686266338218));
#4069=CARTESIAN_POINT('',(11.7070741098229,140.289996539999,163.777771865342));
#4070=CARTESIAN_POINT('Origin',(-14.8929258901772,170.960405938774,141.869277392465));
#4071=CARTESIAN_POINT('',(-1.59292589017699,59.9604059387745,141.869277392463));
#4072=CARTESIAN_POINT('Origin',(-1.59292589017699,59.9604059387739,165.869277392463));
#4073=CARTESIAN_POINT('',(-11.5805640328179,59.9604059387735,182.5));
#4074=CARTESIAN_POINT('Origin',(-4.1,59.9604059387735,182.5));
#4075=CARTESIAN_POINT('',(-11.580564032818,59.9604059387743,149.5));
#4076=CARTESIAN_POINT('',(-11.5805640328179,59.9604059387736,178.));
#4077=CARTESIAN_POINT('',(-4.1,59.9604059387745,142.019435967182));
#4078=CARTESIAN_POINT('Origin',(-4.1,59.9604059387743,149.5));
#4079=CARTESIAN_POINT('',(8.38599999999976,59.9604059387745,142.019435967182));
#4080=CARTESIAN_POINT('Origin',(10.,175.,142.));
#4081=CARTESIAN_POINT('',(10.,140.,190.));
#4082=CARTESIAN_POINT('',(10.,140.,154.));
#4083=CARTESIAN_POINT('',(10.,175.,190.));
#4084=CARTESIAN_POINT('Origin',(10.0744871251756,140.289996539999,185.686266338218));
#4085=CARTESIAN_POINT('',(10.0744871251755,140.289996539999,189.986266338218));
#4086=CARTESIAN_POINT('',(10.0744871251755,140.289996539999,185.686266338218));
#4087=CARTESIAN_POINT('',(10.0744871251756,140.,189.986266338218));
#4088=CARTESIAN_POINT('',(10.0744871251755,88.5399965399991,189.986266338218));
#4089=CARTESIAN_POINT('',(10.0744871251755,140.,175.843133169109));
#4090=CARTESIAN_POINT('Origin',(14.5999998956922,140.289996539999,185.686266338218));
#4091=CARTESIAN_POINT('',(14.5999998956922,140.289996539999,185.686266338218));
#4092=CARTESIAN_POINT('',(2.0999999478463,140.289996539999,185.686266338218));
#4093=CARTESIAN_POINT('',(14.5999998956922,140.289996539999,189.986266338218));
#4094=CARTESIAN_POINT('',(14.5999998956922,140.289996539999,185.686266338218));
#4095=CARTESIAN_POINT('',(2.0999999478463,140.289996539999,189.986266338218));
#4096=CARTESIAN_POINT('Ctrl Pts',(-6.53593414517509,158.233670485456,189.851935089313));
#4097=CARTESIAN_POINT('Ctrl Pts',(-5.88020258494709,156.580146165084,189.857127560454));
#4098=CARTESIAN_POINT('Ctrl Pts',(-5.52741046322007,154.797974962441,189.862991432864));
#4099=CARTESIAN_POINT('Ctrl Pts',(-5.49418460503112,153.001618202036,189.869277392465));
#4100=CARTESIAN_POINT('Ctrl Pts',(-6.07996891466418,158.406897066345,189.950318951684));
#4101=CARTESIAN_POINT('Ctrl Pts',(-5.41052622859274,156.694091605865,189.952070249542));
#4102=CARTESIAN_POINT('Ctrl Pts',(-5.05742757939176,154.852495257723,189.954054563895));
#4103=CARTESIAN_POINT('Ctrl Pts',(-5.0348848713919,153.001618202036,189.95617174908));
#4104=CARTESIAN_POINT('Ctrl Pts',(-5.61483287745124,158.583607745105,190.));
#4105=CARTESIAN_POINT('Ctrl Pts',(-4.93173115253958,156.810203580108,189.99999754673));
#4106=CARTESIAN_POINT('Ctrl Pts',(-4.57871919686952,154.90798200423,190.00000262089));
#4107=CARTESIAN_POINT('Ctrl Pts',(-4.56744718903055,153.001618202036,190.));
#4108=CARTESIAN_POINT('Ctrl Pts',(-5.14968469710308,158.760323037186,190.));
#4109=CARTESIAN_POINT('Ctrl Pts',(-4.4529245010131,156.926317991364,190.));
#4110=CARTESIAN_POINT('Ctrl Pts',(-4.10000000000032,154.963470038931,190.));
#4111=CARTESIAN_POINT('Ctrl Pts',(-4.1,153.001618202036,190.));
#4112=CARTESIAN_POINT('',(-4.1,153.001618202037,190.));
#4113=CARTESIAN_POINT('Ctrl Pts',(-4.95213735431742,158.209807985852,190.));
#4114=CARTESIAN_POINT('Ctrl Pts',(-4.38625888624727,156.53616772332,190.));
#4115=CARTESIAN_POINT('Ctrl Pts',(-4.10000000000029,154.768488985448,190.));
#4116=CARTESIAN_POINT('Ctrl Pts',(-4.1,153.001618202036,190.));
#4117=CARTESIAN_POINT('Origin',(-4.1,153.001618202037,182.5));
#4118=CARTESIAN_POINT('Origin',(7.59999989569216,75.289996539999,185.686266338218));
#4119=CARTESIAN_POINT('',(14.5999998956922,140.,185.686266338218));
#4120=CARTESIAN_POINT('',(7.99299994784597,140.,185.686266338218));
#4121=CARTESIAN_POINT('',(14.5999998956922,75.289996539999,185.686266338218));
#4122=CARTESIAN_POINT('Origin',(8.38599999999976,140.,166.));
#4123=CARTESIAN_POINT('',(14.5999998956922,140.,189.986266338218));
#4124=CARTESIAN_POINT('',(7.99299994784598,140.,189.986266338218));
#4125=CARTESIAN_POINT('',(14.5999998956922,140.,175.843133169109));
#4126=CARTESIAN_POINT('',(21.6859999999998,140.,142.));
#4127=CARTESIAN_POINT('',(8.38599999999976,140.,142.));
#4128=CARTESIAN_POINT('',(21.6859999999998,140.,190.));
#4129=CARTESIAN_POINT('',(21.6859999999998,140.,166.270272279837));
#4130=CARTESIAN_POINT('',(8.38599999999976,140.,190.));
#4131=CARTESIAN_POINT('Origin',(8.38599999999976,107.5,142.));
#4132=CARTESIAN_POINT('',(14.1859999999998,60.5,142.));
#4133=CARTESIAN_POINT('',(8.38599999999976,60.5,142.));
#4134=CARTESIAN_POINT('',(21.6859999999998,58.4903810567666,142.));
#4135=CARTESIAN_POINT('Origin',(14.1859999999998,45.5,142.));
#4136=CARTESIAN_POINT('',(21.6859999999998,88.9930813851274,142.));
#4137=CARTESIAN_POINT('Origin',(8.38599999999976,60.5,149.5));
#4138=CARTESIAN_POINT('',(-4.1,53.,149.5));
#4139=CARTESIAN_POINT('Origin',(-4.1,60.5,149.5));
#4140=CARTESIAN_POINT('',(14.1859999999998,53.,149.5));
#4141=CARTESIAN_POINT('',(8.38599999999976,53.,149.5));
#4142=CARTESIAN_POINT('Origin',(14.1859999999998,60.5,149.5));
#4143=CARTESIAN_POINT('Origin',(14.5999998956922,81.2602170754506,185.686266338218));
#4144=CARTESIAN_POINT('',(14.5999998956922,75.289996539999,189.986266338218));
#4145=CARTESIAN_POINT('Origin',(7.59999989569217,75.289996539999,189.986266338218));
#4146=CARTESIAN_POINT('Origin',(-19.1,102.986162770255,166.540544559674));
#4147=CARTESIAN_POINT('Ctrl Pts',(-17.4570000000002,160.845000451671,151.357429135068));
#4148=CARTESIAN_POINT('Ctrl Pts',(-16.5391567198944,160.621214982451,151.316525630315));
#4149=CARTESIAN_POINT('Ctrl Pts',(-15.6641872072827,160.207810327539,151.240716770452));
#4150=CARTESIAN_POINT('Ctrl Pts',(-14.892937161099,159.636344184206,151.129801498631));
#4151=CARTESIAN_POINT('Ctrl Pts',(-14.892936514158,159.89329004203,180.973596530657));
#4152=CARTESIAN_POINT('Ctrl Pts',(-15.6647367508616,160.458898727579,180.869641612021));
#4153=CARTESIAN_POINT('Ctrl Pts',(-16.539661699261,160.867829696928,180.798697620607));
#4154=CARTESIAN_POINT('Ctrl Pts',(-17.4569999902366,161.08923939068,180.76041019969));
#4155=CARTESIAN_POINT('Ctrl Pts',(-17.4570000000001,161.089239393037,180.760410199283));
#4156=CARTESIAN_POINT('Ctrl Pts',(-16.4935579611334,160.856702053736,180.800621875824));
#4157=CARTESIAN_POINT('Ctrl Pts',(-15.5768996301059,160.417320827868,180.876855128786));
#4158=CARTESIAN_POINT('Ctrl Pts',(-14.7773578604471,159.806827335008,180.989520473036));
#4159=CARTESIAN_POINT('Ctrl Pts',(-17.5257418589659,160.791844026235,182.040507429132));
#4160=CARTESIAN_POINT('Ctrl Pts',(-16.6009407445077,160.576458180186,182.078500787387));
#4161=CARTESIAN_POINT('Ctrl Pts',(-15.7149009424955,160.168765231467,182.150465009447));
#4162=CARTESIAN_POINT('Ctrl Pts',(-14.9306035365045,159.596244469287,182.256192154415));
#4163=CARTESIAN_POINT('Ctrl Pts',(-17.516816257126,160.830458527981,183.401129576908));
#4164=CARTESIAN_POINT('Ctrl Pts',(-16.5853786727132,160.619981744257,183.43450517673));
#4165=CARTESIAN_POINT('Ctrl Pts',(-15.6888760328241,160.221299244832,183.49771841247));
#4166=CARTESIAN_POINT('Ctrl Pts',(-14.8867194203183,159.656547919171,183.59019243435));
#4167=CARTESIAN_POINT('Ctrl Pts',(-17.4314104599843,161.199946475356,184.661289436527));
#4168=CARTESIAN_POINT('Ctrl Pts',(-16.4489367717893,160.981512120349,184.689329678525));
#4169=CARTESIAN_POINT('Ctrl Pts',(-15.5022615449874,160.568038482894,184.742459888648));
#4170=CARTESIAN_POINT('Ctrl Pts',(-14.6513499659761,159.979981346292,184.819939793427));
#4171=CARTESIAN_POINT('Origin',(-23.3140000000002,102.986162770255,166.540544559674));
#4172=CARTESIAN_POINT('Origin',(14.1859999999998,102.986162770255,166.540544559674));
#4173=CARTESIAN_POINT('',(20.7373657058077,49.1509734850809,182.5));
#4174=CARTESIAN_POINT('',(21.6859999999998,55.8534175222437,189.665300241184));
#4175=CARTESIAN_POINT('Ctrl Pts',(20.7373657058077,49.1509734850809,182.5));
#4176=CARTESIAN_POINT('Ctrl Pts',(20.6721960305405,49.2679150014597,183.30591400522));
#4177=CARTESIAN_POINT('Ctrl Pts',(20.6743222080759,49.5264764808151,184.098891736922));
#4178=CARTESIAN_POINT('Ctrl Pts',(20.7985120456681,50.3523975843915,185.816480444183));
#4179=CARTESIAN_POINT('Ctrl Pts',(20.9602337690908,50.9984947637393,186.708023736868));
#4180=CARTESIAN_POINT('Ctrl Pts',(21.32938297886,52.614252022506,188.250446472491));
#4181=CARTESIAN_POINT('Ctrl Pts',(21.5339984049221,53.585329160648,188.864058381997));
#4182=CARTESIAN_POINT('Ctrl Pts',(21.666022961881,55.0557947242555,189.439739053566));
#4183=CARTESIAN_POINT('Ctrl Pts',(21.6860000000319,55.4521509707232,189.564822011408));
#4184=CARTESIAN_POINT('Ctrl Pts',(21.6859999999998,55.8534175223282,189.665300240846));
#4185=CARTESIAN_POINT('',(21.6859999999997,102.986162770255,219.040544559674));
#4186=CARTESIAN_POINT('Origin',(21.6859999999998,102.986162770255,166.540544559674));
#4187=CARTESIAN_POINT('Origin',(14.1859999999997,102.986162770255,219.040544559674));
#4188=CARTESIAN_POINT('Origin',(14.1859999999998,102.986162770255,166.540544559674));
#4189=CARTESIAN_POINT('',(21.6859999999998,56.4708485488418,142.197669996293));
#4190=CARTESIAN_POINT('Origin',(21.6859999999998,102.986162770255,166.540544559674));
#4191=CARTESIAN_POINT('',(20.6443149313076,49.3131572545656,149.5));
#4192=CARTESIAN_POINT('Ctrl Pts',(21.6859999999998,56.4708485498279,142.197670001393));
#4193=CARTESIAN_POINT('Ctrl Pts',(21.6860000003389,56.1947654032011,142.251058416861));
#4194=CARTESIAN_POINT('Ctrl Pts',(21.676329515668,55.9201558947828,142.316053840752));
#4195=CARTESIAN_POINT('Ctrl Pts',(21.5961558688774,54.6931049701684,142.665469787742));
#4196=CARTESIAN_POINT('Ctrl Pts',(21.4381646544681,53.8050952616109,143.080935653035));
#4197=CARTESIAN_POINT('Ctrl Pts',(21.07186400273,52.1111066673842,144.268315193832));
#4198=CARTESIAN_POINT('Ctrl Pts',(20.8675660310514,51.3498206847562,145.055313019883));
#4199=CARTESIAN_POINT('Ctrl Pts',(20.6584121083524,50.3809299375875,146.492619613196));
#4200=CARTESIAN_POINT('Ctrl Pts',(20.6054104895457,50.0756628189161,147.061863443817));
#4201=CARTESIAN_POINT('Ctrl Pts',(20.5695286316082,49.5916749621507,148.248526288286));
#4202=CARTESIAN_POINT('Ctrl Pts',(20.5867296574286,49.410688987271,148.870493061942));
#4203=CARTESIAN_POINT('Ctrl Pts',(20.6443149313076,49.3131572545656,149.5));
#4204=CARTESIAN_POINT('Ctrl Pts',(20.6443149313076,49.3131572545656,149.5));
#4205=CARTESIAN_POINT('Ctrl Pts',(21.0862020423666,48.5647364744134,154.330592676085));
#4206=CARTESIAN_POINT('Ctrl Pts',(21.257498921346,47.9987875177715,160.048418009346));
#4207=CARTESIAN_POINT('Ctrl Pts',(21.2613747921335,47.9877908940077,172.465923328696));
#4208=CARTESIAN_POINT('Ctrl Pts',(21.1111701119253,48.4802128298952,177.877386723689));
#4209=CARTESIAN_POINT('Ctrl Pts',(20.7373657058077,49.1509734850809,182.5));
#4210=CARTESIAN_POINT('Origin',(14.1859999999998,45.5,166.270272279837));
#4211=CARTESIAN_POINT('Origin',(14.1859999999998,45.5,149.5));
#4212=CARTESIAN_POINT('',(14.1859999999998,53.,182.5));
#4213=CARTESIAN_POINT('',(14.1859999999998,53.,166.270272279837));
#4214=CARTESIAN_POINT('Origin',(14.1859999999998,45.5,182.5));
#4215=CARTESIAN_POINT('Origin',(14.1859999999998,45.5,149.5));
#4216=CARTESIAN_POINT('Ctrl Pts',(21.6859999999998,56.470848549828,142.197670001393));
#4217=CARTESIAN_POINT('Ctrl Pts',(21.6859999999998,57.1558291813697,142.065209795032));
#4218=CARTESIAN_POINT('Ctrl Pts',(21.6859999999998,57.8410058866725,142.));
#4219=CARTESIAN_POINT('Ctrl Pts',(21.6859999999998,58.4903810567666,142.));
#4220=CARTESIAN_POINT('Origin',(-4.1,60.5,149.5));
#4221=CARTESIAN_POINT('Origin',(-4.1,60.5,149.5));
#4222=CARTESIAN_POINT('Ctrl Pts',(-14.7758919402237,159.547787796817,151.112578372293));
#4223=CARTESIAN_POINT('Ctrl Pts',(-15.5751579035535,160.165201270041,151.232902907399));
#4224=CARTESIAN_POINT('Ctrl Pts',(-16.4924024866272,160.609815522155,151.31444203713));
#4225=CARTESIAN_POINT('Ctrl Pts',(-17.4570000000002,160.845000451671,151.357429135068));
#4226=CARTESIAN_POINT('Ctrl Pts',(-14.9398917790726,159.323564407195,149.850772723136));
#4227=CARTESIAN_POINT('Ctrl Pts',(-15.723045953504,159.900277206176,149.96408740167));
#4228=CARTESIAN_POINT('Ctrl Pts',(-16.607550299333,160.310745186558,150.041371483651));
#4229=CARTESIAN_POINT('Ctrl Pts',(-17.5307089510668,160.527456582482,150.082153733119));
#4230=CARTESIAN_POINT('Ctrl Pts',(-14.90703908037,159.368481179754,148.517108440244));
#4231=CARTESIAN_POINT('Ctrl Pts',(-15.7068914665153,159.934859637068,148.616598560212));
#4232=CARTESIAN_POINT('Ctrl Pts',(-16.5996629967927,160.334087533049,148.684768209655));
#4233=CARTESIAN_POINT('Ctrl Pts',(-17.5267085758253,160.54469050881,148.72074437046));
#4234=CARTESIAN_POINT('Ctrl Pts',(-14.6815522236786,159.676770673679,147.282831794902));
#4235=CARTESIAN_POINT('Ctrl Pts',(-15.5288389509073,160.264408582908,147.366501424299));
#4236=CARTESIAN_POINT('Ctrl Pts',(-16.4697880110096,160.676748817292,147.424025714534));
#4237=CARTESIAN_POINT('Ctrl Pts',(-17.4455312250504,160.894408822293,147.454370883657));
#4238=CARTESIAN_POINT('Origin',(-4.1,60.5,182.5));
#4239=CARTESIAN_POINT('',(-4.1,60.5,190.));
#4240=CARTESIAN_POINT('Origin',(-4.1,60.5,182.5));
#4241=CARTESIAN_POINT('',(-4.1,53.,182.5));
#4242=CARTESIAN_POINT('Origin',(-4.1,60.5,182.5));
#4243=CARTESIAN_POINT('Origin',(-4.1,60.5,182.5));
#4244=CARTESIAN_POINT('Origin',(-4.1,141.25,182.5));
#4245=CARTESIAN_POINT('',(-4.1,140.289996539999,190.));
#4246=CARTESIAN_POINT('',(-4.1,141.25,190.));
#4247=CARTESIAN_POINT('',(-5.00018884543467,140.289996539999,189.945781358767));
#4248=CARTESIAN_POINT('Origin',(-4.1,140.289996539999,182.5));
#4249=CARTESIAN_POINT('',(-5.00018884543466,64.289996539999,189.945781358767));
#4250=CARTESIAN_POINT('',(-5.00018884543466,141.25,189.945781358767));
#4251=CARTESIAN_POINT('',(-4.1,64.289996539999,190.));
#4252=CARTESIAN_POINT('Origin',(-4.1,64.289996539999,182.5));
#4253=CARTESIAN_POINT('',(-4.1,141.25,190.));
#4254=CARTESIAN_POINT('Origin',(8.38599999999976,60.5,182.5));
#4255=CARTESIAN_POINT('',(14.1859999999998,60.5,190.));
#4256=CARTESIAN_POINT('Origin',(14.1859999999998,60.5,182.5));
#4257=CARTESIAN_POINT('',(8.38599999999976,53.,182.5));
#4258=CARTESIAN_POINT('',(8.38599999999976,60.5,190.));
#4259=CARTESIAN_POINT('Origin',(14.1859999999998,45.5,182.5));
#4260=CARTESIAN_POINT('',(21.6859999999998,58.4903810567666,190.));
#4261=CARTESIAN_POINT('Origin',(14.1859999999998,45.5,190.));
#4262=CARTESIAN_POINT('Ctrl Pts',(21.6859999999998,58.4903810567666,190.));
#4263=CARTESIAN_POINT('Ctrl Pts',(21.6859999999998,57.6456237464844,190.));
#4264=CARTESIAN_POINT('Ctrl Pts',(21.6859999999998,56.7406188522039,189.887457852613));
#4265=CARTESIAN_POINT('Ctrl Pts',(21.6859999999998,55.8534175223282,189.665300240846));
#4266=CARTESIAN_POINT('Origin',(-4.1,60.5,178.));
#4267=CARTESIAN_POINT('',(-4.1,53.,178.));
#4268=CARTESIAN_POINT('Origin',(8.38599999999976,53.,166.));
#4269=CARTESIAN_POINT('Origin',(21.6859999999998,102.986162770255,166.540544559674));
#4270=CARTESIAN_POINT('',(21.6859999999998,105.243081385127,190.));
#4271=CARTESIAN_POINT('Origin',(2.49131115456525,64.289996539999,166.021381777428));
#4272=CARTESIAN_POINT('',(-5.00018884543475,64.289996539999,190.021381777428));
#4273=CARTESIAN_POINT('',(-5.00018884543475,64.289996539999,166.021381777428));
#4274=CARTESIAN_POINT('',(9.98281115456525,64.289996539999,190.021381777428));
#4275=CARTESIAN_POINT('',(2.49131115456525,64.289996539999,190.021381777428));
#4276=CARTESIAN_POINT('',(9.98281115456525,64.289996539999,190.));
#4277=CARTESIAN_POINT('',(9.98281115456525,64.289996539999,166.021381777428));
#4278=CARTESIAN_POINT('',(5.43865557728248,64.289996539999,190.));
#4279=CARTESIAN_POINT('Origin',(9.98281115456529,102.289996539999,166.021381777428));
#4280=CARTESIAN_POINT('',(9.98281115456534,140.289996539999,190.));
#4281=CARTESIAN_POINT('',(9.9828111545653,104.89499827,190.));
#4282=CARTESIAN_POINT('',(9.98281115456534,140.289996539999,190.021381777428));
#4283=CARTESIAN_POINT('',(9.98281115456529,102.289996539999,190.021381777428));
#4284=CARTESIAN_POINT('',(9.98281115456534,140.289996539999,166.021381777428));
#4285=CARTESIAN_POINT('Origin',(2.49131115456534,140.289996539999,166.021381777428));
#4286=CARTESIAN_POINT('',(5.43865557728257,140.289996539999,190.));
#4287=CARTESIAN_POINT('',(-5.00018884543467,140.289996539999,190.021381777428));
#4288=CARTESIAN_POINT('',(2.49131115456534,140.289996539999,190.021381777428));
#4289=CARTESIAN_POINT('',(-5.00018884543467,140.289996539999,166.021381777428));
#4290=CARTESIAN_POINT('Origin',(-5.00018884543471,102.289996539999,166.021381777428));
#4291=CARTESIAN_POINT('',(-5.00018884543471,102.289996539999,190.021381777428));
#4292=CARTESIAN_POINT('Origin',(2.49131115456529,102.289996539999,190.021381777428));
#4293=CARTESIAN_POINT('Origin',(8.38599999999976,107.5,190.));
#4294=CARTESIAN_POINT('Origin',(-32.3140000000002,102.986162770255,166.540544559674));
#4295=CARTESIAN_POINT('',(-22.3140000000002,86.1799944994591,108.942343997037));
#4296=CARTESIAN_POINT('Ctrl Pts',(-22.3140000000002,86.1799944994591,108.942343997037));
#4297=CARTESIAN_POINT('Ctrl Pts',(-22.3140000000002,87.7397234932868,108.487241794694));
#4298=CARTESIAN_POINT('Ctrl Pts',(-22.0277810024992,89.4322170300178,108.068426155917));
#4299=CARTESIAN_POINT('Ctrl Pts',(-20.8908587902762,92.6516283411926,107.414446500761));
#4300=CARTESIAN_POINT('Ctrl Pts',(-20.0428392385685,94.1790389697186,107.177048001084));
#4301=CARTESIAN_POINT('Ctrl Pts',(-18.2175793672539,96.4076593647015,106.894132344164));
#4302=CARTESIAN_POINT('Ctrl Pts',(-17.1972735286045,97.3442665390134,106.80274702216));
#4303=CARTESIAN_POINT('Ctrl Pts',(-15.9651125147995,98.0443427664409,106.744388901531));
#4304=CARTESIAN_POINT('Ctrl Pts',(-15.8898149851554,98.0856897349595,106.740987797773));
#4305=CARTESIAN_POINT('Ctrl Pts',(-15.8139999999993,98.1258671823108,106.737722495847));
#4306=CARTESIAN_POINT('',(-22.3140000000002,47.9038072718647,142.751174817098));
#4307=CARTESIAN_POINT('Origin',(-22.3140000000002,102.986162770255,166.540544559674));
#4308=CARTESIAN_POINT('Ctrl Pts',(-15.8140000000002,44.6110717211933,152.671559556662));
#4309=CARTESIAN_POINT('Ctrl Pts',(-15.9447176616622,44.6242890442308,152.615927335878));
#4310=CARTESIAN_POINT('Ctrl Pts',(-16.0742524106403,44.6382989860283,152.55731213172));
#4311=CARTESIAN_POINT('Ctrl Pts',(-17.431082936599,44.7949506059217,151.906677453955));
#4312=CARTESIAN_POINT('Ctrl Pts',(-18.5291379214584,45.0137939581791,151.043496158107));
#4313=CARTESIAN_POINT('Ctrl Pts',(-20.2805274111158,45.5612985454786,149.12132582258));
#4314=CARTESIAN_POINT('Ctrl Pts',(-21.0437386173091,45.9343406038309,147.914407803105));
#4315=CARTESIAN_POINT('Ctrl Pts',(-22.0608159983042,46.8352707143804,145.3527956392));
#4316=CARTESIAN_POINT('Ctrl Pts',(-22.3140000000002,47.3650977456747,143.99851301702));
#4317=CARTESIAN_POINT('Ctrl Pts',(-22.3140000000002,47.9038072718647,142.751174817098));
#4318=CARTESIAN_POINT('Origin',(-32.3140000000002,102.986162770255,166.540544559674));
#4319=CARTESIAN_POINT('',(20.9999999999998,47.9038072718647,142.751174817098));
#4320=CARTESIAN_POINT('Ctrl Pts',(20.9999999999998,47.9038072718647,142.751174817098));
#4321=CARTESIAN_POINT('Ctrl Pts',(20.9999999999998,47.3500818048673,144.033281209647));
#4322=CARTESIAN_POINT('Ctrl Pts',(20.7327390884935,46.8078260420313,145.423691331468));
#4323=CARTESIAN_POINT('Ctrl Pts',(19.662936968965,45.891334886708,148.044392614897));
#4324=CARTESIAN_POINT('Ctrl Pts',(18.8611550301605,45.5149627574987,149.274245967759));
#4325=CARTESIAN_POINT('Ctrl Pts',(17.069771860572,44.9826996091975,151.163126164296));
#4326=CARTESIAN_POINT('Ctrl Pts',(15.9892839658307,44.7757804333757,151.98437448412));
#4327=CARTESIAN_POINT('Ctrl Pts',(14.5898494252658,44.6195772985049,152.635486672203));
#4328=CARTESIAN_POINT('Ctrl Pts',(14.3891547405222,44.5993777943492,152.720640499621));
#4329=CARTESIAN_POINT('Ctrl Pts',(14.1859999999997,44.5810436301865,152.798562961868));
#4330=CARTESIAN_POINT('',(20.9999999999998,86.1799944994591,108.942343997038));
#4331=CARTESIAN_POINT('Origin',(20.9999999999998,102.986162770255,166.540544559674));
#4332=CARTESIAN_POINT('Ctrl Pts',(14.1859999999888,98.2840937259361,106.725073762376));
#4333=CARTESIAN_POINT('Ctrl Pts',(14.6537174366419,98.0604726799382,106.742652518908));
#4334=CARTESIAN_POINT('Ctrl Pts',(15.0934466445966,97.7957483185801,106.764813012663));
#4335=CARTESIAN_POINT('Ctrl Pts',(16.2944404112615,96.9493776837831,106.842287876109));
#4336=CARTESIAN_POINT('Ctrl Pts',(17.0713764323295,96.2102551931432,106.918562354144));
#4337=CARTESIAN_POINT('Ctrl Pts',(18.4120568700579,94.5579239448044,107.129615634838));
#4338=CARTESIAN_POINT('Ctrl Pts',(18.9771800407007,93.6459611272787,107.265385318071));
#4339=CARTESIAN_POINT('Ctrl Pts',(20.3227534910215,90.9454310909424,107.731851446321));
#4340=CARTESIAN_POINT('Ctrl Pts',(20.89964574118,88.8331865382141,108.193594436709));
#4341=CARTESIAN_POINT('Ctrl Pts',(20.9959229809112,86.5610378479526,108.832186138296));
#4342=CARTESIAN_POINT('Ctrl Pts',(20.9999999999998,86.3702804332027,108.886821821157));
#4343=CARTESIAN_POINT('Ctrl Pts',(20.9999999999998,86.1799944994591,108.942343997037));
#4344=CARTESIAN_POINT('Origin',(0.126244482934545,-0.152800393960755,34.1759501229404));
#4345=CARTESIAN_POINT('',(-13.3737555170655,-0.152800393960753,34.1759501229404));
#4346=CARTESIAN_POINT('Origin',(0.126244482934545,-0.152800393960755,34.1759501229404));
#4347=CARTESIAN_POINT('',(-1.28835916129733,-0.106303020549903,34.1759501229404));
#4348=CARTESIAN_POINT('Origin',(0.194140838702671,-0.106303020549903,34.1759501229404));
#4349=CARTESIAN_POINT('Origin',(0.194140838702671,-0.106303020549903,31.3999999999999));
#4350=CARTESIAN_POINT('',(-1.28835916129733,-0.106303020549903,30.9));
#4351=CARTESIAN_POINT('Origin',(0.194140838702671,-0.106303020549903,30.9));
#4352=CARTESIAN_POINT('',(-1.28835916129733,-0.106303020549903,31.3999999999999));
#4353=CARTESIAN_POINT('Origin',(-13.6191493827625,-9.13088130751573,28.2999999999999));
#4354=CARTESIAN_POINT('',(-13.6191493827625,-9.88688130751573,30.9));
#4355=CARTESIAN_POINT('Origin',(-13.6191493827625,-9.13088130751573,30.9));
#4356=CARTESIAN_POINT('',(-13.6191493827625,-9.88688130751573,33.2999999999999));
#4357=CARTESIAN_POINT('',(-13.6191493827625,-9.88688130751573,28.2999999999999));
#4358=CARTESIAN_POINT('Origin',(-13.6191493827625,-9.13088130751573,33.2999999999999));
#4359=CARTESIAN_POINT('Origin',(-13.6191493827625,-9.13088130751573,33.2999999999999));
#4360=CARTESIAN_POINT('Origin',(14.0074310601678,8.91827526641592,28.2999999999999));
#4361=CARTESIAN_POINT('',(14.0074310601678,8.17027526641592,30.9));
#4362=CARTESIAN_POINT('Origin',(14.0074310601678,8.91827526641592,30.9));
#4363=CARTESIAN_POINT('',(14.0074310601678,8.17027526641592,33.2999999999999));
#4364=CARTESIAN_POINT('',(14.0074310601678,8.17027526641592,28.2999999999999));
#4365=CARTESIAN_POINT('Origin',(14.0074310601678,8.91827526641592,33.2999999999999));
#4366=CARTESIAN_POINT('Origin',(14.0074310601678,8.91827526641592,33.2999999999999));
#4367=CARTESIAN_POINT('Origin',(-8.83043744826314,13.7069872009153,28.2999999999999));
#4368=CARTESIAN_POINT('',(-8.83043744826314,12.9504872009153,30.9));
#4369=CARTESIAN_POINT('Origin',(-8.83043744826314,13.7069872009153,30.9));
#4370=CARTESIAN_POINT('',(-8.83043744826314,12.9504872009153,33.2999999999999));
#4371=CARTESIAN_POINT('',(-8.83043744826314,12.9504872009153,28.2999999999999));
#4372=CARTESIAN_POINT('Origin',(-8.83043744826314,13.7069872009153,33.2999999999999));
#4373=CARTESIAN_POINT('Origin',(-8.83043744826314,13.7069872009153,33.2999999999999));
#4374=CARTESIAN_POINT('Origin',(9.21871912566848,-13.9195932420151,28.2999999999999));
#4375=CARTESIAN_POINT('',(9.21871912566848,-14.6680932420151,30.9));
#4376=CARTESIAN_POINT('Origin',(9.21871912566848,-13.9195932420151,30.9));
#4377=CARTESIAN_POINT('',(9.21871912566848,-14.6680932420151,33.2999999999999));
#4378=CARTESIAN_POINT('',(9.21871912566848,-14.6680932420151,28.2999999999999));
#4379=CARTESIAN_POINT('Origin',(9.21871912566848,-13.9195932420151,33.2999999999999));
#4380=CARTESIAN_POINT('Origin',(9.21871912566848,-13.9195932420151,33.2999999999999));
#4381=CARTESIAN_POINT('Origin',(0.126244482934545,-0.152800393960755,132.67595012294));
#4382=CARTESIAN_POINT('',(12.5060011197302,-5.5371876027074,103.77511181795));
#4383=CARTESIAN_POINT('',(10.9999999999998,-8.1535154217,100.878633178332));
#4384=CARTESIAN_POINT('Ctrl Pts',(12.5060011197302,-5.5371876027074,103.77511181795));
#4385=CARTESIAN_POINT('Ctrl Pts',(12.0739809527082,-6.53048624980906,102.884750847307));
#4386=CARTESIAN_POINT('Ctrl Pts',(11.5521756207733,-7.403054658886,101.92899788776));
#4387=CARTESIAN_POINT('Ctrl Pts',(10.9999999999998,-8.15351542170001,100.878633178332));
#4388=CARTESIAN_POINT('',(10.9999999999998,7.84791463377849,117.181230879262));
#4389=CARTESIAN_POINT('Ctrl Pts',(10.9999999999998,7.84791463377851,117.181230879262));
#4390=CARTESIAN_POINT('Ctrl Pts',(11.1220450895714,7.68204340083768,117.017087613984));
#4391=CARTESIAN_POINT('Ctrl Pts',(11.2391630234492,7.51492766394961,116.848580290521));
#4392=CARTESIAN_POINT('Ctrl Pts',(11.8695627561066,6.57131070489914,115.883585547238));
#4393=CARTESIAN_POINT('Ctrl Pts',(12.2909640630005,5.76882127308384,115.014337155052));
#4394=CARTESIAN_POINT('Ctrl Pts',(13.3011136794367,3.29044883078053,112.327317345225));
#4395=CARTESIAN_POINT('Ctrl Pts',(13.6262444829345,1.53875619686394,110.443961774932));
#4396=CARTESIAN_POINT('Ctrl Pts',(13.6262444829345,-1.05928495163103,107.872985784225));
#4397=CARTESIAN_POINT('Ctrl Pts',(13.5347426309339,-1.98339334649614,106.995733160388));
#4398=CARTESIAN_POINT('Ctrl Pts',(13.157521695173,-3.79391566213527,105.331942741616));
#4399=CARTESIAN_POINT('Ctrl Pts',(12.87869760364,-4.68028567657946,104.54321115335));
#4400=CARTESIAN_POINT('Ctrl Pts',(12.5060011197302,-5.53718760270736,103.77511181795));
#4401=CARTESIAN_POINT('',(-12.3140000000002,5.09032054731181,114.452364097252));
#4402=CARTESIAN_POINT('Origin',(0.126244482934545,-0.152800393960755,109.263863497792));
#4403=CARTESIAN_POINT('',(-13.3737555170655,-0.152800393960758,109.184639123607));
#4404=CARTESIAN_POINT('Ctrl Pts',(-13.3737555170655,-0.152800393960757,
109.184639123607));
#4405=CARTESIAN_POINT('Ctrl Pts',(-13.3737555170655,1.35543625020547,110.677163675307));
#4406=CARTESIAN_POINT('Ctrl Pts',(-13.1122404846005,2.96313647991064,112.325301752684));
#4407=CARTESIAN_POINT('Ctrl Pts',(-12.4714282264957,4.70431368125784,114.068996155632));
#4408=CARTESIAN_POINT('Ctrl Pts',(-12.3951322426654,4.89781975522479,114.261868686917));
#4409=CARTESIAN_POINT('Ctrl Pts',(-12.3140000000002,5.09032054731184,114.452364097252));
#4410=CARTESIAN_POINT('',(-13.3737555170655,-0.152800393960753,132.67595012294));
#4411=CARTESIAN_POINT('',(-13.2013201211256,-2.30361924374847,107.079957506624));
#4412=CARTESIAN_POINT('Ctrl Pts',(-13.2013201211256,-2.30361924374847,107.079957506624));
#4413=CARTESIAN_POINT('Ctrl Pts',(-13.317804381598,-1.58182367879214,107.779634956312));
#4414=CARTESIAN_POINT('Ctrl Pts',(-13.3737555170655,-0.861686456721621,
108.483137898901));
#4415=CARTESIAN_POINT('Ctrl Pts',(-13.3737555170655,-0.152800393960757,
109.184639123607));
#4416=CARTESIAN_POINT('',(-12.3140000000002,-5.39592133523332,104.075362898331));
#4417=CARTESIAN_POINT('Ctrl Pts',(-12.3140000000002,-5.39592133523329,104.075362898331));
#4418=CARTESIAN_POINT('Ctrl Pts',(-12.3339574838644,-5.34856862654801,104.122222309005));
#4419=CARTESIAN_POINT('Ctrl Pts',(-12.3536382814804,-5.30111609714773,104.169096455334));
#4420=CARTESIAN_POINT('Ctrl Pts',(-12.7637243838551,-4.29623024455613,105.160107634702));
#4421=CARTESIAN_POINT('Ctrl Pts',(-13.0403934048615,-3.30080280838984,106.113330822764));
#4422=CARTESIAN_POINT('Ctrl Pts',(-13.2013201211256,-2.30361924374848,107.079957506624));
#4423=CARTESIAN_POINT('',(-12.2183100329752,-5.61741143261047,103.85618017951));
#4424=CARTESIAN_POINT('Origin',(0.126244482934545,-0.152800393960755,109.263863497792));
#4425=CARTESIAN_POINT('',(-10.3653410208269,-8.64848362824285,100.157240586045));
#4426=CARTESIAN_POINT('Ctrl Pts',(-10.3653410208269,-8.64848362824285,100.157240586045));
#4427=CARTESIAN_POINT('Ctrl Pts',(-10.5466035109762,-8.42463689789961,100.497168889393));
#4428=CARTESIAN_POINT('Ctrl Pts',(-10.7234691011582,-8.19155167515935,100.831470720246));
#4429=CARTESIAN_POINT('Ctrl Pts',(-11.3944974596975,-7.24305208976519,102.117541442143));
#4430=CARTESIAN_POINT('Ctrl Pts',(-11.8450495878673,-6.46060665376675,103.021768965382));
#4431=CARTESIAN_POINT('Ctrl Pts',(-12.2183100329752,-5.61741143261049,103.85618017951));
#4432=CARTESIAN_POINT('',(-9.13506592613048,-9.97512850428897,99.54385973298));
#4433=CARTESIAN_POINT('Ctrl Pts',(-9.13506592613048,-9.97512850428897,99.5438597329799));
#4434=CARTESIAN_POINT('Ctrl Pts',(-9.19520833983058,-9.91842121903332,99.5368896787811));
#4435=CARTESIAN_POINT('Ctrl Pts',(-9.2541141648722,-9.86182916264966,99.5335073404616));
#4436=CARTESIAN_POINT('Ctrl Pts',(-9.4835903133724,-9.63748355378219,99.5335073404616));
#4437=CARTESIAN_POINT('Ctrl Pts',(-9.66573704630437,-9.44943700590176,99.5658137972554));
#4438=CARTESIAN_POINT('Ctrl Pts',(-9.99749967498002,-9.08701319596794,99.7184037336186));
#4439=CARTESIAN_POINT('Ctrl Pts',(-10.1472590099942,-8.91285105250859,99.8388861103695));
#4440=CARTESIAN_POINT('Ctrl Pts',(-10.2995874132355,-8.72923072723509,100.044495467295));
#4441=CARTESIAN_POINT('Ctrl Pts',(-10.33395802526,-8.68723947309666,100.098386884828));
#4442=CARTESIAN_POINT('Ctrl Pts',(-10.3653410208269,-8.64848362824285,100.157240586045));
#4443=CARTESIAN_POINT('',(-9.12457066005585,-9.98501373533103,99.5340774815764));
#4444=CARTESIAN_POINT('Origin',(0.126244482934545,-0.152800393960755,109.263863497792));
#4445=CARTESIAN_POINT('',(9.37705962592494,-9.98501373533103,99.5340774815764));
#4446=CARTESIAN_POINT('Ctrl Pts',(9.37705962592494,-9.98501373533103,99.5340774815764));
#4447=CARTESIAN_POINT('Ctrl Pts',(9.30338630840482,-10.0543306040448,99.5482459946127));
#4448=CARTESIAN_POINT('Ctrl Pts',(9.22881629809827,-10.1229298536244,99.5619345794413));
#4449=CARTESIAN_POINT('Ctrl Pts',(8.34374677398108,-10.9188706771211,99.7170758158647));
#4450=CARTESIAN_POINT('Ctrl Pts',(7.43203889592239,-11.5589691746356,99.8052432481771));
#4451=CARTESIAN_POINT('Ctrl Pts',(5.47642675747849,-12.5967103151433,99.9193187801692));
#4452=CARTESIAN_POINT('Ctrl Pts',(4.43012607383564,-12.9957722977398,99.9461352599167));
#4453=CARTESIAN_POINT('Ctrl Pts',(2.28947229141477,-13.5238799896435,99.9767525436483));
#4454=CARTESIAN_POINT('Ctrl Pts',(1.19509261753107,-13.6528003939608,99.9808557735871));
#4455=CARTESIAN_POINT('Ctrl Pts',(-0.942603651661962,-13.6528003939608,
99.9808557735871));
#4456=CARTESIAN_POINT('Ctrl Pts',(-2.03698332554564,-13.5238799896435,99.9767525436483));
#4457=CARTESIAN_POINT('Ctrl Pts',(-4.17763710796648,-12.9957722977398,99.9461352599167));
#4458=CARTESIAN_POINT('Ctrl Pts',(-5.22393779160931,-12.5967103151433,99.9193187801691));
#4459=CARTESIAN_POINT('Ctrl Pts',(-7.17954993005319,-11.5589691746357,99.8052432481771));
#4460=CARTESIAN_POINT('Ctrl Pts',(-8.09125780811188,-10.9188706771212,99.7170758158647));
#4461=CARTESIAN_POINT('Ctrl Pts',(-8.9763273322291,-10.1229298536245,99.5619345794413));
#4462=CARTESIAN_POINT('Ctrl Pts',(-9.05089734253569,-10.0543306040448,99.5482459946127));
#4463=CARTESIAN_POINT('Ctrl Pts',(-9.12457066005585,-9.98501373533103,99.5340774815764));
#4464=CARTESIAN_POINT('',(9.38755489199957,-9.97512850428897,99.54385973298));
#4465=CARTESIAN_POINT('Origin',(0.126244482934545,-0.152800393960755,109.263863497792));
#4466=CARTESIAN_POINT('',(10.617829986696,-8.64848362824285,100.157240586045));
#4467=CARTESIAN_POINT('Ctrl Pts',(10.617829986696,-8.64848362824285,100.157240586045));
#4468=CARTESIAN_POINT('Ctrl Pts',(10.5864469911291,-8.68723947309664,100.098386884828));
#4469=CARTESIAN_POINT('Ctrl Pts',(10.5520763791046,-8.72923072723509,100.044495467295));
#4470=CARTESIAN_POINT('Ctrl Pts',(10.3997479758633,-8.91285105250859,99.8388861103695));
#4471=CARTESIAN_POINT('Ctrl Pts',(10.2499886408491,-9.08701319596794,99.7184037336186));
#4472=CARTESIAN_POINT('Ctrl Pts',(9.91822601217346,-9.44943700590176,99.5658137972554));
#4473=CARTESIAN_POINT('Ctrl Pts',(9.73607927924149,-9.63748355378219,99.5335073404616));
#4474=CARTESIAN_POINT('Ctrl Pts',(9.5066031307413,-9.86182916264966,99.5335073404616));
#4475=CARTESIAN_POINT('Ctrl Pts',(9.44769730569966,-9.91842121903332,99.5368896787811));
#4476=CARTESIAN_POINT('Ctrl Pts',(9.38755489199957,-9.97512850428897,99.5438597329799));
#4477=CARTESIAN_POINT('Ctrl Pts',(10.9999999999998,-8.1535154217,100.878633178332));
#4478=CARTESIAN_POINT('Ctrl Pts',(10.8751926424152,-8.3231408474776,100.641220951222));
#4479=CARTESIAN_POINT('Ctrl Pts',(10.7476370360254,-8.48818083452112,100.400672583503));
#4480=CARTESIAN_POINT('Ctrl Pts',(10.617829986696,-8.64848362824285,100.157240586045));
#4481=CARTESIAN_POINT('Origin',(-12.3140000000003,162.914851366999,256.564088521755));
#4482=CARTESIAN_POINT('',(-22.286,4.17657882341814,100.531541150444));
#4483=CARTESIAN_POINT('Origin',(-12.3140000000002,4.70258263080826,100.));
#4484=CARTESIAN_POINT('',(-22.286,0.89053178810445,97.2797265912245));
#4485=CARTESIAN_POINT('',(-22.286,162.388847559608,257.0956296722));
#4486=CARTESIAN_POINT('',(-12.3140000000002,-5.61741143261047,103.85618017951));
#4487=CARTESIAN_POINT('Origin',(-12.3140000000002,1.41653559549461,96.7481854407805));
#4488=CARTESIAN_POINT('',(-12.3140000000003,155.880904338894,263.672083260485));
#4489=CARTESIAN_POINT('Origin',(44.9999999999999,255.853989493168,362.603696332705));
#4490=CARTESIAN_POINT('',(11.1972215558842,-9.98501373533108,99.5340774815764));
#4491=CARTESIAN_POINT('',(45.,-9.98501373533103,99.5340774815764));
#4492=CARTESIAN_POINT('',(12.1793728685244,-10.037415515196,99.4822215985424));
#4493=CARTESIAN_POINT('Ctrl Pts',(11.1972215558842,-9.98501373533098,99.5340774815764));
#4494=CARTESIAN_POINT('Ctrl Pts',(11.3006579946751,-9.98501373533098,99.5340774815764));
#4495=CARTESIAN_POINT('Ctrl Pts',(11.4038000672091,-9.98681543407805,99.5322945520704));
#4496=CARTESIAN_POINT('Ctrl Pts',(11.7073227650303,-9.99729643499787,99.5219227372364));
#4497=CARTESIAN_POINT('Ctrl Pts',(11.9091697833413,-10.0109166878303,99.5084443737239));
#4498=CARTESIAN_POINT('Ctrl Pts',(12.1307152866058,-10.0324195467753,99.4871655213427));
#4499=CARTESIAN_POINT('Ctrl Pts',(12.1550545019667,-10.0348729446967,99.4847376817547));
#4500=CARTESIAN_POINT('Ctrl Pts',(12.1793728685037,-10.0374155151973,99.4822215985451));
#4501=CARTESIAN_POINT('',(11.4676693101942,-9.98501373533104,99.5340774815764));
#4502=CARTESIAN_POINT('Ctrl Pts',(12.1793728685241,-10.0374155151995,99.4822215985429));
#4503=CARTESIAN_POINT('Ctrl Pts',(11.9396606563549,-10.0123527627986,99.5070232591021));
#4504=CARTESIAN_POINT('Ctrl Pts',(11.7012031055747,-9.99486790112126,99.5243259718014));
#4505=CARTESIAN_POINT('Ctrl Pts',(11.4676693101942,-9.98501373533098,99.5340774815764));
#4506=CARTESIAN_POINT('',(10.9999999999998,-9.97512850428897,99.54385973298));
#4507=CARTESIAN_POINT('Ctrl Pts',(10.9999999999998,-9.97512850428905,99.5438597329799));
#4508=CARTESIAN_POINT('Ctrl Pts',(11.1528844594451,-9.97512850428905,99.5438597329799));
#4509=CARTESIAN_POINT('Ctrl Pts',(11.309151426561,-9.97832493252409,99.5406966036149));
#4510=CARTESIAN_POINT('Ctrl Pts',(11.4676693101942,-9.98501373533099,99.5340774815764));
#4511=CARTESIAN_POINT('',(-23.3144766248866,-9.97512850428897,99.54385973298));
#4512=CARTESIAN_POINT('Origin',(-12.3140000000003,162.914851366999,256.564088521755));
#4513=CARTESIAN_POINT('',(-12.3140000000003,155.880904338894,263.672083260485));
#4514=CARTESIAN_POINT('',(-22.3140000000002,40.9772846403433,135.896809406046));
#4515=CARTESIAN_POINT('',(-22.3140000000003,162.914851366999,256.564088521755));
#4516=CARTESIAN_POINT('',(-22.286,39.9913577560373,135.97321873958));
#4517=CARTESIAN_POINT('Origin',(-12.3140000000002,40.9772846403433,135.896809406046));
#4518=CARTESIAN_POINT('',(-22.286,162.388847559608,257.0956296722));
#4519=CARTESIAN_POINT('Origin',(-23.3144766248866,-9.80604373256197,100.919507340462));
#4520=CARTESIAN_POINT('',(10.9999999999998,-8.64848362824285,100.157240586045));
#4521=CARTESIAN_POINT('Origin',(10.9999999999998,-9.80604373256197,100.919507340462));
#4522=CARTESIAN_POINT('',(-23.3144766248866,-8.64848362824285,100.157240586045));
#4523=CARTESIAN_POINT('Origin',(44.9999999999999,255.853989493168,362.603696332705));
#4524=CARTESIAN_POINT('',(10.9999999999998,155.880904338894,263.672083260485));
#4525=CARTESIAN_POINT('Origin',(44.9999999999999,255.853989493168,362.603696332705));
#4526=CARTESIAN_POINT('',(-23.3144766248867,-5.61741143261047,103.85618017951));
#4527=CARTESIAN_POINT('Origin',(-23.3144766248866,10.5606667320311,87.5077922804316));
#4528=CARTESIAN_POINT('Origin',(10.9999999999998,10.5606667320311,87.5077922804316));
#4529=CARTESIAN_POINT('Origin',(-23.3144766248866,10.5606667320311,87.5077922804316));
#4530=CARTESIAN_POINT('',(-12.3140000000002,-8.64848362824285,100.157240586045));
#4531=CARTESIAN_POINT('Origin',(-12.3140000000002,10.5606667320311,87.5077922804316));
#4532=CARTESIAN_POINT('',(-23.3144766248866,-8.64848362824285,100.157240586045));
#4533=CARTESIAN_POINT('Origin',(10.9999999999998,162.914851366999,256.564088521755));
#4534=CARTESIAN_POINT('',(20.9999999999998,1.41653559549455,96.7481854407805));
#4535=CARTESIAN_POINT('Origin',(10.9999999999998,1.41653559549455,96.7481854407805));
#4536=CARTESIAN_POINT('',(20.9999999999998,162.914851366999,256.564088521755));
#4537=CARTESIAN_POINT('Origin',(-3.26383480415748,5.3372344295427,22.4));
#4538=CARTESIAN_POINT('',(0.228166873400292,6.83587524172343,25.));
#4539=CARTESIAN_POINT('',(-0.739206639972775,8.17734932732508,25.));
#4540=CARTESIAN_POINT('Origin',(-3.26383480415748,5.3372344295427,25.));
#4541=CARTESIAN_POINT('',(0.228166873400293,6.83587524172343,30.9));
#4542=CARTESIAN_POINT('',(0.228166873400292,6.83587524172343,22.4));
#4543=CARTESIAN_POINT('',(-0.739206639972775,8.17734932732508,30.9));
#4544=CARTESIAN_POINT('Origin',(-3.26383480415748,5.3372344295427,30.9));
#4545=CARTESIAN_POINT('',(-0.739206639972775,8.17734932732507,22.4));
#4546=CARTESIAN_POINT('Origin',(-0.739206639972775,8.17734932732507,22.4));
#4547=CARTESIAN_POINT('',(-8.39730924285423,14.9847716363827,25.));
#4548=CARTESIAN_POINT('',(1.49750167639847,6.18909990298446,25.));
#4549=CARTESIAN_POINT('',(-8.39730924285423,14.9847716363827,30.9));
#4550=CARTESIAN_POINT('',(-0.739206639972774,8.17734932732508,30.9));
#4551=CARTESIAN_POINT('',(-8.39730924285423,14.9847716363827,22.4));
#4552=CARTESIAN_POINT('Origin',(-9.12812265880244,14.1626331133405,22.4));
#4553=CARTESIAN_POINT('',(-10.1745828498322,13.8236330121753,25.));
#4554=CARTESIAN_POINT('Origin',(-9.12812265880244,14.1626331133405,25.));
#4555=CARTESIAN_POINT('',(-10.1745828498322,13.8236330121753,30.9));
#4556=CARTESIAN_POINT('Origin',(-9.12812265880244,14.1626331133405,30.9));
#4557=CARTESIAN_POINT('',(-10.1745828498322,13.8236330121753,22.4));
#4558=CARTESIAN_POINT('Origin',(-10.1745828498322,13.8236330121753,22.4));
#4559=CARTESIAN_POINT('',(-7.01684545601243,4.07600619731473,25.));
#4560=CARTESIAN_POINT('',(-7.66499224079866,6.07677199617853,25.));
#4561=CARTESIAN_POINT('',(-7.01684545601243,4.07600619731473,30.9));
#4562=CARTESIAN_POINT('',(-10.1745828498322,13.8236330121753,30.9));
#4563=CARTESIAN_POINT('',(-7.01684545601243,4.07600619731473,22.4));
#4564=CARTESIAN_POINT('Origin',(-3.4018011597279,5.24709745588542,22.4));
#4565=CARTESIAN_POINT('',(-6.17696246578422,2.65123926920268,25.));
#4566=CARTESIAN_POINT('Origin',(-3.4018011597279,5.24709745588542,25.));
#4567=CARTESIAN_POINT('',(-6.17696246578422,2.65123926920268,30.9));
#4568=CARTESIAN_POINT('Origin',(-3.4018011597279,5.24709745588542,30.9));
#4569=CARTESIAN_POINT('',(-6.17696246578422,2.65123926920268,22.4));
#4570=CARTESIAN_POINT('Origin',(-7.41848199744099,1.48993429094988,22.4));
#4571=CARTESIAN_POINT('',(-6.74803742357067,-0.0722769858522851,25.));
#4572=CARTESIAN_POINT('Origin',(-7.41848199744099,1.48993429094988,25.));
#4573=CARTESIAN_POINT('',(-6.74803742357067,-0.0722769858522843,30.9));
#4574=CARTESIAN_POINT('Origin',(-7.41848199744099,1.48993429094988,30.9));
#4575=CARTESIAN_POINT('',(-6.74803742357067,-0.0722769858522857,22.4));
#4576=CARTESIAN_POINT('Origin',(-5.24939661138994,-3.56427866341006,22.4));
#4577=CARTESIAN_POINT('',(-8.08951150917231,-1.03965049922536,25.));
#4578=CARTESIAN_POINT('Origin',(-5.24939661138994,-3.56427866341006,25.));
#4579=CARTESIAN_POINT('',(-8.08951150917231,-1.03965049922535,30.9));
#4580=CARTESIAN_POINT('Origin',(-5.24939661138994,-3.56427866341006,30.9));
#4581=CARTESIAN_POINT('',(-8.08951150917231,-1.03965049922536,22.4));
#4582=CARTESIAN_POINT('Origin',(-8.08951150917231,-1.03965049922536,22.4));
#4583=CARTESIAN_POINT('',(-14.89693381823,-8.69775310210681,25.));
#4584=CARTESIAN_POINT('',(-6.04605444180329,1.25916440839003,25.));
#4585=CARTESIAN_POINT('',(-14.89693381823,-8.6977531021068,30.9));
#4586=CARTESIAN_POINT('',(-8.08951150917231,-1.03965049922536,30.9));
#4587=CARTESIAN_POINT('',(-14.89693381823,-8.69775310210681,22.4));
#4588=CARTESIAN_POINT('Origin',(-14.0747952951877,-9.42856651805501,22.4));
#4589=CARTESIAN_POINT('',(-13.7357951940225,-10.4750267090847,25.));
#4590=CARTESIAN_POINT('Origin',(-14.0747952951877,-9.42856651805501,25.));
#4591=CARTESIAN_POINT('',(-13.7357951940225,-10.4750267090847,30.9));
#4592=CARTESIAN_POINT('Origin',(-14.0747952951877,-9.42856651805501,30.9));
#4593=CARTESIAN_POINT('',(-13.7357951940225,-10.4750267090847,22.4));
#4594=CARTESIAN_POINT('Origin',(-13.7357951940225,-10.4750267090847,22.4));
#4595=CARTESIAN_POINT('',(-3.98816837916196,-7.317289315265,25.));
#4596=CARTESIAN_POINT('',(-5.98463948865958,-7.96404483821242,25.));
#4597=CARTESIAN_POINT('',(-3.98816837916196,-7.317289315265,30.9));
#4598=CARTESIAN_POINT('',(-13.7357951940225,-10.4750267090847,30.9));
#4599=CARTESIAN_POINT('',(-3.98816837916196,-7.317289315265,22.4));
#4600=CARTESIAN_POINT('Origin',(-5.15925963773265,-3.70224501898047,22.4));
#4601=CARTESIAN_POINT('',(-2.56340145104991,-6.47740632503679,25.));
#4602=CARTESIAN_POINT('Origin',(-5.15925963773265,-3.70224501898047,25.));
#4603=CARTESIAN_POINT('',(-2.56340145104991,-6.47740632503679,30.9));
#4604=CARTESIAN_POINT('Origin',(-5.15925963773265,-3.70224501898047,30.9));
#4605=CARTESIAN_POINT('',(-2.56340145104991,-6.47740632503679,22.4));
#4606=CARTESIAN_POINT('Origin',(-1.40209647279711,-7.71892585669357,22.4));
#4607=CARTESIAN_POINT('',(0.160114804005048,-7.04848128282324,25.));
#4608=CARTESIAN_POINT('Origin',(-1.40209647279711,-7.71892585669357,25.));
#4609=CARTESIAN_POINT('',(0.160114804005047,-7.04848128282324,30.9));
#4610=CARTESIAN_POINT('Origin',(-1.40209647279711,-7.71892585669357,30.9));
#4611=CARTESIAN_POINT('',(0.160114804005048,-7.04848128282324,22.4));
#4612=CARTESIAN_POINT('Origin',(3.65211648156282,-5.54984047064251,22.4));
#4613=CARTESIAN_POINT('',(1.12748831737812,-8.38995536842488,25.));
#4614=CARTESIAN_POINT('Origin',(3.65211648156282,-5.54984047064251,25.));
#4615=CARTESIAN_POINT('',(1.12748831737812,-8.38995536842488,30.9));
#4616=CARTESIAN_POINT('Origin',(3.65211648156282,-5.54984047064251,30.9));
#4617=CARTESIAN_POINT('',(1.12748831737812,-8.38995536842488,22.4));
#4618=CARTESIAN_POINT('Origin',(1.79037815020245,7.50631981559375,22.4));
#4619=CARTESIAN_POINT('',(2.95168312845526,6.26480028393698,25.));
#4620=CARTESIAN_POINT('Origin',(1.79037815020245,7.50631981559375,25.));
#4621=CARTESIAN_POINT('',(2.95168312845526,6.26480028393698,30.9));
#4622=CARTESIAN_POINT('',(2.95168312845526,6.26480028393698,22.4));
#4623=CARTESIAN_POINT('Origin',(1.79037815020245,7.50631981559376,30.9));
#4624=CARTESIAN_POINT('Origin',(5.547541315138,3.48963897788066,22.4));
#4625=CARTESIAN_POINT('',(4.37645005656731,7.10468327416519,25.));
#4626=CARTESIAN_POINT('Origin',(5.547541315138,3.48963897788066,25.));
#4627=CARTESIAN_POINT('',(4.37645005656731,7.1046832741652,30.9));
#4628=CARTESIAN_POINT('',(4.37645005656731,7.10468327416519,22.4));
#4629=CARTESIAN_POINT('Origin',(5.547541315138,3.48963897788066,30.9));
#4630=CARTESIAN_POINT('Origin',(14.1240768714278,10.2624206679849,22.4));
#4631=CARTESIAN_POINT('',(14.1240768714278,10.2624206679849,25.));
#4632=CARTESIAN_POINT('',(6.22838518764362,7.70461646050885,25.));
#4633=CARTESIAN_POINT('',(14.1240768714278,10.2624206679849,30.9));
#4634=CARTESIAN_POINT('',(14.1240768714278,10.2624206679849,22.4));
#4635=CARTESIAN_POINT('',(14.1240768714278,10.2624206679849,30.9));
#4636=CARTESIAN_POINT('Origin',(14.463076972593,9.2159604769552,22.4));
#4637=CARTESIAN_POINT('',(15.2852154956353,8.485147061007,25.));
#4638=CARTESIAN_POINT('Origin',(14.463076972593,9.21596047695521,25.));
#4639=CARTESIAN_POINT('',(15.2852154956353,8.485147061007,30.9));
#4640=CARTESIAN_POINT('',(15.2852154956353,8.485147061007,22.4));
#4641=CARTESIAN_POINT('Origin',(14.463076972593,9.21596047695521,30.9));
#4642=CARTESIAN_POINT('Origin',(8.47779318657765,0.827044458125537,22.4));
#4643=CARTESIAN_POINT('',(8.47779318657765,0.827044458125537,25.));
#4644=CARTESIAN_POINT('',(6.40142842385488,-1.5087904103505,25.));
#4645=CARTESIAN_POINT('',(8.47779318657765,0.827044458125539,30.9));
#4646=CARTESIAN_POINT('',(8.47779318657765,0.827044458125537,22.4));
#4647=CARTESIAN_POINT('',(8.47779318657764,0.827044458125536,30.9));
#4648=CARTESIAN_POINT('Origin',(5.63767828879527,3.35167262231024,22.4));
#4649=CARTESIAN_POINT('',(7.136319100976,-0.14032905524753,25.));
#4650=CARTESIAN_POINT('Origin',(5.63767828879527,3.35167262231024,25.));
#4651=CARTESIAN_POINT('',(7.136319100976,-0.140329055247528,30.9));
#4652=CARTESIAN_POINT('',(7.136319100976,-0.14032905524753,22.4));
#4653=CARTESIAN_POINT('Origin',(5.63767828879527,3.35167262231024,30.9));
#4654=CARTESIAN_POINT('Origin',(7.80676367484633,-1.70254033204969,22.4));
#4655=CARTESIAN_POINT('',(6.56524414318956,-2.86384531030249,25.));
#4656=CARTESIAN_POINT('Origin',(7.80676367484633,-1.70254033204969,25.));
#4657=CARTESIAN_POINT('',(6.56524414318956,-2.86384531030249,30.9));
#4658=CARTESIAN_POINT('',(6.56524414318956,-2.86384531030249,22.4));
#4659=CARTESIAN_POINT('Origin',(7.80676367484633,-1.70254033204969,30.9));
#4660=CARTESIAN_POINT('Origin',(3.79008283713324,-5.45970349698523,22.4));
#4661=CARTESIAN_POINT('',(7.40512713341777,-4.28861223841454,25.));
#4662=CARTESIAN_POINT('Origin',(3.79008283713324,-5.45970349698523,25.));
#4663=CARTESIAN_POINT('',(7.40512713341777,-4.28861223841453,30.9));
#4664=CARTESIAN_POINT('',(7.40512713341777,-4.28861223841454,22.4));
#4665=CARTESIAN_POINT('Origin',(3.79008283713324,-5.45970349698523,30.9));
#4666=CARTESIAN_POINT('Origin',(10.5628645272375,-14.0362390532751,22.4));
#4667=CARTESIAN_POINT('',(10.5628645272375,-14.0362390532751,25.));
#4668=CARTESIAN_POINT('',(8.00366905792262,-6.13625268012467,25.));
#4669=CARTESIAN_POINT('',(10.5628645272375,-14.0362390532751,30.9));
#4670=CARTESIAN_POINT('',(10.5628645272375,-14.0362390532751,22.4));
#4671=CARTESIAN_POINT('',(10.5628645272375,-14.0362390532751,30.9));
#4672=CARTESIAN_POINT('Origin',(9.51640433620778,-14.3752391544403,22.4));
#4673=CARTESIAN_POINT('',(8.78559092025958,-15.1973776774825,25.));
#4674=CARTESIAN_POINT('Origin',(9.51640433620778,-14.3752391544403,25.));
#4675=CARTESIAN_POINT('',(8.78559092025958,-15.1973776774825,30.9));
#4676=CARTESIAN_POINT('',(8.78559092025958,-15.1973776774825,22.4));
#4677=CARTESIAN_POINT('Origin',(9.51640433620778,-14.3752391544403,30.9));
#4678=CARTESIAN_POINT('Origin',(1.12748831737812,-8.38995536842488,22.4));
#4679=CARTESIAN_POINT('',(-1.27045314234206,-6.25838296267371,25.));
#4680=CARTESIAN_POINT('',(1.12748831737811,-8.38995536842488,30.9));
#4681=CARTESIAN_POINT('Origin',(0.19414083870267,-0.106303020549905,30.9));
#4682=CARTESIAN_POINT('Origin',(0.,0.,25.));
#4683=CARTESIAN_POINT('',(-80.,-9.79717439317883E-15,25.));
#4684=CARTESIAN_POINT('Origin',(0.,0.,25.));
#4685=CARTESIAN_POINT('Origin',(-51.1569766248866,68.7224629920504,101.423334147209));
#4686=CARTESIAN_POINT('',(-22.3140000000002,46.2897304369456,103.16187092023));
#4687=CARTESIAN_POINT('',(-22.3140000000002,76.5007755254591,100.82051492587));
#4688=CARTESIAN_POINT('',(-22.3140000000002,72.0950239336032,101.161960674239));
#4689=CARTESIAN_POINT('',(-22.3134766248866,46.2897304369456,103.16187092023));
#4690=CARTESIAN_POINT('',(-51.1569766248866,46.2897304369456,103.16187092023));
#4691=CARTESIAN_POINT('',(-22.3134766248866,76.6464831253983,100.809222586875));
#4692=CARTESIAN_POINT('',(-22.3134766248866,68.7224629920504,101.423334147209));
#4693=CARTESIAN_POINT('Origin',(-12.3140000000002,76.5007755254591,100.82051492587));
#4694=CARTESIAN_POINT('Origin',(-51.1569766248866,69.1115088877019,106.443281187874));
#4695=CARTESIAN_POINT('',(-22.3140000000002,82.0103763651313,105.443618958373));
#4696=CARTESIAN_POINT('',(-22.3140000000002,46.6787763325971,108.181817960894));
#4697=CARTESIAN_POINT('',(-22.3140000000002,72.4840698292547,106.181907714903));
#4698=CARTESIAN_POINT('',(-22.3134766248866,82.1560839650706,105.432326619378));
#4699=CARTESIAN_POINT('Origin',(-12.3140000000002,82.0103763651313,105.443618958373));
#4700=CARTESIAN_POINT('',(-22.3134766248866,46.6787763325971,108.181817960894));
#4701=CARTESIAN_POINT('',(-22.3134766248866,69.1115088877019,106.443281187874));
#4702=CARTESIAN_POINT('',(-51.1569766248866,46.6787763325971,108.181817960894));
#4703=CARTESIAN_POINT('Origin',(-51.1569766248866,46.4599593307988,105.3583727764));
#4704=CARTESIAN_POINT('',(-22.3140000000002,45.1721281481319,88.7411962258592));
#4705=CARTESIAN_POINT('',(-22.3140000000002,47.9586809593473,124.696716370573));
#4706=CARTESIAN_POINT('',(-22.3134766248866,45.1721281481319,88.7411962258592));
#4707=CARTESIAN_POINT('',(-36.7357266248867,45.1721281481319,88.7411962258592));
#4708=CARTESIAN_POINT('',(-22.3134766248866,46.4599593307988,105.3583727764));
#4709=CARTESIAN_POINT('Origin',(-22.3140000000002,78.6352570261062,141.773776245786));
#4710=CARTESIAN_POINT('',(-22.3140000000002,54.7861187322026,82.5997544195072));
#4711=CARTESIAN_POINT('',(-22.3140000000002,97.9188853167023,118.792442952217));
#4712=CARTESIAN_POINT('',(-22.3140000000002,45.1721281481319,72.3941489755866));
#4713=CARTESIAN_POINT('Origin',(-22.3140000000002,93.3533753133949,36.6370878323685));
#4714=CARTESIAN_POINT('',(-22.3140000000002,45.1721281481319,108.386888122893));
#4715=CARTESIAN_POINT('Origin',(-51.1569766248866,46.4599593307988,105.3583727764));
#4716=CARTESIAN_POINT('',(-22.3134766248866,48.779824166567,135.292112592764));
#4717=CARTESIAN_POINT('',(-22.3134766248866,46.4599593307988,105.3583727764));
#4718=CARTESIAN_POINT('',(-22.3140000000002,48.779824166567,135.292112592764));
#4719=CARTESIAN_POINT('',(-51.1569766248866,48.779824166567,135.292112592764));
#4720=CARTESIAN_POINT('',(-22.3140000000002,47.9586809593473,124.696716370573));
#4721=CARTESIAN_POINT('Origin',(-22.3140000000002,78.6352570261062,141.773776245786));
#4722=CARTESIAN_POINT('',(-22.3140000000002,62.1224884659442,134.258056109562));
#4723=CARTESIAN_POINT('',(-22.3140000000002,97.9188853167023,118.792442952217));
#4724=CARTESIAN_POINT('Origin',(-51.143,41.4749076518867,105.744714281515));
#4725=CARTESIAN_POINT('',(-22.3134766248866,39.1550428161185,75.8109744651516));
#4726=CARTESIAN_POINT('',(-22.3134766248866,43.7947724876549,135.678454097879));
#4727=CARTESIAN_POINT('',(-22.3134766248867,40.1663943048837,88.8606710943799));
#4728=CARTESIAN_POINT('',(-22.286,39.1550428161185,75.8109744651516));
#4729=CARTESIAN_POINT('',(-51.143,39.1550428161185,75.8109744651516));
#4730=CARTESIAN_POINT('',(-22.286,43.7947724876549,135.678454097879));
#4731=CARTESIAN_POINT('',(-22.286,41.4749076518867,105.744714281515));
#4732=CARTESIAN_POINT('',(-51.143,43.7947724876549,135.678454097879));
#4733=CARTESIAN_POINT('Origin',(-51.143,-1.07069262255459,139.15552764392));
#4734=CARTESIAN_POINT('',(-22.3134766248866,46.2872983271109,135.485283345321));
#4735=CARTESIAN_POINT('',(-22.286,-1.07069262255459,139.15552764392));
#4736=CARTESIAN_POINT('Origin',(-22.286,-3.39055745832279,109.221787827557));
#4737=CARTESIAN_POINT('',(-22.286,-41.0023327233295,82.0231710694588));
#4738=CARTESIAN_POINT('',(-22.286,-5.71042229409099,79.2880480111928));
#4739=CARTESIAN_POINT('',(-22.286,-41.0023327233295,92.5));
#4740=CARTESIAN_POINT('',(-22.286,-41.0023327233295,75.));
#4741=CARTESIAN_POINT('',(-22.286,-40.4697129769059,93.1414003495355));
#4742=CARTESIAN_POINT('Ctrl Pts',(-22.286,-40.4697129769059,93.1414003495356));
#4743=CARTESIAN_POINT('Ctrl Pts',(-22.286,-40.5127352013818,93.1414003495356));
#4744=CARTESIAN_POINT('Ctrl Pts',(-22.2859999999998,-40.5553176268761,93.1349256787952));
#4745=CARTESIAN_POINT('Ctrl Pts',(-22.2859999999998,-40.6393366346986,93.1096226597748));
#4746=CARTESIAN_POINT('Ctrl Pts',(-22.286,-40.6799576396382,93.0905413399945));
#4747=CARTESIAN_POINT('Ctrl Pts',(-22.286,-40.7811859799132,93.0257359604573));
#4748=CARTESIAN_POINT('Ctrl Pts',(-22.2859999999987,-40.8352621136214,92.9715040817452));
#4749=CARTESIAN_POINT('Ctrl Pts',(-22.2859999999987,-40.9223161433236,92.8460376206285));
#4750=CARTESIAN_POINT('Ctrl Pts',(-22.286,-40.9546713593943,92.7749269626564));
#4751=CARTESIAN_POINT('Ctrl Pts',(-22.286,-40.9933136819244,92.6353650143443));
#4752=CARTESIAN_POINT('Ctrl Pts',(-22.286,-41.0023327233295,92.5676690217278));
#4753=CARTESIAN_POINT('Ctrl Pts',(-22.286,-41.0023327233295,92.5));
#4754=CARTESIAN_POINT('',(-22.2859999999972,-17.3543983975111,93.1414003496009));
#4755=CARTESIAN_POINT('',(-22.286,-0.15337185186807,93.1414003495356));
#4756=CARTESIAN_POINT('',(-22.2859999999994,-16.8207061380313,92.9216543900979));
#4757=CARTESIAN_POINT('Ctrl Pts',(-22.2860097208939,-16.8208359724923,92.9216663568235));
#4758=CARTESIAN_POINT('Ctrl Pts',(-22.2859865332453,-16.8545976782765,92.9512955112031));
#4759=CARTESIAN_POINT('Ctrl Pts',(-22.2859480154301,-16.8910490992872,92.9778785858026));
#4760=CARTESIAN_POINT('Ctrl Pts',(-22.2859001764744,-16.9294363016253,93.001494082632));
#4761=CARTESIAN_POINT('Ctrl Pts',(-22.2858523132254,-16.9678429974929,93.0251215717233));
#4762=CARTESIAN_POINT('Ctrl Pts',(-22.2857944181001,-17.0081878043456,93.0457784011461));
#4763=CARTESIAN_POINT('Ctrl Pts',(-22.2857327823346,-17.0497053813594,93.0634920257519));
#4764=CARTESIAN_POINT('Ctrl Pts',(-22.2857211321767,-17.0575528757944,93.0668401876755));
#4765=CARTESIAN_POINT('Ctrl Pts',(-22.2857093652753,-17.0654422317749,93.0700830533874));
#4766=CARTESIAN_POINT('Ctrl Pts',(-22.2856975528829,-17.0733682243887,93.0732206094171));
#4767=CARTESIAN_POINT('Ctrl Pts',(-22.2856254714335,-17.121734128085,93.0923665688156));
#4768=CARTESIAN_POINT('Ctrl Pts',(-22.2855499680454,-17.1717362535359,93.1077228208701));
#4769=CARTESIAN_POINT('Ctrl Pts',(-22.2854773381867,-17.2226226961565,93.1193847691029));
#4770=CARTESIAN_POINT('Ctrl Pts',(-22.2854153326796,-17.2660654308601,93.1293407985896));
#4771=CARTESIAN_POINT('Ctrl Pts',(-22.2853551759857,-17.3101525623172,93.1366031740476));
#4772=CARTESIAN_POINT('Ctrl Pts',(-22.2853017660965,-17.3544046563947,93.1412035769485));
#4773=CARTESIAN_POINT('',(-22.286,-0.921233296614351,95.0687566197467));
#4774=CARTESIAN_POINT('Origin',(-22.286,-9.80604373256197,100.919507340462));
#4775=CARTESIAN_POINT('Origin',(-22.286,10.5606667320311,87.5077922804316));
#4776=CARTESIAN_POINT('Origin',(-51.143,-5.71042229409098,79.2880480111928));
#4777=CARTESIAN_POINT('',(-22.3134766248866,-40.4788718518681,81.9826028519205));
#4778=CARTESIAN_POINT('',(-22.3134766248866,-2.78331614386063,79.0611972845499));
#4779=CARTESIAN_POINT('Origin',(-17.3134766248866,-40.4788718518681,81.9826028519205));
#4780=CARTESIAN_POINT('Origin',(-12.3140000000002,10.5606667320311,87.5077922804316));
#4781=CARTESIAN_POINT('Origin',(-12.3140000000002,-0.296679123775914,94.6574804531696));
#4782=CARTESIAN_POINT('Origin',(-12.3140000000002,-9.80604373256197,100.919507340462));
#4783=CARTESIAN_POINT('',(-19.6395201042353,-12.0684769122306,96.938599916159));
#4784=CARTESIAN_POINT('Ctrl Pts',(-19.6395201042353,-12.0684769122306,96.938599916159));
#4785=CARTESIAN_POINT('Ctrl Pts',(-20.5712994267956,-12.7452548315108,96.1698619277058));
#4786=CARTESIAN_POINT('Ctrl Pts',(-21.7253961954119,-14.1492390618146,94.8191613546207));
#4787=CARTESIAN_POINT('Ctrl Pts',(-22.2185199095078,-16.0446800830951,93.4375042994486));
#4788=CARTESIAN_POINT('Ctrl Pts',(-22.286002357939,-16.8207512903074,92.9217226369368));
#4789=CARTESIAN_POINT('',(-13.4933728688166,-10.0374155151781,99.4822215985044));
#4790=CARTESIAN_POINT('Ctrl Pts',(-13.4933728688166,-10.0374155151781,99.4822215985043));
#4791=CARTESIAN_POINT('Ctrl Pts',(-13.4062497197527,-10.0427743562004,99.493564748785));
#4792=CARTESIAN_POINT('Ctrl Pts',(-13.2821839698294,-10.0511277864593,99.5083595133968));
#4793=CARTESIAN_POINT('Ctrl Pts',(-13.0911674763731,-10.0701102789911,99.5283191007897));
#4794=CARTESIAN_POINT('Ctrl Pts',(-13.0658946685717,-10.0903364515068,99.5339771746138));
#4795=CARTESIAN_POINT('Ctrl Pts',(-13.2547570470021,-10.1218792072958,99.5258615524627));
#4796=CARTESIAN_POINT('Ctrl Pts',(-13.6770999210587,-10.1637197893063,99.4892961868889));
#4797=CARTESIAN_POINT('Ctrl Pts',(-14.0485723020633,-10.2058127507652,99.4365242511832));
#4798=CARTESIAN_POINT('Ctrl Pts',(-14.2434078067503,-10.229742956246,99.4035373114072));
#4799=CARTESIAN_POINT('Ctrl Pts',(-14.2551986241717,-10.2311988270971,99.4015289864317));
#4800=CARTESIAN_POINT('Ctrl Pts',(-14.2758632289137,-10.2337582758731,99.3979845624768));
#4801=CARTESIAN_POINT('Ctrl Pts',(-14.3054125571889,-10.2374503908602,99.3928403623935));
#4802=CARTESIAN_POINT('Ctrl Pts',(-14.3409295176105,-10.2419379625521,99.3865373299713));
#4803=CARTESIAN_POINT('Ctrl Pts',(-14.3883451654257,-10.2479986332467,99.3779613839004));
#4804=CARTESIAN_POINT('Ctrl Pts',(-14.4477236904551,-10.2557204661999,99.3669194668921));
#4805=CARTESIAN_POINT('Ctrl Pts',(-14.5250540020138,-10.2660173214162,99.3520120274105));
#4806=CARTESIAN_POINT('Ctrl Pts',(-14.5965544221745,-10.2757960046792,99.3376797221912));
#4807=CARTESIAN_POINT('Ctrl Pts',(-14.6919688705554,-10.2891672499555,99.3178997312833));
#4808=CARTESIAN_POINT('Ctrl Pts',(-14.853170832943,-10.3125166907351,99.2829647372261));
#4809=CARTESIAN_POINT('Ctrl Pts',(-15.0444427877406,-10.3423082962847,99.237569970114));
#4810=CARTESIAN_POINT('Ctrl Pts',(-15.2356091539217,-10.3744034453801,99.1882217544174));
#4811=CARTESIAN_POINT('Ctrl Pts',(-15.4267014786242,-10.4081035102677,99.1362308203372));
#4812=CARTESIAN_POINT('Ctrl Pts',(-15.6176779676396,-10.4443140498912,99.0802648453608));
#4813=CARTESIAN_POINT('Ctrl Pts',(-15.8083730312704,-10.4832345298016,99.0203227891679));
#4814=CARTESIAN_POINT('Ctrl Pts',(-15.9988567358668,-10.5240223010039,98.9577315930435));
#4815=CARTESIAN_POINT('Ctrl Pts',(-16.2364948188374,-10.5786461305474,98.874510298165));
#4816=CARTESIAN_POINT('Ctrl Pts',(-16.472791267538,-10.6382920992028,98.7848591751618));
#4817=CARTESIAN_POINT('Ctrl Pts',(-16.9428160425357,-10.7655561862797,98.5960496748503));
#4818=CARTESIAN_POINT('Ctrl Pts',(-18.0471841409124,-11.1208421747697,98.0853145881495));
#4819=CARTESIAN_POINT('Ctrl Pts',(-19.0263716424898,-11.6231296823982,97.444460589046));
#4820=CARTESIAN_POINT('Ctrl Pts',(-19.6395201040793,-12.0684769121173,96.9385999162877));
#4821=CARTESIAN_POINT('',(-12.7816693101946,-9.98501373533104,99.5340774815764));
#4822=CARTESIAN_POINT('Ctrl Pts',(-12.7816693101946,-9.98501373533098,99.5340774815764));
#4823=CARTESIAN_POINT('Ctrl Pts',(-13.0151895022119,-9.99486732711528,99.5243265398277));
#4824=CARTESIAN_POINT('Ctrl Pts',(-13.2536420118067,-10.0123508134398,99.5070251881535));
#4825=CARTESIAN_POINT('Ctrl Pts',(-13.4933728688121,-10.0374155152296,99.4822215985132));
#4826=CARTESIAN_POINT('',(-12.3140000000002,-9.97512850428897,99.54385973298));
#4827=CARTESIAN_POINT('Ctrl Pts',(-12.7816693101946,-9.98501373533098,99.5340774815764));
#4828=CARTESIAN_POINT('Ctrl Pts',(-12.6231514265615,-9.97832493252408,99.5406966036149));
#4829=CARTESIAN_POINT('Ctrl Pts',(-12.4668844594455,-9.97512850428905,99.5438597329799));
#4830=CARTESIAN_POINT('Ctrl Pts',(-12.3140000000002,-9.97512850428905,99.5438597329799));
#4831=CARTESIAN_POINT('Origin',(-12.3140000000002,-9.80604373256197,100.919507340462));
#4832=CARTESIAN_POINT('Ctrl Pts',(-14.8137768195808,-17.4213784962041,100.));
#4833=CARTESIAN_POINT('Ctrl Pts',(-14.8100256250132,-17.0028995218205,100.));
#4834=CARTESIAN_POINT('Ctrl Pts',(-14.6915477105043,-16.0283665826811,100.));
#4835=CARTESIAN_POINT('Ctrl Pts',(-14.3783248566991,-15.0983827089162,100.));
#4836=CARTESIAN_POINT('Ctrl Pts',(-14.145380026059,-14.5910263340756,100.));
#4837=CARTESIAN_POINT('Ctrl Pts',(-15.9286510251702,-17.4113848995849,100.));
#4838=CARTESIAN_POINT('Ctrl Pts',(-15.8642953663024,-16.9096880231081,99.999807260137));
#4839=CARTESIAN_POINT('Ctrl Pts',(-15.5808953003775,-15.798519332621,99.9997474455007));
#4840=CARTESIAN_POINT('Ctrl Pts',(-15.0900718468588,-14.8259081495355,100.000110567553));
#4841=CARTESIAN_POINT('Ctrl Pts',(-14.7539373381338,-14.3116166586958,100.));
#4842=CARTESIAN_POINT('Ctrl Pts',(-18.1526772710631,-17.3914489991395,99.4927517636102));
#4843=CARTESIAN_POINT('Ctrl Pts',(-17.9682369744332,-16.7236721724162,99.5476855849883));
#4844=CARTESIAN_POINT('Ctrl Pts',(-17.357419914872,-15.3393953908107,99.6690587218067));
#4845=CARTESIAN_POINT('Ctrl Pts',(-16.512794033178,-14.2812751437441,99.7697447741798));
#4846=CARTESIAN_POINT('Ctrl Pts',(-15.9705719942916,-13.7530176778148,99.8190418044039));
#4847=CARTESIAN_POINT('Ctrl Pts',(-21.2987977935652,-17.3632475578833,97.0143348780805));
#4848=CARTESIAN_POINT('Ctrl Pts',(-21.0237494069725,-16.460367439028,97.3210140893888));
#4849=CARTESIAN_POINT('Ctrl Pts',(-20.0921910453165,-14.6492140106853,98.0090984643973));
#4850=CARTESIAN_POINT('Ctrl Pts',(-18.7859725771301,-13.4141253903649,98.5996480459667));
#4851=CARTESIAN_POINT('Ctrl Pts',(-17.9492538634641,-12.8445365080458,98.8950475585368));
#4852=CARTESIAN_POINT('Ctrl Pts',(-22.2965353905644,-17.3543039595597,94.2466181606165));
#4853=CARTESIAN_POINT('Ctrl Pts',(-22.1409924322488,-16.3748840242055,94.7822174580842));
#4854=CARTESIAN_POINT('Ctrl Pts',(-21.3901644316381,-14.3486392364352,96.025866840455));
#4855=CARTESIAN_POINT('Ctrl Pts',(-20.0335197503892,-12.944016997745,97.1652485806624));
#4856=CARTESIAN_POINT('Ctrl Pts',(-19.0992916173646,-12.3165144645735,97.7482646828039));
#4857=CARTESIAN_POINT('Ctrl Pts',(-22.3131072783224,-17.3541554111758,92.5743217830089));
#4858=CARTESIAN_POINT('Ctrl Pts',(-22.2981025000519,-16.3727939737365,93.2007282747915));
#4859=CARTESIAN_POINT('Ctrl Pts',(-21.8241908420166,-14.2694249332626,94.7035367472088));
#4860=CARTESIAN_POINT('Ctrl Pts',(-20.5712994267956,-12.7452548315108,96.1698619277058));
#4861=CARTESIAN_POINT('Ctrl Pts',(-19.6395201042353,-12.0684769122306,96.938599916159));
#4862=CARTESIAN_POINT('',(-14.8134766248866,-17.3948946870327,100.));
#4863=CARTESIAN_POINT('Ctrl Pts',(-14.8134766248866,-17.3948946870327,100.));
#4864=CARTESIAN_POINT('Ctrl Pts',(-14.8315284733907,-17.3947710207296,100.));
#4865=CARTESIAN_POINT('Ctrl Pts',(-14.8495802648294,-17.3946476533458,99.9999348261544));
#4866=CARTESIAN_POINT('Ctrl Pts',(-15.8340704994707,-17.3879356313284,99.9928259621324));
#4867=CARTESIAN_POINT('Ctrl Pts',(-16.7901173754377,-17.3822359612241,99.7991069483707));
#4868=CARTESIAN_POINT('Ctrl Pts',(-18.5849875471978,-17.3722382775017,99.055814461203));
#4869=CARTESIAN_POINT('Ctrl Pts',(-19.4053852976351,-17.3680567892601,98.509774186694));
#4870=CARTESIAN_POINT('Ctrl Pts',(-20.791123432896,-17.3612493168124,97.133744833107));
#4871=CARTESIAN_POINT('Ctrl Pts',(-21.3431006506041,-17.3586901222051,96.3167880274247));
#4872=CARTESIAN_POINT('Ctrl Pts',(-22.0292068755571,-17.3555465243737,94.6916273736573));
#4873=CARTESIAN_POINT('Ctrl Pts',(-22.2188609012998,-17.3546993048192,93.9235927582753));
#4874=CARTESIAN_POINT('Ctrl Pts',(-22.2859999999944,-17.3543983975111,93.1414003496009));
#4875=CARTESIAN_POINT('',(-14.1453800262512,-14.5910263339873,100.));
#4876=CARTESIAN_POINT('Ctrl Pts',(-14.8134767393903,-17.3948952575197,100.));
#4877=CARTESIAN_POINT('Ctrl Pts',(-14.8078673785987,-16.9852815745864,100.));
#4878=CARTESIAN_POINT('Ctrl Pts',(-14.6887158491695,-16.0199585583555,100.));
#4879=CARTESIAN_POINT('Ctrl Pts',(-14.3783248566991,-15.0983827089162,100.));
#4880=CARTESIAN_POINT('Ctrl Pts',(-14.145380026059,-14.5910263340756,100.));
#4881=CARTESIAN_POINT('Origin',(-14.145380026059,-14.5910263340756,92.5));
#4882=CARTESIAN_POINT('Origin',(-14.8134766248866,-0.15337185186807,92.5));
#4883=CARTESIAN_POINT('',(-14.8134766248866,-37.9788718518681,100.));
#4884=CARTESIAN_POINT('Origin',(-14.8134766248866,-37.9788718518681,92.5));
#4885=CARTESIAN_POINT('',(-14.8134766248866,-0.15337185186807,100.));
#4886=CARTESIAN_POINT('Origin',(-12.3140000000002,97.9188853167023,118.792442952217));
#4887=CARTESIAN_POINT('',(-12.3140000000002,61.213994829068,74.9393099883174));
#4888=CARTESIAN_POINT('',(-12.3140000000002,104.346761413568,111.131998521027));
#4889=CARTESIAN_POINT('Origin',(-12.3140000000002,54.7861187322026,82.5997544195072));
#4890=CARTESIAN_POINT('',(-22.3134766248866,97.9846485785677,118.714069348628));
#4891=CARTESIAN_POINT('Origin',(-0.65700000000021,104.346761413568,111.131998521027));
#4892=CARTESIAN_POINT('',(10.9999999999998,61.213994829068,74.9393099883174));
#4893=CARTESIAN_POINT('',(10.9999999999998,104.346761413568,111.131998521027));
#4894=CARTESIAN_POINT('',(-0.261597461658324,61.213994829068,74.9393099883174));
#4895=CARTESIAN_POINT('Origin',(10.9999999999998,97.9188853167023,118.792442952217));
#4896=CARTESIAN_POINT('',(20.9999999999998,54.7861187322026,82.5997544195072));
#4897=CARTESIAN_POINT('',(20.9999999999998,97.9188853167023,118.792442952217));
#4898=CARTESIAN_POINT('Origin',(10.9999999999998,54.7861187322026,82.5997544195072));
#4899=CARTESIAN_POINT('Origin',(20.9999999999998,78.6352570261061,141.773776245786));
#4900=CARTESIAN_POINT('',(20.9999999999998,-0.296679123775905,94.6574804531697));
#4901=CARTESIAN_POINT('Origin',(20.9999999999998,10.5606667320311,87.5077922804316));
#4902=CARTESIAN_POINT('',(20.9999999999998,-3.27288506144805,91.5943352896065));
#4903=CARTESIAN_POINT('Origin',(20.9999999999998,-9.80604373256197,100.919507340462));
#4904=CARTESIAN_POINT('',(20.9997616875566,31.5725393172648,50.0671756008056));
#4905=CARTESIAN_POINT('',(20.9999999999998,5.86103492980326,80.7089533255647));
#4906=CARTESIAN_POINT('',(20.9995233751134,35.807174923444,53.6204567761207));
#4907=CARTESIAN_POINT('',(20.9995233751134,64.789395601502,77.9394274577777));
#4908=CARTESIAN_POINT('Origin',(20.9999999999998,93.3533753133949,36.6370878323685));
#4909=CARTESIAN_POINT('Origin',(15.9995233751134,-40.4788718518681,75.));
#4910=CARTESIAN_POINT('',(20.9995233751134,-40.4788718518681,92.5));
#4911=CARTESIAN_POINT('',(15.9995233751134,-45.4788718518681,92.5));
#4912=CARTESIAN_POINT('Origin',(15.9995233751134,-40.4788718518681,92.5));
#4913=CARTESIAN_POINT('',(15.9995233751134,-45.4788718518681,50.));
#4914=CARTESIAN_POINT('',(15.9995233751134,-45.4788718518681,75.));
#4915=CARTESIAN_POINT('',(20.9995233751134,-40.4788718518681,50.));
#4916=CARTESIAN_POINT('Origin',(15.9995233751134,-40.4788718518681,50.));
#4917=CARTESIAN_POINT('',(20.9995233751134,-40.4788718518681,75.));
#4918=CARTESIAN_POINT('Ctrl Pts',(20.9995233751134,-40.4788718518681,92.5));
#4919=CARTESIAN_POINT('Ctrl Pts',(20.9995233751134,-40.4788718518681,93.060998688141));
#4920=CARTESIAN_POINT('Ctrl Pts',(20.8115810543331,-40.416224411608,94.7443301216322));
#4921=CARTESIAN_POINT('Ctrl Pts',(19.5641486761697,-40.0004136188869,97.3359208198998));
#4922=CARTESIAN_POINT('Ctrl Pts',(16.8646580157092,-39.1005833987334,99.487635284975));
#4923=CARTESIAN_POINT('Ctrl Pts',(14.6215207513954,-38.3528709772954,100.));
#4924=CARTESIAN_POINT('Ctrl Pts',(13.4995233751134,-37.9788718518681,100.));
#4925=CARTESIAN_POINT('Ctrl Pts',(20.9995233751134,-41.2268701027228,92.5));
#4926=CARTESIAN_POINT('Ctrl Pts',(20.9995233751134,-41.2268701027228,93.117037882071));
#4927=CARTESIAN_POINT('Ctrl Pts',(20.7690931421814,-41.117552333114,94.9746005359987));
#4928=CARTESIAN_POINT('Ctrl Pts',(19.3416498167955,-40.4692835402224,97.6111727852278));
#4929=CARTESIAN_POINT('Ctrl Pts',(16.6506707523964,-39.3139091722621,99.555876895473));
#4930=CARTESIAN_POINT('Ctrl Pts',(14.5502828227426,-38.4241089059482,100.));
#4931=CARTESIAN_POINT('Ctrl Pts',(13.4995233751134,-37.9788718518681,100.));
#4932=CARTESIAN_POINT('Ctrl Pts',(20.6571384232492,-42.7196155425744,92.5));
#4933=CARTESIAN_POINT('Ctrl Pts',(20.6571384232492,-42.7196155425744,93.2032146197959));
#4934=CARTESIAN_POINT('Ctrl Pts',(20.3739491123543,-42.5176235036598,95.3289394503568));
#4935=CARTESIAN_POINT('Ctrl Pts',(18.7628681285339,-41.406347804833,98.0182545087048));
#4936=CARTESIAN_POINT('Ctrl Pts',(16.2227860454295,-39.7403659726219,99.6511196107565));
#4937=CARTESIAN_POINT('Ctrl Pts',(14.4078069654369,-38.5665847632539,100.));
#4938=CARTESIAN_POINT('Ctrl Pts',(13.4995233751134,-37.9788718518681,100.));
#4939=CARTESIAN_POINT('Ctrl Pts',(18.9844477436307,-44.8224728904909,92.5));
#4940=CARTESIAN_POINT('Ctrl Pts',(18.9844477436307,-44.8224728904909,93.2352381499737));
#4941=CARTESIAN_POINT('Ctrl Pts',(18.7367242687844,-44.5279932802232,95.4607687104494));
#4942=CARTESIAN_POINT('Ctrl Pts',(17.3964930838815,-42.9012972169249,98.1650240944151));
#4943=CARTESIAN_POINT('Ctrl Pts',(15.4748575801182,-40.4883239005269,99.683831581967));
#4944=CARTESIAN_POINT('Ctrl Pts',(14.158474215152,-38.8159175135388,100.));
#4945=CARTESIAN_POINT('Ctrl Pts',(13.4995233751134,-37.9788718518681,100.));
#4946=CARTESIAN_POINT('Ctrl Pts',(17.1215207513954,-45.4788718518681,92.5));
#4947=CARTESIAN_POINT('Ctrl Pts',(17.1215207513954,-45.4788718518681,93.1454828640233));
#4948=CARTESIAN_POINT('Ctrl Pts',(16.9888290656953,-45.2272751062045,95.0912961834444));
#4949=CARTESIAN_POINT('Ctrl Pts',(16.2239248650847,-43.7079142822843,97.749562598822));
#4950=CARTESIAN_POINT('Ctrl Pts',(14.9409867326862,-41.0217873503211,99.5897100394275));
#4951=CARTESIAN_POINT('Ctrl Pts',(13.98037939352,-38.9940123351709,100.));
#4952=CARTESIAN_POINT('Ctrl Pts',(13.4995233751134,-37.9788718518681,100.));
#4953=CARTESIAN_POINT('Ctrl Pts',(15.9995233751134,-45.4788718518681,92.5));
#4954=CARTESIAN_POINT('Ctrl Pts',(15.9995233751134,-45.4788718518681,93.060998688141));
#4955=CARTESIAN_POINT('Ctrl Pts',(15.9368759348533,-45.2909295310878,94.7443301216322));
#4956=CARTESIAN_POINT('Ctrl Pts',(15.5210651421321,-44.0434971529244,97.3359208198999));
#4957=CARTESIAN_POINT('Ctrl Pts',(14.6212349219787,-41.3440064924639,99.487635284975));
#4958=CARTESIAN_POINT('Ctrl Pts',(13.8735225005407,-39.1008692281501,100.));
#4959=CARTESIAN_POINT('Ctrl Pts',(13.4995233751134,-37.9788718518681,100.));
#4960=CARTESIAN_POINT('',(13.4995233751134,-37.9788718518681,100.));
#4961=CARTESIAN_POINT('Origin',(13.4995233751134,-37.9788718518681,92.5));
#4962=CARTESIAN_POINT('Origin',(13.4995233751134,-37.9788718518681,92.5));
#4963=CARTESIAN_POINT('Origin',(-0.657476624886646,-37.9788718518681,92.5));
#4964=CARTESIAN_POINT('',(-0.657476624886646,-37.9788718518681,100.));
#4965=CARTESIAN_POINT('',(-17.3134766248866,-45.4788718518681,92.5));
#4966=CARTESIAN_POINT('Origin',(-14.8134766248866,-37.9788718518681,92.5));
#4967=CARTESIAN_POINT('',(-0.657476624886646,-45.4788718518681,92.5));
#4968=CARTESIAN_POINT('Origin',(13.4995233751134,-0.153371851868069,92.5));
#4969=CARTESIAN_POINT('',(20.9995233751134,-17.3252935504365,92.5));
#4970=CARTESIAN_POINT('',(20.9995233751134,-0.153371851868068,92.5));
#4971=CARTESIAN_POINT('',(20.9991888638317,-17.3596195465534,92.5708347007954));
#4972=CARTESIAN_POINT('Ctrl Pts',(20.9995233751134,-17.3252935504362,92.5000000000003));
#4973=CARTESIAN_POINT('Ctrl Pts',(20.9995233751134,-17.3324500827446,92.5063913186466));
#4974=CARTESIAN_POINT('Ctrl Pts',(20.9995153071366,-17.3383080736499,92.512760872635));
#4975=CARTESIAN_POINT('Ctrl Pts',(20.9994765168464,-17.3493708412317,92.5278914416145));
#4976=CARTESIAN_POINT('Ctrl Pts',(20.9994383029486,-17.3539976913566,92.5371728683308));
#4977=CARTESIAN_POINT('Ctrl Pts',(20.9993269587438,-17.3586602945575,92.5547694825776));
#4978=CARTESIAN_POINT('Ctrl Pts',(20.9992674679402,-17.3596192310672,92.5625124622916));
#4979=CARTESIAN_POINT('Ctrl Pts',(20.9991888639977,-17.3596195659777,92.5708347007962));
#4980=CARTESIAN_POINT('',(13.4995233751134,-17.3983860249983,100.));
#4981=CARTESIAN_POINT('Ctrl Pts',(13.4995233751134,-17.3983860249983,100.));
#4982=CARTESIAN_POINT('Ctrl Pts',(13.5175832923307,-17.3982679295419,100.));
#4983=CARTESIAN_POINT('Ctrl Pts',(13.535643152558,-17.3981501199562,99.9999347678778));
#4984=CARTESIAN_POINT('Ctrl Pts',(14.5212809616454,-17.3917358877984,99.9928144361232));
#4985=CARTESIAN_POINT('Ctrl Pts',(15.4784310360565,-17.386290552597,99.7986435605526));
#4986=CARTESIAN_POINT('Ctrl Pts',(17.2740326950074,-17.3767464723484,99.0540914547072));
#4987=CARTESIAN_POINT('Ctrl Pts',(18.0941961379922,-17.3727574393652,98.5076642363756));
#4988=CARTESIAN_POINT('Ctrl Pts',(19.4793105158152,-17.3662641924402,97.130982196166));
#4989=CARTESIAN_POINT('Ctrl Pts',(20.0309094620845,-17.3638236611487,96.3137715738402));
#4990=CARTESIAN_POINT('Ctrl Pts',(20.7899261897734,-17.3605048931442,94.51359075177));
#4991=CARTESIAN_POINT('Ctrl Pts',(20.9899614899477,-17.3596589931211,93.5477883398838));
#4992=CARTESIAN_POINT('Ctrl Pts',(20.9991888639977,-17.3596195659776,92.5708347007957));
#4993=CARTESIAN_POINT('',(13.4995233751134,-0.153371851868069,100.));
#4994=CARTESIAN_POINT('Origin',(20.9995233751134,-0.153371851868068,75.));
#4995=CARTESIAN_POINT('',(20.9995233751134,34.9605152279177,50.));
#4996=CARTESIAN_POINT('',(20.9995233751134,-0.153413486349531,50.));
#4997=CARTESIAN_POINT('',(20.9995233751134,35.9427293392775,53.7342004364511));
#4998=CARTESIAN_POINT('Origin',(20.9995233751133,93.3533753133949,36.6370878323685));
#4999=CARTESIAN_POINT('',(20.9995233751134,64.789395601502,77.9394274577777));
#5000=CARTESIAN_POINT('',(20.9995233751134,-3.33588293748244,91.6694132346963));
#5001=CARTESIAN_POINT('Ctrl Pts',(20.9995233751134,-3.33588293748244,91.6694132346963));
#5002=CARTESIAN_POINT('Ctrl Pts',(20.9998425754964,-3.31478759087743,91.6442727795928));
#5003=CARTESIAN_POINT('Ctrl Pts',(20.9999999999998,-3.29378611670624,91.6192441972995));
#5004=CARTESIAN_POINT('Ctrl Pts',(20.9999999999998,-3.27288506144805,91.5943352896065));
#5005=CARTESIAN_POINT('Origin',(20.9995233751134,-9.80604373256197,100.919507340462));
#5006=CARTESIAN_POINT('Ctrl Pts',(-14.8134766248866,-37.9788718518681,100.));
#5007=CARTESIAN_POINT('Ctrl Pts',(-16.4964726893097,-38.5398705400091,100.));
#5008=CARTESIAN_POINT('Ctrl Pts',(-19.2919221169492,-39.4716870158889,99.0169119234164));
#5009=CARTESIAN_POINT('Ctrl Pts',(-21.4418447088315,-40.1883278798497,96.3130901579892));
#5010=CARTESIAN_POINT('Ctrl Pts',(-22.1865831804543,-40.4365740370573,94.1828166183407));
#5011=CARTESIAN_POINT('Ctrl Pts',(-22.3134766248866,-40.4788718518681,93.060998688141));
#5012=CARTESIAN_POINT('Ctrl Pts',(-22.3134766248866,-40.4788718518681,92.5));
#5013=CARTESIAN_POINT('Ctrl Pts',(-14.8134766248866,-37.9788718518681,100.));
#5014=CARTESIAN_POINT('Ctrl Pts',(-16.3896157963305,-38.6467274329883,100.));
#5015=CARTESIAN_POINT('Ctrl Pts',(-19.0166848259489,-39.7576499711747,99.1703208413044));
#5016=CARTESIAN_POINT('Ctrl Pts',(-21.2946373863244,-40.7571773951427,96.5968634775352));
#5017=CARTESIAN_POINT('Ctrl Pts',(-22.1605735210023,-41.1552898445491,94.3495700460814));
#5018=CARTESIAN_POINT('Ctrl Pts',(-22.3134766248866,-41.2268701027228,93.117037882071));
#5019=CARTESIAN_POINT('Ctrl Pts',(-22.3134766248866,-41.2268701027228,92.5));
#5020=CARTESIAN_POINT('Ctrl Pts',(-14.8134766248866,-37.9788718518681,100.));
#5021=CARTESIAN_POINT('Ctrl Pts',(-16.175902010372,-38.8604412189468,100.));
#5022=CARTESIAN_POINT('Ctrl Pts',(-18.4530465779749,-40.3294206609215,99.3878877933627));
#5023=CARTESIAN_POINT('Ctrl Pts',(-20.7881316927349,-41.8933934532102,97.0244627480473));
#5024=CARTESIAN_POINT('Ctrl Pts',(-21.7872883244279,-42.5898774572438,94.6061377437033));
#5025=CARTESIAN_POINT('Ctrl Pts',(-21.9710911090014,-42.7196145167539,93.2032146197959));
#5026=CARTESIAN_POINT('Ctrl Pts',(-21.9710911090014,-42.7196145167539,92.5));
#5027=CARTESIAN_POINT('Ctrl Pts',(-14.8134766248866,-37.9788718518681,100.));
#5028=CARTESIAN_POINT('Ctrl Pts',(-15.8019028849447,-39.2344403443742,100.));
#5029=CARTESIAN_POINT('Ctrl Pts',(-17.4513197155367,-41.3329076490305,99.4636558063821));
#5030=CARTESIAN_POINT('Ctrl Pts',(-19.2964124499176,-43.6156157932444,97.1809489391255));
#5031=CARTESIAN_POINT('Ctrl Pts',(-20.1398285655632,-44.6328290249585,94.7016035258679));
#5032=CARTESIAN_POINT('Ctrl Pts',(-20.2984001653202,-44.822470629028,93.2352381499737));
#5033=CARTESIAN_POINT('Ctrl Pts',(-20.2984001653202,-44.822470629028,92.5));
#5034=CARTESIAN_POINT('Ctrl Pts',(-14.8134766248866,-37.9788718518681,100.));
#5035=CARTESIAN_POINT('Ctrl Pts',(-15.5347606524965,-39.5015825768223,100.));
#5036=CARTESIAN_POINT('Ctrl Pts',(-16.7347555450526,-42.0420825854458,99.2466711531754));
#5037=CARTESIAN_POINT('Ctrl Pts',(-17.875798090279,-44.3848811712014,96.7401087002704));
#5038=CARTESIAN_POINT('Ctrl Pts',(-18.3492712707542,-45.3131637535032,94.4340332970906));
#5039=CARTESIAN_POINT('Ctrl Pts',(-18.4354740011687,-45.4788718518681,93.1454828640233));
#5040=CARTESIAN_POINT('Ctrl Pts',(-18.4354740011687,-45.4788718518681,92.5));
#5041=CARTESIAN_POINT('Ctrl Pts',(-14.8134766248866,-37.9788718518681,100.));
#5042=CARTESIAN_POINT('Ctrl Pts',(-15.3744753130277,-39.6618679162912,100.));
#5043=CARTESIAN_POINT('Ctrl Pts',(-16.3062917889075,-42.4573173439307,99.0169119234164));
#5044=CARTESIAN_POINT('Ctrl Pts',(-17.0229326528683,-44.6072399358129,96.3130901579892));
#5045=CARTESIAN_POINT('Ctrl Pts',(-17.2711788100759,-45.3519784074358,94.1828166183407));
#5046=CARTESIAN_POINT('Ctrl Pts',(-17.3134766248867,-45.4788718518681,93.060998688141));
#5047=CARTESIAN_POINT('Ctrl Pts',(-17.3134766248867,-45.4788718518681,92.5));
#5048=CARTESIAN_POINT('Origin',(-17.3134766248866,-40.4788718518681,92.5));
#5049=CARTESIAN_POINT('Origin',(-17.3134766248866,-40.4788718518681,75.));
#5050=CARTESIAN_POINT('',(-22.3134766248866,-40.4788718518681,50.));
#5051=CARTESIAN_POINT('',(-22.3134766248866,-40.4788718518681,75.));
#5052=CARTESIAN_POINT('',(-17.3134766248866,-45.4788718518681,50.));
#5053=CARTESIAN_POINT('Origin',(-17.3134766248866,-40.4788718518681,50.));
#5054=CARTESIAN_POINT('',(-17.3134766248866,-45.4788718518681,75.));
#5055=CARTESIAN_POINT('Origin',(-22.3134766248866,-0.15337185186807,75.));
#5056=CARTESIAN_POINT('',(-22.3134766248866,45.1721281481319,72.2222076441465));
#5057=CARTESIAN_POINT('',(-22.3134766248866,45.1721281481319,75.));
#5058=CARTESIAN_POINT('',(-22.3134766248866,34.9653122455144,50.));
#5059=CARTESIAN_POINT('Origin',(-22.3134766248867,93.3533753133949,36.6370878323685));
#5060=CARTESIAN_POINT('',(-22.3134766248866,69.9999999999997,50.));
#5061=CARTESIAN_POINT('Ctrl Pts',(12.8313800257871,-14.5910263334842,100.));
#5062=CARTESIAN_POINT('Ctrl Pts',(13.0062275949267,-14.9718462407753,100.));
#5063=CARTESIAN_POINT('Ctrl Pts',(13.3418482793236,-15.8915202171095,100.));
#5064=CARTESIAN_POINT('Ctrl Pts',(13.4950250652185,-16.8652906861555,100.));
#5065=CARTESIAN_POINT('Ctrl Pts',(13.4997972160285,-17.4237082196804,100.));
#5066=CARTESIAN_POINT('Ctrl Pts',(13.4399373377417,-14.3116166580964,100.));
#5067=CARTESIAN_POINT('Ctrl Pts',(13.6922387156687,-14.6976420390103,100.000082991616));
#5068=CARTESIAN_POINT('Ctrl Pts',(14.2052280415876,-15.6527201745623,99.9999918281956));
#5069=CARTESIAN_POINT('Ctrl Pts',(14.5294193586343,-16.7445923525916,99.9997427564936));
#5070=CARTESIAN_POINT('Ctrl Pts',(14.6150076092113,-17.4141778022746,100.));
#5071=CARTESIAN_POINT('Ctrl Pts',(14.6565722663746,-13.7530175519861,99.8190422085445));
#5072=CARTESIAN_POINT('Ctrl Pts',(15.0635622183028,-14.1495257445729,99.7820400313591));
#5073=CARTESIAN_POINT('Ctrl Pts',(15.9302359050703,-15.1756228273932,99.6850766653924));
#5074=CARTESIAN_POINT('Ctrl Pts',(16.593982542592,-16.5037209575543,99.5657654843966));
#5075=CARTESIAN_POINT('Ctrl Pts',(16.8397018002665,-17.3951659060705,99.492447111213));
#5076=CARTESIAN_POINT('Ctrl Pts',(16.6352544264197,-12.8445362484617,98.8950482563072));
#5077=CARTESIAN_POINT('Ctrl Pts',(17.2632925448109,-13.2720676565264,98.6733224230251));
#5078=CARTESIAN_POINT('Ctrl Pts',(18.6021113250688,-14.4486343095292,98.1009977424118));
#5079=CARTESIAN_POINT('Ctrl Pts',(19.6199431368027,-16.1628536900368,97.4219178759672));
#5080=CARTESIAN_POINT('Ctrl Pts',(19.986334404845,-17.3682752652304,97.0126295727372));
#5081=CARTESIAN_POINT('Ctrl Pts',(17.7852916162759,-12.316514463842,97.7482646834838));
#5082=CARTESIAN_POINT('Ctrl Pts',(18.4865199613062,-12.7875156541589,97.3106548514899));
#5083=CARTESIAN_POINT('Ctrl Pts',(19.9073147082911,-14.1141712780223,96.2006465804151));
#5084=CARTESIAN_POINT('Ctrl Pts',(20.7766724539696,-16.0522813622261,94.9583501882661));
#5085=CARTESIAN_POINT('Ctrl Pts',(20.9833897479739,-17.359754582806,94.2436367484253));
#5086=CARTESIAN_POINT('Ctrl Pts',(18.3255201031489,-12.0684769114418,96.9385999170549));
#5087=CARTESIAN_POINT('Ctrl Pts',(19.0249103797074,-12.5764640329424,96.3615878915805));
#5088=CARTESIAN_POINT('Ctrl Pts',(20.3673931172949,-14.0126057944436,94.9242726037987));
#5089=CARTESIAN_POINT('Ctrl Pts',(20.9801002608746,-16.0497111875147,93.4066207784816));
#5090=CARTESIAN_POINT('Ctrl Pts',(20.9991888641148,-17.3596195659766,92.5708346884024));
#5091=CARTESIAN_POINT('',(18.3255201031489,-12.0684769114418,96.9385999170549));
#5092=CARTESIAN_POINT('Ctrl Pts',(20.9991888638317,-17.3596195465534,92.5708347007954));
#5093=CARTESIAN_POINT('Ctrl Pts',(20.9801002574136,-16.0497111760077,93.4066207870544));
#5094=CARTESIAN_POINT('Ctrl Pts',(20.3673931135033,-14.0126057903874,94.9242726078582));
#5095=CARTESIAN_POINT('Ctrl Pts',(19.0249103797074,-12.5764640329424,96.3615878915805));
#5096=CARTESIAN_POINT('Ctrl Pts',(18.3255201031489,-12.0684769114418,96.9385999170549));
#5097=CARTESIAN_POINT('',(12.8313800257883,-14.5910263334837,100.));
#5098=CARTESIAN_POINT('Origin',(12.8313800257871,-14.5910263334842,92.5));
#5099=CARTESIAN_POINT('Ctrl Pts',(12.8313800257871,-14.5910263334842,100.));
#5100=CARTESIAN_POINT('Ctrl Pts',(13.0062275949267,-14.9718462407753,100.));
#5101=CARTESIAN_POINT('Ctrl Pts',(13.3389493301596,-15.8835764632564,100.));
#5102=CARTESIAN_POINT('Ctrl Pts',(13.4923653012404,-16.8484726893324,100.));
#5103=CARTESIAN_POINT('Ctrl Pts',(13.4995241652852,-17.3983869163333,100.));
#5104=CARTESIAN_POINT('Ctrl Pts',(-14.14538002602,-14.5910263342374,100.));
#5105=CARTESIAN_POINT('Ctrl Pts',(-13.9920929106227,-14.0956196822703,100.000000000016));
#5106=CARTESIAN_POINT('Ctrl Pts',(-13.7472960352281,-13.400849176717,99.9771621650114));
#5107=CARTESIAN_POINT('Ctrl Pts',(-13.4712040106339,-12.6961371385049,99.9229316770394));
#5108=CARTESIAN_POINT('Ctrl Pts',(-13.3536978168845,-12.4039943771599,99.8959646963333));
#5109=CARTESIAN_POINT('Ctrl Pts',(-13.2946237047094,-12.2584710837447,99.8816873357447));
#5110=CARTESIAN_POINT('Ctrl Pts',(-13.2352141839667,-12.1136568940155,99.8663655796727));
#5111=CARTESIAN_POINT('Ctrl Pts',(-13.1875932578176,-11.9983392306707,99.8535020790498));
#5112=CARTESIAN_POINT('Ctrl Pts',(-13.1399194919099,-11.8833258792706,99.840231754057));
#5113=CARTESIAN_POINT('Ctrl Pts',(-13.092175369656,-11.7687606967955,99.8263582127771));
#5114=CARTESIAN_POINT('Ctrl Pts',(-13.0444022884804,-11.6544416258701,99.8118586153251));
#5115=CARTESIAN_POINT('Ctrl Pts',(-12.9966106969351,-11.5402258398037,99.7969359238461));
#5116=CARTESIAN_POINT('Ctrl Pts',(-12.9487927082357,-11.4260640586065,99.7813679765693));
#5117=CARTESIAN_POINT('Ctrl Pts',(-12.9084922176388,-11.3295594965226,99.7676506490819));
#5118=CARTESIAN_POINT('Ctrl Pts',(-12.8846386055436,-11.2722957112654,99.7593588486927));
#5119=CARTESIAN_POINT('Ctrl Pts',(-12.8667635005034,-11.2293086550364,99.7530518689756));
#5120=CARTESIAN_POINT('Ctrl Pts',(-12.8474309226138,-11.1826740708188,99.7461080666973));
#5121=CARTESIAN_POINT('Ctrl Pts',(-12.8325862913564,-11.146755253255,99.7406903663536));
#5122=CARTESIAN_POINT('Ctrl Pts',(-12.8207323794026,-11.117987240349,99.7363092026137));
#5123=CARTESIAN_POINT('Ctrl Pts',(-12.8118531392972,-11.0963962208193,99.733000143236));
#5124=CARTESIAN_POINT('Ctrl Pts',(-12.8044658072284,-11.078387351975,99.7302224222635));
#5125=CARTESIAN_POINT('Ctrl Pts',(-12.7992996560429,-11.0657765454715,99.7282682835578));
#5126=CARTESIAN_POINT('Ctrl Pts',(-12.7963519516876,-11.0585629895692,99.727147526472));
#5127=CARTESIAN_POINT('Ctrl Pts',(-12.7476430755158,-10.9397119825897,99.708665308868));
#5128=CARTESIAN_POINT('Ctrl Pts',(-12.6547749802647,-10.7033549494497,99.669923235834));
#5129=CARTESIAN_POINT('Ctrl Pts',(-12.5491892617506,-10.4101134206987,99.6175039520915));
#5130=CARTESIAN_POINT('Ctrl Pts',(-12.5019736671431,-10.143431482789,99.5661573176326));
#5131=CARTESIAN_POINT('Ctrl Pts',(-12.5082918690934,-9.95118758716585,99.5274762879365));
#5132=CARTESIAN_POINT('Ctrl Pts',(-12.5560459924575,-9.74919649126427,99.4848254622284));
#5133=CARTESIAN_POINT('Ctrl Pts',(-12.5870624299383,-9.65341924701078,99.4638419496475));
#5134=CARTESIAN_POINT('Ctrl Pts',(-12.6088432172043,-9.59047251417006,99.4498209681097));
#5135=CARTESIAN_POINT('Ctrl Pts',(-15.3624946501407,-14.0322069834408,100.000000000018));
#5136=CARTESIAN_POINT('Ctrl Pts',(-15.0694959277328,-13.5505592193463,99.9867154787964));
#5137=CARTESIAN_POINT('Ctrl Pts',(-14.6326700915431,-12.9090899342872,99.9497408990249));
#5138=CARTESIAN_POINT('Ctrl Pts',(-14.1683458598426,-12.2888083651709,99.888768977988));
#5139=CARTESIAN_POINT('Ctrl Pts',(-13.9737708961564,-12.0351687451633,99.8604416870085));
#5140=CARTESIAN_POINT('Ctrl Pts',(-13.8764999305536,-11.9094463041361,99.8457727691643));
#5141=CARTESIAN_POINT('Ctrl Pts',(-13.7793369160579,-11.785101220804,99.8304353109802));
#5142=CARTESIAN_POINT('Ctrl Pts',(-13.7018172402203,-11.6864959871935,99.8178011312335));
#5143=CARTESIAN_POINT('Ctrl Pts',(-13.6244381413589,-11.5884145051386,99.8049083510799));
#5144=CARTESIAN_POINT('Ctrl Pts',(-13.5472772013027,-11.4910835936506,99.7916843013056));
#5145=CARTESIAN_POINT('Ctrl Pts',(-13.4703557986446,-11.3942976383637,99.7780487525508));
#5146=CARTESIAN_POINT('Ctrl Pts',(-13.3935881794326,-11.2978086419346,99.7641522072391));
#5147=CARTESIAN_POINT('Ctrl Pts',(-13.3170408422841,-11.2016586264317,99.7498729498903));
#5148=CARTESIAN_POINT('Ctrl Pts',(-13.252715786405,-11.1206018758743,99.7374331458122));
#5149=CARTESIAN_POINT('Ctrl Pts',(-13.2146899522326,-11.0725606879885,99.7299518173733));
#5150=CARTESIAN_POINT('Ctrl Pts',(-13.1862209304716,-11.0365260968296,99.7242866067056));
#5151=CARTESIAN_POINT('Ctrl Pts',(-13.1554602657186,-10.9974684611337,99.7180751415998));
#5152=CARTESIAN_POINT('Ctrl Pts',(-13.1318602539574,-10.9674080738124,99.7132477015764));
#5153=CARTESIAN_POINT('Ctrl Pts',(-13.1130260788448,-10.9433452661753,99.7093542363136));
#5154=CARTESIAN_POINT('Ctrl Pts',(-13.0989237867288,-10.9252919559207,99.7064190114191));
#5155=CARTESIAN_POINT('Ctrl Pts',(-13.0871954568666,-10.9102390794841,99.7039594644278));
#5156=CARTESIAN_POINT('Ctrl Pts',(-13.0789958938523,-10.8997008546302,99.7022316226654));
#5157=CARTESIAN_POINT('Ctrl Pts',(-13.0743179198846,-10.8936736785934,99.701240890013));
#5158=CARTESIAN_POINT('Ctrl Pts',(-12.9970290773835,-10.7943747064578,99.6849264604643));
#5159=CARTESIAN_POINT('Ctrl Pts',(-12.8501241631195,-10.5974259979717,99.6512987185587));
#5160=CARTESIAN_POINT('Ctrl Pts',(-12.6837634486746,-10.353867093512,99.606734345632));
#5161=CARTESIAN_POINT('Ctrl Pts',(-12.6094724762382,-10.1325487278671,99.5638319022099));
#5162=CARTESIAN_POINT('Ctrl Pts',(-12.619412798434,-9.97300093327126,99.5317859174852));
#5163=CARTESIAN_POINT('Ctrl Pts',(-12.6945891273773,-9.80520241274889,99.4967624231142));
#5164=CARTESIAN_POINT('Ctrl Pts',(-12.743470168408,-9.72553286436731,99.4796610830247));
#5165=CARTESIAN_POINT('Ctrl Pts',(-12.7778175969465,-9.67313100473852,99.4682326174185));
#5166=CARTESIAN_POINT('Ctrl Pts',(-17.4894524868495,-13.0556471969162,99.3561077056508));
#5167=CARTESIAN_POINT('Ctrl Pts',(-16.9545223017449,-12.6111830842705,99.4537588960824));
#5168=CARTESIAN_POINT('Ctrl Pts',(-16.1817518109867,-12.0700986445952,99.5496484086008));
#5169=CARTESIAN_POINT('Ctrl Pts',(-15.3883565624654,-11.5953195660689,99.6011751604033));
#5170=CARTESIAN_POINT('Ctrl Pts',(-15.0589872055609,-11.4072856074342,99.615987737995));
#5171=CARTESIAN_POINT('Ctrl Pts',(-14.8949045358133,-11.3151897188032,99.6221573906078));
#5172=CARTESIAN_POINT('Ctrl Pts',(-14.7317000921163,-11.2254912520313,99.6266957251103));
#5173=CARTESIAN_POINT('Ctrl Pts',(-14.6018712838034,-11.155131889229,99.6293614862536));
#5174=CARTESIAN_POINT('Ctrl Pts',(-14.4725240784779,-11.0856422879339,99.6313921750135));
#5175=CARTESIAN_POINT('Ctrl Pts',(-14.3438742144731,-11.0174025512349,99.6324695083761));
#5176=CARTESIAN_POINT('Ctrl Pts',(-14.215946089727,-10.9502018044102,99.6326146479221));
#5177=CARTESIAN_POINT('Ctrl Pts',(-14.0884705564778,-10.883630257808,99.6321356622126));
#5178=CARTESIAN_POINT('Ctrl Pts',(-13.9616322580093,-10.817902195662,99.6307177233147));
#5179=CARTESIAN_POINT('Ctrl Pts',(-13.8552623735429,-10.7629618150133,99.6287246939122));
#5180=CARTESIAN_POINT('Ctrl Pts',(-13.7924363608705,-10.7305219074583,99.6273242431615));
#5181=CARTESIAN_POINT('Ctrl Pts',(-13.7454272050758,-10.706255429393,99.6261534846296));
#5182=CARTESIAN_POINT('Ctrl Pts',(-13.6946674466598,-10.6800310502131,99.6247372113326));
#5183=CARTESIAN_POINT('Ctrl Pts',(-13.6557452822475,-10.6598997543126,99.6235459386319));
#5184=CARTESIAN_POINT('Ctrl Pts',(-13.6246958185964,-10.6438155014521,99.6225311942143));
#5185=CARTESIAN_POINT('Ctrl Pts',(-13.6014532752021,-10.6317632075885,99.621739333277));
#5186=CARTESIAN_POINT('Ctrl Pts',(-13.5821283748585,-10.6217264289921,99.6210532931537));
#5187=CARTESIAN_POINT('Ctrl Pts',(-13.5686203753946,-10.6147062484187,99.620559769018));
#5188=CARTESIAN_POINT('Ctrl Pts',(-13.5609147493315,-10.6106930588455,99.6202732941708));
#5189=CARTESIAN_POINT('Ctrl Pts',(-13.4336049688778,-10.5445922944547,99.6155245536217));
#5190=CARTESIAN_POINT('Ctrl Pts',(-13.1920822564891,-10.4148226937413,99.603170163549));
#5191=CARTESIAN_POINT('Ctrl Pts',(-12.9193461510746,-10.2566743807637,99.5814512259932));
#5192=CARTESIAN_POINT('Ctrl Pts',(-12.7976443758717,-10.1142454739983,99.5561254406543));
#5193=CARTESIAN_POINT('Ctrl Pts',(-12.8139129069494,-10.0120115066593,99.5353137070908));
#5194=CARTESIAN_POINT('Ctrl Pts',(-12.9370637350734,-9.90479934607658,99.5102935406297));
#5195=CARTESIAN_POINT('Ctrl Pts',(-13.0171836607505,-9.85395340561489,99.4972088057136));
#5196=CARTESIAN_POINT('Ctrl Pts',(-13.0735225962799,-9.82050311369713,99.4882423931239));
#5197=CARTESIAN_POINT('Ctrl Pts',(-19.099291617216,-12.3165144645059,97.7482646829134));
#5198=CARTESIAN_POINT('Ctrl Pts',(-18.4795573589951,-11.8790502318707,98.124394583572));
#5199=CARTESIAN_POINT('Ctrl Pts',(-17.5303763663334,-11.377867651868,98.5851203544384));
#5200=CARTESIAN_POINT('Ctrl Pts',(-16.4999228374162,-10.9971077712906,98.9397951691874));
#5201=CARTESIAN_POINT('Ctrl Pts',(-16.0657023118585,-10.8553984804533,99.0691014217746));
#5202=CARTESIAN_POINT('Ctrl Pts',(-15.8481967363107,-10.787794319514,99.1301368729817));
#5203=CARTESIAN_POINT('Ctrl Pts',(-15.6304103544327,-10.7242724341431,99.1863185968093));
#5204=CARTESIAN_POINT('Ctrl Pts',(-15.4563667916041,-10.6758152446085,99.2282878158462));
#5205=CARTESIAN_POINT('Ctrl Pts',(-15.2824611721433,-10.6288630957505,99.268284074309));
#5206=CARTESIAN_POINT('Ctrl Pts',(-15.108779506957,-10.584084289569,99.3053309448459));
#5207=CARTESIAN_POINT('Ctrl Pts',(-14.9354157383396,-10.5412824650898,99.3394417831295));
#5208=CARTESIAN_POINT('Ctrl Pts',(-14.7622543677814,-10.4997309377997,99.3716048408824));
#5209=CARTESIAN_POINT('Ctrl Pts',(-14.5893814391281,-10.4599521393657,99.4008597524548));
#5210=CARTESIAN_POINT('Ctrl Pts',(-14.443966777844,-10.4277220934719,99.4230725801055));
#5211=CARTESIAN_POINT('Ctrl Pts',(-14.3579680254836,-10.4089642778764,99.4355596944547));
#5212=CARTESIAN_POINT('Ctrl Pts',(-14.2935619998562,-10.3950788207059,99.4445570041201));
#5213=CARTESIAN_POINT('Ctrl Pts',(-14.223948689752,-10.3802503886737,99.4538507746551));
#5214=CARTESIAN_POINT('Ctrl Pts',(-14.1705249630821,-10.3689866577277,99.4606887703269));
#5215=CARTESIAN_POINT('Ctrl Pts',(-14.1278811171065,-10.3600584903009,99.46597081309));
#5216=CARTESIAN_POINT('Ctrl Pts',(-14.09594674898,-10.3534035851797,99.4698381697279));
#5217=CARTESIAN_POINT('Ctrl Pts',(-14.0693847223578,-10.3478909981334,99.4729817583812));
#5218=CARTESIAN_POINT('Ctrl Pts',(-14.0508127044165,-10.3440502458023,99.4751410909948));
#5219=CARTESIAN_POINT('Ctrl Pts',(-14.040216739462,-10.341859415151,99.4763623731));
#5220=CARTESIAN_POINT('Ctrl Pts',(-13.8651401358896,-10.3058051828741,99.4964099971173));
#5221=CARTESIAN_POINT('Ctrl Pts',(-13.5320057859829,-10.2382077779227,99.5269778524012));
#5222=CARTESIAN_POINT('Ctrl Pts',(-13.154249631227,-10.1619903346102,99.5440471404368));
#5223=CARTESIAN_POINT('Ctrl Pts',(-12.9854735078992,-10.0973378522774,99.5414850590488));
#5224=CARTESIAN_POINT('Ctrl Pts',(-13.0080537064656,-10.0525027009943,99.5313581243163));
#5225=CARTESIAN_POINT('Ctrl Pts',(-13.1788019808908,-10.0069350727851,99.510623874081));
#5226=CARTESIAN_POINT('Ctrl Pts',(-13.2897806906145,-9.98574575768302,99.4969472359888));
#5227=CARTESIAN_POINT('Ctrl Pts',(-13.3677496553657,-9.97189771281502,99.4867865202998));
#5228=CARTESIAN_POINT('Ctrl Pts',(-19.6395201040793,-12.0684769121173,96.9385999162877));
#5229=CARTESIAN_POINT('Ctrl Pts',(-19.0263716424898,-11.6231296823982,97.444460589046));
#5230=CARTESIAN_POINT('Ctrl Pts',(-18.0471841409124,-11.1208421747697,98.0853145881495));
#5231=CARTESIAN_POINT('Ctrl Pts',(-16.9428160425357,-10.7655561862797,98.5960496748503));
#5232=CARTESIAN_POINT('Ctrl Pts',(-16.472791267538,-10.6382920992028,98.7848591751618));
#5233=CARTESIAN_POINT('Ctrl Pts',(-16.2364948188374,-10.5786461305474,98.874510298165));
#5234=CARTESIAN_POINT('Ctrl Pts',(-15.9988567358668,-10.5240223010039,98.9577315930435));
#5235=CARTESIAN_POINT('Ctrl Pts',(-15.8083730312704,-10.4832345298016,99.0203227891679));
#5236=CARTESIAN_POINT('Ctrl Pts',(-15.6176779676396,-10.4443140498912,99.0802648453608));
#5237=CARTESIAN_POINT('Ctrl Pts',(-15.4267014786242,-10.4081035102677,99.1362308203372));
#5238=CARTESIAN_POINT('Ctrl Pts',(-15.2356091539217,-10.3744034453801,99.1882217544174));
#5239=CARTESIAN_POINT('Ctrl Pts',(-15.0444427877406,-10.3423082962847,99.237569970114));
#5240=CARTESIAN_POINT('Ctrl Pts',(-14.853170832943,-10.3125166907351,99.2829647372261));
#5241=CARTESIAN_POINT('Ctrl Pts',(-14.6919688705554,-10.2891672499555,99.3178997312833));
#5242=CARTESIAN_POINT('Ctrl Pts',(-14.5965544221745,-10.2757960046792,99.3376797221912));
#5243=CARTESIAN_POINT('Ctrl Pts',(-14.5250540020138,-10.2660173214162,99.3520120274105));
#5244=CARTESIAN_POINT('Ctrl Pts',(-14.4477236904551,-10.2557204661999,99.3669194668921));
#5245=CARTESIAN_POINT('Ctrl Pts',(-14.3883451654257,-10.2479986332467,99.3779613839004));
#5246=CARTESIAN_POINT('Ctrl Pts',(-14.3409295176105,-10.2419379625521,99.3865373299713));
#5247=CARTESIAN_POINT('Ctrl Pts',(-14.3054125571889,-10.2374503908602,99.3928403623935));
#5248=CARTESIAN_POINT('Ctrl Pts',(-14.2758632289137,-10.2337582758731,99.3979845624768));
#5249=CARTESIAN_POINT('Ctrl Pts',(-14.2551986241717,-10.2311988270971,99.4015289864317));
#5250=CARTESIAN_POINT('Ctrl Pts',(-14.2434078067503,-10.229742956246,99.4035373114072));
#5251=CARTESIAN_POINT('Ctrl Pts',(-14.0485723020633,-10.2058127507652,99.4365242511832));
#5252=CARTESIAN_POINT('Ctrl Pts',(-13.6770999210587,-10.1637197893063,99.4892961868889));
#5253=CARTESIAN_POINT('Ctrl Pts',(-13.2547570470021,-10.1218792072958,99.5258615524627));
#5254=CARTESIAN_POINT('Ctrl Pts',(-13.0658946685717,-10.0903364515068,99.5339771746138));
#5255=CARTESIAN_POINT('Ctrl Pts',(-13.0911674763731,-10.0701102789911,99.5283191007897));
#5256=CARTESIAN_POINT('Ctrl Pts',(-13.2821839698294,-10.0511277864593,99.5083595133968));
#5257=CARTESIAN_POINT('Ctrl Pts',(-13.4062497197527,-10.0427743562004,99.493564748785));
#5258=CARTESIAN_POINT('Ctrl Pts',(-13.4933728688166,-10.0374155151781,99.4822215985043));
#5259=CARTESIAN_POINT('',(-12.5112215558848,-9.98501373533102,99.5340774815764));
#5260=CARTESIAN_POINT('Ctrl Pts',(-13.4933728685034,-10.0374155151973,99.4822215985451));
#5261=CARTESIAN_POINT('Ctrl Pts',(-13.299515702034,-10.0171470686283,99.5022788980717));
#5262=CARTESIAN_POINT('Ctrl Pts',(-13.1017576416659,-10.0022758832102,99.5169951625481));
#5263=CARTESIAN_POINT('Ctrl Pts',(-12.7742305300177,-9.98793894250703,99.5311827478177));
#5264=CARTESIAN_POINT('Ctrl Pts',(-12.6430804939947,-9.98501373533099,99.5340774815764));
#5265=CARTESIAN_POINT('Ctrl Pts',(-12.5112215558848,-9.98501373533099,99.5340774815764));
#5266=CARTESIAN_POINT('Ctrl Pts',(-14.14538002602,-14.5910263342374,100.));
#5267=CARTESIAN_POINT('Ctrl Pts',(-13.9920929106227,-14.0956196822703,100.000000000016));
#5268=CARTESIAN_POINT('Ctrl Pts',(-13.7472960352281,-13.400849176717,99.9771621650114));
#5269=CARTESIAN_POINT('Ctrl Pts',(-13.4712040106339,-12.6961371385049,99.9229316770394));
#5270=CARTESIAN_POINT('Ctrl Pts',(-13.3536978168845,-12.4039943771599,99.8959646963333));
#5271=CARTESIAN_POINT('Ctrl Pts',(-13.2946237047094,-12.2584710837447,99.8816873357447));
#5272=CARTESIAN_POINT('Ctrl Pts',(-13.2352141839667,-12.1136568940155,99.8663655796727));
#5273=CARTESIAN_POINT('Ctrl Pts',(-13.1875932578176,-11.9983392306707,99.8535020790498));
#5274=CARTESIAN_POINT('Ctrl Pts',(-13.1399194919099,-11.8833258792706,99.840231754057));
#5275=CARTESIAN_POINT('Ctrl Pts',(-13.092175369656,-11.7687606967955,99.8263582127771));
#5276=CARTESIAN_POINT('Ctrl Pts',(-13.0444022884804,-11.6544416258701,99.8118586153251));
#5277=CARTESIAN_POINT('Ctrl Pts',(-12.9966106969351,-11.5402258398037,99.7969359238461));
#5278=CARTESIAN_POINT('Ctrl Pts',(-12.9487927082357,-11.4260640586065,99.7813679765693));
#5279=CARTESIAN_POINT('Ctrl Pts',(-12.9084922176388,-11.3295594965226,99.7676506490819));
#5280=CARTESIAN_POINT('Ctrl Pts',(-12.8846386055436,-11.2722957112654,99.7593588486927));
#5281=CARTESIAN_POINT('Ctrl Pts',(-12.8667635005034,-11.2293086550364,99.7530518689756));
#5282=CARTESIAN_POINT('Ctrl Pts',(-12.8474309226138,-11.1826740708188,99.7461080666973));
#5283=CARTESIAN_POINT('Ctrl Pts',(-12.8325862913564,-11.146755253255,99.7406903663536));
#5284=CARTESIAN_POINT('Ctrl Pts',(-12.8207323794026,-11.117987240349,99.7363092026137));
#5285=CARTESIAN_POINT('Ctrl Pts',(-12.8118531392972,-11.0963962208193,99.733000143236));
#5286=CARTESIAN_POINT('Ctrl Pts',(-12.8044658072284,-11.078387351975,99.7302224222635));
#5287=CARTESIAN_POINT('Ctrl Pts',(-12.7992996560429,-11.0657765454715,99.7282682835578));
#5288=CARTESIAN_POINT('Ctrl Pts',(-12.7963519516876,-11.0585629895692,99.727147526472));
#5289=CARTESIAN_POINT('Ctrl Pts',(-12.7476430755158,-10.9397119825897,99.708665308868));
#5290=CARTESIAN_POINT('Ctrl Pts',(-12.6547749802647,-10.7033549494497,99.669923235834));
#5291=CARTESIAN_POINT('Ctrl Pts',(-12.5491892617506,-10.4101134206987,99.6175039520915));
#5292=CARTESIAN_POINT('Ctrl Pts',(-12.5041028637684,-10.1554575577956,99.5684728043213));
#5293=CARTESIAN_POINT('Ctrl Pts',(-12.5056523094718,-10.0384290793546,99.5450205801626));
#5294=CARTESIAN_POINT('Ctrl Pts',(-12.510995444118,-9.98497782358524,99.5340891404199));
#5295=CARTESIAN_POINT('Ctrl Pts',(11.294843217131,-9.59047251438117,99.4498209681568));
#5296=CARTESIAN_POINT('Ctrl Pts',(11.2735957564894,-9.65187792697999,99.4634986304829));
#5297=CARTESIAN_POINT('Ctrl Pts',(11.2392994870554,-9.75872784686288,99.4868778154639));
#5298=CARTESIAN_POINT('Ctrl Pts',(11.1937286352882,-9.95568913936819,99.5283911954147));
#5299=CARTESIAN_POINT('Ctrl Pts',(11.1883716871673,-10.148726690678,99.5672067488413));
#5300=CARTESIAN_POINT('Ctrl Pts',(11.2371511249655,-10.4131084273121,99.6180054861603));
#5301=CARTESIAN_POINT('Ctrl Pts',(11.3426908434232,-10.7082029350092,99.6707414349314));
#5302=CARTESIAN_POINT('Ctrl Pts',(11.5280997517845,-11.1730109180355,99.7466539678007));
#5303=CARTESIAN_POINT('Ctrl Pts',(11.866040531583,-11.9701927995388,99.8581302937326));
#5304=CARTESIAN_POINT('Ctrl Pts',(12.3390856961192,-13.1318477472586,99.9681953661246));
#5305=CARTESIAN_POINT('Ctrl Pts',(12.6784723841533,-14.0968460979504,100.));
#5306=CARTESIAN_POINT('Ctrl Pts',(12.8313800257868,-14.5910263334852,100.));
#5307=CARTESIAN_POINT('Ctrl Pts',(11.4638175968311,-9.67313100491427,99.4682326174569));
#5308=CARTESIAN_POINT('Ctrl Pts',(11.4303112030034,-9.72424974716236,99.4793812444661));
#5309=CARTESIAN_POINT('Ctrl Pts',(11.3762638047549,-9.81312377757896,99.4984493612811));
#5310=CARTESIAN_POINT('Ctrl Pts',(11.3045247303888,-9.97673579714842,99.5325322319865));
#5311=CARTESIAN_POINT('Ctrl Pts',(11.2960932129911,-10.13694406966,99.5646881039317));
#5312=CARTESIAN_POINT('Ctrl Pts',(11.3728507326932,-10.3563499151833,99.607170035008));
#5313=CARTESIAN_POINT('Ctrl Pts',(11.539133633483,-10.6014637968151,99.6519455498351));
#5314=CARTESIAN_POINT('Ctrl Pts',(11.832473030618,-10.9887864994921,99.7180777228114));
#5315=CARTESIAN_POINT('Ctrl Pts',(12.3717402450762,-11.6584558187236,99.8191708589638));
#5316=CARTESIAN_POINT('Ctrl Pts',(13.150325645731,-12.6608029219931,99.9345826850209));
#5317=CARTESIAN_POINT('Ctrl Pts',(13.7562212676468,-13.55175157391,99.986748365595));
#5318=CARTESIAN_POINT('Ctrl Pts',(14.0484946496959,-14.0322069827094,100.));
#5319=CARTESIAN_POINT('Ctrl Pts',(11.759522596125,-9.82050311371308,99.4882423936647));
#5320=CARTESIAN_POINT('Ctrl Pts',(11.704563181636,-9.85313433830664,99.4969892537429));
#5321=CARTESIAN_POINT('Ctrl Pts',(11.6159738687823,-9.9098575977291,99.5115355239336));
#5322=CARTESIAN_POINT('Ctrl Pts',(11.4984666403983,-10.0143993264365,99.5358183064965));
#5323=CARTESIAN_POINT('Ctrl Pts',(11.4846697407072,-10.1170652079711,99.5566792328248));
#5324=CARTESIAN_POINT('Ctrl Pts',(11.6104088200873,-10.2582917483702,99.5816217406954));
#5325=CARTESIAN_POINT('Ctrl Pts',(11.8830506217008,-10.4174647035302,99.6034715213979));
#5326=CARTESIAN_POINT('Ctrl Pts',(12.3652748261061,-10.6728100570896,99.6273186151186));
#5327=CARTESIAN_POINT('Ctrl Pts',(13.2571807724495,-11.1272495990483,99.6411278557237));
#5328=CARTESIAN_POINT('Ctrl Pts',(14.5702483274013,-11.8606360693106,99.5868151957592));
#5329=CARTESIAN_POINT('Ctrl Pts',(15.6418471345544,-12.6122831245818,99.4535182539258));
#5330=CARTESIAN_POINT('Ctrl Pts',(16.1754530597631,-13.0556469328238,99.3561088063907));
#5331=CARTESIAN_POINT('Ctrl Pts',(12.0537496551043,-9.97189771286147,99.4867865203339));
#5332=CARTESIAN_POINT('Ctrl Pts',(11.9776898465407,-9.98540667306392,99.4966984396795));
#5333=CARTESIAN_POINT('Ctrl Pts',(11.8549786147947,-10.0090596083582,99.5118037060901));
#5334=CARTESIAN_POINT('Ctrl Pts',(11.6920402167089,-10.0535406349225,99.5316407507324));
#5335=CARTESIAN_POINT('Ctrl Pts',(11.6728912892651,-10.098592654869,99.5416860800668));
#5336=CARTESIAN_POINT('Ctrl Pts',(11.8472648407749,-10.1627990679705,99.5437035776303));
#5337=CARTESIAN_POINT('Ctrl Pts',(12.2248553124377,-10.2395457934442,99.5264672245395));
#5338=CARTESIAN_POINT('Ctrl Pts',(12.8900031384239,-10.3729146918829,99.4650136661245));
#5339=CARTESIAN_POINT('Ctrl Pts',(14.1092410020391,-10.6413333811136,99.272353929622));
#5340=CARTESIAN_POINT('Ctrl Pts',(15.850847475349,-11.1840600642569,98.7630589394911));
#5341=CARTESIAN_POINT('Ctrl Pts',(17.1670915567717,-11.8801332069013,98.1234634462334));
#5342=CARTESIAN_POINT('Ctrl Pts',(17.785291616275,-12.3165144638416,97.7482646834844));
#5343=CARTESIAN_POINT('Ctrl Pts',(12.1793728685245,-10.037415515196,99.4822215985423));
#5344=CARTESIAN_POINT('Ctrl Pts',(12.0943830259582,-10.0426431390806,99.4932869992622));
#5345=CARTESIAN_POINT('Ctrl Pts',(11.9571979482222,-10.0519852438404,99.5095800498889));
#5346=CARTESIAN_POINT('Ctrl Pts',(11.7749145411532,-10.0705672551815,99.528513912179));
#5347=CARTESIAN_POINT('Ctrl Pts',(11.7534867486697,-10.0909197577429,99.5340239434542));
#5348=CARTESIAN_POINT('Ctrl Pts',(11.9486044998626,-10.1223533162788,99.5252495520101));
#5349=CARTESIAN_POINT('Ctrl Pts',(12.3707633736934,-10.164506878723,99.4883771178258));
#5350=CARTESIAN_POINT('Ctrl Pts',(13.1123990071384,-10.247916706304,99.3827223832712));
#5351=CARTESIAN_POINT('Ctrl Pts',(14.4641621263327,-10.4437889202117,99.0813291610478));
#5352=CARTESIAN_POINT('Ctrl Pts',(16.3563427844774,-10.9265674983472,98.3329076426001));
#5353=CARTESIAN_POINT('Ctrl Pts',(17.7138895366142,-11.6242321723755,97.4432082936184));
#5354=CARTESIAN_POINT('Ctrl Pts',(18.3255201031479,-12.0684769114411,96.9385999170557));
#5355=CARTESIAN_POINT('Ctrl Pts',(11.1969920053317,-9.98497783179421,99.5340866296536));
#5356=CARTESIAN_POINT('Ctrl Pts',(11.1915591249178,-10.0398435487975,99.5453057912666));
#5357=CARTESIAN_POINT('Ctrl Pts',(11.1902467915569,-10.1588896482124,99.5691594760484));
#5358=CARTESIAN_POINT('Ctrl Pts',(11.2371511249655,-10.4131084273121,99.6180054861603));
#5359=CARTESIAN_POINT('Ctrl Pts',(11.3426908434232,-10.7082029350092,99.6707414349314));
#5360=CARTESIAN_POINT('Ctrl Pts',(11.5280997517845,-11.1730109180355,99.7466539678007));
#5361=CARTESIAN_POINT('Ctrl Pts',(11.866040531583,-11.9701927995388,99.8581302937326));
#5362=CARTESIAN_POINT('Ctrl Pts',(12.3390856961192,-13.1318477472586,99.9681953661246));
#5363=CARTESIAN_POINT('Ctrl Pts',(12.6784723841533,-14.0968460979504,100.));
#5364=CARTESIAN_POINT('Ctrl Pts',(12.8313800257868,-14.5910263334852,100.));
#5365=CARTESIAN_POINT('Ctrl Pts',(18.3255201031479,-12.0684769114411,96.9385999170557));
#5366=CARTESIAN_POINT('Ctrl Pts',(17.7138895366142,-11.6242321723755,97.4432082936184));
#5367=CARTESIAN_POINT('Ctrl Pts',(16.3563427844774,-10.9265674983472,98.3329076426001));
#5368=CARTESIAN_POINT('Ctrl Pts',(14.4641621263327,-10.4437889202117,99.0813291610478));
#5369=CARTESIAN_POINT('Ctrl Pts',(13.1123990071384,-10.247916706304,99.3827223832712));
#5370=CARTESIAN_POINT('Ctrl Pts',(12.3707633736934,-10.164506878723,99.4883771178258));
#5371=CARTESIAN_POINT('Ctrl Pts',(11.9486044998626,-10.1223533162788,99.5252495520101));
#5372=CARTESIAN_POINT('Ctrl Pts',(11.7534867486697,-10.0909197577429,99.5340239434542));
#5373=CARTESIAN_POINT('Ctrl Pts',(11.7749145411532,-10.0705672551815,99.528513912179));
#5374=CARTESIAN_POINT('Ctrl Pts',(11.9571979482222,-10.0519852438404,99.5095800498889));
#5375=CARTESIAN_POINT('Ctrl Pts',(12.0943830259582,-10.0426431390806,99.4932869992622));
#5376=CARTESIAN_POINT('Ctrl Pts',(12.1793728685245,-10.037415515196,99.4822215985423));
#5377=CARTESIAN_POINT('Origin',(10.9999999999998,-9.80604373256197,100.919507340462));
#5378=CARTESIAN_POINT('Origin',(10.9999999999998,-0.296679123775907,94.6574804531697));
#5379=CARTESIAN_POINT('Origin',(45.,-14.5910263334806,77.));
#5380=CARTESIAN_POINT('',(45.,-9.98501373533103,99.5340774815764));
#5381=CARTESIAN_POINT('',(45.,-14.5910263334806,100.));
#5382=CARTESIAN_POINT('Origin',(-0.657476624886646,-45.4788718518681,75.));
#5383=CARTESIAN_POINT('',(-0.459559942754366,-45.4788718518681,50.));
#5384=CARTESIAN_POINT('Origin',(10.9999999999998,93.3533753133949,36.6370878323685));
#5385=CARTESIAN_POINT('',(10.9999999999998,45.1721281481319,50.));
#5386=CARTESIAN_POINT('Ctrl Pts',(10.9999999999998,45.1721281481319,50.));
#5387=CARTESIAN_POINT('Ctrl Pts',(11.6105289419658,45.1721281481319,50.));
#5388=CARTESIAN_POINT('Ctrl Pts',(12.2770273654489,45.1102296366852,50.));
#5389=CARTESIAN_POINT('Ctrl Pts',(13.58114132602,44.8442373692687,50.));
#5390=CARTESIAN_POINT('Ctrl Pts',(14.2187709811906,44.6402128365009,50.));
#5391=CARTESIAN_POINT('Ctrl Pts',(15.3538979035243,44.1596429578828,50.));
#5392=CARTESIAN_POINT('Ctrl Pts',(15.9547365527839,43.8368107402526,50.));
#5393=CARTESIAN_POINT('Ctrl Pts',(17.0742628886696,43.0706750868586,50.));
#5394=CARTESIAN_POINT('Ctrl Pts',(17.5930300199035,42.6274877470863,50.));
#5395=CARTESIAN_POINT('Ctrl Pts',(18.4716267971392,41.7303075468554,50.));
#5396=CARTESIAN_POINT('Ctrl Pts',(18.9108411613532,41.1920113857488,50.));
#5397=CARTESIAN_POINT('Ctrl Pts',(19.6673940027469,40.0354930300366,50.));
#5398=CARTESIAN_POINT('Ctrl Pts',(19.9848093055153,39.4173210937984,50.));
#5399=CARTESIAN_POINT('Ctrl Pts',(20.4645552958208,38.2380638485175,50.));
#5400=CARTESIAN_POINT('Ctrl Pts',(20.6701558402969,37.5675493347983,50.));
#5401=CARTESIAN_POINT('Ctrl Pts',(20.9309227938962,36.2340219363628,50.));
#5402=CARTESIAN_POINT('Ctrl Pts',(20.9936992905773,35.5724329387988,50.));
#5403=CARTESIAN_POINT('Ctrl Pts',(20.9995233751134,34.9605152279154,50.));
#5404=CARTESIAN_POINT('Origin',(10.9999999999998,93.3533753133949,36.6370878323685));
#5405=CARTESIAN_POINT('Origin',(-0.261597461658331,93.3533753133949,36.6370878323685));
#5406=CARTESIAN_POINT('',(-12.3140000000002,45.1721281481319,50.));
#5407=CARTESIAN_POINT('',(-0.261597461658325,45.1721281481319,50.));
#5408=CARTESIAN_POINT('Origin',(-12.3140000000002,93.3533753133949,36.6370878323685));
#5409=CARTESIAN_POINT('Origin',(10.9999999999998,10.5606667320311,87.5077922804316));
#5410=CARTESIAN_POINT('Origin',(44.9999999999999,255.853989493168,362.603696332705));
#5411=CARTESIAN_POINT('',(-23.3144766248866,-9.97512850428897,99.54385973298));
#5412=CARTESIAN_POINT('Origin',(-23.3144766248866,-9.80604373256197,100.919507340462));
#5413=CARTESIAN_POINT('Origin',(-12.3140000000002,93.3533753133949,36.6370878323685));
#5414=CARTESIAN_POINT('Ctrl Pts',(-22.3134766248866,34.9653122455144,50.));
#5415=CARTESIAN_POINT('Ctrl Pts',(-22.3073869574308,35.5758900412207,50.));
#5416=CARTESIAN_POINT('Ctrl Pts',(-22.2445912467873,36.2357174240314,50.));
#5417=CARTESIAN_POINT('Ctrl Pts',(-21.9841558402973,37.5675493347983,50.));
#5418=CARTESIAN_POINT('Ctrl Pts',(-21.7785552958212,38.2380638485175,50.));
#5419=CARTESIAN_POINT('Ctrl Pts',(-21.2988093055157,39.4173210937984,50.));
#5420=CARTESIAN_POINT('Ctrl Pts',(-20.9813940027473,40.0354930300366,50.));
#5421=CARTESIAN_POINT('Ctrl Pts',(-20.2248411613536,41.1920113857488,50.));
#5422=CARTESIAN_POINT('Ctrl Pts',(-19.7856267971397,41.7303075468554,50.));
#5423=CARTESIAN_POINT('Ctrl Pts',(-18.9070300199039,42.6274877470863,50.));
#5424=CARTESIAN_POINT('Ctrl Pts',(-18.38826288867,43.0706750868586,50.));
#5425=CARTESIAN_POINT('Ctrl Pts',(-17.2687365527843,43.8368107402526,50.));
#5426=CARTESIAN_POINT('Ctrl Pts',(-16.6678979035247,44.1596429578827,50.));
#5427=CARTESIAN_POINT('Ctrl Pts',(-15.532770981191,44.6402128365009,50.));
#5428=CARTESIAN_POINT('Ctrl Pts',(-14.8951413260204,44.8442373692686,50.));
#5429=CARTESIAN_POINT('Ctrl Pts',(-13.5910273654493,45.1102296366852,50.));
#5430=CARTESIAN_POINT('Ctrl Pts',(-12.9245289419662,45.1721281481319,50.));
#5431=CARTESIAN_POINT('Ctrl Pts',(-12.3140000000002,45.1721281481319,50.));
#5432=CARTESIAN_POINT('Ctrl Pts',(-22.3134766248866,45.1721281481319,72.2222076441465));
#5433=CARTESIAN_POINT('Ctrl Pts',(-22.3138256012908,45.1721281481319,72.2796191751966));
#5434=CARTESIAN_POINT('Ctrl Pts',(-22.3140000000002,45.1721281481319,72.336933917899));
#5435=CARTESIAN_POINT('Ctrl Pts',(-22.3140000000002,45.1721281481319,72.3941489755865));
#5436=CARTESIAN_POINT('Origin',(-22.3144766248867,45.1721281481319,50.));
#5437=CARTESIAN_POINT('Origin',(-0.657476624886648,-0.153371851868069,100.));
#5438=CARTESIAN_POINT('Origin',(-0.261643260622089,-0.153455120830994,50.));
#5439=CARTESIAN_POINT('',(-22.3144766248866,45.1721281481319,50.));
#5440=CARTESIAN_POINT('',(-0.261597461658325,45.1721281481319,50.));
#5441=CARTESIAN_POINT('',(-22.3144766248866,-45.4790383897939,50.));
#5442=CARTESIAN_POINT('',(-22.3144766248866,69.9999999999997,50.));
#5443=CARTESIAN_POINT('',(21.0000005616204,-45.4790383897939,50.));
#5444=CARTESIAN_POINT('',(-0.261643260622089,-45.4790383897939,50.));
#5445=CARTESIAN_POINT('',(21.0000005616204,45.1721281481319,50.));
#5446=CARTESIAN_POINT('',(21.0000005616204,71.5666427732199,50.));
#5447=CARTESIAN_POINT('',(-0.261597461658325,45.1721281481319,50.));
#5448=CARTESIAN_POINT('Origin',(-0.261643260622089,-45.4790383897939,45.));
#5449=CARTESIAN_POINT('',(-27.1557058076459,-50.3202675725532,46.25));
#5450=CARTESIAN_POINT('Origin',(-22.3144766248866,-45.4790383897939,45.));
#5451=CARTESIAN_POINT('',(25.8412297443797,-50.3202675725532,46.25));
#5452=CARTESIAN_POINT('',(-0.261643260622089,-50.3202675725532,46.25));
#5453=CARTESIAN_POINT('Origin',(21.0000005616204,-45.4790383897939,45.));
#5454=CARTESIAN_POINT('Origin',(-22.3144766248866,69.9999999999997,45.));
#5455=CARTESIAN_POINT('',(-27.1557058076459,50.0133573308912,46.25));
#5456=CARTESIAN_POINT('Origin',(-22.3144766248866,45.1721281481319,45.));
#5457=CARTESIAN_POINT('',(-27.3144627989901,50.3907575486343,45.0117583491108));
#5458=CARTESIAN_POINT('Ctrl Pts',(-27.1557058076459,50.0133573308912,46.25));
#5459=CARTESIAN_POINT('Ctrl Pts',(-27.2635735281278,50.1212250513731,45.8322301149802));
#5460=CARTESIAN_POINT('Ctrl Pts',(-27.3135265707983,50.2503762764135,45.4098693378123));
#5461=CARTESIAN_POINT('Ctrl Pts',(-27.31446279899,50.3907575488139,45.0117583491741));
#5462=CARTESIAN_POINT('',(-27.3144627989915,-50.6976677907001,45.0117583485383));
#5463=CARTESIAN_POINT('',(-27.3144627989915,69.9999999999997,45.0117583485383));
#5464=CARTESIAN_POINT('Ctrl Pts',(-27.3144627989915,-50.6976677907001,45.0117583485383));
#5465=CARTESIAN_POINT('Ctrl Pts',(-27.3135265939391,-50.5572899802758,45.4098595192093));
#5466=CARTESIAN_POINT('Ctrl Pts',(-27.2635750006691,-50.4281367655764,45.8322244118522));
#5467=CARTESIAN_POINT('Ctrl Pts',(-27.1557058076459,-50.3202675725532,46.25));
#5468=CARTESIAN_POINT('Origin',(-0.261597461658325,45.1721281481319,45.));
#5469=CARTESIAN_POINT('',(25.8412297443797,50.0133573308912,46.25));
#5470=CARTESIAN_POINT('Origin',(21.0000005616204,45.1721281481319,45.));
#5471=CARTESIAN_POINT('',(-0.261597461658325,50.0133573308912,46.25));
#5472=CARTESIAN_POINT('Origin',(21.0000005616204,71.5666427732199,45.));
#5473=CARTESIAN_POINT('',(26.0000003744136,-50.7023033158136,44.9986317646418));
#5474=CARTESIAN_POINT('',(26.0000003744136,50.3953930741516,44.9986317646418));
#5475=CARTESIAN_POINT('',(26.0000003744136,71.5666427732199,44.9986317646415));
#5476=CARTESIAN_POINT('Ctrl Pts',(26.0000003744136,50.3953930741517,44.9986317646418));
#5477=CARTESIAN_POINT('Ctrl Pts',(26.0000004992215,50.3952317720388,44.9990878554971));
#5478=CARTESIAN_POINT('Ctrl Pts',(26.0000005616204,50.3950704991325,44.9995439339609));
#5479=CARTESIAN_POINT('Ctrl Pts',(26.0000005616204,50.2529387790946,45.4015531462029));
#5480=CARTESIAN_POINT('Ctrl Pts',(25.9501600812042,50.1222876677157,45.8281146195819));
#5481=CARTESIAN_POINT('Ctrl Pts',(25.8412297443797,50.0133573308912,46.25));
#5482=CARTESIAN_POINT('Ctrl Pts',(25.8412297443797,-50.3202675725532,46.25));
#5483=CARTESIAN_POINT('Ctrl Pts',(25.9501600812042,-50.4291979093777,45.8281146195819));
#5484=CARTESIAN_POINT('Ctrl Pts',(26.0000005616204,-50.5598490207566,45.4015531462029));
#5485=CARTESIAN_POINT('Ctrl Pts',(26.0000005616204,-50.7019807407945,44.9995439339609));
#5486=CARTESIAN_POINT('Ctrl Pts',(26.0000004992215,-50.7021420137007,44.9990878554972));
#5487=CARTESIAN_POINT('Ctrl Pts',(26.0000003744136,-50.7023033158137,44.9986317646418));
#5488=CARTESIAN_POINT('Origin',(-0.261597461658325,64.537044879169,50.));
#5489=CARTESIAN_POINT('',(35.7135086861683,64.537044879169,35.));
#5490=CARTESIAN_POINT('Ctrl Pts',(26.0000003744136,50.3953930741517,44.9986317646418));
#5491=CARTESIAN_POINT('Ctrl Pts',(25.9996270033191,50.8779388998334,43.6342061263712));
#5492=CARTESIAN_POINT('Ctrl Pts',(26.2892587677257,51.5873906959092,42.2921480484178));
#5493=CARTESIAN_POINT('Ctrl Pts',(27.2886198311068,53.3339368189842,39.9132866734803));
#5494=CARTESIAN_POINT('Ctrl Pts',(28.0094021281234,54.3807620815958,38.8861179036103));
#5495=CARTESIAN_POINT('Ctrl Pts',(29.3006156617393,56.1478225442943,37.530180192175));
#5496=CARTESIAN_POINT('Ctrl Pts',(29.9023260330343,56.9394752171332,37.0350640908868));
#5497=CARTESIAN_POINT('Ctrl Pts',(31.1509380609325,58.546863699903,36.2184776935906));
#5498=CARTESIAN_POINT('Ctrl Pts',(31.7977416223777,59.3625878567799,35.8968344778956));
#5499=CARTESIAN_POINT('Ctrl Pts',(33.05336226444,60.9330013439222,35.4162708145975));
#5500=CARTESIAN_POINT('Ctrl Pts',(33.6850335286447,61.7152560391453,35.2501111360103));
#5501=CARTESIAN_POINT('Ctrl Pts',(34.5455270731346,62.7879636317549,35.0979483647223));
#5502=CARTESIAN_POINT('Ctrl Pts',(34.8232393417447,63.1344114366261,35.0620118026802));
#5503=CARTESIAN_POINT('Ctrl Pts',(35.2093034916153,63.6325988114286,35.0263666708068));
#5504=CARTESIAN_POINT('Ctrl Pts',(35.3328091576585,63.7937956011697,35.0175028252754));
#5505=CARTESIAN_POINT('Ctrl Pts',(35.5065698386582,64.0429948336024,35.0079079249852));
#5506=CARTESIAN_POINT('Ctrl Pts',(35.5621626445031,64.1258974659223,35.0053606988881));
#5507=CARTESIAN_POINT('Ctrl Pts',(35.6370327055663,64.2620105424541,35.0024532157747));
#5508=CARTESIAN_POINT('Ctrl Pts',(35.6604588664128,64.3090304948867,35.0016432923774));
#5509=CARTESIAN_POINT('Ctrl Pts',(35.6984631253199,64.4128364016198,35.000424461289));
#5510=CARTESIAN_POINT('Ctrl Pts',(35.7135086861683,64.4694504330038,35.));
#5511=CARTESIAN_POINT('Ctrl Pts',(35.7135086861683,64.537044879169,35.));
#5512=CARTESIAN_POINT('',(-38.2095974616583,64.5370177635689,35.));
#5513=CARTESIAN_POINT('',(-0.130821630311044,64.537044879169,35.));
#5514=CARTESIAN_POINT('',(-38.2095974616583,63.034728689487,35.0754214107132));
#5515=CARTESIAN_POINT('Origin',(-38.2096432606221,64.537044879169,50.));
#5516=CARTESIAN_POINT('Ctrl Pts',(-38.2095516626946,63.0347695832205,35.0754172944372));
#5517=CARTESIAN_POINT('Ctrl Pts',(-38.206554011713,63.037446039615,35.0751478882903));
#5518=CARTESIAN_POINT('Ctrl Pts',(-38.2035551161102,63.0401160927725,35.0748798021187));
#5519=CARTESIAN_POINT('Ctrl Pts',(-38.0718280727705,63.1572200995871,35.0631580223954));
#5520=CARTESIAN_POINT('Ctrl Pts',(-37.9449725553787,63.2600970182662,35.0542041309177));
#5521=CARTESIAN_POINT('Ctrl Pts',(-37.7365744101143,63.3888552262032,35.0439471511979));
#5522=CARTESIAN_POINT('Ctrl Pts',(-37.6644938860247,63.4271885637095,35.0410857504807));
#5523=CARTESIAN_POINT('Ctrl Pts',(-37.5050446828634,63.4869227710646,35.0367737310043));
#5524=CARTESIAN_POINT('Ctrl Pts',(-37.4179075380094,63.5089364025966,35.0352750456148));
#5525=CARTESIAN_POINT('Ctrl Pts',(-37.210962756393,63.5089364025966,35.0352750456148));
#5526=CARTESIAN_POINT('Ctrl Pts',(-37.123825611539,63.4869227710646,35.0367737310043));
#5527=CARTESIAN_POINT('Ctrl Pts',(-36.9643764083777,63.4271885637095,35.0410857504807));
#5528=CARTESIAN_POINT('Ctrl Pts',(-36.8922958842881,63.3888552262032,35.0439471511979));
#5529=CARTESIAN_POINT('Ctrl Pts',(-36.6838977390236,63.2600970182662,35.0542041309177));
#5530=CARTESIAN_POINT('Ctrl Pts',(-36.5570422216319,63.1572200995871,35.0631580223954));
#5531=CARTESIAN_POINT('Ctrl Pts',(-36.1708563637012,62.8139047848859,35.097522913948));
#5532=CARTESIAN_POINT('Ctrl Pts',(-35.9158126152736,62.5453735990184,35.1298647348845));
#5533=CARTESIAN_POINT('Ctrl Pts',(-35.1149500131661,61.6674215508748,35.2651442400253));
#5534=CARTESIAN_POINT('Ctrl Pts',(-34.5529096694118,61.000237062135,35.4085896378095));
#5535=CARTESIAN_POINT('Ctrl Pts',(-32.9855186624418,59.1151843803118,35.9524662401191));
#5536=CARTESIAN_POINT('Ctrl Pts',(-31.8910917568053,57.7501741598467,36.5366283599489));
#5537=CARTESIAN_POINT('Ctrl Pts',(-29.9247053970947,55.1803196139176,38.1773219547607));
#5538=CARTESIAN_POINT('Ctrl Pts',(-29.0558326706444,53.9742329407536,39.2356048302119));
#5539=CARTESIAN_POINT('Ctrl Pts',(-28.0083354125123,52.2996515460069,41.2605388997415));
#5540=CARTESIAN_POINT('Ctrl Pts',(-27.6452289641898,51.632819287439,42.2577419327887));
#5541=CARTESIAN_POINT('Ctrl Pts',(-27.3658687202568,50.8277261294536,43.882801944198));
#5542=CARTESIAN_POINT('Ctrl Pts',(-27.3157938371778,50.5903380049745,44.4457628188847));
#5543=CARTESIAN_POINT('Ctrl Pts',(-27.31446279899,50.3907575488139,45.0117583491741));
#5544=CARTESIAN_POINT('Origin',(36.,71.5666427732199,44.9958952939243));
#5545=CARTESIAN_POINT('',(35.7135086861694,-64.843955120831,35.));
#5546=CARTESIAN_POINT('Ctrl Pts',(35.7135086861695,-64.843955120831,35.));
#5547=CARTESIAN_POINT('Ctrl Pts',(35.7135086861695,-64.7763606746658,35.));
#5548=CARTESIAN_POINT('Ctrl Pts',(35.6984631253211,-64.7197466432818,35.000424461289));
#5549=CARTESIAN_POINT('Ctrl Pts',(35.6604588664139,-64.6159407365487,35.0016432923774));
#5550=CARTESIAN_POINT('Ctrl Pts',(35.6370327055673,-64.5689207841162,35.0024532157747));
#5551=CARTESIAN_POINT('Ctrl Pts',(35.562162644504,-64.4328077075845,35.0053606988881));
#5552=CARTESIAN_POINT('Ctrl Pts',(35.5065698386591,-64.3499050752647,35.0079079249851));
#5553=CARTESIAN_POINT('Ctrl Pts',(35.3328091576593,-64.1007058428321,35.0175028252754));
#5554=CARTESIAN_POINT('Ctrl Pts',(35.2093034916161,-63.9395090530911,35.0263666708067));
#5555=CARTESIAN_POINT('Ctrl Pts',(34.8232393417455,-63.4413216782888,35.0620118026802));
#5556=CARTESIAN_POINT('Ctrl Pts',(34.5455270731353,-63.0948738734175,35.0979483647222));
#5557=CARTESIAN_POINT('Ctrl Pts',(33.6850335286454,-62.0221662808081,35.2501111360101));
#5558=CARTESIAN_POINT('Ctrl Pts',(33.0533622644407,-61.239911585585,35.4162708145973));
#5559=CARTESIAN_POINT('Ctrl Pts',(31.7977416223784,-59.6694980984427,35.8968344778953));
#5560=CARTESIAN_POINT('Ctrl Pts',(31.1509380609332,-58.8537739415658,36.2184776935902));
#5561=CARTESIAN_POINT('Ctrl Pts',(29.902326033035,-57.246385458796,37.0350640908863));
#5562=CARTESIAN_POINT('Ctrl Pts',(29.3006156617399,-56.4547327859571,37.5301801921744));
#5563=CARTESIAN_POINT('Ctrl Pts',(28.0094021281239,-54.6876723232585,38.8861179036096));
#5564=CARTESIAN_POINT('Ctrl Pts',(27.2886198311072,-53.6408470606467,39.9132866734796));
#5565=CARTESIAN_POINT('Ctrl Pts',(26.2892587677258,-51.8943009375715,42.2921480484173));
#5566=CARTESIAN_POINT('Ctrl Pts',(25.9996270033191,-51.1848491414954,43.634206126371));
#5567=CARTESIAN_POINT('Ctrl Pts',(26.0000003744136,-50.7023033158136,44.9986317646418));
#5568=CARTESIAN_POINT('',(35.71350868617,-65.9510826091798,35.));
#5569=CARTESIAN_POINT('',(35.7135086861683,71.5666427732199,35.));
#5570=CARTESIAN_POINT('',(36.28649131383,-65.6375696391277,35.));
#5571=CARTESIAN_POINT('Ctrl Pts',(36.2864913138304,-65.6375696391277,35.));
#5572=CARTESIAN_POINT('Ctrl Pts',(36.2864913138304,-65.6421814255177,35.));
#5573=CARTESIAN_POINT('Ctrl Pts',(36.2863207686793,-65.646786114192,34.9999951084956));
#5574=CARTESIAN_POINT('Ctrl Pts',(36.2836270845301,-65.6854829513273,34.9999180369781));
#5575=CARTESIAN_POINT('Ctrl Pts',(36.2726510299531,-65.7233787824094,34.9995956146804));
#5576=CARTESIAN_POINT('Ctrl Pts',(36.2303473330811,-65.8122431285057,34.9985205012656));
#5577=CARTESIAN_POINT('Ctrl Pts',(36.1950808551332,-65.8623018410499,34.997705222485));
#5578=CARTESIAN_POINT('Ctrl Pts',(36.1225288209553,-65.9386869444018,34.9966027128271));
#5579=CARTESIAN_POINT('Ctrl Pts',(36.0898131484773,-65.9670975155813,34.9962390525349));
#5580=CARTESIAN_POINT('Ctrl Pts',(36.0382698213043,-66.0034233003954,34.9959540250577));
#5581=CARTESIAN_POINT('Ctrl Pts',(36.0206268669086,-66.0145526971839,34.9959003079326));
#5582=CARTESIAN_POINT('Ctrl Pts',(36.0020724889995,-66.0248054475669,34.9958954950908));
#5583=CARTESIAN_POINT('Ctrl Pts',(36.0015533483825,-66.0250911597017,34.9958954012107));
#5584=CARTESIAN_POINT('Ctrl Pts',(36.0008317329559,-66.0254867292788,34.9958953264176));
#5585=CARTESIAN_POINT('Ctrl Pts',(36.0006280121932,-66.0255982254988,34.9958953115895));
#5586=CARTESIAN_POINT('Ctrl Pts',(36.0002828107075,-66.0257868585454,34.9958952969085));
#5587=CARTESIAN_POINT('Ctrl Pts',(36.0001410499333,-66.0258642366389,34.9958952939243));
#5588=CARTESIAN_POINT('Ctrl Pts',(36.,-66.0259411427384,34.9958952939243));
#5589=CARTESIAN_POINT('Ctrl Pts',(35.9998895565325,-66.0260013609611,34.9958952939243));
#5590=CARTESIAN_POINT('Ctrl Pts',(35.9997790942198,-66.026061537701,34.995895295754));
#5591=CARTESIAN_POINT('Ctrl Pts',(35.9994885295418,-66.0262196928684,34.995895305383));
#5592=CARTESIAN_POINT('Ctrl Pts',(35.9993093487517,-66.0263170838807,34.9958953161849));
#5593=CARTESIAN_POINT('Ctrl Pts',(35.9987399713691,-66.0266261317659,34.9958953656607));
#5594=CARTESIAN_POINT('Ctrl Pts',(35.9983506947337,-66.0268367752359,34.9958954224273));
#5595=CARTESIAN_POINT('Ctrl Pts',(35.9951298346665,-66.0285743599736,34.995896078451));
#5596=CARTESIAN_POINT('Ctrl Pts',(35.9922968021253,-66.0300686518569,34.9958978600395));
#5597=CARTESIAN_POINT('Ctrl Pts',(35.96001970285,-66.0467050249284,34.9959318627573));
#5598=CARTESIAN_POINT('Ctrl Pts',(35.9284294160501,-66.0592930870995,34.9961008850535));
#5599=CARTESIAN_POINT('Ctrl Pts',(35.8645902225146,-66.0741186134586,34.9967607514855));
#5600=CARTESIAN_POINT('Ctrl Pts',(35.8352437359356,-66.0755900705607,34.9972202528162));
#5601=CARTESIAN_POINT('Ctrl Pts',(35.7936861727537,-66.0684524612604,34.9980107868822));
#5602=CARTESIAN_POINT('Ctrl Pts',(35.7782096343995,-66.0631683153232,34.9983457055039));
#5603=CARTESIAN_POINT('Ctrl Pts',(35.7529287071672,-66.0475059266265,34.9989412992363));
#5604=CARTESIAN_POINT('Ctrl Pts',(35.7431471183206,-66.038402253711,34.9991914524985));
#5605=CARTESIAN_POINT('Ctrl Pts',(35.726625645941,-66.0152860415293,34.9996288738157));
#5606=CARTESIAN_POINT('Ctrl Pts',(35.7208725510531,-66.0015628596381,34.9997910800743));
#5607=CARTESIAN_POINT('Ctrl Pts',(35.7148227555337,-65.9758852675751,34.9999620732169));
#5608=CARTESIAN_POINT('Ctrl Pts',(35.7135086861696,-65.9638288916139,35.));
#5609=CARTESIAN_POINT('Ctrl Pts',(35.7135086861696,-65.9510826091798,35.));
#5610=CARTESIAN_POINT('',(36.2864913138306,-64.843955120831,35.));
#5611=CARTESIAN_POINT('',(36.2864913138317,71.5666427732199,35.));
#5612=CARTESIAN_POINT('',(37.6863567393779,-62.8058256841872,35.1391107803239));
#5613=CARTESIAN_POINT('Ctrl Pts',(37.6863567393779,-62.8058256841872,35.1391107803239));
#5614=CARTESIAN_POINT('Ctrl Pts',(37.4190940457211,-63.1392256621512,35.0933859048322));
#5615=CARTESIAN_POINT('Ctrl Pts',(37.1602888819242,-63.4625772934788,35.0604909708711));
#5616=CARTESIAN_POINT('Ctrl Pts',(36.7906965083839,-63.9395090530911,35.0263666708067));
#5617=CARTESIAN_POINT('Ctrl Pts',(36.6671908423407,-64.1007058428321,35.0175028252754));
#5618=CARTESIAN_POINT('Ctrl Pts',(36.4934301613409,-64.3499050752647,35.0079079249851));
#5619=CARTESIAN_POINT('Ctrl Pts',(36.437837355496,-64.4328077075845,35.0053606988881));
#5620=CARTESIAN_POINT('Ctrl Pts',(36.3629672944327,-64.5689207841162,35.0024532157747));
#5621=CARTESIAN_POINT('Ctrl Pts',(36.3395411335861,-64.6159407365488,35.0016432923774));
#5622=CARTESIAN_POINT('Ctrl Pts',(36.3015368746789,-64.7197466432818,35.000424461289));
#5623=CARTESIAN_POINT('Ctrl Pts',(36.2864913138305,-64.7763606746658,35.));
#5624=CARTESIAN_POINT('Ctrl Pts',(36.2864913138305,-64.843955120831,35.));
#5625=CARTESIAN_POINT('',(37.6863567393779,62.4989154425254,35.1391107803239));
#5626=CARTESIAN_POINT('',(37.6863567393779,71.5666427732199,35.1391107803238));
#5627=CARTESIAN_POINT('',(36.2864913138317,64.537044879169,35.));
#5628=CARTESIAN_POINT('Ctrl Pts',(36.2864913138317,64.537044879169,35.));
#5629=CARTESIAN_POINT('Ctrl Pts',(36.2864913138317,64.4694504330038,35.));
#5630=CARTESIAN_POINT('Ctrl Pts',(36.3015368746801,64.4128364016198,35.000424461289));
#5631=CARTESIAN_POINT('Ctrl Pts',(36.3395411335872,64.3090304948867,35.0016432923774));
#5632=CARTESIAN_POINT('Ctrl Pts',(36.3629672944337,64.2620105424541,35.0024532157747));
#5633=CARTESIAN_POINT('Ctrl Pts',(36.4378373554969,64.1258974659223,35.0053606988881));
#5634=CARTESIAN_POINT('Ctrl Pts',(36.4934301613418,64.0429948336024,35.0079079249852));
#5635=CARTESIAN_POINT('Ctrl Pts',(36.6671908423415,63.7937956011697,35.0175028252754));
#5636=CARTESIAN_POINT('Ctrl Pts',(36.7906965083847,63.6325988114286,35.0263666708068));
#5637=CARTESIAN_POINT('Ctrl Pts',(37.1602888819247,63.1556670518165,35.0604909708711));
#5638=CARTESIAN_POINT('Ctrl Pts',(37.4190940457214,62.8323154204891,35.0933859048322));
#5639=CARTESIAN_POINT('Ctrl Pts',(37.6863567393779,62.4989154425254,35.1391107803239));
#5640=CARTESIAN_POINT('',(36.2864913138314,65.637569639127,35.));
#5641=CARTESIAN_POINT('',(36.2864913138317,71.5666427732199,35.));
#5642=CARTESIAN_POINT('',(35.7135086861689,65.9510826091804,35.));
#5643=CARTESIAN_POINT('Ctrl Pts',(35.7135086861683,65.9510826091804,35.));
#5644=CARTESIAN_POINT('Ctrl Pts',(35.7135086861683,65.9610055791054,35.));
#5645=CARTESIAN_POINT('Ctrl Pts',(35.7143037948582,65.9709255763004,34.9999770798178));
#5646=CARTESIAN_POINT('Ctrl Pts',(35.7186464223066,65.994314308963,34.9998537472257));
#5647=CARTESIAN_POINT('Ctrl Pts',(35.7231686811479,66.0075392406381,34.9997252999412));
#5648=CARTESIAN_POINT('Ctrl Pts',(35.7366035024342,66.0304700255294,34.999362758598));
#5649=CARTESIAN_POINT('Ctrl Pts',(35.7447651579605,66.0399464289039,34.9991481130026));
#5650=CARTESIAN_POINT('Ctrl Pts',(35.7666166941302,66.0572306548771,34.9986119624238));
#5651=CARTESIAN_POINT('Ctrl Pts',(35.7803685312842,66.0637836238471,34.9982965833625));
#5652=CARTESIAN_POINT('Ctrl Pts',(35.8150724307524,66.073526110067,34.9975854514448));
#5653=CARTESIAN_POINT('Ctrl Pts',(35.838021406132,66.0750628450898,34.9971752756041));
#5654=CARTESIAN_POINT('Ctrl Pts',(35.8908155189809,66.0694574289002,34.9964535066763));
#5655=CARTESIAN_POINT('Ctrl Pts',(35.9185888019797,66.0618082475349,34.9961925119694));
#5656=CARTESIAN_POINT('Ctrl Pts',(35.9626675354267,66.0447926926398,34.9959488958368));
#5657=CARTESIAN_POINT('Ctrl Pts',(35.9803303476134,66.0365317822566,34.9959000324756));
#5658=CARTESIAN_POINT('Ctrl Pts',(35.997934899917,66.0270614585831,34.9958954940024));
#5659=CARTESIAN_POINT('Ctrl Pts',(35.9984495934763,66.026783464177,34.9958954007744));
#5660=CARTESIAN_POINT('Ctrl Pts',(35.9991682842212,66.0263937070613,34.9958953264676));
#5661=CARTESIAN_POINT('Ctrl Pts',(35.9993713004622,66.0262834347306,34.99589531161));
#5662=CARTESIAN_POINT('Ctrl Pts',(35.9997161749147,66.02609580979,34.9958952969576));
#5663=CARTESIAN_POINT('Ctrl Pts',(35.9998577929684,66.0260186797344,34.9958952939243));
#5664=CARTESIAN_POINT('Ctrl Pts',(36.,66.0259411427384,34.9958952939243));
#5665=CARTESIAN_POINT('Ctrl Pts',(36.0000425511512,66.0259179421385,34.9958952939243));
#5666=CARTESIAN_POINT('Ctrl Pts',(36.000085099075,66.0258947356156,34.9958952941959));
#5667=CARTESIAN_POINT('Ctrl Pts',(36.000260244796,66.0257991758782,34.9958952964316));
#5668=CARTESIAN_POINT('Ctrl Pts',(36.0003933944048,66.0257264546703,34.9958953007685));
#5669=CARTESIAN_POINT('Ctrl Pts',(36.0007586335386,66.0255267669943,34.9958953200202));
#5670=CARTESIAN_POINT('Ctrl Pts',(36.0009910855386,66.0253994507393,34.9958953403136));
#5671=CARTESIAN_POINT('Ctrl Pts',(36.001883800345,66.0249096144407,34.9958954496234));
#5672=CARTESIAN_POINT('Ctrl Pts',(36.0025452492273,66.024544830024,34.9958955958229));
#5673=CARTESIAN_POINT('Ctrl Pts',(36.0046424718321,66.0233823010333,34.9958962687833));
#5674=CARTESIAN_POINT('Ctrl Pts',(36.0060787651749,66.0225774134691,34.9958970379884));
#5675=CARTESIAN_POINT('Ctrl Pts',(36.0086197574284,66.0211379022992,34.995898948193));
#5676=CARTESIAN_POINT('Ctrl Pts',(36.0097246023038,66.020506829544,34.9958999609997));
#5677=CARTESIAN_POINT('Ctrl Pts',(36.0546551293706,65.994630973307,34.9959486299238));
#5678=CARTESIAN_POINT('Ctrl Pts',(36.0962259823715,65.9625495339325,34.9962907721708));
#5679=CARTESIAN_POINT('Ctrl Pts',(36.1887197838325,65.8727976031815,34.9975207295351));
#5680=CARTESIAN_POINT('Ctrl Pts',(36.2335173737877,65.8103077102953,34.9985868464961));
#5681=CARTESIAN_POINT('Ctrl Pts',(36.2744742770315,65.7161105985473,34.9996524531071));
#5682=CARTESIAN_POINT('Ctrl Pts',(36.2832120000296,65.6841241752489,34.9999062325969));
#5683=CARTESIAN_POINT('Ctrl Pts',(36.2862233692052,65.6491227433536,34.9999923119307));
#5684=CARTESIAN_POINT('Ctrl Pts',(36.2864913138317,65.6433502856385,35.));
#5685=CARTESIAN_POINT('Ctrl Pts',(36.2864913138317,65.637569639127,35.));
#5686=CARTESIAN_POINT('',(35.7135086861683,71.5666427732199,35.));
#5687=CARTESIAN_POINT('Origin',(-37.3144351472012,69.9999999999997,45.0352750456148));
#5688=CARTESIAN_POINT('',(-38.2096432606221,-63.3415980395896,35.0754255269893));
#5689=CARTESIAN_POINT('',(-38.2096432606221,69.9999999999997,35.0754255269892));
#5690=CARTESIAN_POINT('Ctrl Pts',(-27.3144627989915,-50.6976677907001,45.0117583485383));
#5691=CARTESIAN_POINT('Ctrl Pts',(-27.3180952970065,-51.2423370556155,43.4671162762908));
#5692=CARTESIAN_POINT('Ctrl Pts',(-27.690348008799,-52.0679584525721,41.9755289130786));
#5693=CARTESIAN_POINT('Ctrl Pts',(-28.9135176067449,-54.0782876495113,39.4290384017223));
#5694=CARTESIAN_POINT('Ctrl Pts',(-29.7642329189551,-55.2636051761245,38.3740778129752));
#5695=CARTESIAN_POINT('Ctrl Pts',(-31.1608662426968,-57.1081603726285,37.1215456460878));
#5696=CARTESIAN_POINT('Ctrl Pts',(-31.728300911978,-57.835136878296,36.7141248209804));
#5697=CARTESIAN_POINT('Ctrl Pts',(-32.884985047777,-59.2857296386073,36.0449241673533));
#5698=CARTESIAN_POINT('Ctrl Pts',(-33.473911419419,-60.0094900885206,35.7828985176449));
#5699=CARTESIAN_POINT('Ctrl Pts',(-34.6015281980176,-61.3655986242076,35.3918174728213));
#5700=CARTESIAN_POINT('Ctrl Pts',(-35.1411304096757,-62.0028628827947,35.2608488122837));
#5701=CARTESIAN_POINT('Ctrl Pts',(-35.8991240035269,-62.8340729129486,35.132620732771));
#5702=CARTESIAN_POINT('Ctrl Pts',(-36.1372682604021,-63.0858967636817,35.1016428232869));
#5703=CARTESIAN_POINT('Ctrl Pts',(-36.5114597365008,-63.425558221226,35.0667785067009));
#5704=CARTESIAN_POINT('Ctrl Pts',(-36.6352080336899,-63.5301045717345,35.0573564448855));
#5705=CARTESIAN_POINT('Ctrl Pts',(-36.8480863200322,-63.670424002637,35.0459025083423));
#5706=CARTESIAN_POINT('Ctrl Pts',(-36.9227487770467,-63.71397817116,35.0425787213367));
#5707=CARTESIAN_POINT('Ctrl Pts',(-37.0946863548395,-63.7858890598434,35.0373198787065));
#5708=CARTESIAN_POINT('Ctrl Pts',(-37.1912841643103,-63.8158466442582,35.0352750456148));
#5709=CARTESIAN_POINT('Ctrl Pts',(-37.4375861300921,-63.8158466442582,35.0352750456148));
#5710=CARTESIAN_POINT('Ctrl Pts',(-37.5341839395629,-63.7858890598434,35.0373198787065));
#5711=CARTESIAN_POINT('Ctrl Pts',(-37.7061215173557,-63.71397817116,35.0425787213367));
#5712=CARTESIAN_POINT('Ctrl Pts',(-37.7807839743701,-63.670424002637,35.0459025083423));
#5713=CARTESIAN_POINT('Ctrl Pts',(-37.9813425974234,-63.5382251187915,35.0566935842247));
#5714=CARTESIAN_POINT('Ctrl Pts',(-38.0956048455635,-63.4434222836635,35.065175561444));
#5715=CARTESIAN_POINT('Ctrl Pts',(-38.2096432606221,-63.3415980395896,35.0754255269893));
#5716=CARTESIAN_POINT('Origin',(-38.2096432606221,-0.153455120830994,42.5));
#5717=CARTESIAN_POINT('',(-38.2096432606221,-64.5369906479687,35.));
#5718=CARTESIAN_POINT('',(-38.2096432606221,-0.0767275604154971,35.));
#5719=CARTESIAN_POINT('',(-38.2096432606221,-64.843955120831,35.));
#5720=CARTESIAN_POINT('',(-38.2096432606221,-0.153455120830994,35.));
#5721=CARTESIAN_POINT('Origin',(-38.2096432606221,-64.843955120831,50.));
#5722=CARTESIAN_POINT('Origin',(0.,0.,35.));
#5723=CARTESIAN_POINT('',(37.6863567393779,64.537044879169,35.));
#5724=CARTESIAN_POINT('',(-0.130821630311044,64.537044879169,35.));
#5725=CARTESIAN_POINT('',(37.6863567393779,-64.843955120831,35.));
#5726=CARTESIAN_POINT('',(37.6863567393779,-0.0767275604154971,35.));
#5727=CARTESIAN_POINT('Origin',(0.,0.,35.));
#5728=CARTESIAN_POINT('Origin',(-0.261597461658325,64.537044879169,50.));
#5729=CARTESIAN_POINT('Origin',(37.6863567393779,64.537044879169,50.));
#5730=CARTESIAN_POINT('Origin',(37.6863567393779,-0.153455120830994,42.5));
#5731=CARTESIAN_POINT('Origin',(37.6863567393779,-64.843955120831,50.));
#5732=CARTESIAN_POINT('Origin',(-0.261643260622089,-64.843955120831,50.));
#5733=CARTESIAN_POINT('',(-0.130821630311044,-64.843955120831,35.));
#5734=CARTESIAN_POINT('Origin',(0.,0.,35.));
#5735=CARTESIAN_POINT('Origin',(0.,0.,35.));
#5736=CARTESIAN_POINT('Origin',(0.,0.,30.));
#5737=CARTESIAN_POINT('Origin',(0.,0.,35.));
#5738=CARTESIAN_POINT('',(-37.6863567393779,-64.843955120831,35.));
#5739=CARTESIAN_POINT('Origin',(0.,0.,35.));
#5740=CARTESIAN_POINT('Origin',(0.,0.,35.));
#5741=CARTESIAN_POINT('',(-75.,-9.18485099360515E-15,35.));
#5742=CARTESIAN_POINT('Origin',(0.,0.,35.));
#5743=CARTESIAN_POINT('',(-80.,-9.79717439317883E-15,30.));
#5744=CARTESIAN_POINT('Origin',(-75.,-9.18485099360515E-15,30.));
#5745=CARTESIAN_POINT('Origin',(0.,0.,30.));
#5746=CARTESIAN_POINT('Origin',(0.,0.,35.));
#5747=CARTESIAN_POINT('Origin',(-0.261643260622089,-64.843955120831,50.));
#5748=CARTESIAN_POINT('',(-0.261643260622089,-64.843955120831,35.));
#5749=CARTESIAN_POINT('',(-0.130821630311044,-64.843955120831,35.));
#5750=CARTESIAN_POINT('Origin',(-0.261643260622089,-0.153455120830994,35.));
#5751=CARTESIAN_POINT('Origin',(0.,0.,35.));
#5752=CARTESIAN_POINT('Origin',(0.,0.,35.));
#5753=CARTESIAN_POINT('Origin',(0.,0.,35.));
#5754=CARTESIAN_POINT('Origin',(0.,0.,5.));
#5755=CARTESIAN_POINT('',(-80.,-9.79717439317883E-15,5.));
#5756=UNCERTAINTY_MEASURE_WITH_UNIT(LENGTH_MEASURE(0.01),#5760,
'DISTANCE_ACCURACY_VALUE',
'Maximum model space distance between geometric entities at asserted c
onnectivities');
#5757=UNCERTAINTY_MEASURE_WITH_UNIT(LENGTH_MEASURE(0.01),#5760,
'DISTANCE_ACCURACY_VALUE',
'Maximum model space distance between geometric entities at asserted c
onnectivities');
#5758=(
GEOMETRIC_REPRESENTATION_CONTEXT(3)
GLOBAL_UNCERTAINTY_ASSIGNED_CONTEXT((#5756))
GLOBAL_UNIT_ASSIGNED_CONTEXT((#5760,#5761,#5762))
REPRESENTATION_CONTEXT('','3D')
);
#5759=(
GEOMETRIC_REPRESENTATION_CONTEXT(3)
GLOBAL_UNCERTAINTY_ASSIGNED_CONTEXT((#5757))
GLOBAL_UNIT_ASSIGNED_CONTEXT((#5760,#5761,#5762))
REPRESENTATION_CONTEXT('','3D')
);
#5760=(
LENGTH_UNIT()
NAMED_UNIT(*)
SI_UNIT(.MILLI.,.METRE.)
);
#5761=(
NAMED_UNIT(*)
PLANE_ANGLE_UNIT()
SI_UNIT($,.RADIAN.)
);
#5762=(
NAMED_UNIT(*)
SI_UNIT($,.STERADIAN.)
SOLID_ANGLE_UNIT()
);
#5763=SHAPE_DEFINITION_REPRESENTATION(#5764,#5765);
#5764=PRODUCT_DEFINITION_SHAPE('',$,#5767);
#5765=SHAPE_REPRESENTATION('',(#2779),#5758);
#5766=PRODUCT_DEFINITION_CONTEXT('part definition',#5771,'design');
#5767=PRODUCT_DEFINITION('2026-06-19-20-55-39-744',
'EWNS Final Part WRO 2',#5768,#5766);
#5768=PRODUCT_DEFINITION_FORMATION('',$,#5773);
#5769=PRODUCT_RELATED_PRODUCT_CATEGORY('EWNS Final Part WRO 2',
'EWNS Final Part WRO 2',(#5773));
#5770=APPLICATION_PROTOCOL_DEFINITION('international standard',
'automotive_design',2009,#5771);
#5771=APPLICATION_CONTEXT(
'Core Data for Automotive Mechanical Design Process');
#5772=PRODUCT_CONTEXT('part definition',#5771,'mechanical');
#5773=PRODUCT('2026-06-19-20-55-39-744','EWNS Final Part WRO 2',$,(#5772));
#5774=PRESENTATION_STYLE_ASSIGNMENT((#5775));
#5775=SURFACE_STYLE_USAGE(.BOTH.,#5776);
#5776=SURFACE_SIDE_STYLE('',(#5777));
#5777=SURFACE_STYLE_FILL_AREA(#5778);
#5778=FILL_AREA_STYLE('Steel - Satin',(#5779));
#5779=FILL_AREA_STYLE_COLOUR('Steel - Satin',#5780);
#5780=COLOUR_RGB('Steel - Satin',0.627450980392157,0.627450980392157,0.627450980392157);
ENDSEC;
END-ISO-10303-21;
