ISO-10303-21;
HEADER;
/* Generated by software containing ST-Developer
 * from STEP Tools, Inc. (www.steptools.com) 
 */

FILE_DESCRIPTION(
/* description */ (''),
/* implementation_level */ '2;1');

FILE_NAME(
/* name */ 'Front And Back Movement final wro 1001.step',
/* time_stamp */ '2026-07-21T12:00:55+05:30',
/* author */ (''),
/* organization */ (''),
/* preprocessor_version */ 'ST-DEVELOPER v20.1',
/* originating_system */ 'Autodesk Translation Framework v15.8.0.0',
/* authorisation */ '');

FILE_SCHEMA (('AUTOMOTIVE_DESIGN { 1 0 10303 214 3 1 1 }'));
ENDSEC;

DATA;
#10=MECHANICAL_DESIGN_GEOMETRIC_PRESENTATION_REPRESENTATION('',(#13),#10384);
#11=SHAPE_REPRESENTATION_RELATIONSHIP('SRR','None',#10391,#12);
#12=ADVANCED_BREP_SHAPE_REPRESENTATION('',(#14),#10383);
#13=STYLED_ITEM('',(#10401),#14);
#14=MANIFOLD_SOLID_BREP('Body1',#6393);
#15=(
BOUNDED_CURVE()
B_SPLINE_CURVE(2,(#9504,#9505,#9506),.UNSPECIFIED.,.F.,.F.)
B_SPLINE_CURVE_WITH_KNOTS((3,3),(0.000526062173726344,2.4027273872837),
 .UNSPECIFIED.)
CURVE()
GEOMETRIC_REPRESENTATION_ITEM()
RATIONAL_B_SPLINE_CURVE((0.999999997644352,0.999994620426704,0.999999999984912))
REPRESENTATION_ITEM('')
);
#16=FACE_BOUND('',#2326,.T.);
#17=FACE_BOUND('',#2327,.T.);
#18=FACE_BOUND('',#2328,.T.);
#19=FACE_BOUND('',#2329,.T.);
#20=FACE_BOUND('',#2330,.T.);
#21=FACE_BOUND('',#2331,.T.);
#22=FACE_BOUND('',#2332,.T.);
#23=FACE_BOUND('',#2333,.T.);
#24=FACE_BOUND('',#2334,.T.);
#25=FACE_BOUND('',#2335,.T.);
#26=FACE_BOUND('',#2336,.T.);
#27=FACE_BOUND('',#2337,.T.);
#28=FACE_BOUND('',#2338,.T.);
#29=FACE_BOUND('',#2342,.T.);
#30=FACE_BOUND('',#2343,.T.);
#31=FACE_BOUND('',#2344,.T.);
#32=FACE_BOUND('',#2345,.T.);
#33=FACE_BOUND('',#2346,.T.);
#34=FACE_BOUND('',#2347,.T.);
#35=FACE_BOUND('',#2348,.T.);
#36=FACE_BOUND('',#2349,.T.);
#37=FACE_BOUND('',#2350,.T.);
#38=FACE_BOUND('',#2351,.T.);
#39=FACE_BOUND('',#2352,.T.);
#40=FACE_BOUND('',#2353,.T.);
#41=FACE_BOUND('',#2354,.T.);
#42=FACE_BOUND('',#2372,.T.);
#43=FACE_BOUND('',#2373,.T.);
#44=FACE_BOUND('',#2374,.T.);
#45=FACE_BOUND('',#2375,.T.);
#46=FACE_BOUND('',#2376,.T.);
#47=FACE_BOUND('',#2377,.T.);
#48=FACE_BOUND('',#2378,.T.);
#49=FACE_BOUND('',#2379,.T.);
#50=FACE_BOUND('',#2380,.T.);
#51=FACE_BOUND('',#2381,.T.);
#52=FACE_BOUND('',#2382,.T.);
#53=FACE_BOUND('',#2383,.T.);
#54=FACE_BOUND('',#2384,.T.);
#55=FACE_BOUND('',#2385,.T.);
#56=FACE_BOUND('',#2386,.T.);
#57=FACE_BOUND('',#2387,.T.);
#58=FACE_BOUND('',#2388,.T.);
#59=FACE_BOUND('',#2389,.T.);
#60=FACE_BOUND('',#2390,.T.);
#61=FACE_BOUND('',#2391,.T.);
#62=FACE_BOUND('',#2392,.T.);
#63=FACE_BOUND('',#2409,.T.);
#64=FACE_BOUND('',#2413,.T.);
#65=FACE_BOUND('',#2414,.T.);
#66=FACE_BOUND('',#2415,.T.);
#67=FACE_BOUND('',#2416,.T.);
#68=FACE_BOUND('',#2417,.T.);
#69=FACE_BOUND('',#2426,.T.);
#70=FACE_BOUND('',#2427,.T.);
#71=FACE_BOUND('',#2428,.T.);
#72=FACE_BOUND('',#2429,.T.);
#73=FACE_BOUND('',#2430,.T.);
#74=FACE_BOUND('',#2464,.T.);
#75=FACE_BOUND('',#2566,.T.);
#76=FACE_BOUND('',#2567,.T.);
#77=FACE_BOUND('',#2568,.T.);
#78=FACE_BOUND('',#2569,.T.);
#79=FACE_BOUND('',#2570,.T.);
#80=FACE_BOUND('',#2571,.T.);
#81=FACE_BOUND('',#2572,.T.);
#82=FACE_BOUND('',#2573,.T.);
#83=FACE_BOUND('',#2574,.T.);
#84=FACE_BOUND('',#2575,.T.);
#85=FACE_BOUND('',#2576,.T.);
#86=FACE_BOUND('',#2577,.T.);
#87=FACE_BOUND('',#2578,.T.);
#88=FACE_BOUND('',#2579,.T.);
#89=FACE_BOUND('',#2580,.T.);
#90=FACE_BOUND('',#2581,.T.);
#91=FACE_BOUND('',#2582,.T.);
#92=FACE_BOUND('',#2583,.T.);
#93=FACE_BOUND('',#2584,.T.);
#94=FACE_BOUND('',#2585,.T.);
#95=FACE_BOUND('',#2586,.T.);
#96=PLANE('',#6440);
#97=PLANE('',#6444);
#98=PLANE('',#6447);
#99=PLANE('',#6451);
#100=PLANE('',#6476);
#101=PLANE('',#6477);
#102=PLANE('',#6478);
#103=PLANE('',#6479);
#104=PLANE('',#6482);
#105=PLANE('',#6498);
#106=PLANE('',#6503);
#107=PLANE('',#6522);
#108=PLANE('',#6538);
#109=PLANE('',#6548);
#110=PLANE('',#6549);
#111=PLANE('',#6550);
#112=PLANE('',#6553);
#113=PLANE('',#6554);
#114=PLANE('',#6555);
#115=PLANE('',#6556);
#116=PLANE('',#6557);
#117=PLANE('',#6558);
#118=PLANE('',#6559);
#119=PLANE('',#6560);
#120=PLANE('',#6561);
#121=PLANE('',#6562);
#122=PLANE('',#6563);
#123=PLANE('',#6564);
#124=PLANE('',#6565);
#125=PLANE('',#6568);
#126=PLANE('',#6569);
#127=PLANE('',#6574);
#128=PLANE('',#6576);
#129=PLANE('',#6577);
#130=PLANE('',#6587);
#131=PLANE('',#6588);
#132=PLANE('',#6589);
#133=PLANE('',#6590);
#134=PLANE('',#6591);
#135=PLANE('',#6592);
#136=PLANE('',#6625);
#137=PLANE('',#6626);
#138=PLANE('',#6627);
#139=PLANE('',#6628);
#140=PLANE('',#6629);
#141=PLANE('',#6630);
#142=PLANE('',#6631);
#143=PLANE('',#6632);
#144=PLANE('',#6633);
#145=PLANE('',#6634);
#146=PLANE('',#6635);
#147=PLANE('',#6636);
#148=PLANE('',#6637);
#149=PLANE('',#6638);
#150=PLANE('',#6639);
#151=PLANE('',#6640);
#152=PLANE('',#6641);
#153=PLANE('',#6642);
#154=PLANE('',#6643);
#155=PLANE('',#6644);
#156=PLANE('',#6645);
#157=PLANE('',#6646);
#158=PLANE('',#6647);
#159=PLANE('',#6648);
#160=PLANE('',#6649);
#161=PLANE('',#6650);
#162=PLANE('',#6651);
#163=PLANE('',#6652);
#164=PLANE('',#6653);
#165=PLANE('',#6654);
#166=PLANE('',#6655);
#167=PLANE('',#6656);
#168=PLANE('',#6657);
#169=PLANE('',#6658);
#170=PLANE('',#6659);
#171=PLANE('',#6660);
#172=PLANE('',#6661);
#173=PLANE('',#6662);
#174=PLANE('',#6663);
#175=PLANE('',#6664);
#176=PLANE('',#6665);
#177=PLANE('',#6666);
#178=PLANE('',#6667);
#179=PLANE('',#6668);
#180=PLANE('',#6669);
#181=PLANE('',#6670);
#182=PLANE('',#6671);
#183=PLANE('',#6672);
#184=PLANE('',#6673);
#185=PLANE('',#6674);
#186=PLANE('',#6675);
#187=PLANE('',#6676);
#188=PLANE('',#6677);
#189=PLANE('',#6678);
#190=PLANE('',#6679);
#191=PLANE('',#6680);
#192=PLANE('',#6681);
#193=PLANE('',#6682);
#194=PLANE('',#6683);
#195=PLANE('',#6684);
#196=PLANE('',#6685);
#197=PLANE('',#6686);
#198=PLANE('',#6687);
#199=PLANE('',#6688);
#200=PLANE('',#6689);
#201=PLANE('',#6690);
#202=PLANE('',#6691);
#203=PLANE('',#6692);
#204=PLANE('',#6693);
#205=PLANE('',#6694);
#206=PLANE('',#6695);
#207=PLANE('',#6696);
#208=PLANE('',#6697);
#209=PLANE('',#6698);
#210=PLANE('',#6699);
#211=PLANE('',#6700);
#212=PLANE('',#6701);
#213=PLANE('',#6702);
#214=PLANE('',#6703);
#215=PLANE('',#6704);
#216=PLANE('',#6705);
#217=PLANE('',#6706);
#218=PLANE('',#6707);
#219=PLANE('',#6708);
#220=PLANE('',#6709);
#221=PLANE('',#6710);
#222=PLANE('',#6711);
#223=PLANE('',#6712);
#224=PLANE('',#6713);
#225=PLANE('',#6714);
#226=PLANE('',#6715);
#227=PLANE('',#6716);
#228=PLANE('',#6717);
#229=PLANE('',#6718);
#230=PLANE('',#6719);
#231=PLANE('',#6720);
#232=PLANE('',#6721);
#233=PLANE('',#6722);
#234=PLANE('',#6723);
#235=PLANE('',#6724);
#236=PLANE('',#6725);
#237=PLANE('',#6726);
#238=PLANE('',#6727);
#239=PLANE('',#6728);
#240=PLANE('',#6729);
#241=PLANE('',#6730);
#242=PLANE('',#6731);
#243=PLANE('',#6732);
#244=PLANE('',#6733);
#245=PLANE('',#6734);
#246=PLANE('',#6735);
#247=PLANE('',#6736);
#248=PLANE('',#6737);
#249=PLANE('',#6738);
#250=PLANE('',#6739);
#251=PLANE('',#6740);
#252=PLANE('',#6741);
#253=PLANE('',#6742);
#254=PLANE('',#6743);
#255=PLANE('',#6744);
#256=PLANE('',#6745);
#257=PLANE('',#6746);
#258=PLANE('',#6747);
#259=PLANE('',#6748);
#260=PLANE('',#6749);
#261=PLANE('',#6750);
#262=PLANE('',#6751);
#263=PLANE('',#6752);
#264=PLANE('',#6753);
#265=PLANE('',#6754);
#266=PLANE('',#6755);
#267=PLANE('',#6756);
#268=PLANE('',#6757);
#269=PLANE('',#6758);
#270=PLANE('',#6759);
#271=PLANE('',#6760);
#272=PLANE('',#6761);
#273=PLANE('',#6762);
#274=PLANE('',#6763);
#275=PLANE('',#6764);
#276=PLANE('',#6765);
#277=PLANE('',#6766);
#278=PLANE('',#6767);
#279=PLANE('',#6768);
#280=PLANE('',#6769);
#281=PLANE('',#6770);
#282=PLANE('',#6771);
#283=PLANE('',#6772);
#284=PLANE('',#6773);
#285=PLANE('',#6774);
#286=PLANE('',#6775);
#287=PLANE('',#6776);
#288=PLANE('',#6777);
#289=PLANE('',#6778);
#290=PLANE('',#6779);
#291=PLANE('',#6780);
#292=PLANE('',#6781);
#293=PLANE('',#6782);
#294=PLANE('',#6783);
#295=PLANE('',#6784);
#296=PLANE('',#6785);
#297=PLANE('',#6786);
#298=PLANE('',#6787);
#299=PLANE('',#6788);
#300=PLANE('',#6789);
#301=PLANE('',#6790);
#302=PLANE('',#6791);
#303=PLANE('',#6792);
#304=PLANE('',#6793);
#305=PLANE('',#6794);
#306=PLANE('',#6795);
#307=PLANE('',#6796);
#308=PLANE('',#6797);
#309=PLANE('',#6798);
#310=PLANE('',#6799);
#311=PLANE('',#6800);
#312=PLANE('',#6801);
#313=PLANE('',#6802);
#314=PLANE('',#6803);
#315=PLANE('',#6804);
#316=PLANE('',#6805);
#317=PLANE('',#6806);
#318=PLANE('',#6807);
#319=PLANE('',#6808);
#320=PLANE('',#6809);
#321=PLANE('',#6810);
#322=PLANE('',#6811);
#323=PLANE('',#6812);
#324=PLANE('',#6813);
#325=PLANE('',#6814);
#326=PLANE('',#6815);
#327=PLANE('',#6816);
#328=PLANE('',#6817);
#329=PLANE('',#6818);
#330=PLANE('',#6819);
#331=PLANE('',#6820);
#332=PLANE('',#6821);
#333=PLANE('',#6822);
#334=PLANE('',#6823);
#335=PLANE('',#6824);
#336=PLANE('',#6825);
#337=PLANE('',#6826);
#338=PLANE('',#6827);
#339=SPHERICAL_SURFACE('',#6438,1.);
#340=SPHERICAL_SURFACE('',#6539,2.5);
#341=B_SPLINE_SURFACE_WITH_KNOTS('',3,3,((#8538,#8539,#8540,#8541,#8542,
#8543),(#8544,#8545,#8546,#8547,#8548,#8549),(#8550,#8551,#8552,#8553,#8554,
#8555),(#8556,#8557,#8558,#8559,#8560,#8561),(#8562,#8563,#8564,#8565,#8566,
#8567),(#8568,#8569,#8570,#8571,#8572,#8573)),.UNSPECIFIED.,.F.,.F.,.F.,
(4,1,1,4),(4,1,1,4),(0.,0.285714285714286,0.571428571428571,1.),(0.,0.0338075879990539,
0.0563459799984231,0.0788843719977923),.UNSPECIFIED.);
#342=B_SPLINE_SURFACE_WITH_KNOTS('',3,3,((#8848,#8849,#8850,#8851,#8852,
#8853),(#8854,#8855,#8856,#8857,#8858,#8859),(#8860,#8861,#8862,#8863,#8864,
#8865),(#8866,#8867,#8868,#8869,#8870,#8871),(#8872,#8873,#8874,#8875,#8876,
#8877)),.UNSPECIFIED.,.F.,.F.,.F.,(4,1,4),(4,1,1,4),(-0.00298899378941623,
0.571428571428571,1.00300040574175),(-0.00300040574175031,0.448798950512828,
0.673198425769241,1.5707963267949),.UNSPECIFIED.);
#343=(
BOUNDED_SURFACE()
B_SPLINE_SURFACE(2,2,((#8518,#8519,#8520),(#8521,#8522,#8523),(#8524,#8525,
#8526)),.UNSPECIFIED.,.F.,.F.,.F.)
B_SPLINE_SURFACE_WITH_KNOTS((3,3),(3,3),(-1.5707963267949,0.),(-1.5707963267949,
0.),.UNSPECIFIED.)
GEOMETRIC_REPRESENTATION_ITEM()
RATIONAL_B_SPLINE_SURFACE(((1.,0.707106781186548,1.),(0.70710678118655,
0.500000000000002,0.70710678118655),(1.,0.707106781186548,1.)))
REPRESENTATION_ITEM('')
SURFACE()
);
#344=(
BOUNDED_SURFACE()
B_SPLINE_SURFACE(2,2,((#8688,#8689,#8690),(#8691,#8692,#8693),(#8694,#8695,
#8696)),.UNSPECIFIED.,.F.,.F.,.F.)
B_SPLINE_SURFACE_WITH_KNOTS((3,3),(3,3),(-1.5707963267949,0.),(1.5707963267949,
3.14159265358979),.UNSPECIFIED.)
GEOMETRIC_REPRESENTATION_ITEM()
RATIONAL_B_SPLINE_SURFACE(((1.,0.707106781186548,1.),(0.707106781186555,
0.500000000000005,0.707106781186555),(1.,0.707106781186548,1.)))
REPRESENTATION_ITEM('')
SURFACE()
);
#345=(
BOUNDED_SURFACE()
B_SPLINE_SURFACE(2,2,((#8708,#8709,#8710),(#8711,#8712,#8713),(#8714,#8715,
#8716)),.UNSPECIFIED.,.F.,.F.,.F.)
B_SPLINE_SURFACE_WITH_KNOTS((3,3),(3,3),(-1.5707963267949,0.),(-3.14159265358979,
-1.5707963267949),.UNSPECIFIED.)
GEOMETRIC_REPRESENTATION_ITEM()
RATIONAL_B_SPLINE_SURFACE(((1.,0.707106781186548,1.),(0.707106781186558,
0.500000000000007,0.707106781186558),(1.,0.707106781186548,1.)))
REPRESENTATION_ITEM('')
SURFACE()
);
#346=ELLIPSE('',#6427,1.41421356237309,1.);
#347=ELLIPSE('',#6442,3.53553390593274,2.5);
#348=ELLIPSE('',#6454,1.4142135623731,1.);
#349=ELLIPSE('',#6502,2.91547594742265,2.5);
#350=ELLIPSE('',#6525,2.91547594742265,2.5);
#351=ELLIPSE('',#6546,3.53553390593408,2.5);
#352=ELLIPSE('',#6575,5.00000749010257,5.);
#353=ELLIPSE('',#6578,5.00000749010257,5.);
#354=ELLIPSE('',#6594,7.07106781186548,5.);
#355=ELLIPSE('',#6595,7.07106749583235,5.);
#356=ELLIPSE('',#6613,7.07106781186548,5.);
#357=ELLIPSE('',#6614,7.07106781186548,5.);
#358=ELLIPSE('',#6616,7.07106771703507,5.);
#359=ELLIPSE('',#6618,7.07106781186548,5.);
#360=ELLIPSE('',#6621,7.07106781186548,5.);
#361=ELLIPSE('',#6623,7.07106790669589,5.);
#362=LINE('',#8478,#1143);
#363=LINE('',#8479,#1144);
#364=LINE('',#8490,#1145);
#365=LINE('',#8491,#1146);
#366=LINE('',#8496,#1147);
#367=LINE('',#8499,#1148);
#368=LINE('',#8508,#1149);
#369=LINE('',#8510,#1150);
#370=LINE('',#8514,#1151);
#371=LINE('',#8517,#1152);
#372=LINE('',#8536,#1153);
#373=LINE('',#8537,#1154);
#374=LINE('',#8590,#1155);
#375=LINE('',#8592,#1156);
#376=LINE('',#8597,#1157);
#377=LINE('',#8600,#1158);
#378=LINE('',#8604,#1159);
#379=LINE('',#8608,#1160);
#380=LINE('',#8609,#1161);
#381=LINE('',#8612,#1162);
#382=LINE('',#8616,#1163);
#383=LINE('',#8620,#1164);
#384=LINE('',#8622,#1165);
#385=LINE('',#8624,#1166);
#386=LINE('',#8637,#1167);
#387=LINE('',#8641,#1168);
#388=LINE('',#8642,#1169);
#389=LINE('',#8646,#1170);
#390=LINE('',#8650,#1171);
#391=LINE('',#8662,#1172);
#392=LINE('',#8663,#1173);
#393=LINE('',#8684,#1174);
#394=LINE('',#8687,#1175);
#395=LINE('',#8706,#1176);
#396=LINE('',#8707,#1177);
#397=LINE('',#8723,#1178);
#398=LINE('',#8724,#1179);
#399=LINE('',#8727,#1180);
#400=LINE('',#8729,#1181);
#401=LINE('',#8731,#1182);
#402=LINE('',#8732,#1183);
#403=LINE('',#8734,#1184);
#404=LINE('',#8735,#1185);
#405=LINE('',#8740,#1186);
#406=LINE('',#8743,#1187);
#407=LINE('',#8745,#1188);
#408=LINE('',#8747,#1189);
#409=LINE('',#8749,#1190);
#410=LINE('',#8751,#1191);
#411=LINE('',#8755,#1192);
#412=LINE('',#8757,#1193);
#413=LINE('',#8787,#1194);
#414=LINE('',#8789,#1195);
#415=LINE('',#8791,#1196);
#416=LINE('',#8793,#1197);
#417=LINE('',#8795,#1198);
#418=LINE('',#8797,#1199);
#419=LINE('',#8801,#1200);
#420=LINE('',#8803,#1201);
#421=LINE('',#8804,#1202);
#422=LINE('',#8809,#1203);
#423=LINE('',#8810,#1204);
#424=LINE('',#8839,#1205);
#425=LINE('',#8844,#1206);
#426=LINE('',#8888,#1207);
#427=LINE('',#8891,#1208);
#428=LINE('',#8896,#1209);
#429=LINE('',#8911,#1210);
#430=LINE('',#8912,#1211);
#431=LINE('',#8917,#1212);
#432=LINE('',#8918,#1213);
#433=LINE('',#8920,#1214);
#434=LINE('',#8921,#1215);
#435=LINE('',#8924,#1216);
#436=LINE('',#8926,#1217);
#437=LINE('',#8928,#1218);
#438=LINE('',#8930,#1219);
#439=LINE('',#8932,#1220);
#440=LINE('',#8934,#1221);
#441=LINE('',#8935,#1222);
#442=LINE('',#8937,#1223);
#443=LINE('',#8939,#1224);
#444=LINE('',#8941,#1225);
#445=LINE('',#8943,#1226);
#446=LINE('',#8945,#1227);
#447=LINE('',#8947,#1228);
#448=LINE('',#8949,#1229);
#449=LINE('',#8951,#1230);
#450=LINE('',#8953,#1231);
#451=LINE('',#8955,#1232);
#452=LINE('',#8957,#1233);
#453=LINE('',#8959,#1234);
#454=LINE('',#8961,#1235);
#455=LINE('',#8963,#1236);
#456=LINE('',#8965,#1237);
#457=LINE('',#8967,#1238);
#458=LINE('',#8969,#1239);
#459=LINE('',#8971,#1240);
#460=LINE('',#8973,#1241);
#461=LINE('',#8975,#1242);
#462=LINE('',#8977,#1243);
#463=LINE('',#8979,#1244);
#464=LINE('',#8981,#1245);
#465=LINE('',#8983,#1246);
#466=LINE('',#8985,#1247);
#467=LINE('',#8987,#1248);
#468=LINE('',#8989,#1249);
#469=LINE('',#8991,#1250);
#470=LINE('',#8993,#1251);
#471=LINE('',#8995,#1252);
#472=LINE('',#8997,#1253);
#473=LINE('',#8999,#1254);
#474=LINE('',#9001,#1255);
#475=LINE('',#9003,#1256);
#476=LINE('',#9005,#1257);
#477=LINE('',#9007,#1258);
#478=LINE('',#9009,#1259);
#479=LINE('',#9011,#1260);
#480=LINE('',#9013,#1261);
#481=LINE('',#9015,#1262);
#482=LINE('',#9017,#1263);
#483=LINE('',#9019,#1264);
#484=LINE('',#9021,#1265);
#485=LINE('',#9023,#1266);
#486=LINE('',#9025,#1267);
#487=LINE('',#9027,#1268);
#488=LINE('',#9029,#1269);
#489=LINE('',#9031,#1270);
#490=LINE('',#9033,#1271);
#491=LINE('',#9035,#1272);
#492=LINE('',#9037,#1273);
#493=LINE('',#9039,#1274);
#494=LINE('',#9041,#1275);
#495=LINE('',#9043,#1276);
#496=LINE('',#9045,#1277);
#497=LINE('',#9047,#1278);
#498=LINE('',#9049,#1279);
#499=LINE('',#9051,#1280);
#500=LINE('',#9053,#1281);
#501=LINE('',#9055,#1282);
#502=LINE('',#9057,#1283);
#503=LINE('',#9059,#1284);
#504=LINE('',#9061,#1285);
#505=LINE('',#9063,#1286);
#506=LINE('',#9065,#1287);
#507=LINE('',#9067,#1288);
#508=LINE('',#9069,#1289);
#509=LINE('',#9071,#1290);
#510=LINE('',#9073,#1291);
#511=LINE('',#9075,#1292);
#512=LINE('',#9077,#1293);
#513=LINE('',#9079,#1294);
#514=LINE('',#9081,#1295);
#515=LINE('',#9083,#1296);
#516=LINE('',#9085,#1297);
#517=LINE('',#9087,#1298);
#518=LINE('',#9089,#1299);
#519=LINE('',#9091,#1300);
#520=LINE('',#9093,#1301);
#521=LINE('',#9095,#1302);
#522=LINE('',#9097,#1303);
#523=LINE('',#9099,#1304);
#524=LINE('',#9101,#1305);
#525=LINE('',#9103,#1306);
#526=LINE('',#9105,#1307);
#527=LINE('',#9107,#1308);
#528=LINE('',#9109,#1309);
#529=LINE('',#9111,#1310);
#530=LINE('',#9113,#1311);
#531=LINE('',#9115,#1312);
#532=LINE('',#9117,#1313);
#533=LINE('',#9119,#1314);
#534=LINE('',#9121,#1315);
#535=LINE('',#9123,#1316);
#536=LINE('',#9125,#1317);
#537=LINE('',#9127,#1318);
#538=LINE('',#9129,#1319);
#539=LINE('',#9131,#1320);
#540=LINE('',#9133,#1321);
#541=LINE('',#9135,#1322);
#542=LINE('',#9137,#1323);
#543=LINE('',#9139,#1324);
#544=LINE('',#9141,#1325);
#545=LINE('',#9143,#1326);
#546=LINE('',#9145,#1327);
#547=LINE('',#9147,#1328);
#548=LINE('',#9149,#1329);
#549=LINE('',#9151,#1330);
#550=LINE('',#9153,#1331);
#551=LINE('',#9155,#1332);
#552=LINE('',#9157,#1333);
#553=LINE('',#9159,#1334);
#554=LINE('',#9161,#1335);
#555=LINE('',#9163,#1336);
#556=LINE('',#9165,#1337);
#557=LINE('',#9167,#1338);
#558=LINE('',#9169,#1339);
#559=LINE('',#9170,#1340);
#560=LINE('',#9173,#1341);
#561=LINE('',#9175,#1342);
#562=LINE('',#9177,#1343);
#563=LINE('',#9178,#1344);
#564=LINE('',#9181,#1345);
#565=LINE('',#9183,#1346);
#566=LINE('',#9185,#1347);
#567=LINE('',#9186,#1348);
#568=LINE('',#9189,#1349);
#569=LINE('',#9191,#1350);
#570=LINE('',#9193,#1351);
#571=LINE('',#9194,#1352);
#572=LINE('',#9197,#1353);
#573=LINE('',#9199,#1354);
#574=LINE('',#9201,#1355);
#575=LINE('',#9202,#1356);
#576=LINE('',#9205,#1357);
#577=LINE('',#9207,#1358);
#578=LINE('',#9209,#1359);
#579=LINE('',#9210,#1360);
#580=LINE('',#9213,#1361);
#581=LINE('',#9215,#1362);
#582=LINE('',#9217,#1363);
#583=LINE('',#9218,#1364);
#584=LINE('',#9221,#1365);
#585=LINE('',#9223,#1366);
#586=LINE('',#9225,#1367);
#587=LINE('',#9226,#1368);
#588=LINE('',#9229,#1369);
#589=LINE('',#9231,#1370);
#590=LINE('',#9233,#1371);
#591=LINE('',#9234,#1372);
#592=LINE('',#9237,#1373);
#593=LINE('',#9239,#1374);
#594=LINE('',#9241,#1375);
#595=LINE('',#9242,#1376);
#596=LINE('',#9245,#1377);
#597=LINE('',#9247,#1378);
#598=LINE('',#9249,#1379);
#599=LINE('',#9250,#1380);
#600=LINE('',#9253,#1381);
#601=LINE('',#9255,#1382);
#602=LINE('',#9257,#1383);
#603=LINE('',#9258,#1384);
#604=LINE('',#9261,#1385);
#605=LINE('',#9263,#1386);
#606=LINE('',#9265,#1387);
#607=LINE('',#9266,#1388);
#608=LINE('',#9269,#1389);
#609=LINE('',#9271,#1390);
#610=LINE('',#9273,#1391);
#611=LINE('',#9274,#1392);
#612=LINE('',#9277,#1393);
#613=LINE('',#9279,#1394);
#614=LINE('',#9281,#1395);
#615=LINE('',#9282,#1396);
#616=LINE('',#9285,#1397);
#617=LINE('',#9287,#1398);
#618=LINE('',#9289,#1399);
#619=LINE('',#9290,#1400);
#620=LINE('',#9293,#1401);
#621=LINE('',#9295,#1402);
#622=LINE('',#9297,#1403);
#623=LINE('',#9298,#1404);
#624=LINE('',#9301,#1405);
#625=LINE('',#9303,#1406);
#626=LINE('',#9304,#1407);
#627=LINE('',#9307,#1408);
#628=LINE('',#9309,#1409);
#629=LINE('',#9311,#1410);
#630=LINE('',#9312,#1411);
#631=LINE('',#9315,#1412);
#632=LINE('',#9317,#1413);
#633=LINE('',#9319,#1414);
#634=LINE('',#9320,#1415);
#635=LINE('',#9323,#1416);
#636=LINE('',#9325,#1417);
#637=LINE('',#9327,#1418);
#638=LINE('',#9328,#1419);
#639=LINE('',#9331,#1420);
#640=LINE('',#9333,#1421);
#641=LINE('',#9334,#1422);
#642=LINE('',#9336,#1423);
#643=LINE('',#9341,#1424);
#644=LINE('',#9343,#1425);
#645=LINE('',#9344,#1426);
#646=LINE('',#9346,#1427);
#647=LINE('',#9347,#1428);
#648=LINE('',#9349,#1429);
#649=LINE('',#9352,#1430);
#650=LINE('',#9354,#1431);
#651=LINE('',#9355,#1432);
#652=LINE('',#9357,#1433);
#653=LINE('',#9358,#1434);
#654=LINE('',#9360,#1435);
#655=LINE('',#9361,#1436);
#656=LINE('',#9366,#1437);
#657=LINE('',#9368,#1438);
#658=LINE('',#9369,#1439);
#659=LINE('',#9373,#1440);
#660=LINE('',#9375,#1441);
#661=LINE('',#9376,#1442);
#662=LINE('',#9379,#1443);
#663=LINE('',#9381,#1444);
#664=LINE('',#9382,#1445);
#665=LINE('',#9385,#1446);
#666=LINE('',#9387,#1447);
#667=LINE('',#9388,#1448);
#668=LINE('',#9391,#1449);
#669=LINE('',#9393,#1450);
#670=LINE('',#9394,#1451);
#671=LINE('',#9397,#1452);
#672=LINE('',#9398,#1453);
#673=LINE('',#9400,#1454);
#674=LINE('',#9403,#1455);
#675=LINE('',#9404,#1456);
#676=LINE('',#9406,#1457);
#677=LINE('',#9410,#1458);
#678=LINE('',#9411,#1459);
#679=LINE('',#9412,#1460);
#680=LINE('',#9414,#1461);
#681=LINE('',#9415,#1462);
#682=LINE('',#9420,#1463);
#683=LINE('',#9422,#1464);
#684=LINE('',#9424,#1465);
#685=LINE('',#9426,#1466);
#686=LINE('',#9427,#1467);
#687=LINE('',#9430,#1468);
#688=LINE('',#9432,#1469);
#689=LINE('',#9433,#1470);
#690=LINE('',#9444,#1471);
#691=LINE('',#9446,#1472);
#692=LINE('',#9448,#1473);
#693=LINE('',#9449,#1474);
#694=LINE('',#9452,#1475);
#695=LINE('',#9454,#1476);
#696=LINE('',#9458,#1477);
#697=LINE('',#9459,#1478);
#698=LINE('',#9462,#1479);
#699=LINE('',#9466,#1480);
#700=LINE('',#9467,#1481);
#701=LINE('',#9470,#1482);
#702=LINE('',#9474,#1483);
#703=LINE('',#9478,#1484);
#704=LINE('',#9482,#1485);
#705=LINE('',#9485,#1486);
#706=LINE('',#9486,#1487);
#707=LINE('',#9489,#1488);
#708=LINE('',#9491,#1489);
#709=LINE('',#9493,#1490);
#710=LINE('',#9494,#1491);
#711=LINE('',#9496,#1492);
#712=LINE('',#9497,#1493);
#713=LINE('',#9499,#1494);
#714=LINE('',#9501,#1495);
#715=LINE('',#9508,#1496);
#716=LINE('',#9512,#1497);
#717=LINE('',#9518,#1498);
#718=LINE('',#9520,#1499);
#719=LINE('',#9522,#1500);
#720=LINE('',#9524,#1501);
#721=LINE('',#9526,#1502);
#722=LINE('',#9528,#1503);
#723=LINE('',#9530,#1504);
#724=LINE('',#9532,#1505);
#725=LINE('',#9534,#1506);
#726=LINE('',#9536,#1507);
#727=LINE('',#9538,#1508);
#728=LINE('',#9540,#1509);
#729=LINE('',#9542,#1510);
#730=LINE('',#9546,#1511);
#731=LINE('',#9550,#1512);
#732=LINE('',#9554,#1513);
#733=LINE('',#9557,#1514);
#734=LINE('',#9560,#1515);
#735=LINE('',#9563,#1516);
#736=LINE('',#9564,#1517);
#737=LINE('',#9566,#1518);
#738=LINE('',#9567,#1519);
#739=LINE('',#9570,#1520);
#740=LINE('',#9572,#1521);
#741=LINE('',#9577,#1522);
#742=LINE('',#9578,#1523);
#743=LINE('',#9580,#1524);
#744=LINE('',#9583,#1525);
#745=LINE('',#9584,#1526);
#746=LINE('',#9587,#1527);
#747=LINE('',#9588,#1528);
#748=LINE('',#9591,#1529);
#749=LINE('',#9594,#1530);
#750=LINE('',#9595,#1531);
#751=LINE('',#9597,#1532);
#752=LINE('',#9600,#1533);
#753=LINE('',#9602,#1534);
#754=LINE('',#9603,#1535);
#755=LINE('',#9606,#1536);
#756=LINE('',#9608,#1537);
#757=LINE('',#9609,#1538);
#758=LINE('',#9612,#1539);
#759=LINE('',#9614,#1540);
#760=LINE('',#9615,#1541);
#761=LINE('',#9618,#1542);
#762=LINE('',#9619,#1543);
#763=LINE('',#9622,#1544);
#764=LINE('',#9624,#1545);
#765=LINE('',#9625,#1546);
#766=LINE('',#9628,#1547);
#767=LINE('',#9630,#1548);
#768=LINE('',#9631,#1549);
#769=LINE('',#9634,#1550);
#770=LINE('',#9635,#1551);
#771=LINE('',#9638,#1552);
#772=LINE('',#9640,#1553);
#773=LINE('',#9641,#1554);
#774=LINE('',#9644,#1555);
#775=LINE('',#9645,#1556);
#776=LINE('',#9648,#1557);
#777=LINE('',#9650,#1558);
#778=LINE('',#9651,#1559);
#779=LINE('',#9654,#1560);
#780=LINE('',#9656,#1561);
#781=LINE('',#9657,#1562);
#782=LINE('',#9660,#1563);
#783=LINE('',#9661,#1564);
#784=LINE('',#9664,#1565);
#785=LINE('',#9666,#1566);
#786=LINE('',#9667,#1567);
#787=LINE('',#9670,#1568);
#788=LINE('',#9671,#1569);
#789=LINE('',#9674,#1570);
#790=LINE('',#9676,#1571);
#791=LINE('',#9677,#1572);
#792=LINE('',#9680,#1573);
#793=LINE('',#9682,#1574);
#794=LINE('',#9683,#1575);
#795=LINE('',#9686,#1576);
#796=LINE('',#9687,#1577);
#797=LINE('',#9690,#1578);
#798=LINE('',#9692,#1579);
#799=LINE('',#9693,#1580);
#800=LINE('',#9696,#1581);
#801=LINE('',#9697,#1582);
#802=LINE('',#9700,#1583);
#803=LINE('',#9702,#1584);
#804=LINE('',#9703,#1585);
#805=LINE('',#9706,#1586);
#806=LINE('',#9707,#1587);
#807=LINE('',#9710,#1588);
#808=LINE('',#9712,#1589);
#809=LINE('',#9713,#1590);
#810=LINE('',#9716,#1591);
#811=LINE('',#9717,#1592);
#812=LINE('',#9720,#1593);
#813=LINE('',#9722,#1594);
#814=LINE('',#9723,#1595);
#815=LINE('',#9726,#1596);
#816=LINE('',#9728,#1597);
#817=LINE('',#9729,#1598);
#818=LINE('',#9732,#1599);
#819=LINE('',#9733,#1600);
#820=LINE('',#9736,#1601);
#821=LINE('',#9737,#1602);
#822=LINE('',#9740,#1603);
#823=LINE('',#9742,#1604);
#824=LINE('',#9743,#1605);
#825=LINE('',#9746,#1606);
#826=LINE('',#9747,#1607);
#827=LINE('',#9750,#1608);
#828=LINE('',#9751,#1609);
#829=LINE('',#9754,#1610);
#830=LINE('',#9756,#1611);
#831=LINE('',#9757,#1612);
#832=LINE('',#9760,#1613);
#833=LINE('',#9762,#1614);
#834=LINE('',#9763,#1615);
#835=LINE('',#9766,#1616);
#836=LINE('',#9767,#1617);
#837=LINE('',#9770,#1618);
#838=LINE('',#9772,#1619);
#839=LINE('',#9773,#1620);
#840=LINE('',#9776,#1621);
#841=LINE('',#9777,#1622);
#842=LINE('',#9780,#1623);
#843=LINE('',#9782,#1624);
#844=LINE('',#9783,#1625);
#845=LINE('',#9786,#1626);
#846=LINE('',#9788,#1627);
#847=LINE('',#9789,#1628);
#848=LINE('',#9792,#1629);
#849=LINE('',#9794,#1630);
#850=LINE('',#9795,#1631);
#851=LINE('',#9798,#1632);
#852=LINE('',#9800,#1633);
#853=LINE('',#9801,#1634);
#854=LINE('',#9804,#1635);
#855=LINE('',#9805,#1636);
#856=LINE('',#9808,#1637);
#857=LINE('',#9809,#1638);
#858=LINE('',#9812,#1639);
#859=LINE('',#9814,#1640);
#860=LINE('',#9815,#1641);
#861=LINE('',#9818,#1642);
#862=LINE('',#9819,#1643);
#863=LINE('',#9822,#1644);
#864=LINE('',#9824,#1645);
#865=LINE('',#9825,#1646);
#866=LINE('',#9828,#1647);
#867=LINE('',#9830,#1648);
#868=LINE('',#9831,#1649);
#869=LINE('',#9834,#1650);
#870=LINE('',#9836,#1651);
#871=LINE('',#9837,#1652);
#872=LINE('',#9840,#1653);
#873=LINE('',#9841,#1654);
#874=LINE('',#9844,#1655);
#875=LINE('',#9846,#1656);
#876=LINE('',#9847,#1657);
#877=LINE('',#9850,#1658);
#878=LINE('',#9851,#1659);
#879=LINE('',#9854,#1660);
#880=LINE('',#9856,#1661);
#881=LINE('',#9857,#1662);
#882=LINE('',#9860,#1663);
#883=LINE('',#9862,#1664);
#884=LINE('',#9863,#1665);
#885=LINE('',#9866,#1666);
#886=LINE('',#9868,#1667);
#887=LINE('',#9869,#1668);
#888=LINE('',#9872,#1669);
#889=LINE('',#9874,#1670);
#890=LINE('',#9875,#1671);
#891=LINE('',#9878,#1672);
#892=LINE('',#9879,#1673);
#893=LINE('',#9882,#1674);
#894=LINE('',#9883,#1675);
#895=LINE('',#9886,#1676);
#896=LINE('',#9887,#1677);
#897=LINE('',#9890,#1678);
#898=LINE('',#9892,#1679);
#899=LINE('',#9893,#1680);
#900=LINE('',#9896,#1681);
#901=LINE('',#9897,#1682);
#902=LINE('',#9900,#1683);
#903=LINE('',#9902,#1684);
#904=LINE('',#9903,#1685);
#905=LINE('',#9906,#1686);
#906=LINE('',#9908,#1687);
#907=LINE('',#9909,#1688);
#908=LINE('',#9912,#1689);
#909=LINE('',#9914,#1690);
#910=LINE('',#9915,#1691);
#911=LINE('',#9918,#1692);
#912=LINE('',#9920,#1693);
#913=LINE('',#9921,#1694);
#914=LINE('',#9924,#1695);
#915=LINE('',#9926,#1696);
#916=LINE('',#9927,#1697);
#917=LINE('',#9930,#1698);
#918=LINE('',#9931,#1699);
#919=LINE('',#9934,#1700);
#920=LINE('',#9935,#1701);
#921=LINE('',#9938,#1702);
#922=LINE('',#9939,#1703);
#923=LINE('',#9942,#1704);
#924=LINE('',#9944,#1705);
#925=LINE('',#9945,#1706);
#926=LINE('',#9948,#1707);
#927=LINE('',#9949,#1708);
#928=LINE('',#9952,#1709);
#929=LINE('',#9954,#1710);
#930=LINE('',#9955,#1711);
#931=LINE('',#9958,#1712);
#932=LINE('',#9959,#1713);
#933=LINE('',#9962,#1714);
#934=LINE('',#9964,#1715);
#935=LINE('',#9965,#1716);
#936=LINE('',#9968,#1717);
#937=LINE('',#9970,#1718);
#938=LINE('',#9971,#1719);
#939=LINE('',#9974,#1720);
#940=LINE('',#9976,#1721);
#941=LINE('',#9977,#1722);
#942=LINE('',#9980,#1723);
#943=LINE('',#9982,#1724);
#944=LINE('',#9983,#1725);
#945=LINE('',#9986,#1726);
#946=LINE('',#9988,#1727);
#947=LINE('',#9989,#1728);
#948=LINE('',#9992,#1729);
#949=LINE('',#9993,#1730);
#950=LINE('',#9996,#1731);
#951=LINE('',#9997,#1732);
#952=LINE('',#10000,#1733);
#953=LINE('',#10001,#1734);
#954=LINE('',#10004,#1735);
#955=LINE('',#10006,#1736);
#956=LINE('',#10007,#1737);
#957=LINE('',#10010,#1738);
#958=LINE('',#10011,#1739);
#959=LINE('',#10014,#1740);
#960=LINE('',#10016,#1741);
#961=LINE('',#10017,#1742);
#962=LINE('',#10020,#1743);
#963=LINE('',#10022,#1744);
#964=LINE('',#10023,#1745);
#965=LINE('',#10026,#1746);
#966=LINE('',#10028,#1747);
#967=LINE('',#10029,#1748);
#968=LINE('',#10032,#1749);
#969=LINE('',#10034,#1750);
#970=LINE('',#10035,#1751);
#971=LINE('',#10038,#1752);
#972=LINE('',#10040,#1753);
#973=LINE('',#10041,#1754);
#974=LINE('',#10044,#1755);
#975=LINE('',#10046,#1756);
#976=LINE('',#10047,#1757);
#977=LINE('',#10050,#1758);
#978=LINE('',#10052,#1759);
#979=LINE('',#10053,#1760);
#980=LINE('',#10056,#1761);
#981=LINE('',#10057,#1762);
#982=LINE('',#10060,#1763);
#983=LINE('',#10061,#1764);
#984=LINE('',#10064,#1765);
#985=LINE('',#10065,#1766);
#986=LINE('',#10068,#1767);
#987=LINE('',#10070,#1768);
#988=LINE('',#10071,#1769);
#989=LINE('',#10074,#1770);
#990=LINE('',#10075,#1771);
#991=LINE('',#10078,#1772);
#992=LINE('',#10080,#1773);
#993=LINE('',#10081,#1774);
#994=LINE('',#10084,#1775);
#995=LINE('',#10086,#1776);
#996=LINE('',#10087,#1777);
#997=LINE('',#10090,#1778);
#998=LINE('',#10092,#1779);
#999=LINE('',#10093,#1780);
#1000=LINE('',#10096,#1781);
#1001=LINE('',#10098,#1782);
#1002=LINE('',#10099,#1783);
#1003=LINE('',#10102,#1784);
#1004=LINE('',#10104,#1785);
#1005=LINE('',#10105,#1786);
#1006=LINE('',#10108,#1787);
#1007=LINE('',#10110,#1788);
#1008=LINE('',#10111,#1789);
#1009=LINE('',#10114,#1790);
#1010=LINE('',#10116,#1791);
#1011=LINE('',#10117,#1792);
#1012=LINE('',#10119,#1793);
#1013=LINE('',#10122,#1794);
#1014=LINE('',#10123,#1795);
#1015=LINE('',#10124,#1796);
#1016=LINE('',#10125,#1797);
#1017=LINE('',#10126,#1798);
#1018=LINE('',#10127,#1799);
#1019=LINE('',#10128,#1800);
#1020=LINE('',#10129,#1801);
#1021=LINE('',#10130,#1802);
#1022=LINE('',#10131,#1803);
#1023=LINE('',#10132,#1804);
#1024=LINE('',#10133,#1805);
#1025=LINE('',#10134,#1806);
#1026=LINE('',#10136,#1807);
#1027=LINE('',#10138,#1808);
#1028=LINE('',#10139,#1809);
#1029=LINE('',#10141,#1810);
#1030=LINE('',#10142,#1811);
#1031=LINE('',#10144,#1812);
#1032=LINE('',#10145,#1813);
#1033=LINE('',#10146,#1814);
#1034=LINE('',#10148,#1815);
#1035=LINE('',#10149,#1816);
#1036=LINE('',#10150,#1817);
#1037=LINE('',#10152,#1818);
#1038=LINE('',#10153,#1819);
#1039=LINE('',#10154,#1820);
#1040=LINE('',#10155,#1821);
#1041=LINE('',#10156,#1822);
#1042=LINE('',#10157,#1823);
#1043=LINE('',#10158,#1824);
#1044=LINE('',#10159,#1825);
#1045=LINE('',#10160,#1826);
#1046=LINE('',#10161,#1827);
#1047=LINE('',#10162,#1828);
#1048=LINE('',#10163,#1829);
#1049=LINE('',#10164,#1830);
#1050=LINE('',#10165,#1831);
#1051=LINE('',#10166,#1832);
#1052=LINE('',#10167,#1833);
#1053=LINE('',#10168,#1834);
#1054=LINE('',#10169,#1835);
#1055=LINE('',#10170,#1836);
#1056=LINE('',#10172,#1837);
#1057=LINE('',#10174,#1838);
#1058=LINE('',#10175,#1839);
#1059=LINE('',#10178,#1840);
#1060=LINE('',#10180,#1841);
#1061=LINE('',#10181,#1842);
#1062=LINE('',#10182,#1843);
#1063=LINE('',#10183,#1844);
#1064=LINE('',#10185,#1845);
#1065=LINE('',#10187,#1846);
#1066=LINE('',#10188,#1847);
#1067=LINE('',#10189,#1848);
#1068=LINE('',#10190,#1849);
#1069=LINE('',#10191,#1850);
#1070=LINE('',#10192,#1851);
#1071=LINE('',#10193,#1852);
#1072=LINE('',#10194,#1853);
#1073=LINE('',#10196,#1854);
#1074=LINE('',#10198,#1855);
#1075=LINE('',#10199,#1856);
#1076=LINE('',#10201,#1857);
#1077=LINE('',#10203,#1858);
#1078=LINE('',#10204,#1859);
#1079=LINE('',#10206,#1860);
#1080=LINE('',#10208,#1861);
#1081=LINE('',#10209,#1862);
#1082=LINE('',#10211,#1863);
#1083=LINE('',#10213,#1864);
#1084=LINE('',#10214,#1865);
#1085=LINE('',#10215,#1866);
#1086=LINE('',#10216,#1867);
#1087=LINE('',#10217,#1868);
#1088=LINE('',#10218,#1869);
#1089=LINE('',#10220,#1870);
#1090=LINE('',#10221,#1871);
#1091=LINE('',#10222,#1872);
#1092=LINE('',#10223,#1873);
#1093=LINE('',#10226,#1874);
#1094=LINE('',#10227,#1875);
#1095=LINE('',#10228,#1876);
#1096=LINE('',#10230,#1877);
#1097=LINE('',#10232,#1878);
#1098=LINE('',#10233,#1879);
#1099=LINE('',#10235,#1880);
#1100=LINE('',#10237,#1881);
#1101=LINE('',#10238,#1882);
#1102=LINE('',#10240,#1883);
#1103=LINE('',#10242,#1884);
#1104=LINE('',#10243,#1885);
#1105=LINE('',#10244,#1886);
#1106=LINE('',#10245,#1887);
#1107=LINE('',#10247,#1888);
#1108=LINE('',#10249,#1889);
#1109=LINE('',#10250,#1890);
#1110=LINE('',#10252,#1891);
#1111=LINE('',#10253,#1892);
#1112=LINE('',#10256,#1893);
#1113=LINE('',#10257,#1894);
#1114=LINE('',#10260,#1895);
#1115=LINE('',#10261,#1896);
#1116=LINE('',#10264,#1897);
#1117=LINE('',#10265,#1898);
#1118=LINE('',#10268,#1899);
#1119=LINE('',#10269,#1900);
#1120=LINE('',#10271,#1901);
#1121=LINE('',#10273,#1902);
#1122=LINE('',#10274,#1903);
#1123=LINE('',#10276,#1904);
#1124=LINE('',#10277,#1905);
#1125=LINE('',#10279,#1906);
#1126=LINE('',#10280,#1907);
#1127=LINE('',#10283,#1908);
#1128=LINE('',#10284,#1909);
#1129=LINE('',#10288,#1910);
#1130=LINE('',#10290,#1911);
#1131=LINE('',#10292,#1912);
#1132=LINE('',#10293,#1913);
#1133=LINE('',#10295,#1914);
#1134=LINE('',#10296,#1915);
#1135=LINE('',#10298,#1916);
#1136=LINE('',#10299,#1917);
#1137=LINE('',#10301,#1918);
#1138=LINE('',#10303,#1919);
#1139=LINE('',#10304,#1920);
#1140=LINE('',#10306,#1921);
#1141=LINE('',#10308,#1922);
#1142=LINE('',#10358,#1923);
#1143=VECTOR('',#6842,10.);
#1144=VECTOR('',#6843,10.);
#1145=VECTOR('',#6856,10.);
#1146=VECTOR('',#6857,10.);
#1147=VECTOR('',#6862,10.);
#1148=VECTOR('',#6865,10.);
#1149=VECTOR('',#6876,10.);
#1150=VECTOR('',#6877,10.);
#1151=VECTOR('',#6882,10.);
#1152=VECTOR('',#6885,10.);
#1153=VECTOR('',#6896,10.);
#1154=VECTOR('',#6897,10.);
#1155=VECTOR('',#6902,10.);
#1156=VECTOR('',#6903,10.);
#1157=VECTOR('',#6912,10.);
#1158=VECTOR('',#6915,10.);
#1159=VECTOR('',#6918,10.);
#1160=VECTOR('',#6923,10.);
#1161=VECTOR('',#6924,10.);
#1162=VECTOR('',#6927,10.);
#1163=VECTOR('',#6932,10.);
#1164=VECTOR('',#6935,10.);
#1165=VECTOR('',#6936,10.);
#1166=VECTOR('',#6937,10.);
#1167=VECTOR('',#6940,10.);
#1168=VECTOR('',#6945,10.);
#1169=VECTOR('',#6946,10.);
#1170=VECTOR('',#6949,10.);
#1171=VECTOR('',#6952,10.);
#1172=VECTOR('',#6967,10.);
#1173=VECTOR('',#6968,10.);
#1174=VECTOR('',#6979,10.);
#1175=VECTOR('',#6982,10.);
#1176=VECTOR('',#6993,10.);
#1177=VECTOR('',#6994,10.);
#1178=VECTOR('',#7003,10.);
#1179=VECTOR('',#7004,10.);
#1180=VECTOR('',#7007,10.);
#1181=VECTOR('',#7008,10.);
#1182=VECTOR('',#7009,10.);
#1183=VECTOR('',#7010,10.);
#1184=VECTOR('',#7013,10.);
#1185=VECTOR('',#7014,10.);
#1186=VECTOR('',#7021,10.);
#1187=VECTOR('',#7026,10.);
#1188=VECTOR('',#7027,10.);
#1189=VECTOR('',#7028,10.);
#1190=VECTOR('',#7029,10.);
#1191=VECTOR('',#7030,10.);
#1192=VECTOR('',#7033,10.);
#1193=VECTOR('',#7034,10.);
#1194=VECTOR('',#7065,10.);
#1195=VECTOR('',#7066,10.);
#1196=VECTOR('',#7067,10.);
#1197=VECTOR('',#7068,10.);
#1198=VECTOR('',#7069,10.);
#1199=VECTOR('',#7070,10.);
#1200=VECTOR('',#7073,10.);
#1201=VECTOR('',#7074,10.);
#1202=VECTOR('',#7075,10.);
#1203=VECTOR('',#7084,10.);
#1204=VECTOR('',#7085,10.);
#1205=VECTOR('',#7114,10.);
#1206=VECTOR('',#7123,10.);
#1207=VECTOR('',#7144,10.);
#1208=VECTOR('',#7147,10.);
#1209=VECTOR('',#7154,10.);
#1210=VECTOR('',#7173,10.);
#1211=VECTOR('',#7174,10.);
#1212=VECTOR('',#7179,10.);
#1213=VECTOR('',#7180,10.);
#1214=VECTOR('',#7183,10.);
#1215=VECTOR('',#7184,10.);
#1216=VECTOR('',#7187,10.);
#1217=VECTOR('',#7188,10.);
#1218=VECTOR('',#7189,10.);
#1219=VECTOR('',#7190,10.);
#1220=VECTOR('',#7191,10.);
#1221=VECTOR('',#7192,10.);
#1222=VECTOR('',#7193,10.);
#1223=VECTOR('',#7194,10.);
#1224=VECTOR('',#7195,10.);
#1225=VECTOR('',#7196,10.);
#1226=VECTOR('',#7197,10.);
#1227=VECTOR('',#7198,10.);
#1228=VECTOR('',#7199,10.);
#1229=VECTOR('',#7200,10.);
#1230=VECTOR('',#7201,10.);
#1231=VECTOR('',#7202,10.);
#1232=VECTOR('',#7203,10.);
#1233=VECTOR('',#7204,10.);
#1234=VECTOR('',#7205,10.);
#1235=VECTOR('',#7206,10.);
#1236=VECTOR('',#7207,10.);
#1237=VECTOR('',#7208,10.);
#1238=VECTOR('',#7209,10.);
#1239=VECTOR('',#7210,10.);
#1240=VECTOR('',#7211,10.);
#1241=VECTOR('',#7212,10.);
#1242=VECTOR('',#7213,10.);
#1243=VECTOR('',#7214,10.);
#1244=VECTOR('',#7215,10.);
#1245=VECTOR('',#7216,10.);
#1246=VECTOR('',#7217,10.);
#1247=VECTOR('',#7218,10.);
#1248=VECTOR('',#7219,10.);
#1249=VECTOR('',#7220,10.);
#1250=VECTOR('',#7221,10.);
#1251=VECTOR('',#7222,10.);
#1252=VECTOR('',#7223,10.);
#1253=VECTOR('',#7224,10.);
#1254=VECTOR('',#7225,10.);
#1255=VECTOR('',#7226,10.);
#1256=VECTOR('',#7227,10.);
#1257=VECTOR('',#7228,10.);
#1258=VECTOR('',#7229,10.);
#1259=VECTOR('',#7230,10.);
#1260=VECTOR('',#7231,10.);
#1261=VECTOR('',#7232,10.);
#1262=VECTOR('',#7233,10.);
#1263=VECTOR('',#7234,10.);
#1264=VECTOR('',#7235,10.);
#1265=VECTOR('',#7236,10.);
#1266=VECTOR('',#7237,10.);
#1267=VECTOR('',#7238,10.);
#1268=VECTOR('',#7239,10.);
#1269=VECTOR('',#7240,9.99999999999999);
#1270=VECTOR('',#7241,10.);
#1271=VECTOR('',#7242,10.);
#1272=VECTOR('',#7243,10.);
#1273=VECTOR('',#7244,10.);
#1274=VECTOR('',#7245,10.);
#1275=VECTOR('',#7246,10.);
#1276=VECTOR('',#7247,10.);
#1277=VECTOR('',#7248,10.);
#1278=VECTOR('',#7249,10.);
#1279=VECTOR('',#7250,10.);
#1280=VECTOR('',#7251,10.);
#1281=VECTOR('',#7252,10.);
#1282=VECTOR('',#7253,10.);
#1283=VECTOR('',#7254,10.);
#1284=VECTOR('',#7255,10.);
#1285=VECTOR('',#7256,10.);
#1286=VECTOR('',#7257,10.);
#1287=VECTOR('',#7258,10.);
#1288=VECTOR('',#7259,10.);
#1289=VECTOR('',#7260,10.);
#1290=VECTOR('',#7261,10.);
#1291=VECTOR('',#7262,10.);
#1292=VECTOR('',#7263,10.);
#1293=VECTOR('',#7264,10.);
#1294=VECTOR('',#7265,10.);
#1295=VECTOR('',#7266,10.);
#1296=VECTOR('',#7267,10.);
#1297=VECTOR('',#7268,10.);
#1298=VECTOR('',#7269,10.);
#1299=VECTOR('',#7270,10.);
#1300=VECTOR('',#7271,10.);
#1301=VECTOR('',#7272,10.);
#1302=VECTOR('',#7273,10.);
#1303=VECTOR('',#7274,10.);
#1304=VECTOR('',#7275,10.);
#1305=VECTOR('',#7276,10.);
#1306=VECTOR('',#7277,10.);
#1307=VECTOR('',#7278,10.);
#1308=VECTOR('',#7279,10.);
#1309=VECTOR('',#7280,10.);
#1310=VECTOR('',#7281,10.);
#1311=VECTOR('',#7282,10.);
#1312=VECTOR('',#7283,10.);
#1313=VECTOR('',#7284,10.);
#1314=VECTOR('',#7285,10.);
#1315=VECTOR('',#7286,10.);
#1316=VECTOR('',#7287,10.);
#1317=VECTOR('',#7288,10.);
#1318=VECTOR('',#7289,10.);
#1319=VECTOR('',#7290,10.);
#1320=VECTOR('',#7291,10.);
#1321=VECTOR('',#7292,10.);
#1322=VECTOR('',#7293,10.);
#1323=VECTOR('',#7294,9.99999999999999);
#1324=VECTOR('',#7295,10.);
#1325=VECTOR('',#7296,10.);
#1326=VECTOR('',#7297,10.);
#1327=VECTOR('',#7298,10.);
#1328=VECTOR('',#7299,10.);
#1329=VECTOR('',#7300,10.);
#1330=VECTOR('',#7301,10.);
#1331=VECTOR('',#7302,10.);
#1332=VECTOR('',#7303,10.);
#1333=VECTOR('',#7304,10.);
#1334=VECTOR('',#7305,10.);
#1335=VECTOR('',#7306,10.);
#1336=VECTOR('',#7307,10.);
#1337=VECTOR('',#7308,10.);
#1338=VECTOR('',#7309,10.);
#1339=VECTOR('',#7310,10.);
#1340=VECTOR('',#7311,10.);
#1341=VECTOR('',#7312,10.);
#1342=VECTOR('',#7313,10.);
#1343=VECTOR('',#7314,10.);
#1344=VECTOR('',#7315,10.);
#1345=VECTOR('',#7316,10.);
#1346=VECTOR('',#7317,10.);
#1347=VECTOR('',#7318,10.);
#1348=VECTOR('',#7319,10.);
#1349=VECTOR('',#7320,10.);
#1350=VECTOR('',#7321,10.);
#1351=VECTOR('',#7322,10.);
#1352=VECTOR('',#7323,10.);
#1353=VECTOR('',#7324,10.);
#1354=VECTOR('',#7325,10.);
#1355=VECTOR('',#7326,10.);
#1356=VECTOR('',#7327,10.);
#1357=VECTOR('',#7328,10.);
#1358=VECTOR('',#7329,10.);
#1359=VECTOR('',#7330,10.);
#1360=VECTOR('',#7331,10.);
#1361=VECTOR('',#7332,10.);
#1362=VECTOR('',#7333,10.);
#1363=VECTOR('',#7334,10.);
#1364=VECTOR('',#7335,10.);
#1365=VECTOR('',#7336,10.);
#1366=VECTOR('',#7337,10.);
#1367=VECTOR('',#7338,10.);
#1368=VECTOR('',#7339,10.);
#1369=VECTOR('',#7340,10.);
#1370=VECTOR('',#7341,10.);
#1371=VECTOR('',#7342,10.);
#1372=VECTOR('',#7343,10.);
#1373=VECTOR('',#7344,10.);
#1374=VECTOR('',#7345,10.);
#1375=VECTOR('',#7346,10.);
#1376=VECTOR('',#7347,10.);
#1377=VECTOR('',#7348,10.);
#1378=VECTOR('',#7349,10.);
#1379=VECTOR('',#7350,10.);
#1380=VECTOR('',#7351,10.);
#1381=VECTOR('',#7352,10.);
#1382=VECTOR('',#7353,10.);
#1383=VECTOR('',#7354,10.);
#1384=VECTOR('',#7355,10.);
#1385=VECTOR('',#7356,10.);
#1386=VECTOR('',#7357,10.);
#1387=VECTOR('',#7358,10.);
#1388=VECTOR('',#7359,10.);
#1389=VECTOR('',#7360,10.);
#1390=VECTOR('',#7361,10.);
#1391=VECTOR('',#7362,10.);
#1392=VECTOR('',#7363,10.);
#1393=VECTOR('',#7364,10.);
#1394=VECTOR('',#7365,10.);
#1395=VECTOR('',#7366,10.);
#1396=VECTOR('',#7367,10.);
#1397=VECTOR('',#7368,10.);
#1398=VECTOR('',#7369,10.);
#1399=VECTOR('',#7370,10.);
#1400=VECTOR('',#7371,10.);
#1401=VECTOR('',#7372,10.);
#1402=VECTOR('',#7373,10.);
#1403=VECTOR('',#7374,10.);
#1404=VECTOR('',#7375,10.);
#1405=VECTOR('',#7376,10.);
#1406=VECTOR('',#7377,10.);
#1407=VECTOR('',#7378,10.);
#1408=VECTOR('',#7379,10.);
#1409=VECTOR('',#7380,10.);
#1410=VECTOR('',#7381,10.);
#1411=VECTOR('',#7382,10.);
#1412=VECTOR('',#7383,10.);
#1413=VECTOR('',#7384,10.);
#1414=VECTOR('',#7385,10.);
#1415=VECTOR('',#7386,10.);
#1416=VECTOR('',#7387,10.);
#1417=VECTOR('',#7388,10.);
#1418=VECTOR('',#7389,10.);
#1419=VECTOR('',#7390,9.99999999999999);
#1420=VECTOR('',#7391,10.);
#1421=VECTOR('',#7392,10.);
#1422=VECTOR('',#7393,10.);
#1423=VECTOR('',#7396,10.);
#1424=VECTOR('',#7401,10.);
#1425=VECTOR('',#7402,10.);
#1426=VECTOR('',#7403,10.);
#1427=VECTOR('',#7406,10.);
#1428=VECTOR('',#7407,10.);
#1429=VECTOR('',#7410,10.);
#1430=VECTOR('',#7413,10.);
#1431=VECTOR('',#7414,10.);
#1432=VECTOR('',#7415,10.);
#1433=VECTOR('',#7416,10.);
#1434=VECTOR('',#7417,10.);
#1435=VECTOR('',#7418,10.);
#1436=VECTOR('',#7419,10.);
#1437=VECTOR('',#7424,10.);
#1438=VECTOR('',#7425,10.);
#1439=VECTOR('',#7426,10.);
#1440=VECTOR('',#7429,10.);
#1441=VECTOR('',#7430,10.);
#1442=VECTOR('',#7431,10.);
#1443=VECTOR('',#7434,10.);
#1444=VECTOR('',#7435,10.);
#1445=VECTOR('',#7436,10.);
#1446=VECTOR('',#7439,10.);
#1447=VECTOR('',#7440,10.);
#1448=VECTOR('',#7441,9.99999999999999);
#1449=VECTOR('',#7444,9.99999999999999);
#1450=VECTOR('',#7445,10.);
#1451=VECTOR('',#7446,9.99999999999999);
#1452=VECTOR('',#7449,10.);
#1453=VECTOR('',#7450,10.);
#1454=VECTOR('',#7453,10.);
#1455=VECTOR('',#7456,10.);
#1456=VECTOR('',#7457,10.);
#1457=VECTOR('',#7460,9.99999999999999);
#1458=VECTOR('',#7463,10.);
#1459=VECTOR('',#7464,10.);
#1460=VECTOR('',#7465,10.);
#1461=VECTOR('',#7466,10.);
#1462=VECTOR('',#7467,10.);
#1463=VECTOR('',#7474,10.);
#1464=VECTOR('',#7475,10.);
#1465=VECTOR('',#7476,9.99999999999999);
#1466=VECTOR('',#7477,10.);
#1467=VECTOR('',#7478,10.);
#1468=VECTOR('',#7481,10.);
#1469=VECTOR('',#7482,10.);
#1470=VECTOR('',#7483,10.);
#1471=VECTOR('',#7492,10.);
#1472=VECTOR('',#7493,10.);
#1473=VECTOR('',#7494,10.);
#1474=VECTOR('',#7495,10.);
#1475=VECTOR('',#7498,10.);
#1476=VECTOR('',#7499,10.);
#1477=VECTOR('',#7504,10.);
#1478=VECTOR('',#7505,10.);
#1479=VECTOR('',#7508,10.);
#1480=VECTOR('',#7511,10.);
#1481=VECTOR('',#7512,10.);
#1482=VECTOR('',#7515,1.2645);
#1483=VECTOR('',#7520,1.2645);
#1484=VECTOR('',#7525,1.2645);
#1485=VECTOR('',#7530,1.2645);
#1486=VECTOR('',#7535,10.);
#1487=VECTOR('',#7536,10.);
#1488=VECTOR('',#7537,10.);
#1489=VECTOR('',#7538,10.);
#1490=VECTOR('',#7539,10.);
#1491=VECTOR('',#7540,10.);
#1492=VECTOR('',#7543,10.);
#1493=VECTOR('',#7544,10.);
#1494=VECTOR('',#7547,10.);
#1495=VECTOR('',#7550,10.);
#1496=VECTOR('',#7557,10.);
#1497=VECTOR('',#7560,10.);
#1498=VECTOR('',#7571,1.5);
#1499=VECTOR('',#7574,0.75);
#1500=VECTOR('',#7577,0.75);
#1501=VECTOR('',#7580,0.75);
#1502=VECTOR('',#7583,0.75);
#1503=VECTOR('',#7586,0.75);
#1504=VECTOR('',#7589,0.75);
#1505=VECTOR('',#7592,0.75);
#1506=VECTOR('',#7595,0.75);
#1507=VECTOR('',#7598,0.75);
#1508=VECTOR('',#7601,0.75);
#1509=VECTOR('',#7604,0.75);
#1510=VECTOR('',#7607,0.75);
#1511=VECTOR('',#7610,10.);
#1512=VECTOR('',#7613,10.);
#1513=VECTOR('',#7618,10.);
#1514=VECTOR('',#7621,10.);
#1515=VECTOR('',#7624,10.);
#1516=VECTOR('',#7627,10.);
#1517=VECTOR('',#7628,10.);
#1518=VECTOR('',#7631,10.);
#1519=VECTOR('',#7632,10.);
#1520=VECTOR('',#7635,10.);
#1521=VECTOR('',#7636,10.);
#1522=VECTOR('',#7641,10.);
#1523=VECTOR('',#7642,10.);
#1524=VECTOR('',#7643,10.);
#1525=VECTOR('',#7648,10.);
#1526=VECTOR('',#7649,10.);
#1527=VECTOR('',#7652,10.);
#1528=VECTOR('',#7653,10.);
#1529=VECTOR('',#7658,10.);
#1530=VECTOR('',#7661,10.);
#1531=VECTOR('',#7662,10.);
#1532=VECTOR('',#7665,10.);
#1533=VECTOR('',#7668,10.);
#1534=VECTOR('',#7669,10.);
#1535=VECTOR('',#7670,10.);
#1536=VECTOR('',#7673,10.);
#1537=VECTOR('',#7674,10.);
#1538=VECTOR('',#7675,10.);
#1539=VECTOR('',#7678,10.);
#1540=VECTOR('',#7679,10.);
#1541=VECTOR('',#7680,10.);
#1542=VECTOR('',#7683,10.);
#1543=VECTOR('',#7684,10.);
#1544=VECTOR('',#7687,10.);
#1545=VECTOR('',#7688,10.);
#1546=VECTOR('',#7689,10.);
#1547=VECTOR('',#7692,10.);
#1548=VECTOR('',#7693,10.);
#1549=VECTOR('',#7694,10.);
#1550=VECTOR('',#7697,10.);
#1551=VECTOR('',#7698,10.);
#1552=VECTOR('',#7701,10.);
#1553=VECTOR('',#7702,10.);
#1554=VECTOR('',#7703,10.);
#1555=VECTOR('',#7706,10.);
#1556=VECTOR('',#7707,10.);
#1557=VECTOR('',#7710,10.);
#1558=VECTOR('',#7711,10.);
#1559=VECTOR('',#7712,10.);
#1560=VECTOR('',#7715,10.);
#1561=VECTOR('',#7716,10.);
#1562=VECTOR('',#7717,10.);
#1563=VECTOR('',#7720,10.);
#1564=VECTOR('',#7721,10.);
#1565=VECTOR('',#7724,10.);
#1566=VECTOR('',#7725,10.);
#1567=VECTOR('',#7726,10.);
#1568=VECTOR('',#7729,10.);
#1569=VECTOR('',#7730,10.);
#1570=VECTOR('',#7733,10.);
#1571=VECTOR('',#7734,10.);
#1572=VECTOR('',#7735,10.);
#1573=VECTOR('',#7738,10.);
#1574=VECTOR('',#7739,10.);
#1575=VECTOR('',#7740,10.);
#1576=VECTOR('',#7743,10.);
#1577=VECTOR('',#7744,10.);
#1578=VECTOR('',#7747,10.);
#1579=VECTOR('',#7748,10.);
#1580=VECTOR('',#7749,10.);
#1581=VECTOR('',#7752,10.);
#1582=VECTOR('',#7753,10.);
#1583=VECTOR('',#7756,10.);
#1584=VECTOR('',#7757,9.99999999999999);
#1585=VECTOR('',#7758,10.);
#1586=VECTOR('',#7761,10.);
#1587=VECTOR('',#7762,10.);
#1588=VECTOR('',#7765,10.);
#1589=VECTOR('',#7766,10.);
#1590=VECTOR('',#7767,10.);
#1591=VECTOR('',#7770,10.);
#1592=VECTOR('',#7771,10.);
#1593=VECTOR('',#7774,10.);
#1594=VECTOR('',#7775,10.);
#1595=VECTOR('',#7776,10.);
#1596=VECTOR('',#7779,10.);
#1597=VECTOR('',#7780,10.);
#1598=VECTOR('',#7781,10.);
#1599=VECTOR('',#7784,10.);
#1600=VECTOR('',#7785,10.);
#1601=VECTOR('',#7788,10.);
#1602=VECTOR('',#7789,10.);
#1603=VECTOR('',#7792,10.);
#1604=VECTOR('',#7793,10.);
#1605=VECTOR('',#7794,10.);
#1606=VECTOR('',#7797,10.);
#1607=VECTOR('',#7798,10.);
#1608=VECTOR('',#7801,10.);
#1609=VECTOR('',#7802,10.);
#1610=VECTOR('',#7805,10.);
#1611=VECTOR('',#7806,10.);
#1612=VECTOR('',#7807,10.);
#1613=VECTOR('',#7810,10.);
#1614=VECTOR('',#7811,10.);
#1615=VECTOR('',#7812,10.);
#1616=VECTOR('',#7815,10.);
#1617=VECTOR('',#7816,10.);
#1618=VECTOR('',#7819,10.);
#1619=VECTOR('',#7820,10.);
#1620=VECTOR('',#7821,10.);
#1621=VECTOR('',#7824,10.);
#1622=VECTOR('',#7825,10.);
#1623=VECTOR('',#7828,10.);
#1624=VECTOR('',#7829,10.);
#1625=VECTOR('',#7830,10.);
#1626=VECTOR('',#7833,10.);
#1627=VECTOR('',#7834,10.);
#1628=VECTOR('',#7835,10.);
#1629=VECTOR('',#7838,10.);
#1630=VECTOR('',#7839,10.);
#1631=VECTOR('',#7840,10.);
#1632=VECTOR('',#7843,10.);
#1633=VECTOR('',#7844,10.);
#1634=VECTOR('',#7845,10.);
#1635=VECTOR('',#7848,10.);
#1636=VECTOR('',#7849,10.);
#1637=VECTOR('',#7852,10.);
#1638=VECTOR('',#7853,10.);
#1639=VECTOR('',#7856,10.);
#1640=VECTOR('',#7857,10.);
#1641=VECTOR('',#7858,10.);
#1642=VECTOR('',#7861,10.);
#1643=VECTOR('',#7862,10.);
#1644=VECTOR('',#7865,10.);
#1645=VECTOR('',#7866,10.);
#1646=VECTOR('',#7867,10.);
#1647=VECTOR('',#7870,10.);
#1648=VECTOR('',#7871,10.);
#1649=VECTOR('',#7872,10.);
#1650=VECTOR('',#7875,10.);
#1651=VECTOR('',#7876,10.);
#1652=VECTOR('',#7877,10.);
#1653=VECTOR('',#7880,10.);
#1654=VECTOR('',#7881,10.);
#1655=VECTOR('',#7884,10.);
#1656=VECTOR('',#7885,10.);
#1657=VECTOR('',#7886,10.);
#1658=VECTOR('',#7889,10.);
#1659=VECTOR('',#7890,10.);
#1660=VECTOR('',#7893,10.);
#1661=VECTOR('',#7894,10.);
#1662=VECTOR('',#7895,10.);
#1663=VECTOR('',#7898,10.);
#1664=VECTOR('',#7899,10.);
#1665=VECTOR('',#7900,10.);
#1666=VECTOR('',#7903,10.);
#1667=VECTOR('',#7904,10.);
#1668=VECTOR('',#7905,10.);
#1669=VECTOR('',#7908,10.);
#1670=VECTOR('',#7909,10.);
#1671=VECTOR('',#7910,10.);
#1672=VECTOR('',#7913,10.);
#1673=VECTOR('',#7914,10.);
#1674=VECTOR('',#7917,10.);
#1675=VECTOR('',#7918,10.);
#1676=VECTOR('',#7921,10.);
#1677=VECTOR('',#7922,10.);
#1678=VECTOR('',#7925,10.);
#1679=VECTOR('',#7926,10.);
#1680=VECTOR('',#7927,10.);
#1681=VECTOR('',#7930,10.);
#1682=VECTOR('',#7931,10.);
#1683=VECTOR('',#7934,10.);
#1684=VECTOR('',#7935,10.);
#1685=VECTOR('',#7936,10.);
#1686=VECTOR('',#7939,10.);
#1687=VECTOR('',#7940,10.);
#1688=VECTOR('',#7941,10.);
#1689=VECTOR('',#7944,10.);
#1690=VECTOR('',#7945,10.);
#1691=VECTOR('',#7946,10.);
#1692=VECTOR('',#7949,10.);
#1693=VECTOR('',#7950,10.);
#1694=VECTOR('',#7951,10.);
#1695=VECTOR('',#7954,10.);
#1696=VECTOR('',#7955,10.);
#1697=VECTOR('',#7956,10.);
#1698=VECTOR('',#7959,10.);
#1699=VECTOR('',#7960,10.);
#1700=VECTOR('',#7963,10.);
#1701=VECTOR('',#7964,10.);
#1702=VECTOR('',#7967,10.);
#1703=VECTOR('',#7968,10.);
#1704=VECTOR('',#7971,10.);
#1705=VECTOR('',#7972,10.);
#1706=VECTOR('',#7973,10.);
#1707=VECTOR('',#7976,10.);
#1708=VECTOR('',#7977,10.);
#1709=VECTOR('',#7980,10.);
#1710=VECTOR('',#7981,10.);
#1711=VECTOR('',#7982,10.);
#1712=VECTOR('',#7985,10.);
#1713=VECTOR('',#7986,10.);
#1714=VECTOR('',#7989,10.);
#1715=VECTOR('',#7990,10.);
#1716=VECTOR('',#7991,10.);
#1717=VECTOR('',#7994,10.);
#1718=VECTOR('',#7995,10.);
#1719=VECTOR('',#7996,10.);
#1720=VECTOR('',#7999,10.);
#1721=VECTOR('',#8000,10.);
#1722=VECTOR('',#8001,10.);
#1723=VECTOR('',#8004,10.);
#1724=VECTOR('',#8005,10.);
#1725=VECTOR('',#8006,10.);
#1726=VECTOR('',#8009,10.);
#1727=VECTOR('',#8010,10.);
#1728=VECTOR('',#8011,10.);
#1729=VECTOR('',#8014,10.);
#1730=VECTOR('',#8015,10.);
#1731=VECTOR('',#8018,10.);
#1732=VECTOR('',#8019,10.);
#1733=VECTOR('',#8022,10.);
#1734=VECTOR('',#8023,10.);
#1735=VECTOR('',#8026,10.);
#1736=VECTOR('',#8027,10.);
#1737=VECTOR('',#8028,10.);
#1738=VECTOR('',#8031,10.);
#1739=VECTOR('',#8032,10.);
#1740=VECTOR('',#8035,10.);
#1741=VECTOR('',#8036,10.);
#1742=VECTOR('',#8037,10.);
#1743=VECTOR('',#8040,10.);
#1744=VECTOR('',#8041,10.);
#1745=VECTOR('',#8042,10.);
#1746=VECTOR('',#8045,10.);
#1747=VECTOR('',#8046,10.);
#1748=VECTOR('',#8047,10.);
#1749=VECTOR('',#8050,10.);
#1750=VECTOR('',#8051,10.);
#1751=VECTOR('',#8052,10.);
#1752=VECTOR('',#8055,10.);
#1753=VECTOR('',#8056,10.);
#1754=VECTOR('',#8057,10.);
#1755=VECTOR('',#8060,10.);
#1756=VECTOR('',#8061,10.);
#1757=VECTOR('',#8062,10.);
#1758=VECTOR('',#8065,10.);
#1759=VECTOR('',#8066,10.);
#1760=VECTOR('',#8067,10.);
#1761=VECTOR('',#8070,10.);
#1762=VECTOR('',#8071,10.);
#1763=VECTOR('',#8074,10.);
#1764=VECTOR('',#8075,10.);
#1765=VECTOR('',#8078,10.);
#1766=VECTOR('',#8079,10.);
#1767=VECTOR('',#8082,10.);
#1768=VECTOR('',#8083,10.);
#1769=VECTOR('',#8084,10.);
#1770=VECTOR('',#8087,10.);
#1771=VECTOR('',#8088,10.);
#1772=VECTOR('',#8091,10.);
#1773=VECTOR('',#8092,10.);
#1774=VECTOR('',#8093,10.);
#1775=VECTOR('',#8096,10.);
#1776=VECTOR('',#8097,10.);
#1777=VECTOR('',#8098,10.);
#1778=VECTOR('',#8101,10.);
#1779=VECTOR('',#8102,10.);
#1780=VECTOR('',#8103,10.);
#1781=VECTOR('',#8106,10.);
#1782=VECTOR('',#8107,10.);
#1783=VECTOR('',#8108,10.);
#1784=VECTOR('',#8111,10.);
#1785=VECTOR('',#8112,10.);
#1786=VECTOR('',#8113,10.);
#1787=VECTOR('',#8116,10.);
#1788=VECTOR('',#8117,10.);
#1789=VECTOR('',#8118,10.);
#1790=VECTOR('',#8121,10.);
#1791=VECTOR('',#8122,10.);
#1792=VECTOR('',#8123,10.);
#1793=VECTOR('',#8126,10.);
#1794=VECTOR('',#8129,10.);
#1795=VECTOR('',#8130,10.);
#1796=VECTOR('',#8131,10.);
#1797=VECTOR('',#8132,10.);
#1798=VECTOR('',#8133,10.);
#1799=VECTOR('',#8134,10.);
#1800=VECTOR('',#8135,10.);
#1801=VECTOR('',#8136,10.);
#1802=VECTOR('',#8137,10.);
#1803=VECTOR('',#8138,10.);
#1804=VECTOR('',#8139,10.);
#1805=VECTOR('',#8140,10.);
#1806=VECTOR('',#8141,10.);
#1807=VECTOR('',#8142,10.);
#1808=VECTOR('',#8143,10.);
#1809=VECTOR('',#8144,10.);
#1810=VECTOR('',#8145,10.);
#1811=VECTOR('',#8146,10.);
#1812=VECTOR('',#8147,10.);
#1813=VECTOR('',#8148,10.);
#1814=VECTOR('',#8149,10.);
#1815=VECTOR('',#8150,10.);
#1816=VECTOR('',#8151,10.);
#1817=VECTOR('',#8152,10.);
#1818=VECTOR('',#8153,10.);
#1819=VECTOR('',#8154,10.);
#1820=VECTOR('',#8155,10.);
#1821=VECTOR('',#8156,10.);
#1822=VECTOR('',#8157,10.);
#1823=VECTOR('',#8158,10.);
#1824=VECTOR('',#8159,10.);
#1825=VECTOR('',#8160,10.);
#1826=VECTOR('',#8161,10.);
#1827=VECTOR('',#8162,10.);
#1828=VECTOR('',#8163,10.);
#1829=VECTOR('',#8164,10.);
#1830=VECTOR('',#8165,10.);
#1831=VECTOR('',#8166,10.);
#1832=VECTOR('',#8167,10.);
#1833=VECTOR('',#8168,10.);
#1834=VECTOR('',#8169,10.);
#1835=VECTOR('',#8170,10.);
#1836=VECTOR('',#8171,10.);
#1837=VECTOR('',#8172,10.);
#1838=VECTOR('',#8173,10.);
#1839=VECTOR('',#8174,10.);
#1840=VECTOR('',#8175,10.);
#1841=VECTOR('',#8176,10.);
#1842=VECTOR('',#8177,10.);
#1843=VECTOR('',#8178,10.);
#1844=VECTOR('',#8179,10.);
#1845=VECTOR('',#8180,10.);
#1846=VECTOR('',#8181,10.);
#1847=VECTOR('',#8182,10.);
#1848=VECTOR('',#8183,10.);
#1849=VECTOR('',#8184,10.);
#1850=VECTOR('',#8185,10.);
#1851=VECTOR('',#8186,10.);
#1852=VECTOR('',#8187,10.);
#1853=VECTOR('',#8188,10.);
#1854=VECTOR('',#8189,10.);
#1855=VECTOR('',#8190,10.);
#1856=VECTOR('',#8191,10.);
#1857=VECTOR('',#8192,10.);
#1858=VECTOR('',#8193,10.);
#1859=VECTOR('',#8194,10.);
#1860=VECTOR('',#8195,10.);
#1861=VECTOR('',#8196,10.);
#1862=VECTOR('',#8197,10.);
#1863=VECTOR('',#8198,10.);
#1864=VECTOR('',#8199,10.);
#1865=VECTOR('',#8200,10.);
#1866=VECTOR('',#8201,10.);
#1867=VECTOR('',#8202,10.);
#1868=VECTOR('',#8203,10.);
#1869=VECTOR('',#8204,10.);
#1870=VECTOR('',#8205,10.);
#1871=VECTOR('',#8206,10.);
#1872=VECTOR('',#8207,10.);
#1873=VECTOR('',#8208,10.);
#1874=VECTOR('',#8209,9.99999999999999);
#1875=VECTOR('',#8210,10.);
#1876=VECTOR('',#8211,10.);
#1877=VECTOR('',#8212,10.);
#1878=VECTOR('',#8213,10.);
#1879=VECTOR('',#8214,10.);
#1880=VECTOR('',#8215,10.);
#1881=VECTOR('',#8216,10.);
#1882=VECTOR('',#8217,10.);
#1883=VECTOR('',#8218,10.);
#1884=VECTOR('',#8219,10.);
#1885=VECTOR('',#8220,10.);
#1886=VECTOR('',#8221,10.);
#1887=VECTOR('',#8222,10.);
#1888=VECTOR('',#8223,10.);
#1889=VECTOR('',#8224,10.);
#1890=VECTOR('',#8225,10.);
#1891=VECTOR('',#8228,10.);
#1892=VECTOR('',#8229,10.);
#1893=VECTOR('',#8234,10.);
#1894=VECTOR('',#8235,10.);
#1895=VECTOR('',#8240,10.);
#1896=VECTOR('',#8241,10.);
#1897=VECTOR('',#8246,10.);
#1898=VECTOR('',#8247,10.);
#1899=VECTOR('',#8252,10.);
#1900=VECTOR('',#8253,10.);
#1901=VECTOR('',#8256,10.);
#1902=VECTOR('',#8259,10.);
#1903=VECTOR('',#8260,10.);
#1904=VECTOR('',#8263,10.);
#1905=VECTOR('',#8264,10.);
#1906=VECTOR('',#8267,10.);
#1907=VECTOR('',#8268,10.);
#1908=VECTOR('',#8273,10.);
#1909=VECTOR('',#8274,10.);
#1910=VECTOR('',#8281,10.);
#1911=VECTOR('',#8284,10.);
#1912=VECTOR('',#8287,10.);
#1913=VECTOR('',#8288,10.);
#1914=VECTOR('',#8291,10.);
#1915=VECTOR('',#8292,10.);
#1916=VECTOR('',#8295,10.);
#1917=VECTOR('',#8296,10.);
#1918=VECTOR('',#8299,10.);
#1919=VECTOR('',#8302,10.);
#1920=VECTOR('',#8303,10.);
#1921=VECTOR('',#8306,10.);
#1922=VECTOR('',#8309,10.);
#1923=VECTOR('',#8408,10.);
#1924=CYLINDRICAL_SURFACE('',#6411,1.);
#1925=CYLINDRICAL_SURFACE('',#6417,1.);
#1926=CYLINDRICAL_SURFACE('',#6419,1.);
#1927=CYLINDRICAL_SURFACE('',#6426,1.);
#1928=CYLINDRICAL_SURFACE('',#6428,1.);
#1929=CYLINDRICAL_SURFACE('',#6433,1.);
#1930=CYLINDRICAL_SURFACE('',#6436,1.);
#1931=CYLINDRICAL_SURFACE('',#6441,2.5);
#1932=CYLINDRICAL_SURFACE('',#6445,2.5);
#1933=CYLINDRICAL_SURFACE('',#6449,1.);
#1934=CYLINDRICAL_SURFACE('',#6452,1.);
#1935=CYLINDRICAL_SURFACE('',#6459,1.);
#1936=CYLINDRICAL_SURFACE('',#6464,1.);
#1937=CYLINDRICAL_SURFACE('',#6470,1.);
#1938=CYLINDRICAL_SURFACE('',#6475,1.);
#1939=CYLINDRICAL_SURFACE('',#6480,2.5);
#1940=CYLINDRICAL_SURFACE('',#6500,2.5);
#1941=CYLINDRICAL_SURFACE('',#6517,1.5);
#1942=CYLINDRICAL_SURFACE('',#6521,1.5);
#1943=CYLINDRICAL_SURFACE('',#6523,2.5);
#1944=CYLINDRICAL_SURFACE('',#6530,2.5);
#1945=CYLINDRICAL_SURFACE('',#6532,2.5);
#1946=CYLINDRICAL_SURFACE('',#6534,2.5);
#1947=CYLINDRICAL_SURFACE('',#6543,2.5);
#1948=CYLINDRICAL_SURFACE('',#6545,2.5);
#1949=CYLINDRICAL_SURFACE('',#6547,2.5);
#1950=CYLINDRICAL_SURFACE('',#6552,1.);
#1951=CYLINDRICAL_SURFACE('',#6566,6.);
#1952=CYLINDRICAL_SURFACE('',#6579,1.2645);
#1953=CYLINDRICAL_SURFACE('',#6581,1.2645);
#1954=CYLINDRICAL_SURFACE('',#6583,1.2645);
#1955=CYLINDRICAL_SURFACE('',#6585,1.2645);
#1956=CYLINDRICAL_SURFACE('',#6593,5.);
#1957=CYLINDRICAL_SURFACE('',#6598,1.);
#1958=CYLINDRICAL_SURFACE('',#6599,1.5);
#1959=CYLINDRICAL_SURFACE('',#6600,0.75);
#1960=CYLINDRICAL_SURFACE('',#6601,0.75);
#1961=CYLINDRICAL_SURFACE('',#6602,0.75);
#1962=CYLINDRICAL_SURFACE('',#6603,0.75);
#1963=CYLINDRICAL_SURFACE('',#6604,0.75);
#1964=CYLINDRICAL_SURFACE('',#6605,0.75);
#1965=CYLINDRICAL_SURFACE('',#6606,0.75);
#1966=CYLINDRICAL_SURFACE('',#6607,0.75);
#1967=CYLINDRICAL_SURFACE('',#6608,0.75);
#1968=CYLINDRICAL_SURFACE('',#6609,0.75);
#1969=CYLINDRICAL_SURFACE('',#6610,0.75);
#1970=CYLINDRICAL_SURFACE('',#6611,0.75);
#1971=CYLINDRICAL_SURFACE('',#6612,5.);
#1972=CYLINDRICAL_SURFACE('',#6615,5.);
#1973=CYLINDRICAL_SURFACE('',#6617,5.);
#1974=CYLINDRICAL_SURFACE('',#6619,5.);
#1975=CYLINDRICAL_SURFACE('',#6620,5.);
#1976=CYLINDRICAL_SURFACE('',#6622,5.);
#1977=CYLINDRICAL_SURFACE('',#6624,5.);
#1978=FACE_OUTER_BOUND('',#2291,.T.);
#1979=FACE_OUTER_BOUND('',#2292,.T.);
#1980=FACE_OUTER_BOUND('',#2293,.T.);
#1981=FACE_OUTER_BOUND('',#2294,.T.);
#1982=FACE_OUTER_BOUND('',#2295,.T.);
#1983=FACE_OUTER_BOUND('',#2296,.T.);
#1984=FACE_OUTER_BOUND('',#2297,.T.);
#1985=FACE_OUTER_BOUND('',#2298,.T.);
#1986=FACE_OUTER_BOUND('',#2299,.T.);
#1987=FACE_OUTER_BOUND('',#2300,.T.);
#1988=FACE_OUTER_BOUND('',#2301,.T.);
#1989=FACE_OUTER_BOUND('',#2302,.T.);
#1990=FACE_OUTER_BOUND('',#2303,.T.);
#1991=FACE_OUTER_BOUND('',#2304,.T.);
#1992=FACE_OUTER_BOUND('',#2305,.T.);
#1993=FACE_OUTER_BOUND('',#2306,.T.);
#1994=FACE_OUTER_BOUND('',#2307,.T.);
#1995=FACE_OUTER_BOUND('',#2308,.T.);
#1996=FACE_OUTER_BOUND('',#2309,.T.);
#1997=FACE_OUTER_BOUND('',#2310,.T.);
#1998=FACE_OUTER_BOUND('',#2311,.T.);
#1999=FACE_OUTER_BOUND('',#2312,.T.);
#2000=FACE_OUTER_BOUND('',#2313,.T.);
#2001=FACE_OUTER_BOUND('',#2314,.T.);
#2002=FACE_OUTER_BOUND('',#2315,.T.);
#2003=FACE_OUTER_BOUND('',#2316,.T.);
#2004=FACE_OUTER_BOUND('',#2317,.T.);
#2005=FACE_OUTER_BOUND('',#2318,.T.);
#2006=FACE_OUTER_BOUND('',#2319,.T.);
#2007=FACE_OUTER_BOUND('',#2320,.T.);
#2008=FACE_OUTER_BOUND('',#2321,.T.);
#2009=FACE_OUTER_BOUND('',#2322,.T.);
#2010=FACE_OUTER_BOUND('',#2323,.T.);
#2011=FACE_OUTER_BOUND('',#2324,.T.);
#2012=FACE_OUTER_BOUND('',#2325,.T.);
#2013=FACE_OUTER_BOUND('',#2339,.T.);
#2014=FACE_OUTER_BOUND('',#2340,.T.);
#2015=FACE_OUTER_BOUND('',#2341,.T.);
#2016=FACE_OUTER_BOUND('',#2355,.T.);
#2017=FACE_OUTER_BOUND('',#2356,.T.);
#2018=FACE_OUTER_BOUND('',#2357,.T.);
#2019=FACE_OUTER_BOUND('',#2358,.T.);
#2020=FACE_OUTER_BOUND('',#2359,.T.);
#2021=FACE_OUTER_BOUND('',#2360,.T.);
#2022=FACE_OUTER_BOUND('',#2361,.T.);
#2023=FACE_OUTER_BOUND('',#2362,.T.);
#2024=FACE_OUTER_BOUND('',#2363,.T.);
#2025=FACE_OUTER_BOUND('',#2364,.T.);
#2026=FACE_OUTER_BOUND('',#2365,.T.);
#2027=FACE_OUTER_BOUND('',#2366,.T.);
#2028=FACE_OUTER_BOUND('',#2367,.T.);
#2029=FACE_OUTER_BOUND('',#2368,.T.);
#2030=FACE_OUTER_BOUND('',#2369,.T.);
#2031=FACE_OUTER_BOUND('',#2370,.T.);
#2032=FACE_OUTER_BOUND('',#2371,.T.);
#2033=FACE_OUTER_BOUND('',#2393,.T.);
#2034=FACE_OUTER_BOUND('',#2394,.T.);
#2035=FACE_OUTER_BOUND('',#2395,.T.);
#2036=FACE_OUTER_BOUND('',#2396,.T.);
#2037=FACE_OUTER_BOUND('',#2397,.T.);
#2038=FACE_OUTER_BOUND('',#2398,.T.);
#2039=FACE_OUTER_BOUND('',#2399,.T.);
#2040=FACE_OUTER_BOUND('',#2400,.T.);
#2041=FACE_OUTER_BOUND('',#2401,.T.);
#2042=FACE_OUTER_BOUND('',#2402,.T.);
#2043=FACE_OUTER_BOUND('',#2403,.T.);
#2044=FACE_OUTER_BOUND('',#2404,.T.);
#2045=FACE_OUTER_BOUND('',#2405,.T.);
#2046=FACE_OUTER_BOUND('',#2406,.T.);
#2047=FACE_OUTER_BOUND('',#2407,.T.);
#2048=FACE_OUTER_BOUND('',#2408,.T.);
#2049=FACE_OUTER_BOUND('',#2410,.T.);
#2050=FACE_OUTER_BOUND('',#2411,.T.);
#2051=FACE_OUTER_BOUND('',#2412,.T.);
#2052=FACE_OUTER_BOUND('',#2418,.T.);
#2053=FACE_OUTER_BOUND('',#2419,.T.);
#2054=FACE_OUTER_BOUND('',#2420,.T.);
#2055=FACE_OUTER_BOUND('',#2421,.T.);
#2056=FACE_OUTER_BOUND('',#2422,.T.);
#2057=FACE_OUTER_BOUND('',#2423,.T.);
#2058=FACE_OUTER_BOUND('',#2424,.T.);
#2059=FACE_OUTER_BOUND('',#2425,.T.);
#2060=FACE_OUTER_BOUND('',#2431,.T.);
#2061=FACE_OUTER_BOUND('',#2432,.T.);
#2062=FACE_OUTER_BOUND('',#2433,.T.);
#2063=FACE_OUTER_BOUND('',#2434,.T.);
#2064=FACE_OUTER_BOUND('',#2435,.T.);
#2065=FACE_OUTER_BOUND('',#2436,.T.);
#2066=FACE_OUTER_BOUND('',#2437,.T.);
#2067=FACE_OUTER_BOUND('',#2438,.T.);
#2068=FACE_OUTER_BOUND('',#2439,.T.);
#2069=FACE_OUTER_BOUND('',#2440,.T.);
#2070=FACE_OUTER_BOUND('',#2441,.T.);
#2071=FACE_OUTER_BOUND('',#2442,.T.);
#2072=FACE_OUTER_BOUND('',#2443,.T.);
#2073=FACE_OUTER_BOUND('',#2444,.T.);
#2074=FACE_OUTER_BOUND('',#2445,.T.);
#2075=FACE_OUTER_BOUND('',#2446,.T.);
#2076=FACE_OUTER_BOUND('',#2447,.T.);
#2077=FACE_OUTER_BOUND('',#2448,.T.);
#2078=FACE_OUTER_BOUND('',#2449,.T.);
#2079=FACE_OUTER_BOUND('',#2450,.T.);
#2080=FACE_OUTER_BOUND('',#2451,.T.);
#2081=FACE_OUTER_BOUND('',#2452,.T.);
#2082=FACE_OUTER_BOUND('',#2453,.T.);
#2083=FACE_OUTER_BOUND('',#2454,.T.);
#2084=FACE_OUTER_BOUND('',#2455,.T.);
#2085=FACE_OUTER_BOUND('',#2456,.T.);
#2086=FACE_OUTER_BOUND('',#2457,.T.);
#2087=FACE_OUTER_BOUND('',#2458,.T.);
#2088=FACE_OUTER_BOUND('',#2459,.T.);
#2089=FACE_OUTER_BOUND('',#2460,.T.);
#2090=FACE_OUTER_BOUND('',#2461,.T.);
#2091=FACE_OUTER_BOUND('',#2462,.T.);
#2092=FACE_OUTER_BOUND('',#2463,.T.);
#2093=FACE_OUTER_BOUND('',#2465,.T.);
#2094=FACE_OUTER_BOUND('',#2466,.T.);
#2095=FACE_OUTER_BOUND('',#2467,.T.);
#2096=FACE_OUTER_BOUND('',#2468,.T.);
#2097=FACE_OUTER_BOUND('',#2469,.T.);
#2098=FACE_OUTER_BOUND('',#2470,.T.);
#2099=FACE_OUTER_BOUND('',#2471,.T.);
#2100=FACE_OUTER_BOUND('',#2472,.T.);
#2101=FACE_OUTER_BOUND('',#2473,.T.);
#2102=FACE_OUTER_BOUND('',#2474,.T.);
#2103=FACE_OUTER_BOUND('',#2475,.T.);
#2104=FACE_OUTER_BOUND('',#2476,.T.);
#2105=FACE_OUTER_BOUND('',#2477,.T.);
#2106=FACE_OUTER_BOUND('',#2478,.T.);
#2107=FACE_OUTER_BOUND('',#2479,.T.);
#2108=FACE_OUTER_BOUND('',#2480,.T.);
#2109=FACE_OUTER_BOUND('',#2481,.T.);
#2110=FACE_OUTER_BOUND('',#2482,.T.);
#2111=FACE_OUTER_BOUND('',#2483,.T.);
#2112=FACE_OUTER_BOUND('',#2484,.T.);
#2113=FACE_OUTER_BOUND('',#2485,.T.);
#2114=FACE_OUTER_BOUND('',#2486,.T.);
#2115=FACE_OUTER_BOUND('',#2487,.T.);
#2116=FACE_OUTER_BOUND('',#2488,.T.);
#2117=FACE_OUTER_BOUND('',#2489,.T.);
#2118=FACE_OUTER_BOUND('',#2490,.T.);
#2119=FACE_OUTER_BOUND('',#2491,.T.);
#2120=FACE_OUTER_BOUND('',#2492,.T.);
#2121=FACE_OUTER_BOUND('',#2493,.T.);
#2122=FACE_OUTER_BOUND('',#2494,.T.);
#2123=FACE_OUTER_BOUND('',#2495,.T.);
#2124=FACE_OUTER_BOUND('',#2496,.T.);
#2125=FACE_OUTER_BOUND('',#2497,.T.);
#2126=FACE_OUTER_BOUND('',#2498,.T.);
#2127=FACE_OUTER_BOUND('',#2499,.T.);
#2128=FACE_OUTER_BOUND('',#2500,.T.);
#2129=FACE_OUTER_BOUND('',#2501,.T.);
#2130=FACE_OUTER_BOUND('',#2502,.T.);
#2131=FACE_OUTER_BOUND('',#2503,.T.);
#2132=FACE_OUTER_BOUND('',#2504,.T.);
#2133=FACE_OUTER_BOUND('',#2505,.T.);
#2134=FACE_OUTER_BOUND('',#2506,.T.);
#2135=FACE_OUTER_BOUND('',#2507,.T.);
#2136=FACE_OUTER_BOUND('',#2508,.T.);
#2137=FACE_OUTER_BOUND('',#2509,.T.);
#2138=FACE_OUTER_BOUND('',#2510,.T.);
#2139=FACE_OUTER_BOUND('',#2511,.T.);
#2140=FACE_OUTER_BOUND('',#2512,.T.);
#2141=FACE_OUTER_BOUND('',#2513,.T.);
#2142=FACE_OUTER_BOUND('',#2514,.T.);
#2143=FACE_OUTER_BOUND('',#2515,.T.);
#2144=FACE_OUTER_BOUND('',#2516,.T.);
#2145=FACE_OUTER_BOUND('',#2517,.T.);
#2146=FACE_OUTER_BOUND('',#2518,.T.);
#2147=FACE_OUTER_BOUND('',#2519,.T.);
#2148=FACE_OUTER_BOUND('',#2520,.T.);
#2149=FACE_OUTER_BOUND('',#2521,.T.);
#2150=FACE_OUTER_BOUND('',#2522,.T.);
#2151=FACE_OUTER_BOUND('',#2523,.T.);
#2152=FACE_OUTER_BOUND('',#2524,.T.);
#2153=FACE_OUTER_BOUND('',#2525,.T.);
#2154=FACE_OUTER_BOUND('',#2526,.T.);
#2155=FACE_OUTER_BOUND('',#2527,.T.);
#2156=FACE_OUTER_BOUND('',#2528,.T.);
#2157=FACE_OUTER_BOUND('',#2529,.T.);
#2158=FACE_OUTER_BOUND('',#2530,.T.);
#2159=FACE_OUTER_BOUND('',#2531,.T.);
#2160=FACE_OUTER_BOUND('',#2532,.T.);
#2161=FACE_OUTER_BOUND('',#2533,.T.);
#2162=FACE_OUTER_BOUND('',#2534,.T.);
#2163=FACE_OUTER_BOUND('',#2535,.T.);
#2164=FACE_OUTER_BOUND('',#2536,.T.);
#2165=FACE_OUTER_BOUND('',#2537,.T.);
#2166=FACE_OUTER_BOUND('',#2538,.T.);
#2167=FACE_OUTER_BOUND('',#2539,.T.);
#2168=FACE_OUTER_BOUND('',#2540,.T.);
#2169=FACE_OUTER_BOUND('',#2541,.T.);
#2170=FACE_OUTER_BOUND('',#2542,.T.);
#2171=FACE_OUTER_BOUND('',#2543,.T.);
#2172=FACE_OUTER_BOUND('',#2544,.T.);
#2173=FACE_OUTER_BOUND('',#2545,.T.);
#2174=FACE_OUTER_BOUND('',#2546,.T.);
#2175=FACE_OUTER_BOUND('',#2547,.T.);
#2176=FACE_OUTER_BOUND('',#2548,.T.);
#2177=FACE_OUTER_BOUND('',#2549,.T.);
#2178=FACE_OUTER_BOUND('',#2550,.T.);
#2179=FACE_OUTER_BOUND('',#2551,.T.);
#2180=FACE_OUTER_BOUND('',#2552,.T.);
#2181=FACE_OUTER_BOUND('',#2553,.T.);
#2182=FACE_OUTER_BOUND('',#2554,.T.);
#2183=FACE_OUTER_BOUND('',#2555,.T.);
#2184=FACE_OUTER_BOUND('',#2556,.T.);
#2185=FACE_OUTER_BOUND('',#2557,.T.);
#2186=FACE_OUTER_BOUND('',#2558,.T.);
#2187=FACE_OUTER_BOUND('',#2559,.T.);
#2188=FACE_OUTER_BOUND('',#2560,.T.);
#2189=FACE_OUTER_BOUND('',#2561,.T.);
#2190=FACE_OUTER_BOUND('',#2562,.T.);
#2191=FACE_OUTER_BOUND('',#2563,.T.);
#2192=FACE_OUTER_BOUND('',#2564,.T.);
#2193=FACE_OUTER_BOUND('',#2565,.T.);
#2194=FACE_OUTER_BOUND('',#2587,.T.);
#2195=FACE_OUTER_BOUND('',#2588,.T.);
#2196=FACE_OUTER_BOUND('',#2589,.T.);
#2197=FACE_OUTER_BOUND('',#2590,.T.);
#2198=FACE_OUTER_BOUND('',#2591,.T.);
#2199=FACE_OUTER_BOUND('',#2592,.T.);
#2200=FACE_OUTER_BOUND('',#2593,.T.);
#2201=FACE_OUTER_BOUND('',#2594,.T.);
#2202=FACE_OUTER_BOUND('',#2595,.T.);
#2203=FACE_OUTER_BOUND('',#2596,.T.);
#2204=FACE_OUTER_BOUND('',#2597,.T.);
#2205=FACE_OUTER_BOUND('',#2598,.T.);
#2206=FACE_OUTER_BOUND('',#2599,.T.);
#2207=FACE_OUTER_BOUND('',#2600,.T.);
#2208=FACE_OUTER_BOUND('',#2601,.T.);
#2209=FACE_OUTER_BOUND('',#2602,.T.);
#2210=FACE_OUTER_BOUND('',#2603,.T.);
#2211=FACE_OUTER_BOUND('',#2604,.T.);
#2212=FACE_OUTER_BOUND('',#2605,.T.);
#2213=FACE_OUTER_BOUND('',#2606,.T.);
#2214=FACE_OUTER_BOUND('',#2607,.T.);
#2215=FACE_OUTER_BOUND('',#2608,.T.);
#2216=FACE_OUTER_BOUND('',#2609,.T.);
#2217=FACE_OUTER_BOUND('',#2610,.T.);
#2218=FACE_OUTER_BOUND('',#2611,.T.);
#2219=FACE_OUTER_BOUND('',#2612,.T.);
#2220=FACE_OUTER_BOUND('',#2613,.T.);
#2221=FACE_OUTER_BOUND('',#2614,.T.);
#2222=FACE_OUTER_BOUND('',#2615,.T.);
#2223=FACE_OUTER_BOUND('',#2616,.T.);
#2224=FACE_OUTER_BOUND('',#2617,.T.);
#2225=FACE_OUTER_BOUND('',#2618,.T.);
#2226=FACE_OUTER_BOUND('',#2619,.T.);
#2227=FACE_OUTER_BOUND('',#2620,.T.);
#2228=FACE_OUTER_BOUND('',#2621,.T.);
#2229=FACE_OUTER_BOUND('',#2622,.T.);
#2230=FACE_OUTER_BOUND('',#2623,.T.);
#2231=FACE_OUTER_BOUND('',#2624,.T.);
#2232=FACE_OUTER_BOUND('',#2625,.T.);
#2233=FACE_OUTER_BOUND('',#2626,.T.);
#2234=FACE_OUTER_BOUND('',#2627,.T.);
#2235=FACE_OUTER_BOUND('',#2628,.T.);
#2236=FACE_OUTER_BOUND('',#2629,.T.);
#2237=FACE_OUTER_BOUND('',#2630,.T.);
#2238=FACE_OUTER_BOUND('',#2631,.T.);
#2239=FACE_OUTER_BOUND('',#2632,.T.);
#2240=FACE_OUTER_BOUND('',#2633,.T.);
#2241=FACE_OUTER_BOUND('',#2634,.T.);
#2242=FACE_OUTER_BOUND('',#2635,.T.);
#2243=FACE_OUTER_BOUND('',#2636,.T.);
#2244=FACE_OUTER_BOUND('',#2637,.T.);
#2245=FACE_OUTER_BOUND('',#2638,.T.);
#2246=FACE_OUTER_BOUND('',#2639,.T.);
#2247=FACE_OUTER_BOUND('',#2640,.T.);
#2248=FACE_OUTER_BOUND('',#2641,.T.);
#2249=FACE_OUTER_BOUND('',#2642,.T.);
#2250=FACE_OUTER_BOUND('',#2643,.T.);
#2251=FACE_OUTER_BOUND('',#2644,.T.);
#2252=FACE_OUTER_BOUND('',#2645,.T.);
#2253=FACE_OUTER_BOUND('',#2646,.T.);
#2254=FACE_OUTER_BOUND('',#2647,.T.);
#2255=FACE_OUTER_BOUND('',#2648,.T.);
#2256=FACE_OUTER_BOUND('',#2649,.T.);
#2257=FACE_OUTER_BOUND('',#2650,.T.);
#2258=FACE_OUTER_BOUND('',#2651,.T.);
#2259=FACE_OUTER_BOUND('',#2652,.T.);
#2260=FACE_OUTER_BOUND('',#2653,.T.);
#2261=FACE_OUTER_BOUND('',#2654,.T.);
#2262=FACE_OUTER_BOUND('',#2655,.T.);
#2263=FACE_OUTER_BOUND('',#2656,.T.);
#2264=FACE_OUTER_BOUND('',#2657,.T.);
#2265=FACE_OUTER_BOUND('',#2658,.T.);
#2266=FACE_OUTER_BOUND('',#2659,.T.);
#2267=FACE_OUTER_BOUND('',#2660,.T.);
#2268=FACE_OUTER_BOUND('',#2661,.T.);
#2269=FACE_OUTER_BOUND('',#2662,.T.);
#2270=FACE_OUTER_BOUND('',#2663,.T.);
#2271=FACE_OUTER_BOUND('',#2664,.T.);
#2272=FACE_OUTER_BOUND('',#2665,.T.);
#2273=FACE_OUTER_BOUND('',#2666,.T.);
#2274=FACE_OUTER_BOUND('',#2667,.T.);
#2275=FACE_OUTER_BOUND('',#2668,.T.);
#2276=FACE_OUTER_BOUND('',#2669,.T.);
#2277=FACE_OUTER_BOUND('',#2670,.T.);
#2278=FACE_OUTER_BOUND('',#2671,.T.);
#2279=FACE_OUTER_BOUND('',#2672,.T.);
#2280=FACE_OUTER_BOUND('',#2673,.T.);
#2281=FACE_OUTER_BOUND('',#2674,.T.);
#2282=FACE_OUTER_BOUND('',#2675,.T.);
#2283=FACE_OUTER_BOUND('',#2676,.T.);
#2284=FACE_OUTER_BOUND('',#2677,.T.);
#2285=FACE_OUTER_BOUND('',#2678,.T.);
#2286=FACE_OUTER_BOUND('',#2679,.T.);
#2287=FACE_OUTER_BOUND('',#2680,.T.);
#2288=FACE_OUTER_BOUND('',#2681,.T.);
#2289=FACE_OUTER_BOUND('',#2682,.T.);
#2290=FACE_OUTER_BOUND('',#2683,.T.);
#2291=EDGE_LOOP('',(#4271,#4272,#4273,#4274));
#2292=EDGE_LOOP('',(#4275,#4276,#4277,#4278));
#2293=EDGE_LOOP('',(#4279,#4280,#4281,#4282));
#2294=EDGE_LOOP('',(#4283,#4284,#4285,#4286));
#2295=EDGE_LOOP('',(#4287,#4288,#4289,#4290));
#2296=EDGE_LOOP('',(#4291,#4292,#4293,#4294));
#2297=EDGE_LOOP('',(#4295,#4296,#4297,#4298));
#2298=EDGE_LOOP('',(#4299,#4300,#4301,#4302));
#2299=EDGE_LOOP('',(#4303,#4304,#4305,#4306));
#2300=EDGE_LOOP('',(#4307,#4308,#4309,#4310));
#2301=EDGE_LOOP('',(#4311,#4312,#4313,#4314));
#2302=EDGE_LOOP('',(#4315,#4316,#4317,#4318,#4319));
#2303=EDGE_LOOP('',(#4320,#4321,#4322));
#2304=EDGE_LOOP('',(#4323,#4324,#4325,#4326,#4327,#4328,#4329,#4330,#4331));
#2305=EDGE_LOOP('',(#4332,#4333,#4334,#4335,#4336,#4337));
#2306=EDGE_LOOP('',(#4338,#4339,#4340,#4341));
#2307=EDGE_LOOP('',(#4342,#4343,#4344,#4345));
#2308=EDGE_LOOP('',(#4346,#4347,#4348,#4349,#4350,#4351,#4352,#4353));
#2309=EDGE_LOOP('',(#4354,#4355,#4356,#4357));
#2310=EDGE_LOOP('',(#4358,#4359,#4360,#4361));
#2311=EDGE_LOOP('',(#4362,#4363,#4364,#4365));
#2312=EDGE_LOOP('',(#4366,#4367,#4368,#4369));
#2313=EDGE_LOOP('',(#4370,#4371,#4372,#4373));
#2314=EDGE_LOOP('',(#4374,#4375,#4376,#4377));
#2315=EDGE_LOOP('',(#4378,#4379,#4380,#4381));
#2316=EDGE_LOOP('',(#4382,#4383,#4384,#4385));
#2317=EDGE_LOOP('',(#4386,#4387,#4388,#4389));
#2318=EDGE_LOOP('',(#4390,#4391,#4392,#4393));
#2319=EDGE_LOOP('',(#4394,#4395,#4396,#4397));
#2320=EDGE_LOOP('',(#4398,#4399,#4400,#4401,#4402));
#2321=EDGE_LOOP('',(#4403,#4404,#4405,#4406,#4407,#4408,#4409,#4410));
#2322=EDGE_LOOP('',(#4411,#4412,#4413,#4414,#4415,#4416));
#2323=EDGE_LOOP('',(#4417,#4418,#4419,#4420,#4421,#4422));
#2324=EDGE_LOOP('',(#4423,#4424,#4425,#4426));
#2325=EDGE_LOOP('',(#4427,#4428,#4429,#4430,#4431,#4432,#4433,#4434,#4435,
#4436,#4437,#4438,#4439,#4440));
#2326=EDGE_LOOP('',(#4441));
#2327=EDGE_LOOP('',(#4442));
#2328=EDGE_LOOP('',(#4443));
#2329=EDGE_LOOP('',(#4444));
#2330=EDGE_LOOP('',(#4445));
#2331=EDGE_LOOP('',(#4446));
#2332=EDGE_LOOP('',(#4447));
#2333=EDGE_LOOP('',(#4448));
#2334=EDGE_LOOP('',(#4449));
#2335=EDGE_LOOP('',(#4450));
#2336=EDGE_LOOP('',(#4451));
#2337=EDGE_LOOP('',(#4452));
#2338=EDGE_LOOP('',(#4453));
#2339=EDGE_LOOP('',(#4454,#4455,#4456,#4457,#4458,#4459,#4460,#4461,#4462,
#4463,#4464));
#2340=EDGE_LOOP('',(#4465,#4466,#4467,#4468,#4469,#4470));
#2341=EDGE_LOOP('',(#4471,#4472,#4473,#4474,#4475,#4476));
#2342=EDGE_LOOP('',(#4477));
#2343=EDGE_LOOP('',(#4478));
#2344=EDGE_LOOP('',(#4479));
#2345=EDGE_LOOP('',(#4480));
#2346=EDGE_LOOP('',(#4481));
#2347=EDGE_LOOP('',(#4482));
#2348=EDGE_LOOP('',(#4483));
#2349=EDGE_LOOP('',(#4484));
#2350=EDGE_LOOP('',(#4485));
#2351=EDGE_LOOP('',(#4486));
#2352=EDGE_LOOP('',(#4487));
#2353=EDGE_LOOP('',(#4488));
#2354=EDGE_LOOP('',(#4489));
#2355=EDGE_LOOP('',(#4490,#4491,#4492,#4493));
#2356=EDGE_LOOP('',(#4494,#4495,#4496,#4497));
#2357=EDGE_LOOP('',(#4498,#4499,#4500,#4501));
#2358=EDGE_LOOP('',(#4502,#4503,#4504,#4505,#4506));
#2359=EDGE_LOOP('',(#4507,#4508,#4509,#4510));
#2360=EDGE_LOOP('',(#4511,#4512,#4513));
#2361=EDGE_LOOP('',(#4514,#4515,#4516,#4517));
#2362=EDGE_LOOP('',(#4518,#4519,#4520,#4521));
#2363=EDGE_LOOP('',(#4522,#4523,#4524,#4525));
#2364=EDGE_LOOP('',(#4526,#4527,#4528,#4529));
#2365=EDGE_LOOP('',(#4530,#4531,#4532,#4533));
#2366=EDGE_LOOP('',(#4534,#4535,#4536,#4537,#4538,#4539));
#2367=EDGE_LOOP('',(#4540,#4541,#4542));
#2368=EDGE_LOOP('',(#4543,#4544,#4545,#4546));
#2369=EDGE_LOOP('',(#4547,#4548,#4549,#4550));
#2370=EDGE_LOOP('',(#4551,#4552,#4553,#4554));
#2371=EDGE_LOOP('',(#4555,#4556,#4557,#4558,#4559,#4560,#4561,#4562,#4563,
#4564,#4565,#4566,#4567,#4568,#4569,#4570,#4571,#4572,#4573,#4574,#4575,
#4576,#4577,#4578,#4579,#4580,#4581,#4582,#4583,#4584,#4585,#4586,#4587,
#4588,#4589,#4590,#4591,#4592,#4593,#4594,#4595,#4596,#4597,#4598,#4599,
#4600,#4601,#4602,#4603,#4604,#4605,#4606,#4607,#4608,#4609,#4610,#4611,
#4612,#4613,#4614,#4615,#4616,#4617,#4618,#4619,#4620,#4621,#4622,#4623,
#4624,#4625,#4626,#4627,#4628,#4629,#4630,#4631,#4632,#4633,#4634,#4635,
#4636,#4637,#4638,#4639,#4640,#4641,#4642,#4643,#4644,#4645,#4646,#4647,
#4648,#4649,#4650,#4651,#4652,#4653,#4654,#4655,#4656,#4657,#4658,#4659,
#4660,#4661,#4662,#4663,#4664,#4665,#4666,#4667,#4668,#4669,#4670,#4671,
#4672,#4673,#4674,#4675,#4676,#4677,#4678,#4679,#4680,#4681,#4682));
#2372=EDGE_LOOP('',(#4683,#4684,#4685,#4686));
#2373=EDGE_LOOP('',(#4687,#4688,#4689,#4690));
#2374=EDGE_LOOP('',(#4691,#4692,#4693,#4694));
#2375=EDGE_LOOP('',(#4695,#4696,#4697,#4698));
#2376=EDGE_LOOP('',(#4699,#4700,#4701,#4702));
#2377=EDGE_LOOP('',(#4703,#4704,#4705,#4706));
#2378=EDGE_LOOP('',(#4707,#4708,#4709,#4710));
#2379=EDGE_LOOP('',(#4711,#4712,#4713,#4714));
#2380=EDGE_LOOP('',(#4715,#4716,#4717,#4718));
#2381=EDGE_LOOP('',(#4719,#4720,#4721,#4722));
#2382=EDGE_LOOP('',(#4723,#4724,#4725,#4726));
#2383=EDGE_LOOP('',(#4727,#4728,#4729,#4730));
#2384=EDGE_LOOP('',(#4731,#4732,#4733,#4734));
#2385=EDGE_LOOP('',(#4735,#4736,#4737,#4738));
#2386=EDGE_LOOP('',(#4739,#4740,#4741,#4742));
#2387=EDGE_LOOP('',(#4743,#4744,#4745,#4746));
#2388=EDGE_LOOP('',(#4747,#4748,#4749));
#2389=EDGE_LOOP('',(#4750,#4751,#4752,#4753));
#2390=EDGE_LOOP('',(#4754,#4755,#4756,#4757));
#2391=EDGE_LOOP('',(#4758,#4759,#4760,#4761));
#2392=EDGE_LOOP('',(#4762,#4763,#4764));
#2393=EDGE_LOOP('',(#4765,#4766,#4767,#4768));
#2394=EDGE_LOOP('',(#4769,#4770,#4771,#4772,#4773,#4774,#4775,#4776));
#2395=EDGE_LOOP('',(#4777,#4778,#4779,#4780));
#2396=EDGE_LOOP('',(#4781,#4782,#4783,#4784));
#2397=EDGE_LOOP('',(#4785,#4786,#4787,#4788,#4789,#4790,#4791,#4792,#4793,
#4794,#4795,#4796,#4797,#4798));
#2398=EDGE_LOOP('',(#4799,#4800,#4801,#4802,#4803));
#2399=EDGE_LOOP('',(#4804,#4805,#4806));
#2400=EDGE_LOOP('',(#4807,#4808,#4809));
#2401=EDGE_LOOP('',(#4810,#4811,#4812,#4813));
#2402=EDGE_LOOP('',(#4814,#4815,#4816,#4817,#4818));
#2403=EDGE_LOOP('',(#4819,#4820,#4821,#4822));
#2404=EDGE_LOOP('',(#4823,#4824,#4825,#4826));
#2405=EDGE_LOOP('',(#4827,#4828,#4829));
#2406=EDGE_LOOP('',(#4830,#4831,#4832));
#2407=EDGE_LOOP('',(#4833,#4834,#4835,#4836));
#2408=EDGE_LOOP('',(#4837,#4838,#4839,#4840));
#2409=EDGE_LOOP('',(#4841,#4842,#4843,#4844,#4845));
#2410=EDGE_LOOP('',(#4846,#4847,#4848,#4849));
#2411=EDGE_LOOP('',(#4850,#4851,#4852,#4853,#4854,#4855));
#2412=EDGE_LOOP('',(#4856,#4857,#4858,#4859));
#2413=EDGE_LOOP('',(#4860));
#2414=EDGE_LOOP('',(#4861));
#2415=EDGE_LOOP('',(#4862));
#2416=EDGE_LOOP('',(#4863));
#2417=EDGE_LOOP('',(#4864,#4865,#4866,#4867));
#2418=EDGE_LOOP('',(#4868,#4869,#4870,#4871));
#2419=EDGE_LOOP('',(#4872,#4873,#4874));
#2420=EDGE_LOOP('',(#4875,#4876,#4877,#4878,#4879,#4880,#4881));
#2421=EDGE_LOOP('',(#4882,#4883,#4884,#4885));
#2422=EDGE_LOOP('',(#4886,#4887,#4888,#4889));
#2423=EDGE_LOOP('',(#4890,#4891,#4892,#4893));
#2424=EDGE_LOOP('',(#4894,#4895,#4896,#4897));
#2425=EDGE_LOOP('',(#4898,#4899,#4900,#4901,#4902,#4903,#4904,#4905));
#2426=EDGE_LOOP('',(#4906));
#2427=EDGE_LOOP('',(#4907));
#2428=EDGE_LOOP('',(#4908));
#2429=EDGE_LOOP('',(#4909));
#2430=EDGE_LOOP('',(#4910,#4911,#4912,#4913));
#2431=EDGE_LOOP('',(#4914,#4915,#4916,#4917));
#2432=EDGE_LOOP('',(#4918,#4919,#4920,#4921));
#2433=EDGE_LOOP('',(#4922,#4923,#4924,#4925));
#2434=EDGE_LOOP('',(#4926,#4927,#4928,#4929));
#2435=EDGE_LOOP('',(#4930,#4931,#4932,#4933));
#2436=EDGE_LOOP('',(#4934,#4935,#4936,#4937,#4938,#4939,#4940,#4941,#4942));
#2437=EDGE_LOOP('',(#4943,#4944,#4945,#4946));
#2438=EDGE_LOOP('',(#4947,#4948,#4949,#4950));
#2439=EDGE_LOOP('',(#4951,#4952,#4953,#4954));
#2440=EDGE_LOOP('',(#4955,#4956,#4957,#4958));
#2441=EDGE_LOOP('',(#4959,#4960,#4961,#4962));
#2442=EDGE_LOOP('',(#4963,#4964,#4965,#4966));
#2443=EDGE_LOOP('',(#4967,#4968,#4969,#4970));
#2444=EDGE_LOOP('',(#4971,#4972,#4973,#4974));
#2445=EDGE_LOOP('',(#4975,#4976,#4977,#4978));
#2446=EDGE_LOOP('',(#4979,#4980,#4981,#4982));
#2447=EDGE_LOOP('',(#4983,#4984,#4985,#4986));
#2448=EDGE_LOOP('',(#4987,#4988,#4989,#4990));
#2449=EDGE_LOOP('',(#4991,#4992,#4993,#4994));
#2450=EDGE_LOOP('',(#4995,#4996,#4997,#4998));
#2451=EDGE_LOOP('',(#4999,#5000,#5001,#5002));
#2452=EDGE_LOOP('',(#5003,#5004,#5005,#5006));
#2453=EDGE_LOOP('',(#5007,#5008,#5009,#5010));
#2454=EDGE_LOOP('',(#5011,#5012,#5013,#5014,#5015));
#2455=EDGE_LOOP('',(#5016,#5017,#5018,#5019));
#2456=EDGE_LOOP('',(#5020,#5021,#5022,#5023));
#2457=EDGE_LOOP('',(#5024,#5025,#5026,#5027,#5028));
#2458=EDGE_LOOP('',(#5029,#5030,#5031,#5032));
#2459=EDGE_LOOP('',(#5033,#5034,#5035,#5036));
#2460=EDGE_LOOP('',(#5037,#5038,#5039,#5040,#5041,#5042,#5043,#5044));
#2461=EDGE_LOOP('',(#5045,#5046,#5047,#5048,#5049,#5050,#5051,#5052,#5053,
#5054));
#2462=EDGE_LOOP('',(#5055,#5056,#5057,#5058,#5059,#5060,#5061,#5062));
#2463=EDGE_LOOP('',(#5063,#5064,#5065,#5066));
#2464=EDGE_LOOP('',(#5067,#5068,#5069,#5070,#5071));
#2465=EDGE_LOOP('',(#5072,#5073,#5074,#5075));
#2466=EDGE_LOOP('',(#5076,#5077,#5078,#5079));
#2467=EDGE_LOOP('',(#5080,#5081,#5082,#5083));
#2468=EDGE_LOOP('',(#5084,#5085,#5086,#5087));
#2469=EDGE_LOOP('',(#5088,#5089,#5090,#5091));
#2470=EDGE_LOOP('',(#5092,#5093,#5094,#5095));
#2471=EDGE_LOOP('',(#5096,#5097,#5098,#5099));
#2472=EDGE_LOOP('',(#5100,#5101,#5102,#5103));
#2473=EDGE_LOOP('',(#5104,#5105,#5106,#5107));
#2474=EDGE_LOOP('',(#5108,#5109,#5110,#5111));
#2475=EDGE_LOOP('',(#5112,#5113,#5114,#5115));
#2476=EDGE_LOOP('',(#5116,#5117,#5118,#5119));
#2477=EDGE_LOOP('',(#5120,#5121,#5122,#5123));
#2478=EDGE_LOOP('',(#5124,#5125,#5126,#5127));
#2479=EDGE_LOOP('',(#5128,#5129,#5130,#5131));
#2480=EDGE_LOOP('',(#5132,#5133,#5134,#5135));
#2481=EDGE_LOOP('',(#5136,#5137,#5138,#5139));
#2482=EDGE_LOOP('',(#5140,#5141,#5142,#5143));
#2483=EDGE_LOOP('',(#5144,#5145,#5146,#5147));
#2484=EDGE_LOOP('',(#5148,#5149,#5150,#5151));
#2485=EDGE_LOOP('',(#5152,#5153,#5154,#5155));
#2486=EDGE_LOOP('',(#5156,#5157,#5158,#5159));
#2487=EDGE_LOOP('',(#5160,#5161,#5162,#5163));
#2488=EDGE_LOOP('',(#5164,#5165,#5166,#5167));
#2489=EDGE_LOOP('',(#5168,#5169,#5170,#5171,#5172));
#2490=EDGE_LOOP('',(#5173,#5174,#5175,#5176));
#2491=EDGE_LOOP('',(#5177,#5178,#5179,#5180));
#2492=EDGE_LOOP('',(#5181,#5182,#5183,#5184));
#2493=EDGE_LOOP('',(#5185,#5186,#5187,#5188));
#2494=EDGE_LOOP('',(#5189,#5190,#5191,#5192));
#2495=EDGE_LOOP('',(#5193,#5194,#5195,#5196));
#2496=EDGE_LOOP('',(#5197,#5198,#5199,#5200));
#2497=EDGE_LOOP('',(#5201,#5202,#5203,#5204));
#2498=EDGE_LOOP('',(#5205,#5206,#5207,#5208));
#2499=EDGE_LOOP('',(#5209,#5210,#5211,#5212));
#2500=EDGE_LOOP('',(#5213,#5214,#5215,#5216));
#2501=EDGE_LOOP('',(#5217,#5218,#5219,#5220));
#2502=EDGE_LOOP('',(#5221,#5222,#5223,#5224));
#2503=EDGE_LOOP('',(#5225,#5226,#5227,#5228));
#2504=EDGE_LOOP('',(#5229,#5230,#5231,#5232));
#2505=EDGE_LOOP('',(#5233,#5234,#5235,#5236));
#2506=EDGE_LOOP('',(#5237,#5238,#5239,#5240));
#2507=EDGE_LOOP('',(#5241,#5242,#5243,#5244));
#2508=EDGE_LOOP('',(#5245,#5246,#5247,#5248));
#2509=EDGE_LOOP('',(#5249,#5250,#5251,#5252));
#2510=EDGE_LOOP('',(#5253,#5254,#5255,#5256));
#2511=EDGE_LOOP('',(#5257,#5258,#5259,#5260));
#2512=EDGE_LOOP('',(#5261,#5262,#5263,#5264));
#2513=EDGE_LOOP('',(#5265,#5266,#5267,#5268));
#2514=EDGE_LOOP('',(#5269,#5270,#5271,#5272));
#2515=EDGE_LOOP('',(#5273,#5274,#5275,#5276));
#2516=EDGE_LOOP('',(#5277,#5278,#5279,#5280));
#2517=EDGE_LOOP('',(#5281,#5282,#5283,#5284));
#2518=EDGE_LOOP('',(#5285,#5286,#5287,#5288));
#2519=EDGE_LOOP('',(#5289,#5290,#5291,#5292));
#2520=EDGE_LOOP('',(#5293,#5294,#5295,#5296));
#2521=EDGE_LOOP('',(#5297,#5298,#5299,#5300));
#2522=EDGE_LOOP('',(#5301,#5302,#5303,#5304));
#2523=EDGE_LOOP('',(#5305,#5306,#5307,#5308));
#2524=EDGE_LOOP('',(#5309,#5310,#5311,#5312));
#2525=EDGE_LOOP('',(#5313,#5314,#5315,#5316));
#2526=EDGE_LOOP('',(#5317,#5318,#5319,#5320));
#2527=EDGE_LOOP('',(#5321,#5322,#5323,#5324));
#2528=EDGE_LOOP('',(#5325,#5326,#5327,#5328));
#2529=EDGE_LOOP('',(#5329,#5330,#5331,#5332));
#2530=EDGE_LOOP('',(#5333,#5334,#5335,#5336));
#2531=EDGE_LOOP('',(#5337,#5338,#5339,#5340));
#2532=EDGE_LOOP('',(#5341,#5342,#5343,#5344));
#2533=EDGE_LOOP('',(#5345,#5346,#5347,#5348));
#2534=EDGE_LOOP('',(#5349,#5350,#5351,#5352));
#2535=EDGE_LOOP('',(#5353,#5354,#5355,#5356));
#2536=EDGE_LOOP('',(#5357,#5358,#5359,#5360));
#2537=EDGE_LOOP('',(#5361,#5362,#5363,#5364));
#2538=EDGE_LOOP('',(#5365,#5366,#5367,#5368));
#2539=EDGE_LOOP('',(#5369,#5370,#5371,#5372));
#2540=EDGE_LOOP('',(#5373,#5374,#5375,#5376));
#2541=EDGE_LOOP('',(#5377,#5378,#5379,#5380));
#2542=EDGE_LOOP('',(#5381,#5382,#5383,#5384));
#2543=EDGE_LOOP('',(#5385,#5386,#5387,#5388));
#2544=EDGE_LOOP('',(#5389,#5390,#5391,#5392));
#2545=EDGE_LOOP('',(#5393,#5394,#5395,#5396));
#2546=EDGE_LOOP('',(#5397,#5398,#5399,#5400));
#2547=EDGE_LOOP('',(#5401,#5402,#5403,#5404));
#2548=EDGE_LOOP('',(#5405,#5406,#5407,#5408));
#2549=EDGE_LOOP('',(#5409,#5410,#5411,#5412));
#2550=EDGE_LOOP('',(#5413,#5414,#5415,#5416));
#2551=EDGE_LOOP('',(#5417,#5418,#5419,#5420));
#2552=EDGE_LOOP('',(#5421,#5422,#5423,#5424));
#2553=EDGE_LOOP('',(#5425,#5426,#5427,#5428));
#2554=EDGE_LOOP('',(#5429,#5430,#5431,#5432));
#2555=EDGE_LOOP('',(#5433,#5434,#5435,#5436));
#2556=EDGE_LOOP('',(#5437,#5438,#5439,#5440));
#2557=EDGE_LOOP('',(#5441,#5442,#5443,#5444));
#2558=EDGE_LOOP('',(#5445,#5446,#5447,#5448));
#2559=EDGE_LOOP('',(#5449,#5450,#5451,#5452));
#2560=EDGE_LOOP('',(#5453,#5454,#5455,#5456));
#2561=EDGE_LOOP('',(#5457,#5458,#5459,#5460));
#2562=EDGE_LOOP('',(#5461,#5462,#5463,#5464));
#2563=EDGE_LOOP('',(#5465,#5466,#5467,#5468));
#2564=EDGE_LOOP('',(#5469,#5470,#5471,#5472));
#2565=EDGE_LOOP('',(#5473,#5474,#5475,#5476,#5477,#5478,#5479,#5480,#5481,
#5482,#5483,#5484,#5485,#5486,#5487,#5488,#5489,#5490,#5491,#5492,#5493,
#5494,#5495,#5496,#5497,#5498,#5499,#5500,#5501,#5502,#5503,#5504,#5505,
#5506,#5507,#5508,#5509,#5510,#5511,#5512,#5513,#5514,#5515,#5516,#5517,
#5518,#5519,#5520,#5521,#5522,#5523,#5524,#5525,#5526,#5527,#5528,#5529,
#5530,#5531,#5532,#5533,#5534,#5535,#5536,#5537,#5538,#5539,#5540,#5541,
#5542,#5543,#5544,#5545,#5546,#5547,#5548,#5549,#5550,#5551,#5552,#5553,
#5554,#5555,#5556,#5557,#5558,#5559,#5560,#5561,#5562,#5563,#5564,#5565,
#5566,#5567,#5568,#5569,#5570,#5571,#5572,#5573,#5574,#5575,#5576,#5577,
#5578,#5579,#5580,#5581,#5582,#5583,#5584,#5585,#5586,#5587,#5588,#5589,
#5590,#5591,#5592,#5593,#5594,#5595,#5596,#5597));
#2566=EDGE_LOOP('',(#5598,#5599,#5600,#5601));
#2567=EDGE_LOOP('',(#5602,#5603,#5604));
#2568=EDGE_LOOP('',(#5605,#5606,#5607,#5608));
#2569=EDGE_LOOP('',(#5609,#5610,#5611,#5612));
#2570=EDGE_LOOP('',(#5613,#5614,#5615,#5616));
#2571=EDGE_LOOP('',(#5617,#5618,#5619,#5620));
#2572=EDGE_LOOP('',(#5621,#5622,#5623,#5624));
#2573=EDGE_LOOP('',(#5625,#5626,#5627,#5628));
#2574=EDGE_LOOP('',(#5629,#5630,#5631,#5632));
#2575=EDGE_LOOP('',(#5633,#5634,#5635,#5636));
#2576=EDGE_LOOP('',(#5637,#5638,#5639,#5640));
#2577=EDGE_LOOP('',(#5641,#5642,#5643,#5644));
#2578=EDGE_LOOP('',(#5645,#5646,#5647,#5648));
#2579=EDGE_LOOP('',(#5649,#5650,#5651));
#2580=EDGE_LOOP('',(#5652,#5653,#5654,#5655));
#2581=EDGE_LOOP('',(#5656,#5657,#5658,#5659));
#2582=EDGE_LOOP('',(#5660,#5661,#5662,#5663));
#2583=EDGE_LOOP('',(#5664,#5665,#5666,#5667));
#2584=EDGE_LOOP('',(#5668,#5669,#5670,#5671));
#2585=EDGE_LOOP('',(#5672,#5673,#5674,#5675));
#2586=EDGE_LOOP('',(#5676,#5677,#5678,#5679));
#2587=EDGE_LOOP('',(#5680,#5681,#5682,#5683));
#2588=EDGE_LOOP('',(#5684,#5685,#5686,#5687));
#2589=EDGE_LOOP('',(#5688,#5689,#5690,#5691));
#2590=EDGE_LOOP('',(#5692,#5693,#5694,#5695));
#2591=EDGE_LOOP('',(#5696,#5697,#5698,#5699));
#2592=EDGE_LOOP('',(#5700,#5701,#5702,#5703));
#2593=EDGE_LOOP('',(#5704,#5705,#5706,#5707));
#2594=EDGE_LOOP('',(#5708,#5709,#5710,#5711));
#2595=EDGE_LOOP('',(#5712,#5713,#5714,#5715));
#2596=EDGE_LOOP('',(#5716,#5717,#5718,#5719));
#2597=EDGE_LOOP('',(#5720,#5721,#5722,#5723));
#2598=EDGE_LOOP('',(#5724,#5725,#5726,#5727));
#2599=EDGE_LOOP('',(#5728,#5729,#5730,#5731));
#2600=EDGE_LOOP('',(#5732,#5733,#5734,#5735));
#2601=EDGE_LOOP('',(#5736,#5737,#5738,#5739));
#2602=EDGE_LOOP('',(#5740,#5741,#5742,#5743));
#2603=EDGE_LOOP('',(#5744,#5745,#5746,#5747));
#2604=EDGE_LOOP('',(#5748,#5749,#5750,#5751));
#2605=EDGE_LOOP('',(#5752,#5753,#5754,#5755));
#2606=EDGE_LOOP('',(#5756,#5757,#5758,#5759));
#2607=EDGE_LOOP('',(#5760,#5761,#5762,#5763));
#2608=EDGE_LOOP('',(#5764,#5765,#5766,#5767));
#2609=EDGE_LOOP('',(#5768,#5769,#5770,#5771));
#2610=EDGE_LOOP('',(#5772,#5773,#5774,#5775));
#2611=EDGE_LOOP('',(#5776,#5777,#5778,#5779));
#2612=EDGE_LOOP('',(#5780,#5781,#5782,#5783));
#2613=EDGE_LOOP('',(#5784,#5785,#5786,#5787));
#2614=EDGE_LOOP('',(#5788,#5789,#5790,#5791));
#2615=EDGE_LOOP('',(#5792,#5793,#5794,#5795));
#2616=EDGE_LOOP('',(#5796,#5797,#5798,#5799));
#2617=EDGE_LOOP('',(#5800,#5801,#5802,#5803));
#2618=EDGE_LOOP('',(#5804,#5805,#5806,#5807));
#2619=EDGE_LOOP('',(#5808,#5809,#5810,#5811));
#2620=EDGE_LOOP('',(#5812,#5813,#5814,#5815));
#2621=EDGE_LOOP('',(#5816,#5817,#5818,#5819));
#2622=EDGE_LOOP('',(#5820,#5821,#5822,#5823));
#2623=EDGE_LOOP('',(#5824,#5825,#5826,#5827));
#2624=EDGE_LOOP('',(#5828,#5829,#5830,#5831));
#2625=EDGE_LOOP('',(#5832,#5833,#5834,#5835));
#2626=EDGE_LOOP('',(#5836,#5837,#5838,#5839));
#2627=EDGE_LOOP('',(#5840,#5841,#5842,#5843));
#2628=EDGE_LOOP('',(#5844,#5845,#5846,#5847));
#2629=EDGE_LOOP('',(#5848,#5849,#5850,#5851));
#2630=EDGE_LOOP('',(#5852,#5853,#5854,#5855));
#2631=EDGE_LOOP('',(#5856,#5857,#5858,#5859));
#2632=EDGE_LOOP('',(#5860,#5861,#5862,#5863));
#2633=EDGE_LOOP('',(#5864,#5865,#5866,#5867));
#2634=EDGE_LOOP('',(#5868,#5869,#5870,#5871));
#2635=EDGE_LOOP('',(#5872,#5873,#5874,#5875));
#2636=EDGE_LOOP('',(#5876,#5877,#5878,#5879));
#2637=EDGE_LOOP('',(#5880,#5881,#5882,#5883));
#2638=EDGE_LOOP('',(#5884,#5885,#5886,#5887));
#2639=EDGE_LOOP('',(#5888,#5889,#5890,#5891));
#2640=EDGE_LOOP('',(#5892,#5893,#5894,#5895));
#2641=EDGE_LOOP('',(#5896,#5897,#5898,#5899));
#2642=EDGE_LOOP('',(#5900,#5901,#5902,#5903));
#2643=EDGE_LOOP('',(#5904,#5905,#5906,#5907));
#2644=EDGE_LOOP('',(#5908,#5909,#5910,#5911));
#2645=EDGE_LOOP('',(#5912,#5913,#5914,#5915));
#2646=EDGE_LOOP('',(#5916,#5917,#5918,#5919,#5920,#5921,#5922));
#2647=EDGE_LOOP('',(#5923,#5924,#5925,#5926));
#2648=EDGE_LOOP('',(#5927,#5928,#5929,#5930));
#2649=EDGE_LOOP('',(#5931,#5932,#5933,#5934));
#2650=EDGE_LOOP('',(#5935,#5936,#5937,#5938));
#2651=EDGE_LOOP('',(#5939,#5940,#5941,#5942));
#2652=EDGE_LOOP('',(#5943,#5944,#5945,#5946));
#2653=EDGE_LOOP('',(#5947,#5948,#5949,#5950));
#2654=EDGE_LOOP('',(#5951,#5952,#5953,#5954));
#2655=EDGE_LOOP('',(#5955,#5956,#5957,#5958));
#2656=EDGE_LOOP('',(#5959,#5960,#5961,#5962));
#2657=EDGE_LOOP('',(#5963,#5964,#5965,#5966));
#2658=EDGE_LOOP('',(#5967,#5968,#5969,#5970));
#2659=EDGE_LOOP('',(#5971,#5972,#5973,#5974));
#2660=EDGE_LOOP('',(#5975,#5976,#5977,#5978));
#2661=EDGE_LOOP('',(#5979,#5980,#5981,#5982));
#2662=EDGE_LOOP('',(#5983,#5984,#5985,#5986));
#2663=EDGE_LOOP('',(#5987,#5988,#5989,#5990));
#2664=EDGE_LOOP('',(#5991,#5992,#5993,#5994));
#2665=EDGE_LOOP('',(#5995,#5996,#5997,#5998));
#2666=EDGE_LOOP('',(#5999,#6000,#6001,#6002));
#2667=EDGE_LOOP('',(#6003,#6004,#6005,#6006));
#2668=EDGE_LOOP('',(#6007,#6008,#6009,#6010));
#2669=EDGE_LOOP('',(#6011,#6012,#6013,#6014));
#2670=EDGE_LOOP('',(#6015,#6016,#6017,#6018));
#2671=EDGE_LOOP('',(#6019,#6020,#6021,#6022));
#2672=EDGE_LOOP('',(#6023,#6024,#6025,#6026));
#2673=EDGE_LOOP('',(#6027,#6028,#6029,#6030));
#2674=EDGE_LOOP('',(#6031,#6032,#6033,#6034));
#2675=EDGE_LOOP('',(#6035,#6036,#6037,#6038));
#2676=EDGE_LOOP('',(#6039,#6040,#6041,#6042));
#2677=EDGE_LOOP('',(#6043,#6044,#6045,#6046));
#2678=EDGE_LOOP('',(#6047,#6048,#6049,#6050));
#2679=EDGE_LOOP('',(#6051,#6052,#6053,#6054));
#2680=EDGE_LOOP('',(#6055,#6056,#6057,#6058));
#2681=EDGE_LOOP('',(#6059,#6060,#6061,#6062));
#2682=EDGE_LOOP('',(#6063,#6064,#6065,#6066));
#2683=EDGE_LOOP('',(#6067,#6068,#6069,#6070));
#2684=B_SPLINE_CURVE_WITH_KNOTS('',3,(#8462,#8463,#8464,#8465,#8466,#8467,
#8468,#8469,#8470,#8471,#8472,#8473),.UNSPECIFIED.,.F.,.F.,(4,2,2,2,2,4),
(-0.368456581850143,-0.367983957688393,-0.302759144996376,-0.260225950595986,
-0.227330663676188,-0.202986247575552),.UNSPECIFIED.);
#2685=B_SPLINE_CURVE_WITH_KNOTS('',3,(#8577,#8578,#8579,#8580,#8581,#8582),
 .UNSPECIFIED.,.F.,.F.,(4,1,1,4),(-0.0788843719977923,-0.0563459799984231,
-0.0338075879990539,0.),.UNSPECIFIED.);
#2686=B_SPLINE_CURVE_WITH_KNOTS('',3,(#8583,#8584,#8585,#8586,#8587,#8588),
 .UNSPECIFIED.,.F.,.F.,(4,1,1,4),(0.,0.0338075879990539,0.0563459799984231,
0.0788843719977923),.UNSPECIFIED.);
#2687=B_SPLINE_CURVE_WITH_KNOTS('',3,(#8625,#8626,#8627,#8628,#8629,#8630,
#8631,#8632,#8633,#8634),.UNSPECIFIED.,.F.,.F.,(4,2,2,2,4),(0.,0.146953523916135,
0.293907047832271,0.389486081035608,0.485065114238945),.UNSPECIFIED.);
#2688=B_SPLINE_CURVE_WITH_KNOTS('',3,(#8667,#8668,#8669,#8670,#8671,#8672,
#8673,#8674,#8675,#8676),.UNSPECIFIED.,.F.,.F.,(4,2,2,2,4),(0.170427761840659,
0.209793248707441,0.247606784763864,0.284663294558367,0.32133700796479),
 .UNSPECIFIED.);
#2689=CIRCLE('',#6408,3.5);
#2690=CIRCLE('',#6409,1.);
#2691=CIRCLE('',#6410,2.5);
#2692=CIRCLE('',#6412,1.);
#2693=CIRCLE('',#6414,1.);
#2694=CIRCLE('',#6415,2.5);
#2695=CIRCLE('',#6416,1.5);
#2696=CIRCLE('',#6418,1.);
#2697=CIRCLE('',#6420,1.);
#2698=CIRCLE('',#6421,1.);
#2699=CIRCLE('',#6423,1.);
#2700=CIRCLE('',#6424,2.5);
#2701=CIRCLE('',#6425,1.5);
#2702=CIRCLE('',#6429,1.);
#2703=CIRCLE('',#6430,1.);
#2704=CIRCLE('',#6431,1.5);
#2705=CIRCLE('',#6432,0.5);
#2706=CIRCLE('',#6434,1.);
#2707=CIRCLE('',#6435,0.999999999999999);
#2708=CIRCLE('',#6437,1.);
#2709=CIRCLE('',#6439,1.);
#2710=CIRCLE('',#6443,2.5);
#2711=CIRCLE('',#6446,2.5);
#2712=CIRCLE('',#6448,5.);
#2713=CIRCLE('',#6450,1.);
#2714=CIRCLE('',#6453,1.);
#2715=CIRCLE('',#6456,1.);
#2716=CIRCLE('',#6457,2.5);
#2717=CIRCLE('',#6458,1.5);
#2718=CIRCLE('',#6460,1.);
#2719=CIRCLE('',#6462,2.5);
#2720=CIRCLE('',#6463,1.5);
#2721=CIRCLE('',#6465,1.);
#2722=CIRCLE('',#6466,1.);
#2723=CIRCLE('',#6467,1.);
#2724=CIRCLE('',#6468,1.5);
#2725=CIRCLE('',#6469,0.5);
#2726=CIRCLE('',#6471,1.);
#2727=CIRCLE('',#6472,1.);
#2728=CIRCLE('',#6473,1.5);
#2729=CIRCLE('',#6474,0.5);
#2730=CIRCLE('',#6481,2.5);
#2731=CIRCLE('',#6483,2.5);
#2732=CIRCLE('',#6484,3.5);
#2733=CIRCLE('',#6485,1.5);
#2734=CIRCLE('',#6486,0.75);
#2735=CIRCLE('',#6487,0.75);
#2736=CIRCLE('',#6488,0.75);
#2737=CIRCLE('',#6489,0.75);
#2738=CIRCLE('',#6490,0.75);
#2739=CIRCLE('',#6491,0.75);
#2740=CIRCLE('',#6492,0.75);
#2741=CIRCLE('',#6493,0.75);
#2742=CIRCLE('',#6494,0.75);
#2743=CIRCLE('',#6495,0.75);
#2744=CIRCLE('',#6496,0.75);
#2745=CIRCLE('',#6497,0.75);
#2746=CIRCLE('',#6499,1.);
#2747=CIRCLE('',#6501,2.5);
#2748=CIRCLE('',#6504,0.75);
#2749=CIRCLE('',#6505,0.75);
#2750=CIRCLE('',#6506,0.75);
#2751=CIRCLE('',#6507,0.75);
#2752=CIRCLE('',#6508,0.75);
#2753=CIRCLE('',#6509,0.75);
#2754=CIRCLE('',#6510,0.75);
#2755=CIRCLE('',#6511,0.75);
#2756=CIRCLE('',#6512,0.75);
#2757=CIRCLE('',#6513,0.75);
#2758=CIRCLE('',#6514,0.75);
#2759=CIRCLE('',#6515,0.75);
#2760=CIRCLE('',#6516,1.5);
#2761=CIRCLE('',#6518,1.5);
#2762=CIRCLE('',#6520,4.);
#2763=CIRCLE('',#6524,2.5);
#2764=CIRCLE('',#6526,1.);
#2765=CIRCLE('',#6528,2.5);
#2766=CIRCLE('',#6529,6.);
#2767=CIRCLE('',#6531,2.5);
#2768=CIRCLE('',#6533,2.5);
#2769=CIRCLE('',#6535,2.5);
#2770=CIRCLE('',#6537,5.);
#2771=CIRCLE('',#6540,2.5);
#2772=CIRCLE('',#6541,2.5);
#2773=CIRCLE('',#6542,2.5);
#2774=CIRCLE('',#6544,2.5);
#2775=CIRCLE('',#6551,1.);
#2776=CIRCLE('',#6567,6.);
#2777=CIRCLE('',#6570,1.2645);
#2778=CIRCLE('',#6571,1.2645);
#2779=CIRCLE('',#6572,1.2645);
#2780=CIRCLE('',#6573,1.2645);
#2781=CIRCLE('',#6580,1.2645);
#2782=CIRCLE('',#6582,1.2645);
#2783=CIRCLE('',#6584,1.2645);
#2784=CIRCLE('',#6586,1.2645);
#2785=CIRCLE('',#6597,1.);
#2786=VERTEX_POINT('',#8455);
#2787=VERTEX_POINT('',#8456);
#2788=VERTEX_POINT('',#8458);
#2789=VERTEX_POINT('',#8460);
#2790=VERTEX_POINT('',#8475);
#2791=VERTEX_POINT('',#8476);
#2792=VERTEX_POINT('',#8481);
#2793=VERTEX_POINT('',#8482);
#2794=VERTEX_POINT('',#8487);
#2795=VERTEX_POINT('',#8488);
#2796=VERTEX_POINT('',#8493);
#2797=VERTEX_POINT('',#8495);
#2798=VERTEX_POINT('',#8497);
#2799=VERTEX_POINT('',#8501);
#2800=VERTEX_POINT('',#8502);
#2801=VERTEX_POINT('',#8507);
#2802=VERTEX_POINT('',#8509);
#2803=VERTEX_POINT('',#8513);
#2804=VERTEX_POINT('',#8515);
#2805=VERTEX_POINT('',#8527);
#2806=VERTEX_POINT('',#8528);
#2807=VERTEX_POINT('',#8533);
#2808=VERTEX_POINT('',#8534);
#2809=VERTEX_POINT('',#8574);
#2810=VERTEX_POINT('',#8575);
#2811=VERTEX_POINT('',#8591);
#2812=VERTEX_POINT('',#8599);
#2813=VERTEX_POINT('',#8601);
#2814=VERTEX_POINT('',#8603);
#2815=VERTEX_POINT('',#8607);
#2816=VERTEX_POINT('',#8611);
#2817=VERTEX_POINT('',#8615);
#2818=VERTEX_POINT('',#8617);
#2819=VERTEX_POINT('',#8619);
#2820=VERTEX_POINT('',#8621);
#2821=VERTEX_POINT('',#8623);
#2822=VERTEX_POINT('',#8636);
#2823=VERTEX_POINT('',#8640);
#2824=VERTEX_POINT('',#8644);
#2825=VERTEX_POINT('',#8645);
#2826=VERTEX_POINT('',#8647);
#2827=VERTEX_POINT('',#8649);
#2828=VERTEX_POINT('',#8653);
#2829=VERTEX_POINT('',#8654);
#2830=VERTEX_POINT('',#8659);
#2831=VERTEX_POINT('',#8660);
#2832=VERTEX_POINT('',#8665);
#2833=VERTEX_POINT('',#8666);
#2834=VERTEX_POINT('',#8680);
#2835=VERTEX_POINT('',#8681);
#2836=VERTEX_POINT('',#8683);
#2837=VERTEX_POINT('',#8685);
#2838=VERTEX_POINT('',#8697);
#2839=VERTEX_POINT('',#8698);
#2840=VERTEX_POINT('',#8703);
#2841=VERTEX_POINT('',#8704);
#2842=VERTEX_POINT('',#8717);
#2843=VERTEX_POINT('',#8718);
#2844=VERTEX_POINT('',#8726);
#2845=VERTEX_POINT('',#8728);
#2846=VERTEX_POINT('',#8730);
#2847=VERTEX_POINT('',#8739);
#2848=VERTEX_POINT('',#8744);
#2849=VERTEX_POINT('',#8746);
#2850=VERTEX_POINT('',#8748);
#2851=VERTEX_POINT('',#8750);
#2852=VERTEX_POINT('',#8752);
#2853=VERTEX_POINT('',#8754);
#2854=VERTEX_POINT('',#8756);
#2855=VERTEX_POINT('',#8759);
#2856=VERTEX_POINT('',#8761);
#2857=VERTEX_POINT('',#8763);
#2858=VERTEX_POINT('',#8765);
#2859=VERTEX_POINT('',#8767);
#2860=VERTEX_POINT('',#8769);
#2861=VERTEX_POINT('',#8771);
#2862=VERTEX_POINT('',#8773);
#2863=VERTEX_POINT('',#8775);
#2864=VERTEX_POINT('',#8777);
#2865=VERTEX_POINT('',#8779);
#2866=VERTEX_POINT('',#8781);
#2867=VERTEX_POINT('',#8783);
#2868=VERTEX_POINT('',#8786);
#2869=VERTEX_POINT('',#8788);
#2870=VERTEX_POINT('',#8790);
#2871=VERTEX_POINT('',#8792);
#2872=VERTEX_POINT('',#8794);
#2873=VERTEX_POINT('',#8796);
#2874=VERTEX_POINT('',#8798);
#2875=VERTEX_POINT('',#8800);
#2876=VERTEX_POINT('',#8802);
#2877=VERTEX_POINT('',#8811);
#2878=VERTEX_POINT('',#8813);
#2879=VERTEX_POINT('',#8815);
#2880=VERTEX_POINT('',#8817);
#2881=VERTEX_POINT('',#8819);
#2882=VERTEX_POINT('',#8821);
#2883=VERTEX_POINT('',#8823);
#2884=VERTEX_POINT('',#8825);
#2885=VERTEX_POINT('',#8827);
#2886=VERTEX_POINT('',#8829);
#2887=VERTEX_POINT('',#8831);
#2888=VERTEX_POINT('',#8833);
#2889=VERTEX_POINT('',#8835);
#2890=VERTEX_POINT('',#8838);
#2891=VERTEX_POINT('',#8878);
#2892=VERTEX_POINT('',#8882);
#2893=VERTEX_POINT('',#8886);
#2894=VERTEX_POINT('',#8890);
#2895=VERTEX_POINT('',#8894);
#2896=VERTEX_POINT('',#8901);
#2897=VERTEX_POINT('',#8902);
#2898=VERTEX_POINT('',#8904);
#2899=VERTEX_POINT('',#8908);
#2900=VERTEX_POINT('',#8909);
#2901=VERTEX_POINT('',#8914);
#2902=VERTEX_POINT('',#8915);
#2903=VERTEX_POINT('',#8923);
#2904=VERTEX_POINT('',#8925);
#2905=VERTEX_POINT('',#8927);
#2906=VERTEX_POINT('',#8929);
#2907=VERTEX_POINT('',#8931);
#2908=VERTEX_POINT('',#8933);
#2909=VERTEX_POINT('',#8936);
#2910=VERTEX_POINT('',#8938);
#2911=VERTEX_POINT('',#8940);
#2912=VERTEX_POINT('',#8942);
#2913=VERTEX_POINT('',#8944);
#2914=VERTEX_POINT('',#8946);
#2915=VERTEX_POINT('',#8948);
#2916=VERTEX_POINT('',#8950);
#2917=VERTEX_POINT('',#8952);
#2918=VERTEX_POINT('',#8954);
#2919=VERTEX_POINT('',#8956);
#2920=VERTEX_POINT('',#8958);
#2921=VERTEX_POINT('',#8960);
#2922=VERTEX_POINT('',#8962);
#2923=VERTEX_POINT('',#8964);
#2924=VERTEX_POINT('',#8966);
#2925=VERTEX_POINT('',#8968);
#2926=VERTEX_POINT('',#8970);
#2927=VERTEX_POINT('',#8972);
#2928=VERTEX_POINT('',#8974);
#2929=VERTEX_POINT('',#8976);
#2930=VERTEX_POINT('',#8978);
#2931=VERTEX_POINT('',#8980);
#2932=VERTEX_POINT('',#8982);
#2933=VERTEX_POINT('',#8984);
#2934=VERTEX_POINT('',#8986);
#2935=VERTEX_POINT('',#8988);
#2936=VERTEX_POINT('',#8990);
#2937=VERTEX_POINT('',#8992);
#2938=VERTEX_POINT('',#8994);
#2939=VERTEX_POINT('',#8996);
#2940=VERTEX_POINT('',#8998);
#2941=VERTEX_POINT('',#9000);
#2942=VERTEX_POINT('',#9002);
#2943=VERTEX_POINT('',#9004);
#2944=VERTEX_POINT('',#9006);
#2945=VERTEX_POINT('',#9008);
#2946=VERTEX_POINT('',#9010);
#2947=VERTEX_POINT('',#9012);
#2948=VERTEX_POINT('',#9014);
#2949=VERTEX_POINT('',#9016);
#2950=VERTEX_POINT('',#9018);
#2951=VERTEX_POINT('',#9020);
#2952=VERTEX_POINT('',#9022);
#2953=VERTEX_POINT('',#9024);
#2954=VERTEX_POINT('',#9026);
#2955=VERTEX_POINT('',#9028);
#2956=VERTEX_POINT('',#9030);
#2957=VERTEX_POINT('',#9032);
#2958=VERTEX_POINT('',#9034);
#2959=VERTEX_POINT('',#9036);
#2960=VERTEX_POINT('',#9038);
#2961=VERTEX_POINT('',#9040);
#2962=VERTEX_POINT('',#9042);
#2963=VERTEX_POINT('',#9044);
#2964=VERTEX_POINT('',#9046);
#2965=VERTEX_POINT('',#9048);
#2966=VERTEX_POINT('',#9050);
#2967=VERTEX_POINT('',#9052);
#2968=VERTEX_POINT('',#9054);
#2969=VERTEX_POINT('',#9056);
#2970=VERTEX_POINT('',#9058);
#2971=VERTEX_POINT('',#9060);
#2972=VERTEX_POINT('',#9062);
#2973=VERTEX_POINT('',#9064);
#2974=VERTEX_POINT('',#9066);
#2975=VERTEX_POINT('',#9068);
#2976=VERTEX_POINT('',#9070);
#2977=VERTEX_POINT('',#9072);
#2978=VERTEX_POINT('',#9074);
#2979=VERTEX_POINT('',#9076);
#2980=VERTEX_POINT('',#9078);
#2981=VERTEX_POINT('',#9080);
#2982=VERTEX_POINT('',#9082);
#2983=VERTEX_POINT('',#9084);
#2984=VERTEX_POINT('',#9086);
#2985=VERTEX_POINT('',#9088);
#2986=VERTEX_POINT('',#9090);
#2987=VERTEX_POINT('',#9092);
#2988=VERTEX_POINT('',#9094);
#2989=VERTEX_POINT('',#9096);
#2990=VERTEX_POINT('',#9098);
#2991=VERTEX_POINT('',#9100);
#2992=VERTEX_POINT('',#9102);
#2993=VERTEX_POINT('',#9104);
#2994=VERTEX_POINT('',#9106);
#2995=VERTEX_POINT('',#9108);
#2996=VERTEX_POINT('',#9110);
#2997=VERTEX_POINT('',#9112);
#2998=VERTEX_POINT('',#9114);
#2999=VERTEX_POINT('',#9116);
#3000=VERTEX_POINT('',#9118);
#3001=VERTEX_POINT('',#9120);
#3002=VERTEX_POINT('',#9122);
#3003=VERTEX_POINT('',#9124);
#3004=VERTEX_POINT('',#9126);
#3005=VERTEX_POINT('',#9128);
#3006=VERTEX_POINT('',#9130);
#3007=VERTEX_POINT('',#9132);
#3008=VERTEX_POINT('',#9134);
#3009=VERTEX_POINT('',#9136);
#3010=VERTEX_POINT('',#9138);
#3011=VERTEX_POINT('',#9140);
#3012=VERTEX_POINT('',#9142);
#3013=VERTEX_POINT('',#9144);
#3014=VERTEX_POINT('',#9146);
#3015=VERTEX_POINT('',#9148);
#3016=VERTEX_POINT('',#9150);
#3017=VERTEX_POINT('',#9152);
#3018=VERTEX_POINT('',#9154);
#3019=VERTEX_POINT('',#9156);
#3020=VERTEX_POINT('',#9158);
#3021=VERTEX_POINT('',#9160);
#3022=VERTEX_POINT('',#9162);
#3023=VERTEX_POINT('',#9164);
#3024=VERTEX_POINT('',#9166);
#3025=VERTEX_POINT('',#9168);
#3026=VERTEX_POINT('',#9171);
#3027=VERTEX_POINT('',#9172);
#3028=VERTEX_POINT('',#9174);
#3029=VERTEX_POINT('',#9176);
#3030=VERTEX_POINT('',#9179);
#3031=VERTEX_POINT('',#9180);
#3032=VERTEX_POINT('',#9182);
#3033=VERTEX_POINT('',#9184);
#3034=VERTEX_POINT('',#9187);
#3035=VERTEX_POINT('',#9188);
#3036=VERTEX_POINT('',#9190);
#3037=VERTEX_POINT('',#9192);
#3038=VERTEX_POINT('',#9195);
#3039=VERTEX_POINT('',#9196);
#3040=VERTEX_POINT('',#9198);
#3041=VERTEX_POINT('',#9200);
#3042=VERTEX_POINT('',#9203);
#3043=VERTEX_POINT('',#9204);
#3044=VERTEX_POINT('',#9206);
#3045=VERTEX_POINT('',#9208);
#3046=VERTEX_POINT('',#9211);
#3047=VERTEX_POINT('',#9212);
#3048=VERTEX_POINT('',#9214);
#3049=VERTEX_POINT('',#9216);
#3050=VERTEX_POINT('',#9219);
#3051=VERTEX_POINT('',#9220);
#3052=VERTEX_POINT('',#9222);
#3053=VERTEX_POINT('',#9224);
#3054=VERTEX_POINT('',#9227);
#3055=VERTEX_POINT('',#9228);
#3056=VERTEX_POINT('',#9230);
#3057=VERTEX_POINT('',#9232);
#3058=VERTEX_POINT('',#9235);
#3059=VERTEX_POINT('',#9236);
#3060=VERTEX_POINT('',#9238);
#3061=VERTEX_POINT('',#9240);
#3062=VERTEX_POINT('',#9243);
#3063=VERTEX_POINT('',#9244);
#3064=VERTEX_POINT('',#9246);
#3065=VERTEX_POINT('',#9248);
#3066=VERTEX_POINT('',#9251);
#3067=VERTEX_POINT('',#9252);
#3068=VERTEX_POINT('',#9254);
#3069=VERTEX_POINT('',#9256);
#3070=VERTEX_POINT('',#9259);
#3071=VERTEX_POINT('',#9260);
#3072=VERTEX_POINT('',#9262);
#3073=VERTEX_POINT('',#9264);
#3074=VERTEX_POINT('',#9267);
#3075=VERTEX_POINT('',#9268);
#3076=VERTEX_POINT('',#9270);
#3077=VERTEX_POINT('',#9272);
#3078=VERTEX_POINT('',#9275);
#3079=VERTEX_POINT('',#9276);
#3080=VERTEX_POINT('',#9278);
#3081=VERTEX_POINT('',#9280);
#3082=VERTEX_POINT('',#9283);
#3083=VERTEX_POINT('',#9284);
#3084=VERTEX_POINT('',#9286);
#3085=VERTEX_POINT('',#9288);
#3086=VERTEX_POINT('',#9291);
#3087=VERTEX_POINT('',#9292);
#3088=VERTEX_POINT('',#9294);
#3089=VERTEX_POINT('',#9296);
#3090=VERTEX_POINT('',#9299);
#3091=VERTEX_POINT('',#9300);
#3092=VERTEX_POINT('',#9302);
#3093=VERTEX_POINT('',#9305);
#3094=VERTEX_POINT('',#9306);
#3095=VERTEX_POINT('',#9308);
#3096=VERTEX_POINT('',#9310);
#3097=VERTEX_POINT('',#9313);
#3098=VERTEX_POINT('',#9314);
#3099=VERTEX_POINT('',#9316);
#3100=VERTEX_POINT('',#9318);
#3101=VERTEX_POINT('',#9321);
#3102=VERTEX_POINT('',#9322);
#3103=VERTEX_POINT('',#9324);
#3104=VERTEX_POINT('',#9326);
#3105=VERTEX_POINT('',#9329);
#3106=VERTEX_POINT('',#9330);
#3107=VERTEX_POINT('',#9332);
#3108=VERTEX_POINT('',#9338);
#3109=VERTEX_POINT('',#9339);
#3110=VERTEX_POINT('',#9342);
#3111=VERTEX_POINT('',#9351);
#3112=VERTEX_POINT('',#9353);
#3113=VERTEX_POINT('',#9356);
#3114=VERTEX_POINT('',#9359);
#3115=VERTEX_POINT('',#9364);
#3116=VERTEX_POINT('',#9365);
#3117=VERTEX_POINT('',#9367);
#3118=VERTEX_POINT('',#9371);
#3119=VERTEX_POINT('',#9372);
#3120=VERTEX_POINT('',#9374);
#3121=VERTEX_POINT('',#9378);
#3122=VERTEX_POINT('',#9380);
#3123=VERTEX_POINT('',#9384);
#3124=VERTEX_POINT('',#9386);
#3125=VERTEX_POINT('',#9390);
#3126=VERTEX_POINT('',#9392);
#3127=VERTEX_POINT('',#9396);
#3128=VERTEX_POINT('',#9402);
#3129=VERTEX_POINT('',#9408);
#3130=VERTEX_POINT('',#9409);
#3131=VERTEX_POINT('',#9413);
#3132=VERTEX_POINT('',#9419);
#3133=VERTEX_POINT('',#9421);
#3134=VERTEX_POINT('',#9423);
#3135=VERTEX_POINT('',#9425);
#3136=VERTEX_POINT('',#9429);
#3137=VERTEX_POINT('',#9431);
#3138=VERTEX_POINT('',#9434);
#3139=VERTEX_POINT('',#9436);
#3140=VERTEX_POINT('',#9438);
#3141=VERTEX_POINT('',#9440);
#3142=VERTEX_POINT('',#9442);
#3143=VERTEX_POINT('',#9443);
#3144=VERTEX_POINT('',#9445);
#3145=VERTEX_POINT('',#9447);
#3146=VERTEX_POINT('',#9451);
#3147=VERTEX_POINT('',#9453);
#3148=VERTEX_POINT('',#9457);
#3149=VERTEX_POINT('',#9461);
#3150=VERTEX_POINT('',#9463);
#3151=VERTEX_POINT('',#9465);
#3152=VERTEX_POINT('',#9469);
#3153=VERTEX_POINT('',#9473);
#3154=VERTEX_POINT('',#9477);
#3155=VERTEX_POINT('',#9481);
#3156=VERTEX_POINT('',#9487);
#3157=VERTEX_POINT('',#9488);
#3158=VERTEX_POINT('',#9490);
#3159=VERTEX_POINT('',#9492);
#3160=VERTEX_POINT('',#9509);
#3161=VERTEX_POINT('',#9511);
#3162=VERTEX_POINT('',#9544);
#3163=VERTEX_POINT('',#9545);
#3164=VERTEX_POINT('',#9547);
#3165=VERTEX_POINT('',#9549);
#3166=VERTEX_POINT('',#9553);
#3167=VERTEX_POINT('',#9555);
#3168=VERTEX_POINT('',#9559);
#3169=VERTEX_POINT('',#9561);
#3170=VERTEX_POINT('',#9569);
#3171=VERTEX_POINT('',#9571);
#3172=VERTEX_POINT('',#9575);
#3173=VERTEX_POINT('',#9576);
#3174=VERTEX_POINT('',#9579);
#3175=VERTEX_POINT('',#9586);
#3176=VERTEX_POINT('',#9593);
#3177=VERTEX_POINT('',#9599);
#3178=VERTEX_POINT('',#9601);
#3179=VERTEX_POINT('',#9605);
#3180=VERTEX_POINT('',#9607);
#3181=VERTEX_POINT('',#9611);
#3182=VERTEX_POINT('',#9613);
#3183=VERTEX_POINT('',#9617);
#3184=VERTEX_POINT('',#9621);
#3185=VERTEX_POINT('',#9623);
#3186=VERTEX_POINT('',#9627);
#3187=VERTEX_POINT('',#9629);
#3188=VERTEX_POINT('',#9633);
#3189=VERTEX_POINT('',#9637);
#3190=VERTEX_POINT('',#9639);
#3191=VERTEX_POINT('',#9643);
#3192=VERTEX_POINT('',#9647);
#3193=VERTEX_POINT('',#9649);
#3194=VERTEX_POINT('',#9653);
#3195=VERTEX_POINT('',#9655);
#3196=VERTEX_POINT('',#9659);
#3197=VERTEX_POINT('',#9663);
#3198=VERTEX_POINT('',#9665);
#3199=VERTEX_POINT('',#9669);
#3200=VERTEX_POINT('',#9673);
#3201=VERTEX_POINT('',#9675);
#3202=VERTEX_POINT('',#9679);
#3203=VERTEX_POINT('',#9681);
#3204=VERTEX_POINT('',#9685);
#3205=VERTEX_POINT('',#9689);
#3206=VERTEX_POINT('',#9691);
#3207=VERTEX_POINT('',#9695);
#3208=VERTEX_POINT('',#9699);
#3209=VERTEX_POINT('',#9701);
#3210=VERTEX_POINT('',#9705);
#3211=VERTEX_POINT('',#9709);
#3212=VERTEX_POINT('',#9711);
#3213=VERTEX_POINT('',#9715);
#3214=VERTEX_POINT('',#9719);
#3215=VERTEX_POINT('',#9721);
#3216=VERTEX_POINT('',#9725);
#3217=VERTEX_POINT('',#9727);
#3218=VERTEX_POINT('',#9731);
#3219=VERTEX_POINT('',#9735);
#3220=VERTEX_POINT('',#9739);
#3221=VERTEX_POINT('',#9741);
#3222=VERTEX_POINT('',#9745);
#3223=VERTEX_POINT('',#9749);
#3224=VERTEX_POINT('',#9753);
#3225=VERTEX_POINT('',#9755);
#3226=VERTEX_POINT('',#9759);
#3227=VERTEX_POINT('',#9761);
#3228=VERTEX_POINT('',#9765);
#3229=VERTEX_POINT('',#9769);
#3230=VERTEX_POINT('',#9771);
#3231=VERTEX_POINT('',#9775);
#3232=VERTEX_POINT('',#9779);
#3233=VERTEX_POINT('',#9781);
#3234=VERTEX_POINT('',#9785);
#3235=VERTEX_POINT('',#9787);
#3236=VERTEX_POINT('',#9791);
#3237=VERTEX_POINT('',#9793);
#3238=VERTEX_POINT('',#9797);
#3239=VERTEX_POINT('',#9799);
#3240=VERTEX_POINT('',#9803);
#3241=VERTEX_POINT('',#9807);
#3242=VERTEX_POINT('',#9811);
#3243=VERTEX_POINT('',#9813);
#3244=VERTEX_POINT('',#9817);
#3245=VERTEX_POINT('',#9821);
#3246=VERTEX_POINT('',#9823);
#3247=VERTEX_POINT('',#9827);
#3248=VERTEX_POINT('',#9829);
#3249=VERTEX_POINT('',#9833);
#3250=VERTEX_POINT('',#9835);
#3251=VERTEX_POINT('',#9839);
#3252=VERTEX_POINT('',#9843);
#3253=VERTEX_POINT('',#9845);
#3254=VERTEX_POINT('',#9849);
#3255=VERTEX_POINT('',#9853);
#3256=VERTEX_POINT('',#9855);
#3257=VERTEX_POINT('',#9859);
#3258=VERTEX_POINT('',#9861);
#3259=VERTEX_POINT('',#9865);
#3260=VERTEX_POINT('',#9867);
#3261=VERTEX_POINT('',#9871);
#3262=VERTEX_POINT('',#9873);
#3263=VERTEX_POINT('',#9877);
#3264=VERTEX_POINT('',#9881);
#3265=VERTEX_POINT('',#9885);
#3266=VERTEX_POINT('',#9889);
#3267=VERTEX_POINT('',#9891);
#3268=VERTEX_POINT('',#9895);
#3269=VERTEX_POINT('',#9899);
#3270=VERTEX_POINT('',#9901);
#3271=VERTEX_POINT('',#9905);
#3272=VERTEX_POINT('',#9907);
#3273=VERTEX_POINT('',#9911);
#3274=VERTEX_POINT('',#9913);
#3275=VERTEX_POINT('',#9917);
#3276=VERTEX_POINT('',#9919);
#3277=VERTEX_POINT('',#9923);
#3278=VERTEX_POINT('',#9925);
#3279=VERTEX_POINT('',#9929);
#3280=VERTEX_POINT('',#9933);
#3281=VERTEX_POINT('',#9937);
#3282=VERTEX_POINT('',#9941);
#3283=VERTEX_POINT('',#9943);
#3284=VERTEX_POINT('',#9947);
#3285=VERTEX_POINT('',#9951);
#3286=VERTEX_POINT('',#9953);
#3287=VERTEX_POINT('',#9957);
#3288=VERTEX_POINT('',#9961);
#3289=VERTEX_POINT('',#9963);
#3290=VERTEX_POINT('',#9967);
#3291=VERTEX_POINT('',#9969);
#3292=VERTEX_POINT('',#9973);
#3293=VERTEX_POINT('',#9975);
#3294=VERTEX_POINT('',#9979);
#3295=VERTEX_POINT('',#9981);
#3296=VERTEX_POINT('',#9985);
#3297=VERTEX_POINT('',#9987);
#3298=VERTEX_POINT('',#9991);
#3299=VERTEX_POINT('',#9995);
#3300=VERTEX_POINT('',#9999);
#3301=VERTEX_POINT('',#10003);
#3302=VERTEX_POINT('',#10005);
#3303=VERTEX_POINT('',#10009);
#3304=VERTEX_POINT('',#10013);
#3305=VERTEX_POINT('',#10015);
#3306=VERTEX_POINT('',#10019);
#3307=VERTEX_POINT('',#10021);
#3308=VERTEX_POINT('',#10025);
#3309=VERTEX_POINT('',#10027);
#3310=VERTEX_POINT('',#10031);
#3311=VERTEX_POINT('',#10033);
#3312=VERTEX_POINT('',#10037);
#3313=VERTEX_POINT('',#10039);
#3314=VERTEX_POINT('',#10043);
#3315=VERTEX_POINT('',#10045);
#3316=VERTEX_POINT('',#10049);
#3317=VERTEX_POINT('',#10051);
#3318=VERTEX_POINT('',#10055);
#3319=VERTEX_POINT('',#10059);
#3320=VERTEX_POINT('',#10063);
#3321=VERTEX_POINT('',#10067);
#3322=VERTEX_POINT('',#10069);
#3323=VERTEX_POINT('',#10073);
#3324=VERTEX_POINT('',#10077);
#3325=VERTEX_POINT('',#10079);
#3326=VERTEX_POINT('',#10083);
#3327=VERTEX_POINT('',#10085);
#3328=VERTEX_POINT('',#10089);
#3329=VERTEX_POINT('',#10091);
#3330=VERTEX_POINT('',#10095);
#3331=VERTEX_POINT('',#10097);
#3332=VERTEX_POINT('',#10101);
#3333=VERTEX_POINT('',#10103);
#3334=VERTEX_POINT('',#10107);
#3335=VERTEX_POINT('',#10109);
#3336=VERTEX_POINT('',#10113);
#3337=VERTEX_POINT('',#10115);
#3338=VERTEX_POINT('',#10121);
#3339=VERTEX_POINT('',#10135);
#3340=VERTEX_POINT('',#10137);
#3341=VERTEX_POINT('',#10140);
#3342=VERTEX_POINT('',#10143);
#3343=VERTEX_POINT('',#10147);
#3344=VERTEX_POINT('',#10151);
#3345=VERTEX_POINT('',#10171);
#3346=VERTEX_POINT('',#10173);
#3347=VERTEX_POINT('',#10176);
#3348=VERTEX_POINT('',#10177);
#3349=VERTEX_POINT('',#10179);
#3350=VERTEX_POINT('',#10184);
#3351=VERTEX_POINT('',#10186);
#3352=VERTEX_POINT('',#10195);
#3353=VERTEX_POINT('',#10197);
#3354=VERTEX_POINT('',#10200);
#3355=VERTEX_POINT('',#10202);
#3356=VERTEX_POINT('',#10205);
#3357=VERTEX_POINT('',#10207);
#3358=VERTEX_POINT('',#10210);
#3359=VERTEX_POINT('',#10212);
#3360=VERTEX_POINT('',#10219);
#3361=VERTEX_POINT('',#10224);
#3362=VERTEX_POINT('',#10225);
#3363=VERTEX_POINT('',#10229);
#3364=VERTEX_POINT('',#10231);
#3365=VERTEX_POINT('',#10234);
#3366=VERTEX_POINT('',#10236);
#3367=VERTEX_POINT('',#10239);
#3368=VERTEX_POINT('',#10241);
#3369=VERTEX_POINT('',#10246);
#3370=VERTEX_POINT('',#10248);
#3371=EDGE_CURVE('',#2786,#2787,#2689,.T.);
#3372=EDGE_CURVE('',#2787,#2788,#2690,.T.);
#3373=EDGE_CURVE('',#2788,#2789,#2691,.T.);
#3374=EDGE_CURVE('',#2789,#2786,#2684,.T.);
#3375=EDGE_CURVE('',#2790,#2791,#2692,.T.);
#3376=EDGE_CURVE('',#2791,#2788,#362,.T.);
#3377=EDGE_CURVE('',#2787,#2790,#363,.T.);
#3378=EDGE_CURVE('',#2792,#2793,#2693,.T.);
#3379=EDGE_CURVE('',#2793,#2791,#2694,.T.);
#3380=EDGE_CURVE('',#2790,#2792,#2695,.T.);
#3381=EDGE_CURVE('',#2794,#2795,#2696,.T.);
#3382=EDGE_CURVE('',#2795,#2793,#364,.T.);
#3383=EDGE_CURVE('',#2792,#2794,#365,.T.);
#3384=EDGE_CURVE('',#2796,#2794,#2697,.T.);
#3385=EDGE_CURVE('',#2794,#2797,#366,.T.);
#3386=EDGE_CURVE('',#2797,#2798,#2698,.T.);
#3387=EDGE_CURVE('',#2798,#2796,#367,.T.);
#3388=EDGE_CURVE('',#2799,#2800,#2699,.T.);
#3389=EDGE_CURVE('',#2800,#2798,#2700,.T.);
#3390=EDGE_CURVE('',#2797,#2799,#2701,.T.);
#3391=EDGE_CURVE('',#2801,#2800,#368,.T.);
#3392=EDGE_CURVE('',#2799,#2802,#369,.T.);
#3393=EDGE_CURVE('',#2802,#2801,#346,.T.);
#3394=EDGE_CURVE('',#2802,#2803,#370,.T.);
#3395=EDGE_CURVE('',#2803,#2804,#2702,.T.);
#3396=EDGE_CURVE('',#2804,#2801,#371,.T.);
#3397=EDGE_CURVE('',#2805,#2806,#2703,.T.);
#3398=EDGE_CURVE('',#2806,#2804,#2704,.T.);
#3399=EDGE_CURVE('',#2803,#2805,#2705,.T.);
#3400=EDGE_CURVE('',#2807,#2808,#2706,.T.);
#3401=EDGE_CURVE('',#2808,#2806,#372,.T.);
#3402=EDGE_CURVE('',#2805,#2807,#373,.T.);
#3403=EDGE_CURVE('',#2809,#2810,#2707,.T.);
#3404=EDGE_CURVE('',#2810,#2808,#2685,.T.);
#3405=EDGE_CURVE('',#2807,#2809,#2686,.T.);
#3406=EDGE_CURVE('',#2789,#2810,#374,.T.);
#3407=EDGE_CURVE('',#2809,#2811,#375,.T.);
#3408=EDGE_CURVE('',#2811,#2786,#2708,.T.);
#3409=EDGE_CURVE('',#2796,#2795,#2709,.T.);
#3410=EDGE_CURVE('',#2802,#2811,#376,.T.);
#3411=EDGE_CURVE('',#2788,#2812,#377,.T.);
#3412=EDGE_CURVE('',#2812,#2813,#347,.T.);
#3413=EDGE_CURVE('',#2813,#2814,#378,.T.);
#3414=EDGE_CURVE('',#2810,#2814,#2710,.T.);
#3415=EDGE_CURVE('',#2815,#2791,#379,.T.);
#3416=EDGE_CURVE('',#2812,#2815,#380,.T.);
#3417=EDGE_CURVE('',#2793,#2816,#381,.T.);
#3418=EDGE_CURVE('',#2815,#2816,#2711,.T.);
#3419=EDGE_CURVE('',#2817,#2795,#382,.T.);
#3420=EDGE_CURVE('',#2818,#2817,#2712,.T.);
#3421=EDGE_CURVE('',#2819,#2818,#383,.T.);
#3422=EDGE_CURVE('',#2820,#2819,#384,.T.);
#3423=EDGE_CURVE('',#2820,#2821,#385,.T.);
#3424=EDGE_CURVE('',#2816,#2821,#2687,.T.);
#3425=EDGE_CURVE('',#2796,#2822,#386,.T.);
#3426=EDGE_CURVE('',#2822,#2817,#2713,.T.);
#3427=EDGE_CURVE('',#2823,#2798,#387,.T.);
#3428=EDGE_CURVE('',#2822,#2823,#388,.T.);
#3429=EDGE_CURVE('',#2824,#2825,#389,.T.);
#3430=EDGE_CURVE('',#2825,#2826,#2714,.T.);
#3431=EDGE_CURVE('',#2826,#2827,#390,.T.);
#3432=EDGE_CURVE('',#2827,#2824,#348,.T.);
#3433=EDGE_CURVE('',#2828,#2829,#2715,.T.);
#3434=EDGE_CURVE('',#2829,#2826,#2716,.T.);
#3435=EDGE_CURVE('',#2825,#2828,#2717,.T.);
#3436=EDGE_CURVE('',#2830,#2831,#2718,.T.);
#3437=EDGE_CURVE('',#2831,#2829,#391,.T.);
#3438=EDGE_CURVE('',#2828,#2830,#392,.T.);
#3439=EDGE_CURVE('',#2832,#2833,#2688,.T.);
#3440=EDGE_CURVE('',#2833,#2831,#2719,.T.);
#3441=EDGE_CURVE('',#2830,#2832,#2720,.T.);
#3442=EDGE_CURVE('',#2834,#2835,#2721,.T.);
#3443=EDGE_CURVE('',#2835,#2836,#393,.T.);
#3444=EDGE_CURVE('',#2836,#2837,#2722,.F.);
#3445=EDGE_CURVE('',#2837,#2834,#394,.T.);
#3446=EDGE_CURVE('',#2838,#2839,#2723,.T.);
#3447=EDGE_CURVE('',#2839,#2835,#2724,.T.);
#3448=EDGE_CURVE('',#2834,#2838,#2725,.T.);
#3449=EDGE_CURVE('',#2840,#2841,#2726,.T.);
#3450=EDGE_CURVE('',#2841,#2839,#395,.T.);
#3451=EDGE_CURVE('',#2838,#2840,#396,.T.);
#3452=EDGE_CURVE('',#2842,#2843,#2727,.T.);
#3453=EDGE_CURVE('',#2843,#2841,#2728,.T.);
#3454=EDGE_CURVE('',#2840,#2842,#2729,.T.);
#3455=EDGE_CURVE('',#2827,#2843,#397,.T.);
#3456=EDGE_CURVE('',#2842,#2824,#398,.T.);
#3457=EDGE_CURVE('',#2832,#2844,#399,.T.);
#3458=EDGE_CURVE('',#2844,#2845,#400,.T.);
#3459=EDGE_CURVE('',#2845,#2846,#401,.T.);
#3460=EDGE_CURVE('',#2833,#2846,#402,.T.);
#3461=EDGE_CURVE('',#2837,#2824,#403,.T.);
#3462=EDGE_CURVE('',#2844,#2836,#404,.T.);
#3463=EDGE_CURVE('',#2800,#2847,#405,.T.);
#3464=EDGE_CURVE('',#2847,#2823,#2730,.T.);
#3465=EDGE_CURVE('',#2843,#2804,#406,.T.);
#3466=EDGE_CURVE('',#2848,#2826,#407,.T.);
#3467=EDGE_CURVE('',#2848,#2849,#408,.T.);
#3468=EDGE_CURVE('',#2850,#2849,#409,.T.);
#3469=EDGE_CURVE('',#2850,#2851,#410,.T.);
#3470=EDGE_CURVE('',#2852,#2851,#2731,.F.);
#3471=EDGE_CURVE('',#2852,#2853,#411,.T.);
#3472=EDGE_CURVE('',#2854,#2853,#412,.T.);
#3473=EDGE_CURVE('',#2847,#2854,#2732,.T.);
#3474=EDGE_CURVE('',#2855,#2855,#2733,.T.);
#3475=EDGE_CURVE('',#2856,#2856,#2734,.T.);
#3476=EDGE_CURVE('',#2857,#2857,#2735,.T.);
#3477=EDGE_CURVE('',#2858,#2858,#2736,.T.);
#3478=EDGE_CURVE('',#2859,#2859,#2737,.T.);
#3479=EDGE_CURVE('',#2860,#2860,#2738,.T.);
#3480=EDGE_CURVE('',#2861,#2861,#2739,.T.);
#3481=EDGE_CURVE('',#2862,#2862,#2740,.T.);
#3482=EDGE_CURVE('',#2863,#2863,#2741,.T.);
#3483=EDGE_CURVE('',#2864,#2864,#2742,.T.);
#3484=EDGE_CURVE('',#2865,#2865,#2743,.T.);
#3485=EDGE_CURVE('',#2866,#2866,#2744,.T.);
#3486=EDGE_CURVE('',#2867,#2867,#2745,.T.);
#3487=EDGE_CURVE('',#2868,#2831,#413,.T.);
#3488=EDGE_CURVE('',#2869,#2868,#414,.T.);
#3489=EDGE_CURVE('',#2870,#2869,#415,.T.);
#3490=EDGE_CURVE('',#2870,#2871,#416,.T.);
#3491=EDGE_CURVE('',#2871,#2872,#417,.T.);
#3492=EDGE_CURVE('',#2872,#2873,#418,.T.);
#3493=EDGE_CURVE('',#2874,#2873,#2746,.T.);
#3494=EDGE_CURVE('',#2874,#2875,#419,.T.);
#3495=EDGE_CURVE('',#2875,#2876,#420,.T.);
#3496=EDGE_CURVE('',#2829,#2876,#421,.T.);
#3497=EDGE_CURVE('',#2846,#2820,#2747,.T.);
#3498=EDGE_CURVE('',#2868,#2819,#349,.T.);
#3499=EDGE_CURVE('',#2814,#2835,#422,.T.);
#3500=EDGE_CURVE('',#2845,#2813,#423,.T.);
#3501=EDGE_CURVE('',#2877,#2877,#2748,.T.);
#3502=EDGE_CURVE('',#2878,#2878,#2749,.T.);
#3503=EDGE_CURVE('',#2879,#2879,#2750,.T.);
#3504=EDGE_CURVE('',#2880,#2880,#2751,.T.);
#3505=EDGE_CURVE('',#2881,#2881,#2752,.T.);
#3506=EDGE_CURVE('',#2882,#2882,#2753,.T.);
#3507=EDGE_CURVE('',#2883,#2883,#2754,.T.);
#3508=EDGE_CURVE('',#2884,#2884,#2755,.T.);
#3509=EDGE_CURVE('',#2885,#2885,#2756,.T.);
#3510=EDGE_CURVE('',#2886,#2886,#2757,.T.);
#3511=EDGE_CURVE('',#2887,#2887,#2758,.T.);
#3512=EDGE_CURVE('',#2888,#2888,#2759,.T.);
#3513=EDGE_CURVE('',#2889,#2889,#2760,.T.);
#3514=EDGE_CURVE('',#2839,#2890,#424,.T.);
#3515=EDGE_CURVE('',#2890,#2814,#2761,.T.);
#3516=EDGE_CURVE('',#2890,#2808,#2762,.T.);
#3517=EDGE_CURVE('',#2806,#2841,#425,.T.);
#3518=EDGE_CURVE('',#2876,#2848,#2763,.F.);
#3519=EDGE_CURVE('',#2891,#2868,#350,.T.);
#3520=EDGE_CURVE('',#2819,#2891,#2764,.T.);
#3521=EDGE_CURVE('',#2854,#2892,#2765,.T.);
#3522=EDGE_CURVE('',#2892,#2823,#2766,.T.);
#3523=EDGE_CURVE('',#2853,#2893,#2767,.F.);
#3524=EDGE_CURVE('',#2893,#2892,#426,.T.);
#3525=EDGE_CURVE('',#2891,#2894,#427,.T.);
#3526=EDGE_CURVE('',#2894,#2869,#2768,.F.);
#3527=EDGE_CURVE('',#2815,#2895,#2769,.T.);
#3528=EDGE_CURVE('',#2895,#2813,#428,.T.);
#3529=EDGE_CURVE('',#2821,#2895,#2770,.T.);
#3530=EDGE_CURVE('',#2896,#2897,#2771,.F.);
#3531=EDGE_CURVE('',#2898,#2896,#2772,.F.);
#3532=EDGE_CURVE('',#2897,#2898,#2773,.F.);
#3533=EDGE_CURVE('',#2899,#2900,#2774,.T.);
#3534=EDGE_CURVE('',#2899,#2898,#429,.T.);
#3535=EDGE_CURVE('',#2896,#2900,#430,.T.);
#3536=EDGE_CURVE('',#2901,#2902,#351,.F.);
#3537=EDGE_CURVE('',#2902,#2897,#431,.T.);
#3538=EDGE_CURVE('',#2898,#2901,#432,.T.);
#3539=EDGE_CURVE('',#2851,#2896,#433,.T.);
#3540=EDGE_CURVE('',#2897,#2852,#434,.T.);
#3541=EDGE_CURVE('',#2901,#2903,#435,.T.);
#3542=EDGE_CURVE('',#2904,#2899,#436,.T.);
#3543=EDGE_CURVE('',#2905,#2904,#437,.T.);
#3544=EDGE_CURVE('',#2906,#2905,#438,.T.);
#3545=EDGE_CURVE('',#2906,#2907,#439,.T.);
#3546=EDGE_CURVE('',#2908,#2907,#440,.T.);
#3547=EDGE_CURVE('',#2908,#2872,#441,.T.);
#3548=EDGE_CURVE('',#2909,#2871,#442,.T.);
#3549=EDGE_CURVE('',#2909,#2910,#443,.T.);
#3550=EDGE_CURVE('',#2911,#2910,#444,.T.);
#3551=EDGE_CURVE('',#2912,#2911,#445,.T.);
#3552=EDGE_CURVE('',#2913,#2912,#446,.T.);
#3553=EDGE_CURVE('',#2913,#2914,#447,.T.);
#3554=EDGE_CURVE('',#2915,#2914,#448,.T.);
#3555=EDGE_CURVE('',#2916,#2915,#449,.T.);
#3556=EDGE_CURVE('',#2917,#2916,#450,.T.);
#3557=EDGE_CURVE('',#2917,#2918,#451,.T.);
#3558=EDGE_CURVE('',#2919,#2918,#452,.T.);
#3559=EDGE_CURVE('',#2920,#2919,#453,.T.);
#3560=EDGE_CURVE('',#2921,#2920,#454,.T.);
#3561=EDGE_CURVE('',#2921,#2922,#455,.T.);
#3562=EDGE_CURVE('',#2923,#2922,#456,.T.);
#3563=EDGE_CURVE('',#2924,#2923,#457,.T.);
#3564=EDGE_CURVE('',#2925,#2924,#458,.T.);
#3565=EDGE_CURVE('',#2925,#2926,#459,.T.);
#3566=EDGE_CURVE('',#2927,#2926,#460,.T.);
#3567=EDGE_CURVE('',#2928,#2927,#461,.T.);
#3568=EDGE_CURVE('',#2929,#2928,#462,.T.);
#3569=EDGE_CURVE('',#2929,#2930,#463,.T.);
#3570=EDGE_CURVE('',#2931,#2930,#464,.T.);
#3571=EDGE_CURVE('',#2932,#2931,#465,.T.);
#3572=EDGE_CURVE('',#2933,#2932,#466,.T.);
#3573=EDGE_CURVE('',#2933,#2934,#467,.T.);
#3574=EDGE_CURVE('',#2935,#2934,#468,.T.);
#3575=EDGE_CURVE('',#2936,#2935,#469,.T.);
#3576=EDGE_CURVE('',#2937,#2936,#470,.T.);
#3577=EDGE_CURVE('',#2937,#2938,#471,.T.);
#3578=EDGE_CURVE('',#2939,#2938,#472,.T.);
#3579=EDGE_CURVE('',#2940,#2939,#473,.T.);
#3580=EDGE_CURVE('',#2941,#2940,#474,.T.);
#3581=EDGE_CURVE('',#2941,#2942,#475,.T.);
#3582=EDGE_CURVE('',#2943,#2942,#476,.T.);
#3583=EDGE_CURVE('',#2944,#2943,#477,.T.);
#3584=EDGE_CURVE('',#2945,#2944,#478,.T.);
#3585=EDGE_CURVE('',#2945,#2946,#479,.T.);
#3586=EDGE_CURVE('',#2947,#2946,#480,.T.);
#3587=EDGE_CURVE('',#2948,#2947,#481,.T.);
#3588=EDGE_CURVE('',#2949,#2948,#482,.T.);
#3589=EDGE_CURVE('',#2949,#2950,#483,.T.);
#3590=EDGE_CURVE('',#2951,#2950,#484,.T.);
#3591=EDGE_CURVE('',#2952,#2951,#485,.T.);
#3592=EDGE_CURVE('',#2953,#2952,#486,.T.);
#3593=EDGE_CURVE('',#2953,#2954,#487,.T.);
#3594=EDGE_CURVE('',#2955,#2954,#488,.T.);
#3595=EDGE_CURVE('',#2956,#2955,#489,.T.);
#3596=EDGE_CURVE('',#2957,#2956,#490,.T.);
#3597=EDGE_CURVE('',#2957,#2958,#491,.T.);
#3598=EDGE_CURVE('',#2959,#2958,#492,.T.);
#3599=EDGE_CURVE('',#2960,#2959,#493,.T.);
#3600=EDGE_CURVE('',#2961,#2960,#494,.T.);
#3601=EDGE_CURVE('',#2961,#2962,#495,.T.);
#3602=EDGE_CURVE('',#2963,#2962,#496,.T.);
#3603=EDGE_CURVE('',#2963,#2964,#497,.T.);
#3604=EDGE_CURVE('',#2964,#2965,#498,.T.);
#3605=EDGE_CURVE('',#2965,#2966,#499,.T.);
#3606=EDGE_CURVE('',#2966,#2967,#500,.T.);
#3607=EDGE_CURVE('',#2967,#2968,#501,.T.);
#3608=EDGE_CURVE('',#2969,#2968,#502,.T.);
#3609=EDGE_CURVE('',#2970,#2969,#503,.T.);
#3610=EDGE_CURVE('',#2971,#2970,#504,.T.);
#3611=EDGE_CURVE('',#2972,#2971,#505,.T.);
#3612=EDGE_CURVE('',#2973,#2972,#506,.T.);
#3613=EDGE_CURVE('',#2974,#2973,#507,.T.);
#3614=EDGE_CURVE('',#2975,#2974,#508,.T.);
#3615=EDGE_CURVE('',#2976,#2975,#509,.T.);
#3616=EDGE_CURVE('',#2977,#2976,#510,.T.);
#3617=EDGE_CURVE('',#2978,#2977,#511,.T.);
#3618=EDGE_CURVE('',#2979,#2978,#512,.T.);
#3619=EDGE_CURVE('',#2980,#2979,#513,.T.);
#3620=EDGE_CURVE('',#2981,#2980,#514,.T.);
#3621=EDGE_CURVE('',#2982,#2981,#515,.T.);
#3622=EDGE_CURVE('',#2983,#2982,#516,.T.);
#3623=EDGE_CURVE('',#2984,#2983,#517,.T.);
#3624=EDGE_CURVE('',#2985,#2984,#518,.T.);
#3625=EDGE_CURVE('',#2986,#2985,#519,.T.);
#3626=EDGE_CURVE('',#2987,#2986,#520,.T.);
#3627=EDGE_CURVE('',#2988,#2987,#521,.T.);
#3628=EDGE_CURVE('',#2989,#2988,#522,.T.);
#3629=EDGE_CURVE('',#2990,#2989,#523,.T.);
#3630=EDGE_CURVE('',#2991,#2990,#524,.T.);
#3631=EDGE_CURVE('',#2992,#2991,#525,.T.);
#3632=EDGE_CURVE('',#2993,#2992,#526,.T.);
#3633=EDGE_CURVE('',#2994,#2993,#527,.T.);
#3634=EDGE_CURVE('',#2995,#2994,#528,.T.);
#3635=EDGE_CURVE('',#2996,#2995,#529,.T.);
#3636=EDGE_CURVE('',#2997,#2996,#530,.T.);
#3637=EDGE_CURVE('',#2998,#2997,#531,.T.);
#3638=EDGE_CURVE('',#2999,#2998,#532,.T.);
#3639=EDGE_CURVE('',#3000,#2999,#533,.T.);
#3640=EDGE_CURVE('',#3001,#3000,#534,.T.);
#3641=EDGE_CURVE('',#3002,#3001,#535,.T.);
#3642=EDGE_CURVE('',#3003,#3002,#536,.T.);
#3643=EDGE_CURVE('',#3004,#3003,#537,.T.);
#3644=EDGE_CURVE('',#3005,#3004,#538,.T.);
#3645=EDGE_CURVE('',#3006,#3005,#539,.T.);
#3646=EDGE_CURVE('',#3007,#3006,#540,.T.);
#3647=EDGE_CURVE('',#3008,#3007,#541,.T.);
#3648=EDGE_CURVE('',#3009,#3008,#542,.T.);
#3649=EDGE_CURVE('',#3010,#3009,#543,.T.);
#3650=EDGE_CURVE('',#3011,#3010,#544,.T.);
#3651=EDGE_CURVE('',#3012,#3011,#545,.T.);
#3652=EDGE_CURVE('',#3013,#3012,#546,.T.);
#3653=EDGE_CURVE('',#3014,#3013,#547,.T.);
#3654=EDGE_CURVE('',#3015,#3014,#548,.T.);
#3655=EDGE_CURVE('',#3016,#3015,#549,.T.);
#3656=EDGE_CURVE('',#3017,#3016,#550,.T.);
#3657=EDGE_CURVE('',#3018,#3017,#551,.T.);
#3658=EDGE_CURVE('',#3019,#3018,#552,.T.);
#3659=EDGE_CURVE('',#3020,#3019,#553,.T.);
#3660=EDGE_CURVE('',#3021,#3020,#554,.T.);
#3661=EDGE_CURVE('',#3022,#3021,#555,.T.);
#3662=EDGE_CURVE('',#3023,#3022,#556,.T.);
#3663=EDGE_CURVE('',#3024,#3023,#557,.T.);
#3664=EDGE_CURVE('',#3025,#3024,#558,.T.);
#3665=EDGE_CURVE('',#2903,#3025,#559,.T.);
#3666=EDGE_CURVE('',#3026,#3027,#560,.T.);
#3667=EDGE_CURVE('',#3028,#3027,#561,.T.);
#3668=EDGE_CURVE('',#3028,#3029,#562,.T.);
#3669=EDGE_CURVE('',#3026,#3029,#563,.T.);
#3670=EDGE_CURVE('',#3030,#3031,#564,.T.);
#3671=EDGE_CURVE('',#3032,#3031,#565,.T.);
#3672=EDGE_CURVE('',#3032,#3033,#566,.T.);
#3673=EDGE_CURVE('',#3030,#3033,#567,.T.);
#3674=EDGE_CURVE('',#3034,#3035,#568,.T.);
#3675=EDGE_CURVE('',#3036,#3035,#569,.T.);
#3676=EDGE_CURVE('',#3036,#3037,#570,.T.);
#3677=EDGE_CURVE('',#3034,#3037,#571,.T.);
#3678=EDGE_CURVE('',#3038,#3039,#572,.T.);
#3679=EDGE_CURVE('',#3038,#3040,#573,.T.);
#3680=EDGE_CURVE('',#3041,#3040,#574,.T.);
#3681=EDGE_CURVE('',#3041,#3039,#575,.T.);
#3682=EDGE_CURVE('',#3042,#3043,#576,.T.);
#3683=EDGE_CURVE('',#3044,#3043,#577,.T.);
#3684=EDGE_CURVE('',#3044,#3045,#578,.T.);
#3685=EDGE_CURVE('',#3042,#3045,#579,.T.);
#3686=EDGE_CURVE('',#3046,#3047,#580,.T.);
#3687=EDGE_CURVE('',#3046,#3048,#581,.T.);
#3688=EDGE_CURVE('',#3049,#3048,#582,.T.);
#3689=EDGE_CURVE('',#3049,#3047,#583,.T.);
#3690=EDGE_CURVE('',#3050,#3051,#584,.T.);
#3691=EDGE_CURVE('',#3052,#3051,#585,.T.);
#3692=EDGE_CURVE('',#3052,#3053,#586,.T.);
#3693=EDGE_CURVE('',#3050,#3053,#587,.T.);
#3694=EDGE_CURVE('',#3054,#3055,#588,.T.);
#3695=EDGE_CURVE('',#3054,#3056,#589,.T.);
#3696=EDGE_CURVE('',#3057,#3056,#590,.T.);
#3697=EDGE_CURVE('',#3057,#3055,#591,.T.);
#3698=EDGE_CURVE('',#3058,#3059,#592,.T.);
#3699=EDGE_CURVE('',#3058,#3060,#593,.T.);
#3700=EDGE_CURVE('',#3061,#3060,#594,.T.);
#3701=EDGE_CURVE('',#3061,#3059,#595,.T.);
#3702=EDGE_CURVE('',#3062,#3063,#596,.T.);
#3703=EDGE_CURVE('',#3062,#3064,#597,.T.);
#3704=EDGE_CURVE('',#3065,#3064,#598,.T.);
#3705=EDGE_CURVE('',#3065,#3063,#599,.T.);
#3706=EDGE_CURVE('',#3066,#3067,#600,.T.);
#3707=EDGE_CURVE('',#3066,#3068,#601,.T.);
#3708=EDGE_CURVE('',#3069,#3068,#602,.T.);
#3709=EDGE_CURVE('',#3069,#3067,#603,.T.);
#3710=EDGE_CURVE('',#3070,#3071,#604,.T.);
#3711=EDGE_CURVE('',#3070,#3072,#605,.T.);
#3712=EDGE_CURVE('',#3073,#3072,#606,.T.);
#3713=EDGE_CURVE('',#3073,#3071,#607,.T.);
#3714=EDGE_CURVE('',#3074,#3075,#608,.T.);
#3715=EDGE_CURVE('',#3074,#3076,#609,.T.);
#3716=EDGE_CURVE('',#3077,#3076,#610,.T.);
#3717=EDGE_CURVE('',#3077,#3075,#611,.T.);
#3718=EDGE_CURVE('',#3078,#3079,#612,.T.);
#3719=EDGE_CURVE('',#3078,#3080,#613,.T.);
#3720=EDGE_CURVE('',#3081,#3080,#614,.T.);
#3721=EDGE_CURVE('',#3081,#3079,#615,.T.);
#3722=EDGE_CURVE('',#3082,#3083,#616,.T.);
#3723=EDGE_CURVE('',#3082,#3084,#617,.T.);
#3724=EDGE_CURVE('',#3085,#3084,#618,.T.);
#3725=EDGE_CURVE('',#3085,#3083,#619,.T.);
#3726=EDGE_CURVE('',#3086,#3087,#620,.T.);
#3727=EDGE_CURVE('',#3088,#3087,#621,.T.);
#3728=EDGE_CURVE('',#3088,#3089,#622,.T.);
#3729=EDGE_CURVE('',#3086,#3089,#623,.T.);
#3730=EDGE_CURVE('',#3090,#3091,#624,.T.);
#3731=EDGE_CURVE('',#3090,#3092,#625,.T.);
#3732=EDGE_CURVE('',#3092,#3091,#626,.T.);
#3733=EDGE_CURVE('',#3093,#3094,#627,.T.);
#3734=EDGE_CURVE('',#3095,#3094,#628,.T.);
#3735=EDGE_CURVE('',#3095,#3096,#629,.T.);
#3736=EDGE_CURVE('',#3093,#3096,#630,.T.);
#3737=EDGE_CURVE('',#3097,#3098,#631,.T.);
#3738=EDGE_CURVE('',#3099,#3098,#632,.T.);
#3739=EDGE_CURVE('',#3099,#3100,#633,.T.);
#3740=EDGE_CURVE('',#3097,#3100,#634,.T.);
#3741=EDGE_CURVE('',#3101,#3102,#635,.T.);
#3742=EDGE_CURVE('',#3103,#3102,#636,.T.);
#3743=EDGE_CURVE('',#3103,#3104,#637,.T.);
#3744=EDGE_CURVE('',#3101,#3104,#638,.T.);
#3745=EDGE_CURVE('',#3105,#3106,#639,.T.);
#3746=EDGE_CURVE('',#3105,#3107,#640,.T.);
#3747=EDGE_CURVE('',#3107,#3106,#641,.T.);
#3748=EDGE_CURVE('',#2900,#2850,#642,.T.);
#3749=EDGE_CURVE('',#3108,#3109,#2775,.T.);
#3750=EDGE_CURVE('',#2904,#3108,#643,.T.);
#3751=EDGE_CURVE('',#3110,#2849,#644,.T.);
#3752=EDGE_CURVE('',#3109,#3110,#645,.T.);
#3753=EDGE_CURVE('',#3109,#2874,#646,.T.);
#3754=EDGE_CURVE('',#2873,#3108,#647,.T.);
#3755=EDGE_CURVE('',#3110,#2875,#648,.T.);
#3756=EDGE_CURVE('',#2893,#3111,#649,.T.);
#3757=EDGE_CURVE('',#3111,#3112,#650,.T.);
#3758=EDGE_CURVE('',#3112,#2905,#651,.T.);
#3759=EDGE_CURVE('',#2908,#3113,#652,.T.);
#3760=EDGE_CURVE('',#2894,#3113,#653,.T.);
#3761=EDGE_CURVE('',#3114,#2891,#654,.T.);
#3762=EDGE_CURVE('',#2892,#3114,#655,.T.);
#3763=EDGE_CURVE('',#3115,#3116,#656,.T.);
#3764=EDGE_CURVE('',#3115,#3117,#657,.T.);
#3765=EDGE_CURVE('',#3116,#3117,#658,.T.);
#3766=EDGE_CURVE('',#3118,#3119,#659,.T.);
#3767=EDGE_CURVE('',#3118,#3120,#660,.T.);
#3768=EDGE_CURVE('',#3119,#3120,#661,.T.);
#3769=EDGE_CURVE('',#3119,#3121,#662,.T.);
#3770=EDGE_CURVE('',#3120,#3122,#663,.T.);
#3771=EDGE_CURVE('',#3121,#3122,#664,.T.);
#3772=EDGE_CURVE('',#3123,#3118,#665,.T.);
#3773=EDGE_CURVE('',#3124,#3123,#666,.T.);
#3774=EDGE_CURVE('',#3122,#3124,#667,.T.);
#3775=EDGE_CURVE('',#3125,#3115,#668,.T.);
#3776=EDGE_CURVE('',#3126,#3125,#669,.T.);
#3777=EDGE_CURVE('',#3117,#3126,#670,.T.);
#3778=EDGE_CURVE('',#3121,#3127,#671,.T.);
#3779=EDGE_CURVE('',#3127,#3124,#672,.T.);
#3780=EDGE_CURVE('',#3127,#3123,#673,.T.);
#3781=EDGE_CURVE('',#3128,#3125,#674,.T.);
#3782=EDGE_CURVE('',#3128,#3126,#675,.T.);
#3783=EDGE_CURVE('',#3128,#3116,#676,.T.);
#3784=EDGE_CURVE('',#3129,#3130,#677,.T.);
#3785=EDGE_CURVE('',#2964,#3129,#678,.T.);
#3786=EDGE_CURVE('',#2963,#3130,#679,.T.);
#3787=EDGE_CURVE('',#3116,#3131,#680,.T.);
#3788=EDGE_CURVE('',#3131,#3128,#681,.T.);
#3789=EDGE_CURVE('',#2822,#3114,#2776,.T.);
#3790=EDGE_CURVE('',#3132,#3128,#682,.T.);
#3791=EDGE_CURVE('',#3133,#3132,#683,.T.);
#3792=EDGE_CURVE('',#3134,#3133,#684,.T.);
#3793=EDGE_CURVE('',#3135,#3134,#685,.T.);
#3794=EDGE_CURVE('',#3116,#3135,#686,.T.);
#3795=EDGE_CURVE('',#3136,#3134,#687,.T.);
#3796=EDGE_CURVE('',#3137,#3136,#688,.T.);
#3797=EDGE_CURVE('',#3137,#3135,#689,.T.);
#3798=EDGE_CURVE('',#3138,#3138,#2777,.T.);
#3799=EDGE_CURVE('',#3139,#3139,#2778,.T.);
#3800=EDGE_CURVE('',#3140,#3140,#2779,.T.);
#3801=EDGE_CURVE('',#3141,#3141,#2780,.T.);
#3802=EDGE_CURVE('',#3142,#3143,#690,.T.);
#3803=EDGE_CURVE('',#3143,#3144,#691,.T.);
#3804=EDGE_CURVE('',#3144,#3145,#692,.T.);
#3805=EDGE_CURVE('',#3145,#3142,#693,.T.);
#3806=EDGE_CURVE('',#3146,#2967,#694,.T.);
#3807=EDGE_CURVE('',#3146,#3147,#695,.T.);
#3808=EDGE_CURVE('',#2968,#3147,#352,.T.);
#3809=EDGE_CURVE('',#3133,#3148,#696,.T.);
#3810=EDGE_CURVE('',#3148,#3132,#697,.T.);
#3811=EDGE_CURVE('',#3149,#3137,#698,.T.);
#3812=EDGE_CURVE('',#3150,#3149,#353,.T.);
#3813=EDGE_CURVE('',#3151,#3150,#699,.T.);
#3814=EDGE_CURVE('',#3131,#3151,#700,.T.);
#3815=EDGE_CURVE('',#3138,#3152,#701,.T.);
#3816=EDGE_CURVE('',#3152,#3152,#2781,.F.);
#3817=EDGE_CURVE('',#3139,#3153,#702,.T.);
#3818=EDGE_CURVE('',#3153,#3153,#2782,.F.);
#3819=EDGE_CURVE('',#3140,#3154,#703,.T.);
#3820=EDGE_CURVE('',#3154,#3154,#2783,.F.);
#3821=EDGE_CURVE('',#3141,#3155,#704,.T.);
#3822=EDGE_CURVE('',#3155,#3155,#2784,.F.);
#3823=EDGE_CURVE('',#3151,#3146,#705,.T.);
#3824=EDGE_CURVE('',#3148,#2966,#706,.T.);
#3825=EDGE_CURVE('',#3156,#3157,#707,.T.);
#3826=EDGE_CURVE('',#3157,#3158,#708,.T.);
#3827=EDGE_CURVE('',#3158,#3159,#709,.T.);
#3828=EDGE_CURVE('',#3159,#3156,#710,.T.);
#3829=EDGE_CURVE('',#3159,#3144,#711,.T.);
#3830=EDGE_CURVE('',#3145,#3158,#712,.T.);
#3831=EDGE_CURVE('',#3156,#3143,#713,.T.);
#3832=EDGE_CURVE('',#3157,#3142,#714,.T.);
#3833=EDGE_CURVE('',#3147,#3150,#15,.T.);
#3834=EDGE_CURVE('',#3149,#2963,#715,.T.);
#3835=EDGE_CURVE('',#3160,#2962,#354,.T.);
#3836=EDGE_CURVE('',#3160,#3161,#716,.T.);
#3837=EDGE_CURVE('',#3161,#2969,#355,.T.);
#3838=EDGE_CURVE('',#3114,#2818,#2785,.T.);
#3839=EDGE_CURVE('',#2855,#2889,#717,.T.);
#3840=EDGE_CURVE('',#2856,#2888,#718,.T.);
#3841=EDGE_CURVE('',#2857,#2887,#719,.T.);
#3842=EDGE_CURVE('',#2858,#2886,#720,.T.);
#3843=EDGE_CURVE('',#2859,#2885,#721,.T.);
#3844=EDGE_CURVE('',#2860,#2884,#722,.T.);
#3845=EDGE_CURVE('',#2861,#2883,#723,.T.);
#3846=EDGE_CURVE('',#2862,#2882,#724,.T.);
#3847=EDGE_CURVE('',#2863,#2881,#725,.T.);
#3848=EDGE_CURVE('',#2864,#2880,#726,.T.);
#3849=EDGE_CURVE('',#2865,#2879,#727,.T.);
#3850=EDGE_CURVE('',#2866,#2878,#728,.T.);
#3851=EDGE_CURVE('',#2867,#2877,#729,.T.);
#3852=EDGE_CURVE('',#3162,#3163,#730,.T.);
#3853=EDGE_CURVE('',#3163,#3164,#356,.T.);
#3854=EDGE_CURVE('',#3165,#3164,#731,.T.);
#3855=EDGE_CURVE('',#3165,#3162,#357,.T.);
#3856=EDGE_CURVE('',#3163,#3166,#732,.T.);
#3857=EDGE_CURVE('',#3166,#3167,#358,.T.);
#3858=EDGE_CURVE('',#3164,#3167,#733,.T.);
#3859=EDGE_CURVE('',#3166,#3168,#734,.T.);
#3860=EDGE_CURVE('',#3168,#3169,#359,.T.);
#3861=EDGE_CURVE('',#3169,#3130,#735,.T.);
#3862=EDGE_CURVE('',#3130,#3167,#736,.T.);
#3863=EDGE_CURVE('',#3168,#3160,#737,.T.);
#3864=EDGE_CURVE('',#2962,#3169,#738,.T.);
#3865=EDGE_CURVE('',#3170,#2969,#739,.T.);
#3866=EDGE_CURVE('',#3161,#3171,#740,.T.);
#3867=EDGE_CURVE('',#3171,#3170,#360,.T.);
#3868=EDGE_CURVE('',#3172,#3173,#741,.T.);
#3869=EDGE_CURVE('',#3173,#3170,#742,.T.);
#3870=EDGE_CURVE('',#3171,#3174,#743,.T.);
#3871=EDGE_CURVE('',#3174,#3172,#361,.T.);
#3872=EDGE_CURVE('',#3174,#3162,#744,.T.);
#3873=EDGE_CURVE('',#3172,#3165,#745,.T.);
#3874=EDGE_CURVE('',#3175,#3170,#746,.T.);
#3875=EDGE_CURVE('',#3175,#2970,#747,.T.);
#3876=EDGE_CURVE('',#3136,#3173,#748,.T.);
#3877=EDGE_CURVE('',#2965,#3176,#749,.T.);
#3878=EDGE_CURVE('',#3173,#3176,#750,.T.);
#3879=EDGE_CURVE('',#3176,#3129,#751,.T.);
#3880=EDGE_CURVE('',#3177,#2959,#752,.T.);
#3881=EDGE_CURVE('',#3178,#3177,#753,.T.);
#3882=EDGE_CURVE('',#3178,#2960,#754,.T.);
#3883=EDGE_CURVE('',#3179,#3106,#755,.T.);
#3884=EDGE_CURVE('',#3180,#3179,#756,.T.);
#3885=EDGE_CURVE('',#3105,#3180,#757,.T.);
#3886=EDGE_CURVE('',#3181,#3029,#758,.T.);
#3887=EDGE_CURVE('',#3182,#3181,#759,.T.);
#3888=EDGE_CURVE('',#3026,#3182,#760,.T.);
#3889=EDGE_CURVE('',#3183,#2958,#761,.T.);
#3890=EDGE_CURVE('',#3177,#3183,#762,.T.);
#3891=EDGE_CURVE('',#3184,#2955,#763,.T.);
#3892=EDGE_CURVE('',#3185,#3184,#764,.T.);
#3893=EDGE_CURVE('',#3185,#2956,#765,.T.);
#3894=EDGE_CURVE('',#3186,#3027,#766,.T.);
#3895=EDGE_CURVE('',#3187,#3186,#767,.T.);
#3896=EDGE_CURVE('',#3028,#3187,#768,.T.);
#3897=EDGE_CURVE('',#3188,#3185,#769,.T.);
#3898=EDGE_CURVE('',#2957,#3188,#770,.T.);
#3899=EDGE_CURVE('',#3189,#3104,#771,.T.);
#3900=EDGE_CURVE('',#3190,#3189,#772,.T.);
#3901=EDGE_CURVE('',#3101,#3190,#773,.T.);
#3902=EDGE_CURVE('',#3191,#2954,#774,.T.);
#3903=EDGE_CURVE('',#3184,#3191,#775,.T.);
#3904=EDGE_CURVE('',#3192,#2951,#776,.T.);
#3905=EDGE_CURVE('',#3193,#3192,#777,.T.);
#3906=EDGE_CURVE('',#3193,#2952,#778,.T.);
#3907=EDGE_CURVE('',#3194,#3102,#779,.T.);
#3908=EDGE_CURVE('',#3195,#3194,#780,.T.);
#3909=EDGE_CURVE('',#3103,#3195,#781,.T.);
#3910=EDGE_CURVE('',#3196,#3193,#782,.T.);
#3911=EDGE_CURVE('',#2953,#3196,#783,.T.);
#3912=EDGE_CURVE('',#3197,#3033,#784,.T.);
#3913=EDGE_CURVE('',#3198,#3197,#785,.T.);
#3914=EDGE_CURVE('',#3030,#3198,#786,.T.);
#3915=EDGE_CURVE('',#3199,#2950,#787,.T.);
#3916=EDGE_CURVE('',#3192,#3199,#788,.T.);
#3917=EDGE_CURVE('',#3200,#3031,#789,.T.);
#3918=EDGE_CURVE('',#3201,#3200,#790,.T.);
#3919=EDGE_CURVE('',#3032,#3201,#791,.T.);
#3920=EDGE_CURVE('',#3202,#2948,#792,.T.);
#3921=EDGE_CURVE('',#3203,#3202,#793,.T.);
#3922=EDGE_CURVE('',#2949,#3203,#794,.T.);
#3923=EDGE_CURVE('',#3204,#2947,#795,.T.);
#3924=EDGE_CURVE('',#3202,#3204,#796,.T.);
#3925=EDGE_CURVE('',#3205,#3100,#797,.T.);
#3926=EDGE_CURVE('',#3206,#3205,#798,.T.);
#3927=EDGE_CURVE('',#3097,#3206,#799,.T.);
#3928=EDGE_CURVE('',#3207,#2946,#800,.T.);
#3929=EDGE_CURVE('',#3204,#3207,#801,.T.);
#3930=EDGE_CURVE('',#3208,#2944,#802,.T.);
#3931=EDGE_CURVE('',#3209,#3208,#803,.T.);
#3932=EDGE_CURVE('',#2945,#3209,#804,.T.);
#3933=EDGE_CURVE('',#3210,#2943,#805,.T.);
#3934=EDGE_CURVE('',#3208,#3210,#806,.T.);
#3935=EDGE_CURVE('',#3211,#3096,#807,.T.);
#3936=EDGE_CURVE('',#3212,#3211,#808,.T.);
#3937=EDGE_CURVE('',#3093,#3212,#809,.T.);
#3938=EDGE_CURVE('',#3213,#2942,#810,.T.);
#3939=EDGE_CURVE('',#3210,#3213,#811,.T.);
#3940=EDGE_CURVE('',#3214,#2940,#812,.T.);
#3941=EDGE_CURVE('',#3215,#3214,#813,.T.);
#3942=EDGE_CURVE('',#2941,#3215,#814,.T.);
#3943=EDGE_CURVE('',#3216,#2903,#815,.T.);
#3944=EDGE_CURVE('',#3217,#3216,#816,.T.);
#3945=EDGE_CURVE('',#2902,#3217,#817,.T.);
#3946=EDGE_CURVE('',#3218,#2939,#818,.T.);
#3947=EDGE_CURVE('',#3214,#3218,#819,.T.);
#3948=EDGE_CURVE('',#3219,#3025,#820,.T.);
#3949=EDGE_CURVE('',#3219,#3216,#821,.T.);
#3950=EDGE_CURVE('',#3220,#3037,#822,.T.);
#3951=EDGE_CURVE('',#3221,#3220,#823,.T.);
#3952=EDGE_CURVE('',#3034,#3221,#824,.T.);
#3953=EDGE_CURVE('',#3222,#2938,#825,.T.);
#3954=EDGE_CURVE('',#3218,#3222,#826,.T.);
#3955=EDGE_CURVE('',#3223,#3175,#827,.T.);
#3956=EDGE_CURVE('',#2971,#3223,#828,.T.);
#3957=EDGE_CURVE('',#3224,#3035,#829,.T.);
#3958=EDGE_CURVE('',#3225,#3224,#830,.T.);
#3959=EDGE_CURVE('',#3036,#3225,#831,.T.);
#3960=EDGE_CURVE('',#3226,#3022,#832,.T.);
#3961=EDGE_CURVE('',#3227,#3226,#833,.T.);
#3962=EDGE_CURVE('',#3023,#3227,#834,.T.);
#3963=EDGE_CURVE('',#3228,#3021,#835,.T.);
#3964=EDGE_CURVE('',#3228,#3226,#836,.T.);
#3965=EDGE_CURVE('',#3229,#3089,#837,.T.);
#3966=EDGE_CURVE('',#3230,#3229,#838,.T.);
#3967=EDGE_CURVE('',#3086,#3230,#839,.T.);
#3968=EDGE_CURVE('',#3231,#3020,#840,.T.);
#3969=EDGE_CURVE('',#3228,#3231,#841,.T.);
#3970=EDGE_CURVE('',#3232,#2936,#842,.T.);
#3971=EDGE_CURVE('',#3233,#3232,#843,.T.);
#3972=EDGE_CURVE('',#2937,#3233,#844,.T.);
#3973=EDGE_CURVE('',#3234,#2972,#845,.T.);
#3974=EDGE_CURVE('',#3235,#3234,#846,.T.);
#3975=EDGE_CURVE('',#3235,#2973,#847,.T.);
#3976=EDGE_CURVE('',#3236,#3040,#848,.T.);
#3977=EDGE_CURVE('',#3237,#3236,#849,.T.);
#3978=EDGE_CURVE('',#3041,#3237,#850,.T.);
#3979=EDGE_CURVE('',#3238,#3018,#851,.T.);
#3980=EDGE_CURVE('',#3239,#3238,#852,.T.);
#3981=EDGE_CURVE('',#3019,#3239,#853,.T.);
#3982=EDGE_CURVE('',#3240,#2935,#854,.T.);
#3983=EDGE_CURVE('',#3232,#3240,#855,.T.);
#3984=EDGE_CURVE('',#3241,#3017,#856,.T.);
#3985=EDGE_CURVE('',#3241,#3238,#857,.T.);
#3986=EDGE_CURVE('',#3242,#3045,#858,.T.);
#3987=EDGE_CURVE('',#3243,#3242,#859,.T.);
#3988=EDGE_CURVE('',#3042,#3243,#860,.T.);
#3989=EDGE_CURVE('',#3244,#2934,#861,.T.);
#3990=EDGE_CURVE('',#3240,#3244,#862,.T.);
#3991=EDGE_CURVE('',#3245,#2974,#863,.T.);
#3992=EDGE_CURVE('',#3246,#3245,#864,.T.);
#3993=EDGE_CURVE('',#2975,#3246,#865,.T.);
#3994=EDGE_CURVE('',#3247,#3043,#866,.T.);
#3995=EDGE_CURVE('',#3248,#3247,#867,.T.);
#3996=EDGE_CURVE('',#3044,#3248,#868,.T.);
#3997=EDGE_CURVE('',#3249,#3014,#869,.T.);
#3998=EDGE_CURVE('',#3250,#3249,#870,.T.);
#3999=EDGE_CURVE('',#3015,#3250,#871,.T.);
#4000=EDGE_CURVE('',#3251,#3013,#872,.T.);
#4001=EDGE_CURVE('',#3251,#3249,#873,.T.);
#4002=EDGE_CURVE('',#3252,#3053,#874,.T.);
#4003=EDGE_CURVE('',#3253,#3252,#875,.T.);
#4004=EDGE_CURVE('',#3050,#3253,#876,.T.);
#4005=EDGE_CURVE('',#3254,#3012,#877,.T.);
#4006=EDGE_CURVE('',#3251,#3254,#878,.T.);
#4007=EDGE_CURVE('',#3255,#2932,#879,.T.);
#4008=EDGE_CURVE('',#3256,#3255,#880,.T.);
#4009=EDGE_CURVE('',#2933,#3256,#881,.T.);
#4010=EDGE_CURVE('',#3257,#2976,#882,.T.);
#4011=EDGE_CURVE('',#3258,#3257,#883,.T.);
#4012=EDGE_CURVE('',#3258,#2977,#884,.T.);
#4013=EDGE_CURVE('',#3259,#3048,#885,.T.);
#4014=EDGE_CURVE('',#3260,#3259,#886,.T.);
#4015=EDGE_CURVE('',#3049,#3260,#887,.T.);
#4016=EDGE_CURVE('',#3261,#3010,#888,.T.);
#4017=EDGE_CURVE('',#3262,#3261,#889,.T.);
#4018=EDGE_CURVE('',#3011,#3262,#890,.T.);
#4019=EDGE_CURVE('',#3263,#2931,#891,.T.);
#4020=EDGE_CURVE('',#3255,#3263,#892,.T.);
#4021=EDGE_CURVE('',#3264,#3009,#893,.T.);
#4022=EDGE_CURVE('',#3264,#3261,#894,.T.);
#4023=EDGE_CURVE('',#3265,#2930,#895,.T.);
#4024=EDGE_CURVE('',#3263,#3265,#896,.T.);
#4025=EDGE_CURVE('',#3266,#2978,#897,.T.);
#4026=EDGE_CURVE('',#3267,#3266,#898,.T.);
#4027=EDGE_CURVE('',#2979,#3267,#899,.T.);
#4028=EDGE_CURVE('',#3268,#3008,#900,.T.);
#4029=EDGE_CURVE('',#3264,#3268,#901,.T.);
#4030=EDGE_CURVE('',#3269,#2928,#902,.T.);
#4031=EDGE_CURVE('',#3270,#3269,#903,.T.);
#4032=EDGE_CURVE('',#2929,#3270,#904,.T.);
#4033=EDGE_CURVE('',#3271,#2980,#905,.T.);
#4034=EDGE_CURVE('',#3272,#3271,#906,.T.);
#4035=EDGE_CURVE('',#3272,#2981,#907,.T.);
#4036=EDGE_CURVE('',#3273,#3056,#908,.T.);
#4037=EDGE_CURVE('',#3274,#3273,#909,.T.);
#4038=EDGE_CURVE('',#3057,#3274,#910,.T.);
#4039=EDGE_CURVE('',#3275,#3006,#911,.T.);
#4040=EDGE_CURVE('',#3276,#3275,#912,.T.);
#4041=EDGE_CURVE('',#3007,#3276,#913,.T.);
#4042=EDGE_CURVE('',#3277,#3084,#914,.T.);
#4043=EDGE_CURVE('',#3278,#3277,#915,.T.);
#4044=EDGE_CURVE('',#3085,#3278,#916,.T.);
#4045=EDGE_CURVE('',#3279,#2927,#917,.T.);
#4046=EDGE_CURVE('',#3269,#3279,#918,.T.);
#4047=EDGE_CURVE('',#3280,#3005,#919,.T.);
#4048=EDGE_CURVE('',#3280,#3275,#920,.T.);
#4049=EDGE_CURVE('',#3281,#2926,#921,.T.);
#4050=EDGE_CURVE('',#3279,#3281,#922,.T.);
#4051=EDGE_CURVE('',#3282,#2982,#923,.T.);
#4052=EDGE_CURVE('',#3283,#3282,#924,.T.);
#4053=EDGE_CURVE('',#2983,#3283,#925,.T.);
#4054=EDGE_CURVE('',#3284,#3004,#926,.T.);
#4055=EDGE_CURVE('',#3280,#3284,#927,.T.);
#4056=EDGE_CURVE('',#3285,#3059,#928,.T.);
#4057=EDGE_CURVE('',#3286,#3285,#929,.T.);
#4058=EDGE_CURVE('',#3058,#3286,#930,.T.);
#4059=EDGE_CURVE('',#3287,#3112,#931,.T.);
#4060=EDGE_CURVE('',#2906,#3287,#932,.T.);
#4061=EDGE_CURVE('',#3288,#2924,#933,.T.);
#4062=EDGE_CURVE('',#3289,#3288,#934,.T.);
#4063=EDGE_CURVE('',#2925,#3289,#935,.T.);
#4064=EDGE_CURVE('',#3290,#2984,#936,.T.);
#4065=EDGE_CURVE('',#3291,#3290,#937,.T.);
#4066=EDGE_CURVE('',#3291,#2985,#938,.T.);
#4067=EDGE_CURVE('',#3292,#3080,#939,.T.);
#4068=EDGE_CURVE('',#3293,#3292,#940,.T.);
#4069=EDGE_CURVE('',#3081,#3293,#941,.T.);
#4070=EDGE_CURVE('',#3294,#3002,#942,.T.);
#4071=EDGE_CURVE('',#3295,#3294,#943,.T.);
#4072=EDGE_CURVE('',#3003,#3295,#944,.T.);
#4073=EDGE_CURVE('',#3296,#3060,#945,.T.);
#4074=EDGE_CURVE('',#3297,#3296,#946,.T.);
#4075=EDGE_CURVE('',#3061,#3297,#947,.T.);
#4076=EDGE_CURVE('',#3298,#2923,#948,.T.);
#4077=EDGE_CURVE('',#3288,#3298,#949,.T.);
#4078=EDGE_CURVE('',#3299,#3001,#950,.T.);
#4079=EDGE_CURVE('',#3299,#3294,#951,.T.);
#4080=EDGE_CURVE('',#3300,#2922,#952,.T.);
#4081=EDGE_CURVE('',#3298,#3300,#953,.T.);
#4082=EDGE_CURVE('',#3301,#2986,#954,.T.);
#4083=EDGE_CURVE('',#3302,#3301,#955,.T.);
#4084=EDGE_CURVE('',#2987,#3302,#956,.T.);
#4085=EDGE_CURVE('',#3303,#3000,#957,.T.);
#4086=EDGE_CURVE('',#3299,#3303,#958,.T.);
#4087=EDGE_CURVE('',#3304,#3075,#959,.T.);
#4088=EDGE_CURVE('',#3305,#3304,#960,.T.);
#4089=EDGE_CURVE('',#3074,#3305,#961,.T.);
#4090=EDGE_CURVE('',#3306,#2920,#962,.T.);
#4091=EDGE_CURVE('',#3307,#3306,#963,.T.);
#4092=EDGE_CURVE('',#2921,#3307,#964,.T.);
#4093=EDGE_CURVE('',#3308,#2988,#965,.T.);
#4094=EDGE_CURVE('',#3309,#3308,#966,.T.);
#4095=EDGE_CURVE('',#3309,#2989,#967,.T.);
#4096=EDGE_CURVE('',#3310,#3064,#968,.T.);
#4097=EDGE_CURVE('',#3311,#3310,#969,.T.);
#4098=EDGE_CURVE('',#3065,#3311,#970,.T.);
#4099=EDGE_CURVE('',#3312,#2998,#971,.T.);
#4100=EDGE_CURVE('',#3313,#3312,#972,.T.);
#4101=EDGE_CURVE('',#2999,#3313,#973,.T.);
#4102=EDGE_CURVE('',#3314,#2910,#974,.T.);
#4103=EDGE_CURVE('',#3315,#3314,#975,.T.);
#4104=EDGE_CURVE('',#3315,#2911,#976,.T.);
#4105=EDGE_CURVE('',#3316,#3076,#977,.T.);
#4106=EDGE_CURVE('',#3317,#3316,#978,.T.);
#4107=EDGE_CURVE('',#3077,#3317,#979,.T.);
#4108=EDGE_CURVE('',#3318,#2919,#980,.T.);
#4109=EDGE_CURVE('',#3306,#3318,#981,.T.);
#4110=EDGE_CURVE('',#3319,#2997,#982,.T.);
#4111=EDGE_CURVE('',#3319,#3312,#983,.T.);
#4112=EDGE_CURVE('',#3320,#2918,#984,.T.);
#4113=EDGE_CURVE('',#3318,#3320,#985,.T.);
#4114=EDGE_CURVE('',#3321,#2990,#986,.T.);
#4115=EDGE_CURVE('',#3322,#3321,#987,.T.);
#4116=EDGE_CURVE('',#2991,#3322,#988,.T.);
#4117=EDGE_CURVE('',#3323,#2996,#989,.T.);
#4118=EDGE_CURVE('',#3319,#3323,#990,.T.);
#4119=EDGE_CURVE('',#3324,#3071,#991,.T.);
#4120=EDGE_CURVE('',#3325,#3324,#992,.T.);
#4121=EDGE_CURVE('',#3070,#3325,#993,.T.);
#4122=EDGE_CURVE('',#3326,#2916,#994,.T.);
#4123=EDGE_CURVE('',#3327,#3326,#995,.T.);
#4124=EDGE_CURVE('',#2917,#3327,#996,.T.);
#4125=EDGE_CURVE('',#3328,#2992,#997,.T.);
#4126=EDGE_CURVE('',#3329,#3328,#998,.T.);
#4127=EDGE_CURVE('',#3329,#2993,#999,.T.);
#4128=EDGE_CURVE('',#3330,#3068,#1000,.T.);
#4129=EDGE_CURVE('',#3331,#3330,#1001,.T.);
#4130=EDGE_CURVE('',#3069,#3331,#1002,.T.);
#4131=EDGE_CURVE('',#3332,#2994,#1003,.T.);
#4132=EDGE_CURVE('',#3333,#3332,#1004,.T.);
#4133=EDGE_CURVE('',#2995,#3333,#1005,.T.);
#4134=EDGE_CURVE('',#3334,#2914,#1006,.T.);
#4135=EDGE_CURVE('',#3335,#3334,#1007,.T.);
#4136=EDGE_CURVE('',#3335,#2915,#1008,.T.);
#4137=EDGE_CURVE('',#3336,#3072,#1009,.T.);
#4138=EDGE_CURVE('',#3337,#3336,#1010,.T.);
#4139=EDGE_CURVE('',#3073,#3337,#1011,.T.);
#4140=EDGE_CURVE('',#3326,#3335,#1012,.T.);
#4141=EDGE_CURVE('',#3338,#3169,#1013,.T.);
#4142=EDGE_CURVE('',#3338,#3178,#1014,.T.);
#4143=EDGE_CURVE('',#3188,#3183,#1015,.T.);
#4144=EDGE_CURVE('',#3196,#3191,#1016,.T.);
#4145=EDGE_CURVE('',#3203,#3199,#1017,.T.);
#4146=EDGE_CURVE('',#3209,#3207,#1018,.T.);
#4147=EDGE_CURVE('',#3215,#3213,#1019,.T.);
#4148=EDGE_CURVE('',#3233,#3222,#1020,.T.);
#4149=EDGE_CURVE('',#3256,#3244,#1021,.T.);
#4150=EDGE_CURVE('',#3270,#3265,#1022,.T.);
#4151=EDGE_CURVE('',#3289,#3281,#1023,.T.);
#4152=EDGE_CURVE('',#3307,#3300,#1024,.T.);
#4153=EDGE_CURVE('',#3327,#3320,#1025,.T.);
#4154=EDGE_CURVE('',#3339,#3334,#1026,.T.);
#4155=EDGE_CURVE('',#3339,#3340,#1027,.T.);
#4156=EDGE_CURVE('',#3340,#3315,#1028,.T.);
#4157=EDGE_CURVE('',#3341,#3314,#1029,.T.);
#4158=EDGE_CURVE('',#3341,#2870,#1030,.T.);
#4159=EDGE_CURVE('',#3113,#3342,#1031,.T.);
#4160=EDGE_CURVE('',#3287,#3342,#1032,.T.);
#4161=EDGE_CURVE('',#3217,#3111,#1033,.T.);
#4162=EDGE_CURVE('',#3219,#3343,#1034,.T.);
#4163=EDGE_CURVE('',#3227,#3343,#1035,.T.);
#4164=EDGE_CURVE('',#3239,#3231,#1036,.T.);
#4165=EDGE_CURVE('',#3241,#3344,#1037,.T.);
#4166=EDGE_CURVE('',#3250,#3344,#1038,.T.);
#4167=EDGE_CURVE('',#3262,#3254,#1039,.T.);
#4168=EDGE_CURVE('',#3276,#3268,#1040,.T.);
#4169=EDGE_CURVE('',#3295,#3284,#1041,.T.);
#4170=EDGE_CURVE('',#3313,#3303,#1042,.T.);
#4171=EDGE_CURVE('',#3333,#3323,#1043,.T.);
#4172=EDGE_CURVE('',#3329,#3332,#1044,.T.);
#4173=EDGE_CURVE('',#3322,#3328,#1045,.T.);
#4174=EDGE_CURVE('',#3309,#3321,#1046,.T.);
#4175=EDGE_CURVE('',#3302,#3308,#1047,.T.);
#4176=EDGE_CURVE('',#3291,#3301,#1048,.T.);
#4177=EDGE_CURVE('',#3283,#3290,#1049,.T.);
#4178=EDGE_CURVE('',#3272,#3282,#1050,.T.);
#4179=EDGE_CURVE('',#3267,#3271,#1051,.T.);
#4180=EDGE_CURVE('',#3258,#3266,#1052,.T.);
#4181=EDGE_CURVE('',#3246,#3257,#1053,.T.);
#4182=EDGE_CURVE('',#3235,#3245,#1054,.T.);
#4183=EDGE_CURVE('',#3223,#3234,#1055,.T.);
#4184=EDGE_CURVE('',#3229,#3345,#1056,.T.);
#4185=EDGE_CURVE('',#3345,#3346,#1057,.T.);
#4186=EDGE_CURVE('',#3346,#3230,#1058,.T.);
#4187=EDGE_CURVE('',#3347,#3348,#1059,.T.);
#4188=EDGE_CURVE('',#3348,#3349,#1060,.T.);
#4189=EDGE_CURVE('',#3349,#3347,#1061,.T.);
#4190=EDGE_CURVE('',#3224,#3221,#1062,.T.);
#4191=EDGE_CURVE('',#3220,#3225,#1063,.T.);
#4192=EDGE_CURVE('',#3252,#3350,#1064,.T.);
#4193=EDGE_CURVE('',#3350,#3351,#1065,.T.);
#4194=EDGE_CURVE('',#3351,#3253,#1066,.T.);
#4195=EDGE_CURVE('',#3247,#3243,#1067,.T.);
#4196=EDGE_CURVE('',#3242,#3248,#1068,.T.);
#4197=EDGE_CURVE('',#3285,#3297,#1069,.T.);
#4198=EDGE_CURVE('',#3296,#3286,#1070,.T.);
#4199=EDGE_CURVE('',#3316,#3305,#1071,.T.);
#4200=EDGE_CURVE('',#3304,#3317,#1072,.T.);
#4201=EDGE_CURVE('',#3310,#3352,#1073,.T.);
#4202=EDGE_CURVE('',#3352,#3353,#1074,.T.);
#4203=EDGE_CURVE('',#3353,#3311,#1075,.T.);
#4204=EDGE_CURVE('',#3354,#3293,#1076,.T.);
#4205=EDGE_CURVE('',#3292,#3355,#1077,.T.);
#4206=EDGE_CURVE('',#3355,#3354,#1078,.T.);
#4207=EDGE_CURVE('',#3236,#3356,#1079,.T.);
#4208=EDGE_CURVE('',#3356,#3357,#1080,.T.);
#4209=EDGE_CURVE('',#3357,#3237,#1081,.T.);
#4210=EDGE_CURVE('',#3211,#3358,#1082,.T.);
#4211=EDGE_CURVE('',#3358,#3359,#1083,.T.);
#4212=EDGE_CURVE('',#3359,#3212,#1084,.T.);
#4213=EDGE_CURVE('',#3194,#3190,#1085,.T.);
#4214=EDGE_CURVE('',#3189,#3195,#1086,.T.);
#4215=EDGE_CURVE('',#3181,#3187,#1087,.T.);
#4216=EDGE_CURVE('',#3186,#3182,#1088,.T.);
#4217=EDGE_CURVE('',#3179,#3360,#1089,.T.);
#4218=EDGE_CURVE('',#3360,#3180,#1090,.T.);
#4219=EDGE_CURVE('',#3197,#3201,#1091,.T.);
#4220=EDGE_CURVE('',#3200,#3198,#1092,.T.);
#4221=EDGE_CURVE('',#3361,#3362,#1093,.T.);
#4222=EDGE_CURVE('',#3362,#3206,#1094,.T.);
#4223=EDGE_CURVE('',#3205,#3361,#1095,.T.);
#4224=EDGE_CURVE('',#3363,#3260,#1096,.T.);
#4225=EDGE_CURVE('',#3259,#3364,#1097,.T.);
#4226=EDGE_CURVE('',#3364,#3363,#1098,.T.);
#4227=EDGE_CURVE('',#3273,#3365,#1099,.T.);
#4228=EDGE_CURVE('',#3365,#3366,#1100,.T.);
#4229=EDGE_CURVE('',#3366,#3274,#1101,.T.);
#4230=EDGE_CURVE('',#3367,#3331,#1102,.T.);
#4231=EDGE_CURVE('',#3330,#3368,#1103,.T.);
#4232=EDGE_CURVE('',#3368,#3367,#1104,.T.);
#4233=EDGE_CURVE('',#3324,#3337,#1105,.T.);
#4234=EDGE_CURVE('',#3336,#3325,#1106,.T.);
#4235=EDGE_CURVE('',#3277,#3369,#1107,.T.);
#4236=EDGE_CURVE('',#3369,#3370,#1108,.T.);
#4237=EDGE_CURVE('',#3370,#3278,#1109,.T.);
#4238=EDGE_CURVE('',#3340,#2912,#1110,.T.);
#4239=EDGE_CURVE('',#2913,#3339,#1111,.T.);
#4240=EDGE_CURVE('',#3367,#3067,#1112,.T.);
#4241=EDGE_CURVE('',#3066,#3368,#1113,.T.);
#4242=EDGE_CURVE('',#3354,#3079,#1114,.T.);
#4243=EDGE_CURVE('',#3078,#3355,#1115,.T.);
#4244=EDGE_CURVE('',#3363,#3047,#1116,.T.);
#4245=EDGE_CURVE('',#3046,#3364,#1117,.T.);
#4246=EDGE_CURVE('',#3362,#3098,#1118,.T.);
#4247=EDGE_CURVE('',#3099,#3361,#1119,.T.);
#4248=EDGE_CURVE('',#2961,#3338,#1120,.T.);
#4249=EDGE_CURVE('',#3357,#3039,#1121,.T.);
#4250=EDGE_CURVE('',#3038,#3356,#1122,.T.);
#4251=EDGE_CURVE('',#3359,#3094,#1123,.T.);
#4252=EDGE_CURVE('',#3095,#3358,#1124,.T.);
#4253=EDGE_CURVE('',#3366,#3055,#1125,.T.);
#4254=EDGE_CURVE('',#3054,#3365,#1126,.T.);
#4255=EDGE_CURVE('',#3353,#3063,#1127,.T.);
#4256=EDGE_CURVE('',#3062,#3352,#1128,.T.);
#4257=EDGE_CURVE('',#3342,#2907,#1129,.T.);
#4258=EDGE_CURVE('',#2909,#3341,#1130,.T.);
#4259=EDGE_CURVE('',#3351,#3051,#1131,.T.);
#4260=EDGE_CURVE('',#3052,#3350,#1132,.T.);
#4261=EDGE_CURVE('',#3370,#3083,#1133,.T.);
#4262=EDGE_CURVE('',#3082,#3369,#1134,.T.);
#4263=EDGE_CURVE('',#3346,#3087,#1135,.T.);
#4264=EDGE_CURVE('',#3088,#3345,#1136,.T.);
#4265=EDGE_CURVE('',#3344,#3016,#1137,.T.);
#4266=EDGE_CURVE('',#3348,#3091,#1138,.T.);
#4267=EDGE_CURVE('',#3090,#3347,#1139,.T.);
#4268=EDGE_CURVE('',#3343,#3024,#1140,.T.);
#4269=EDGE_CURVE('',#3107,#3360,#1141,.T.);
#4270=EDGE_CURVE('',#3092,#3349,#1142,.T.);
#4271=ORIENTED_EDGE('',*,*,#3371,.T.);
#4272=ORIENTED_EDGE('',*,*,#3372,.T.);
#4273=ORIENTED_EDGE('',*,*,#3373,.T.);
#4274=ORIENTED_EDGE('',*,*,#3374,.T.);
#4275=ORIENTED_EDGE('',*,*,#3375,.T.);
#4276=ORIENTED_EDGE('',*,*,#3376,.T.);
#4277=ORIENTED_EDGE('',*,*,#3372,.F.);
#4278=ORIENTED_EDGE('',*,*,#3377,.T.);
#4279=ORIENTED_EDGE('',*,*,#3378,.T.);
#4280=ORIENTED_EDGE('',*,*,#3379,.T.);
#4281=ORIENTED_EDGE('',*,*,#3375,.F.);
#4282=ORIENTED_EDGE('',*,*,#3380,.T.);
#4283=ORIENTED_EDGE('',*,*,#3381,.T.);
#4284=ORIENTED_EDGE('',*,*,#3382,.T.);
#4285=ORIENTED_EDGE('',*,*,#3378,.F.);
#4286=ORIENTED_EDGE('',*,*,#3383,.T.);
#4287=ORIENTED_EDGE('',*,*,#3384,.T.);
#4288=ORIENTED_EDGE('',*,*,#3385,.T.);
#4289=ORIENTED_EDGE('',*,*,#3386,.T.);
#4290=ORIENTED_EDGE('',*,*,#3387,.T.);
#4291=ORIENTED_EDGE('',*,*,#3388,.T.);
#4292=ORIENTED_EDGE('',*,*,#3389,.T.);
#4293=ORIENTED_EDGE('',*,*,#3386,.F.);
#4294=ORIENTED_EDGE('',*,*,#3390,.T.);
#4295=ORIENTED_EDGE('',*,*,#3391,.T.);
#4296=ORIENTED_EDGE('',*,*,#3388,.F.);
#4297=ORIENTED_EDGE('',*,*,#3392,.T.);
#4298=ORIENTED_EDGE('',*,*,#3393,.T.);
#4299=ORIENTED_EDGE('',*,*,#3394,.T.);
#4300=ORIENTED_EDGE('',*,*,#3395,.T.);
#4301=ORIENTED_EDGE('',*,*,#3396,.T.);
#4302=ORIENTED_EDGE('',*,*,#3393,.F.);
#4303=ORIENTED_EDGE('',*,*,#3397,.T.);
#4304=ORIENTED_EDGE('',*,*,#3398,.T.);
#4305=ORIENTED_EDGE('',*,*,#3395,.F.);
#4306=ORIENTED_EDGE('',*,*,#3399,.T.);
#4307=ORIENTED_EDGE('',*,*,#3400,.T.);
#4308=ORIENTED_EDGE('',*,*,#3401,.T.);
#4309=ORIENTED_EDGE('',*,*,#3397,.F.);
#4310=ORIENTED_EDGE('',*,*,#3402,.T.);
#4311=ORIENTED_EDGE('',*,*,#3403,.T.);
#4312=ORIENTED_EDGE('',*,*,#3404,.T.);
#4313=ORIENTED_EDGE('',*,*,#3400,.F.);
#4314=ORIENTED_EDGE('',*,*,#3405,.T.);
#4315=ORIENTED_EDGE('',*,*,#3406,.T.);
#4316=ORIENTED_EDGE('',*,*,#3403,.F.);
#4317=ORIENTED_EDGE('',*,*,#3407,.T.);
#4318=ORIENTED_EDGE('',*,*,#3408,.T.);
#4319=ORIENTED_EDGE('',*,*,#3374,.F.);
#4320=ORIENTED_EDGE('',*,*,#3384,.F.);
#4321=ORIENTED_EDGE('',*,*,#3409,.T.);
#4322=ORIENTED_EDGE('',*,*,#3381,.F.);
#4323=ORIENTED_EDGE('',*,*,#3392,.F.);
#4324=ORIENTED_EDGE('',*,*,#3390,.F.);
#4325=ORIENTED_EDGE('',*,*,#3385,.F.);
#4326=ORIENTED_EDGE('',*,*,#3383,.F.);
#4327=ORIENTED_EDGE('',*,*,#3380,.F.);
#4328=ORIENTED_EDGE('',*,*,#3377,.F.);
#4329=ORIENTED_EDGE('',*,*,#3371,.F.);
#4330=ORIENTED_EDGE('',*,*,#3408,.F.);
#4331=ORIENTED_EDGE('',*,*,#3410,.F.);
#4332=ORIENTED_EDGE('',*,*,#3406,.F.);
#4333=ORIENTED_EDGE('',*,*,#3373,.F.);
#4334=ORIENTED_EDGE('',*,*,#3411,.T.);
#4335=ORIENTED_EDGE('',*,*,#3412,.T.);
#4336=ORIENTED_EDGE('',*,*,#3413,.T.);
#4337=ORIENTED_EDGE('',*,*,#3414,.F.);
#4338=ORIENTED_EDGE('',*,*,#3376,.F.);
#4339=ORIENTED_EDGE('',*,*,#3415,.F.);
#4340=ORIENTED_EDGE('',*,*,#3416,.F.);
#4341=ORIENTED_EDGE('',*,*,#3411,.F.);
#4342=ORIENTED_EDGE('',*,*,#3379,.F.);
#4343=ORIENTED_EDGE('',*,*,#3417,.T.);
#4344=ORIENTED_EDGE('',*,*,#3418,.F.);
#4345=ORIENTED_EDGE('',*,*,#3415,.T.);
#4346=ORIENTED_EDGE('',*,*,#3382,.F.);
#4347=ORIENTED_EDGE('',*,*,#3419,.F.);
#4348=ORIENTED_EDGE('',*,*,#3420,.F.);
#4349=ORIENTED_EDGE('',*,*,#3421,.F.);
#4350=ORIENTED_EDGE('',*,*,#3422,.F.);
#4351=ORIENTED_EDGE('',*,*,#3423,.T.);
#4352=ORIENTED_EDGE('',*,*,#3424,.F.);
#4353=ORIENTED_EDGE('',*,*,#3417,.F.);
#4354=ORIENTED_EDGE('',*,*,#3409,.F.);
#4355=ORIENTED_EDGE('',*,*,#3425,.T.);
#4356=ORIENTED_EDGE('',*,*,#3426,.T.);
#4357=ORIENTED_EDGE('',*,*,#3419,.T.);
#4358=ORIENTED_EDGE('',*,*,#3387,.F.);
#4359=ORIENTED_EDGE('',*,*,#3427,.F.);
#4360=ORIENTED_EDGE('',*,*,#3428,.F.);
#4361=ORIENTED_EDGE('',*,*,#3425,.F.);
#4362=ORIENTED_EDGE('',*,*,#3429,.T.);
#4363=ORIENTED_EDGE('',*,*,#3430,.T.);
#4364=ORIENTED_EDGE('',*,*,#3431,.T.);
#4365=ORIENTED_EDGE('',*,*,#3432,.T.);
#4366=ORIENTED_EDGE('',*,*,#3433,.T.);
#4367=ORIENTED_EDGE('',*,*,#3434,.T.);
#4368=ORIENTED_EDGE('',*,*,#3430,.F.);
#4369=ORIENTED_EDGE('',*,*,#3435,.T.);
#4370=ORIENTED_EDGE('',*,*,#3436,.T.);
#4371=ORIENTED_EDGE('',*,*,#3437,.T.);
#4372=ORIENTED_EDGE('',*,*,#3433,.F.);
#4373=ORIENTED_EDGE('',*,*,#3438,.T.);
#4374=ORIENTED_EDGE('',*,*,#3439,.T.);
#4375=ORIENTED_EDGE('',*,*,#3440,.T.);
#4376=ORIENTED_EDGE('',*,*,#3436,.F.);
#4377=ORIENTED_EDGE('',*,*,#3441,.T.);
#4378=ORIENTED_EDGE('',*,*,#3442,.T.);
#4379=ORIENTED_EDGE('',*,*,#3443,.T.);
#4380=ORIENTED_EDGE('',*,*,#3444,.T.);
#4381=ORIENTED_EDGE('',*,*,#3445,.T.);
#4382=ORIENTED_EDGE('',*,*,#3446,.T.);
#4383=ORIENTED_EDGE('',*,*,#3447,.T.);
#4384=ORIENTED_EDGE('',*,*,#3442,.F.);
#4385=ORIENTED_EDGE('',*,*,#3448,.T.);
#4386=ORIENTED_EDGE('',*,*,#3449,.T.);
#4387=ORIENTED_EDGE('',*,*,#3450,.T.);
#4388=ORIENTED_EDGE('',*,*,#3446,.F.);
#4389=ORIENTED_EDGE('',*,*,#3451,.T.);
#4390=ORIENTED_EDGE('',*,*,#3452,.T.);
#4391=ORIENTED_EDGE('',*,*,#3453,.T.);
#4392=ORIENTED_EDGE('',*,*,#3449,.F.);
#4393=ORIENTED_EDGE('',*,*,#3454,.T.);
#4394=ORIENTED_EDGE('',*,*,#3455,.T.);
#4395=ORIENTED_EDGE('',*,*,#3452,.F.);
#4396=ORIENTED_EDGE('',*,*,#3456,.T.);
#4397=ORIENTED_EDGE('',*,*,#3432,.F.);
#4398=ORIENTED_EDGE('',*,*,#3439,.F.);
#4399=ORIENTED_EDGE('',*,*,#3457,.T.);
#4400=ORIENTED_EDGE('',*,*,#3458,.T.);
#4401=ORIENTED_EDGE('',*,*,#3459,.T.);
#4402=ORIENTED_EDGE('',*,*,#3460,.F.);
#4403=ORIENTED_EDGE('',*,*,#3441,.F.);
#4404=ORIENTED_EDGE('',*,*,#3438,.F.);
#4405=ORIENTED_EDGE('',*,*,#3435,.F.);
#4406=ORIENTED_EDGE('',*,*,#3429,.F.);
#4407=ORIENTED_EDGE('',*,*,#3461,.F.);
#4408=ORIENTED_EDGE('',*,*,#3444,.F.);
#4409=ORIENTED_EDGE('',*,*,#3462,.F.);
#4410=ORIENTED_EDGE('',*,*,#3457,.F.);
#4411=ORIENTED_EDGE('',*,*,#3456,.F.);
#4412=ORIENTED_EDGE('',*,*,#3454,.F.);
#4413=ORIENTED_EDGE('',*,*,#3451,.F.);
#4414=ORIENTED_EDGE('',*,*,#3448,.F.);
#4415=ORIENTED_EDGE('',*,*,#3445,.F.);
#4416=ORIENTED_EDGE('',*,*,#3461,.T.);
#4417=ORIENTED_EDGE('',*,*,#3394,.F.);
#4418=ORIENTED_EDGE('',*,*,#3410,.T.);
#4419=ORIENTED_EDGE('',*,*,#3407,.F.);
#4420=ORIENTED_EDGE('',*,*,#3405,.F.);
#4421=ORIENTED_EDGE('',*,*,#3402,.F.);
#4422=ORIENTED_EDGE('',*,*,#3399,.F.);
#4423=ORIENTED_EDGE('',*,*,#3389,.F.);
#4424=ORIENTED_EDGE('',*,*,#3463,.T.);
#4425=ORIENTED_EDGE('',*,*,#3464,.T.);
#4426=ORIENTED_EDGE('',*,*,#3427,.T.);
#4427=ORIENTED_EDGE('',*,*,#3396,.F.);
#4428=ORIENTED_EDGE('',*,*,#3465,.F.);
#4429=ORIENTED_EDGE('',*,*,#3455,.F.);
#4430=ORIENTED_EDGE('',*,*,#3431,.F.);
#4431=ORIENTED_EDGE('',*,*,#3466,.F.);
#4432=ORIENTED_EDGE('',*,*,#3467,.T.);
#4433=ORIENTED_EDGE('',*,*,#3468,.F.);
#4434=ORIENTED_EDGE('',*,*,#3469,.T.);
#4435=ORIENTED_EDGE('',*,*,#3470,.F.);
#4436=ORIENTED_EDGE('',*,*,#3471,.T.);
#4437=ORIENTED_EDGE('',*,*,#3472,.F.);
#4438=ORIENTED_EDGE('',*,*,#3473,.F.);
#4439=ORIENTED_EDGE('',*,*,#3463,.F.);
#4440=ORIENTED_EDGE('',*,*,#3391,.F.);
#4441=ORIENTED_EDGE('',*,*,#3474,.F.);
#4442=ORIENTED_EDGE('',*,*,#3475,.F.);
#4443=ORIENTED_EDGE('',*,*,#3476,.F.);
#4444=ORIENTED_EDGE('',*,*,#3477,.F.);
#4445=ORIENTED_EDGE('',*,*,#3478,.F.);
#4446=ORIENTED_EDGE('',*,*,#3479,.F.);
#4447=ORIENTED_EDGE('',*,*,#3480,.F.);
#4448=ORIENTED_EDGE('',*,*,#3481,.F.);
#4449=ORIENTED_EDGE('',*,*,#3482,.F.);
#4450=ORIENTED_EDGE('',*,*,#3483,.F.);
#4451=ORIENTED_EDGE('',*,*,#3484,.F.);
#4452=ORIENTED_EDGE('',*,*,#3485,.F.);
#4453=ORIENTED_EDGE('',*,*,#3486,.F.);
#4454=ORIENTED_EDGE('',*,*,#3437,.F.);
#4455=ORIENTED_EDGE('',*,*,#3487,.F.);
#4456=ORIENTED_EDGE('',*,*,#3488,.F.);
#4457=ORIENTED_EDGE('',*,*,#3489,.F.);
#4458=ORIENTED_EDGE('',*,*,#3490,.T.);
#4459=ORIENTED_EDGE('',*,*,#3491,.T.);
#4460=ORIENTED_EDGE('',*,*,#3492,.T.);
#4461=ORIENTED_EDGE('',*,*,#3493,.F.);
#4462=ORIENTED_EDGE('',*,*,#3494,.T.);
#4463=ORIENTED_EDGE('',*,*,#3495,.T.);
#4464=ORIENTED_EDGE('',*,*,#3496,.F.);
#4465=ORIENTED_EDGE('',*,*,#3440,.F.);
#4466=ORIENTED_EDGE('',*,*,#3460,.T.);
#4467=ORIENTED_EDGE('',*,*,#3497,.T.);
#4468=ORIENTED_EDGE('',*,*,#3422,.T.);
#4469=ORIENTED_EDGE('',*,*,#3498,.F.);
#4470=ORIENTED_EDGE('',*,*,#3487,.T.);
#4471=ORIENTED_EDGE('',*,*,#3443,.F.);
#4472=ORIENTED_EDGE('',*,*,#3499,.F.);
#4473=ORIENTED_EDGE('',*,*,#3413,.F.);
#4474=ORIENTED_EDGE('',*,*,#3500,.F.);
#4475=ORIENTED_EDGE('',*,*,#3458,.F.);
#4476=ORIENTED_EDGE('',*,*,#3462,.T.);
#4477=ORIENTED_EDGE('',*,*,#3501,.F.);
#4478=ORIENTED_EDGE('',*,*,#3502,.F.);
#4479=ORIENTED_EDGE('',*,*,#3503,.F.);
#4480=ORIENTED_EDGE('',*,*,#3504,.F.);
#4481=ORIENTED_EDGE('',*,*,#3505,.F.);
#4482=ORIENTED_EDGE('',*,*,#3506,.F.);
#4483=ORIENTED_EDGE('',*,*,#3507,.F.);
#4484=ORIENTED_EDGE('',*,*,#3508,.F.);
#4485=ORIENTED_EDGE('',*,*,#3509,.F.);
#4486=ORIENTED_EDGE('',*,*,#3510,.F.);
#4487=ORIENTED_EDGE('',*,*,#3511,.F.);
#4488=ORIENTED_EDGE('',*,*,#3512,.F.);
#4489=ORIENTED_EDGE('',*,*,#3513,.F.);
#4490=ORIENTED_EDGE('',*,*,#3447,.F.);
#4491=ORIENTED_EDGE('',*,*,#3514,.T.);
#4492=ORIENTED_EDGE('',*,*,#3515,.T.);
#4493=ORIENTED_EDGE('',*,*,#3499,.T.);
#4494=ORIENTED_EDGE('',*,*,#3404,.F.);
#4495=ORIENTED_EDGE('',*,*,#3414,.T.);
#4496=ORIENTED_EDGE('',*,*,#3515,.F.);
#4497=ORIENTED_EDGE('',*,*,#3516,.T.);
#4498=ORIENTED_EDGE('',*,*,#3398,.F.);
#4499=ORIENTED_EDGE('',*,*,#3517,.T.);
#4500=ORIENTED_EDGE('',*,*,#3453,.F.);
#4501=ORIENTED_EDGE('',*,*,#3465,.T.);
#4502=ORIENTED_EDGE('',*,*,#3401,.F.);
#4503=ORIENTED_EDGE('',*,*,#3516,.F.);
#4504=ORIENTED_EDGE('',*,*,#3514,.F.);
#4505=ORIENTED_EDGE('',*,*,#3450,.F.);
#4506=ORIENTED_EDGE('',*,*,#3517,.F.);
#4507=ORIENTED_EDGE('',*,*,#3434,.F.);
#4508=ORIENTED_EDGE('',*,*,#3496,.T.);
#4509=ORIENTED_EDGE('',*,*,#3518,.T.);
#4510=ORIENTED_EDGE('',*,*,#3466,.T.);
#4511=ORIENTED_EDGE('',*,*,#3519,.T.);
#4512=ORIENTED_EDGE('',*,*,#3498,.T.);
#4513=ORIENTED_EDGE('',*,*,#3520,.T.);
#4514=ORIENTED_EDGE('',*,*,#3521,.T.);
#4515=ORIENTED_EDGE('',*,*,#3522,.T.);
#4516=ORIENTED_EDGE('',*,*,#3464,.F.);
#4517=ORIENTED_EDGE('',*,*,#3473,.T.);
#4518=ORIENTED_EDGE('',*,*,#3523,.T.);
#4519=ORIENTED_EDGE('',*,*,#3524,.T.);
#4520=ORIENTED_EDGE('',*,*,#3521,.F.);
#4521=ORIENTED_EDGE('',*,*,#3472,.T.);
#4522=ORIENTED_EDGE('',*,*,#3519,.F.);
#4523=ORIENTED_EDGE('',*,*,#3525,.T.);
#4524=ORIENTED_EDGE('',*,*,#3526,.T.);
#4525=ORIENTED_EDGE('',*,*,#3488,.T.);
#4526=ORIENTED_EDGE('',*,*,#3412,.F.);
#4527=ORIENTED_EDGE('',*,*,#3416,.T.);
#4528=ORIENTED_EDGE('',*,*,#3527,.T.);
#4529=ORIENTED_EDGE('',*,*,#3528,.T.);
#4530=ORIENTED_EDGE('',*,*,#3424,.T.);
#4531=ORIENTED_EDGE('',*,*,#3529,.T.);
#4532=ORIENTED_EDGE('',*,*,#3527,.F.);
#4533=ORIENTED_EDGE('',*,*,#3418,.T.);
#4534=ORIENTED_EDGE('',*,*,#3497,.F.);
#4535=ORIENTED_EDGE('',*,*,#3459,.F.);
#4536=ORIENTED_EDGE('',*,*,#3500,.T.);
#4537=ORIENTED_EDGE('',*,*,#3528,.F.);
#4538=ORIENTED_EDGE('',*,*,#3529,.F.);
#4539=ORIENTED_EDGE('',*,*,#3423,.F.);
#4540=ORIENTED_EDGE('',*,*,#3530,.F.);
#4541=ORIENTED_EDGE('',*,*,#3531,.F.);
#4542=ORIENTED_EDGE('',*,*,#3532,.F.);
#4543=ORIENTED_EDGE('',*,*,#3533,.F.);
#4544=ORIENTED_EDGE('',*,*,#3534,.T.);
#4545=ORIENTED_EDGE('',*,*,#3531,.T.);
#4546=ORIENTED_EDGE('',*,*,#3535,.T.);
#4547=ORIENTED_EDGE('',*,*,#3536,.T.);
#4548=ORIENTED_EDGE('',*,*,#3537,.T.);
#4549=ORIENTED_EDGE('',*,*,#3532,.T.);
#4550=ORIENTED_EDGE('',*,*,#3538,.T.);
#4551=ORIENTED_EDGE('',*,*,#3470,.T.);
#4552=ORIENTED_EDGE('',*,*,#3539,.T.);
#4553=ORIENTED_EDGE('',*,*,#3530,.T.);
#4554=ORIENTED_EDGE('',*,*,#3540,.T.);
#4555=ORIENTED_EDGE('',*,*,#3541,.F.);
#4556=ORIENTED_EDGE('',*,*,#3538,.F.);
#4557=ORIENTED_EDGE('',*,*,#3534,.F.);
#4558=ORIENTED_EDGE('',*,*,#3542,.F.);
#4559=ORIENTED_EDGE('',*,*,#3543,.F.);
#4560=ORIENTED_EDGE('',*,*,#3544,.F.);
#4561=ORIENTED_EDGE('',*,*,#3545,.T.);
#4562=ORIENTED_EDGE('',*,*,#3546,.F.);
#4563=ORIENTED_EDGE('',*,*,#3547,.T.);
#4564=ORIENTED_EDGE('',*,*,#3491,.F.);
#4565=ORIENTED_EDGE('',*,*,#3548,.F.);
#4566=ORIENTED_EDGE('',*,*,#3549,.T.);
#4567=ORIENTED_EDGE('',*,*,#3550,.F.);
#4568=ORIENTED_EDGE('',*,*,#3551,.F.);
#4569=ORIENTED_EDGE('',*,*,#3552,.F.);
#4570=ORIENTED_EDGE('',*,*,#3553,.T.);
#4571=ORIENTED_EDGE('',*,*,#3554,.F.);
#4572=ORIENTED_EDGE('',*,*,#3555,.F.);
#4573=ORIENTED_EDGE('',*,*,#3556,.F.);
#4574=ORIENTED_EDGE('',*,*,#3557,.T.);
#4575=ORIENTED_EDGE('',*,*,#3558,.F.);
#4576=ORIENTED_EDGE('',*,*,#3559,.F.);
#4577=ORIENTED_EDGE('',*,*,#3560,.F.);
#4578=ORIENTED_EDGE('',*,*,#3561,.T.);
#4579=ORIENTED_EDGE('',*,*,#3562,.F.);
#4580=ORIENTED_EDGE('',*,*,#3563,.F.);
#4581=ORIENTED_EDGE('',*,*,#3564,.F.);
#4582=ORIENTED_EDGE('',*,*,#3565,.T.);
#4583=ORIENTED_EDGE('',*,*,#3566,.F.);
#4584=ORIENTED_EDGE('',*,*,#3567,.F.);
#4585=ORIENTED_EDGE('',*,*,#3568,.F.);
#4586=ORIENTED_EDGE('',*,*,#3569,.T.);
#4587=ORIENTED_EDGE('',*,*,#3570,.F.);
#4588=ORIENTED_EDGE('',*,*,#3571,.F.);
#4589=ORIENTED_EDGE('',*,*,#3572,.F.);
#4590=ORIENTED_EDGE('',*,*,#3573,.T.);
#4591=ORIENTED_EDGE('',*,*,#3574,.F.);
#4592=ORIENTED_EDGE('',*,*,#3575,.F.);
#4593=ORIENTED_EDGE('',*,*,#3576,.F.);
#4594=ORIENTED_EDGE('',*,*,#3577,.T.);
#4595=ORIENTED_EDGE('',*,*,#3578,.F.);
#4596=ORIENTED_EDGE('',*,*,#3579,.F.);
#4597=ORIENTED_EDGE('',*,*,#3580,.F.);
#4598=ORIENTED_EDGE('',*,*,#3581,.T.);
#4599=ORIENTED_EDGE('',*,*,#3582,.F.);
#4600=ORIENTED_EDGE('',*,*,#3583,.F.);
#4601=ORIENTED_EDGE('',*,*,#3584,.F.);
#4602=ORIENTED_EDGE('',*,*,#3585,.T.);
#4603=ORIENTED_EDGE('',*,*,#3586,.F.);
#4604=ORIENTED_EDGE('',*,*,#3587,.F.);
#4605=ORIENTED_EDGE('',*,*,#3588,.F.);
#4606=ORIENTED_EDGE('',*,*,#3589,.T.);
#4607=ORIENTED_EDGE('',*,*,#3590,.F.);
#4608=ORIENTED_EDGE('',*,*,#3591,.F.);
#4609=ORIENTED_EDGE('',*,*,#3592,.F.);
#4610=ORIENTED_EDGE('',*,*,#3593,.T.);
#4611=ORIENTED_EDGE('',*,*,#3594,.F.);
#4612=ORIENTED_EDGE('',*,*,#3595,.F.);
#4613=ORIENTED_EDGE('',*,*,#3596,.F.);
#4614=ORIENTED_EDGE('',*,*,#3597,.T.);
#4615=ORIENTED_EDGE('',*,*,#3598,.F.);
#4616=ORIENTED_EDGE('',*,*,#3599,.F.);
#4617=ORIENTED_EDGE('',*,*,#3600,.F.);
#4618=ORIENTED_EDGE('',*,*,#3601,.T.);
#4619=ORIENTED_EDGE('',*,*,#3602,.F.);
#4620=ORIENTED_EDGE('',*,*,#3603,.T.);
#4621=ORIENTED_EDGE('',*,*,#3604,.T.);
#4622=ORIENTED_EDGE('',*,*,#3605,.T.);
#4623=ORIENTED_EDGE('',*,*,#3606,.T.);
#4624=ORIENTED_EDGE('',*,*,#3607,.T.);
#4625=ORIENTED_EDGE('',*,*,#3608,.F.);
#4626=ORIENTED_EDGE('',*,*,#3609,.F.);
#4627=ORIENTED_EDGE('',*,*,#3610,.F.);
#4628=ORIENTED_EDGE('',*,*,#3611,.F.);
#4629=ORIENTED_EDGE('',*,*,#3612,.F.);
#4630=ORIENTED_EDGE('',*,*,#3613,.F.);
#4631=ORIENTED_EDGE('',*,*,#3614,.F.);
#4632=ORIENTED_EDGE('',*,*,#3615,.F.);
#4633=ORIENTED_EDGE('',*,*,#3616,.F.);
#4634=ORIENTED_EDGE('',*,*,#3617,.F.);
#4635=ORIENTED_EDGE('',*,*,#3618,.F.);
#4636=ORIENTED_EDGE('',*,*,#3619,.F.);
#4637=ORIENTED_EDGE('',*,*,#3620,.F.);
#4638=ORIENTED_EDGE('',*,*,#3621,.F.);
#4639=ORIENTED_EDGE('',*,*,#3622,.F.);
#4640=ORIENTED_EDGE('',*,*,#3623,.F.);
#4641=ORIENTED_EDGE('',*,*,#3624,.F.);
#4642=ORIENTED_EDGE('',*,*,#3625,.F.);
#4643=ORIENTED_EDGE('',*,*,#3626,.F.);
#4644=ORIENTED_EDGE('',*,*,#3627,.F.);
#4645=ORIENTED_EDGE('',*,*,#3628,.F.);
#4646=ORIENTED_EDGE('',*,*,#3629,.F.);
#4647=ORIENTED_EDGE('',*,*,#3630,.F.);
#4648=ORIENTED_EDGE('',*,*,#3631,.F.);
#4649=ORIENTED_EDGE('',*,*,#3632,.F.);
#4650=ORIENTED_EDGE('',*,*,#3633,.F.);
#4651=ORIENTED_EDGE('',*,*,#3634,.F.);
#4652=ORIENTED_EDGE('',*,*,#3635,.F.);
#4653=ORIENTED_EDGE('',*,*,#3636,.F.);
#4654=ORIENTED_EDGE('',*,*,#3637,.F.);
#4655=ORIENTED_EDGE('',*,*,#3638,.F.);
#4656=ORIENTED_EDGE('',*,*,#3639,.F.);
#4657=ORIENTED_EDGE('',*,*,#3640,.F.);
#4658=ORIENTED_EDGE('',*,*,#3641,.F.);
#4659=ORIENTED_EDGE('',*,*,#3642,.F.);
#4660=ORIENTED_EDGE('',*,*,#3643,.F.);
#4661=ORIENTED_EDGE('',*,*,#3644,.F.);
#4662=ORIENTED_EDGE('',*,*,#3645,.F.);
#4663=ORIENTED_EDGE('',*,*,#3646,.F.);
#4664=ORIENTED_EDGE('',*,*,#3647,.F.);
#4665=ORIENTED_EDGE('',*,*,#3648,.F.);
#4666=ORIENTED_EDGE('',*,*,#3649,.F.);
#4667=ORIENTED_EDGE('',*,*,#3650,.F.);
#4668=ORIENTED_EDGE('',*,*,#3651,.F.);
#4669=ORIENTED_EDGE('',*,*,#3652,.F.);
#4670=ORIENTED_EDGE('',*,*,#3653,.F.);
#4671=ORIENTED_EDGE('',*,*,#3654,.F.);
#4672=ORIENTED_EDGE('',*,*,#3655,.F.);
#4673=ORIENTED_EDGE('',*,*,#3656,.F.);
#4674=ORIENTED_EDGE('',*,*,#3657,.F.);
#4675=ORIENTED_EDGE('',*,*,#3658,.F.);
#4676=ORIENTED_EDGE('',*,*,#3659,.F.);
#4677=ORIENTED_EDGE('',*,*,#3660,.F.);
#4678=ORIENTED_EDGE('',*,*,#3661,.F.);
#4679=ORIENTED_EDGE('',*,*,#3662,.F.);
#4680=ORIENTED_EDGE('',*,*,#3663,.F.);
#4681=ORIENTED_EDGE('',*,*,#3664,.F.);
#4682=ORIENTED_EDGE('',*,*,#3665,.F.);
#4683=ORIENTED_EDGE('',*,*,#3666,.T.);
#4684=ORIENTED_EDGE('',*,*,#3667,.F.);
#4685=ORIENTED_EDGE('',*,*,#3668,.T.);
#4686=ORIENTED_EDGE('',*,*,#3669,.F.);
#4687=ORIENTED_EDGE('',*,*,#3670,.T.);
#4688=ORIENTED_EDGE('',*,*,#3671,.F.);
#4689=ORIENTED_EDGE('',*,*,#3672,.T.);
#4690=ORIENTED_EDGE('',*,*,#3673,.F.);
#4691=ORIENTED_EDGE('',*,*,#3674,.T.);
#4692=ORIENTED_EDGE('',*,*,#3675,.F.);
#4693=ORIENTED_EDGE('',*,*,#3676,.T.);
#4694=ORIENTED_EDGE('',*,*,#3677,.F.);
#4695=ORIENTED_EDGE('',*,*,#3678,.F.);
#4696=ORIENTED_EDGE('',*,*,#3679,.T.);
#4697=ORIENTED_EDGE('',*,*,#3680,.F.);
#4698=ORIENTED_EDGE('',*,*,#3681,.T.);
#4699=ORIENTED_EDGE('',*,*,#3682,.T.);
#4700=ORIENTED_EDGE('',*,*,#3683,.F.);
#4701=ORIENTED_EDGE('',*,*,#3684,.T.);
#4702=ORIENTED_EDGE('',*,*,#3685,.F.);
#4703=ORIENTED_EDGE('',*,*,#3686,.F.);
#4704=ORIENTED_EDGE('',*,*,#3687,.T.);
#4705=ORIENTED_EDGE('',*,*,#3688,.F.);
#4706=ORIENTED_EDGE('',*,*,#3689,.T.);
#4707=ORIENTED_EDGE('',*,*,#3690,.T.);
#4708=ORIENTED_EDGE('',*,*,#3691,.F.);
#4709=ORIENTED_EDGE('',*,*,#3692,.T.);
#4710=ORIENTED_EDGE('',*,*,#3693,.F.);
#4711=ORIENTED_EDGE('',*,*,#3694,.F.);
#4712=ORIENTED_EDGE('',*,*,#3695,.T.);
#4713=ORIENTED_EDGE('',*,*,#3696,.F.);
#4714=ORIENTED_EDGE('',*,*,#3697,.T.);
#4715=ORIENTED_EDGE('',*,*,#3698,.F.);
#4716=ORIENTED_EDGE('',*,*,#3699,.T.);
#4717=ORIENTED_EDGE('',*,*,#3700,.F.);
#4718=ORIENTED_EDGE('',*,*,#3701,.T.);
#4719=ORIENTED_EDGE('',*,*,#3702,.F.);
#4720=ORIENTED_EDGE('',*,*,#3703,.T.);
#4721=ORIENTED_EDGE('',*,*,#3704,.F.);
#4722=ORIENTED_EDGE('',*,*,#3705,.T.);
#4723=ORIENTED_EDGE('',*,*,#3706,.F.);
#4724=ORIENTED_EDGE('',*,*,#3707,.T.);
#4725=ORIENTED_EDGE('',*,*,#3708,.F.);
#4726=ORIENTED_EDGE('',*,*,#3709,.T.);
#4727=ORIENTED_EDGE('',*,*,#3710,.F.);
#4728=ORIENTED_EDGE('',*,*,#3711,.T.);
#4729=ORIENTED_EDGE('',*,*,#3712,.F.);
#4730=ORIENTED_EDGE('',*,*,#3713,.T.);
#4731=ORIENTED_EDGE('',*,*,#3714,.F.);
#4732=ORIENTED_EDGE('',*,*,#3715,.T.);
#4733=ORIENTED_EDGE('',*,*,#3716,.F.);
#4734=ORIENTED_EDGE('',*,*,#3717,.T.);
#4735=ORIENTED_EDGE('',*,*,#3718,.F.);
#4736=ORIENTED_EDGE('',*,*,#3719,.T.);
#4737=ORIENTED_EDGE('',*,*,#3720,.F.);
#4738=ORIENTED_EDGE('',*,*,#3721,.T.);
#4739=ORIENTED_EDGE('',*,*,#3722,.F.);
#4740=ORIENTED_EDGE('',*,*,#3723,.T.);
#4741=ORIENTED_EDGE('',*,*,#3724,.F.);
#4742=ORIENTED_EDGE('',*,*,#3725,.T.);
#4743=ORIENTED_EDGE('',*,*,#3726,.T.);
#4744=ORIENTED_EDGE('',*,*,#3727,.F.);
#4745=ORIENTED_EDGE('',*,*,#3728,.T.);
#4746=ORIENTED_EDGE('',*,*,#3729,.F.);
#4747=ORIENTED_EDGE('',*,*,#3730,.F.);
#4748=ORIENTED_EDGE('',*,*,#3731,.T.);
#4749=ORIENTED_EDGE('',*,*,#3732,.T.);
#4750=ORIENTED_EDGE('',*,*,#3733,.T.);
#4751=ORIENTED_EDGE('',*,*,#3734,.F.);
#4752=ORIENTED_EDGE('',*,*,#3735,.T.);
#4753=ORIENTED_EDGE('',*,*,#3736,.F.);
#4754=ORIENTED_EDGE('',*,*,#3737,.T.);
#4755=ORIENTED_EDGE('',*,*,#3738,.F.);
#4756=ORIENTED_EDGE('',*,*,#3739,.T.);
#4757=ORIENTED_EDGE('',*,*,#3740,.F.);
#4758=ORIENTED_EDGE('',*,*,#3741,.T.);
#4759=ORIENTED_EDGE('',*,*,#3742,.F.);
#4760=ORIENTED_EDGE('',*,*,#3743,.T.);
#4761=ORIENTED_EDGE('',*,*,#3744,.F.);
#4762=ORIENTED_EDGE('',*,*,#3745,.F.);
#4763=ORIENTED_EDGE('',*,*,#3746,.T.);
#4764=ORIENTED_EDGE('',*,*,#3747,.T.);
#4765=ORIENTED_EDGE('',*,*,#3535,.F.);
#4766=ORIENTED_EDGE('',*,*,#3539,.F.);
#4767=ORIENTED_EDGE('',*,*,#3469,.F.);
#4768=ORIENTED_EDGE('',*,*,#3748,.F.);
#4769=ORIENTED_EDGE('',*,*,#3749,.F.);
#4770=ORIENTED_EDGE('',*,*,#3750,.F.);
#4771=ORIENTED_EDGE('',*,*,#3542,.T.);
#4772=ORIENTED_EDGE('',*,*,#3533,.T.);
#4773=ORIENTED_EDGE('',*,*,#3748,.T.);
#4774=ORIENTED_EDGE('',*,*,#3468,.T.);
#4775=ORIENTED_EDGE('',*,*,#3751,.F.);
#4776=ORIENTED_EDGE('',*,*,#3752,.F.);
#4777=ORIENTED_EDGE('',*,*,#3749,.T.);
#4778=ORIENTED_EDGE('',*,*,#3753,.T.);
#4779=ORIENTED_EDGE('',*,*,#3493,.T.);
#4780=ORIENTED_EDGE('',*,*,#3754,.T.);
#4781=ORIENTED_EDGE('',*,*,#3755,.T.);
#4782=ORIENTED_EDGE('',*,*,#3494,.F.);
#4783=ORIENTED_EDGE('',*,*,#3753,.F.);
#4784=ORIENTED_EDGE('',*,*,#3752,.T.);
#4785=ORIENTED_EDGE('',*,*,#3524,.F.);
#4786=ORIENTED_EDGE('',*,*,#3756,.T.);
#4787=ORIENTED_EDGE('',*,*,#3757,.T.);
#4788=ORIENTED_EDGE('',*,*,#3758,.T.);
#4789=ORIENTED_EDGE('',*,*,#3543,.T.);
#4790=ORIENTED_EDGE('',*,*,#3750,.T.);
#4791=ORIENTED_EDGE('',*,*,#3754,.F.);
#4792=ORIENTED_EDGE('',*,*,#3492,.F.);
#4793=ORIENTED_EDGE('',*,*,#3547,.F.);
#4794=ORIENTED_EDGE('',*,*,#3759,.T.);
#4795=ORIENTED_EDGE('',*,*,#3760,.F.);
#4796=ORIENTED_EDGE('',*,*,#3525,.F.);
#4797=ORIENTED_EDGE('',*,*,#3761,.F.);
#4798=ORIENTED_EDGE('',*,*,#3762,.F.);
#4799=ORIENTED_EDGE('',*,*,#3751,.T.);
#4800=ORIENTED_EDGE('',*,*,#3467,.F.);
#4801=ORIENTED_EDGE('',*,*,#3518,.F.);
#4802=ORIENTED_EDGE('',*,*,#3495,.F.);
#4803=ORIENTED_EDGE('',*,*,#3755,.F.);
#4804=ORIENTED_EDGE('',*,*,#3763,.F.);
#4805=ORIENTED_EDGE('',*,*,#3764,.T.);
#4806=ORIENTED_EDGE('',*,*,#3765,.F.);
#4807=ORIENTED_EDGE('',*,*,#3766,.F.);
#4808=ORIENTED_EDGE('',*,*,#3767,.T.);
#4809=ORIENTED_EDGE('',*,*,#3768,.F.);
#4810=ORIENTED_EDGE('',*,*,#3769,.F.);
#4811=ORIENTED_EDGE('',*,*,#3768,.T.);
#4812=ORIENTED_EDGE('',*,*,#3770,.T.);
#4813=ORIENTED_EDGE('',*,*,#3771,.F.);
#4814=ORIENTED_EDGE('',*,*,#3772,.F.);
#4815=ORIENTED_EDGE('',*,*,#3773,.F.);
#4816=ORIENTED_EDGE('',*,*,#3774,.F.);
#4817=ORIENTED_EDGE('',*,*,#3770,.F.);
#4818=ORIENTED_EDGE('',*,*,#3767,.F.);
#4819=ORIENTED_EDGE('',*,*,#3775,.F.);
#4820=ORIENTED_EDGE('',*,*,#3776,.F.);
#4821=ORIENTED_EDGE('',*,*,#3777,.F.);
#4822=ORIENTED_EDGE('',*,*,#3764,.F.);
#4823=ORIENTED_EDGE('',*,*,#3778,.F.);
#4824=ORIENTED_EDGE('',*,*,#3771,.T.);
#4825=ORIENTED_EDGE('',*,*,#3774,.T.);
#4826=ORIENTED_EDGE('',*,*,#3779,.F.);
#4827=ORIENTED_EDGE('',*,*,#3780,.F.);
#4828=ORIENTED_EDGE('',*,*,#3779,.T.);
#4829=ORIENTED_EDGE('',*,*,#3773,.T.);
#4830=ORIENTED_EDGE('',*,*,#3781,.F.);
#4831=ORIENTED_EDGE('',*,*,#3782,.T.);
#4832=ORIENTED_EDGE('',*,*,#3776,.T.);
#4833=ORIENTED_EDGE('',*,*,#3783,.T.);
#4834=ORIENTED_EDGE('',*,*,#3765,.T.);
#4835=ORIENTED_EDGE('',*,*,#3777,.T.);
#4836=ORIENTED_EDGE('',*,*,#3782,.F.);
#4837=ORIENTED_EDGE('',*,*,#3784,.F.);
#4838=ORIENTED_EDGE('',*,*,#3785,.F.);
#4839=ORIENTED_EDGE('',*,*,#3603,.F.);
#4840=ORIENTED_EDGE('',*,*,#3786,.T.);
#4841=ORIENTED_EDGE('',*,*,#3781,.T.);
#4842=ORIENTED_EDGE('',*,*,#3775,.T.);
#4843=ORIENTED_EDGE('',*,*,#3763,.T.);
#4844=ORIENTED_EDGE('',*,*,#3787,.T.);
#4845=ORIENTED_EDGE('',*,*,#3788,.T.);
#4846=ORIENTED_EDGE('',*,*,#3522,.F.);
#4847=ORIENTED_EDGE('',*,*,#3762,.T.);
#4848=ORIENTED_EDGE('',*,*,#3789,.F.);
#4849=ORIENTED_EDGE('',*,*,#3428,.T.);
#4850=ORIENTED_EDGE('',*,*,#3783,.F.);
#4851=ORIENTED_EDGE('',*,*,#3790,.F.);
#4852=ORIENTED_EDGE('',*,*,#3791,.F.);
#4853=ORIENTED_EDGE('',*,*,#3792,.F.);
#4854=ORIENTED_EDGE('',*,*,#3793,.F.);
#4855=ORIENTED_EDGE('',*,*,#3794,.F.);
#4856=ORIENTED_EDGE('',*,*,#3795,.F.);
#4857=ORIENTED_EDGE('',*,*,#3796,.F.);
#4858=ORIENTED_EDGE('',*,*,#3797,.T.);
#4859=ORIENTED_EDGE('',*,*,#3793,.T.);
#4860=ORIENTED_EDGE('',*,*,#3798,.T.);
#4861=ORIENTED_EDGE('',*,*,#3799,.T.);
#4862=ORIENTED_EDGE('',*,*,#3800,.T.);
#4863=ORIENTED_EDGE('',*,*,#3801,.T.);
#4864=ORIENTED_EDGE('',*,*,#3802,.T.);
#4865=ORIENTED_EDGE('',*,*,#3803,.T.);
#4866=ORIENTED_EDGE('',*,*,#3804,.T.);
#4867=ORIENTED_EDGE('',*,*,#3805,.T.);
#4868=ORIENTED_EDGE('',*,*,#3607,.F.);
#4869=ORIENTED_EDGE('',*,*,#3806,.F.);
#4870=ORIENTED_EDGE('',*,*,#3807,.T.);
#4871=ORIENTED_EDGE('',*,*,#3808,.F.);
#4872=ORIENTED_EDGE('',*,*,#3809,.F.);
#4873=ORIENTED_EDGE('',*,*,#3791,.T.);
#4874=ORIENTED_EDGE('',*,*,#3810,.F.);
#4875=ORIENTED_EDGE('',*,*,#3787,.F.);
#4876=ORIENTED_EDGE('',*,*,#3794,.T.);
#4877=ORIENTED_EDGE('',*,*,#3797,.F.);
#4878=ORIENTED_EDGE('',*,*,#3811,.F.);
#4879=ORIENTED_EDGE('',*,*,#3812,.F.);
#4880=ORIENTED_EDGE('',*,*,#3813,.F.);
#4881=ORIENTED_EDGE('',*,*,#3814,.F.);
#4882=ORIENTED_EDGE('',*,*,#3798,.F.);
#4883=ORIENTED_EDGE('',*,*,#3815,.T.);
#4884=ORIENTED_EDGE('',*,*,#3816,.F.);
#4885=ORIENTED_EDGE('',*,*,#3815,.F.);
#4886=ORIENTED_EDGE('',*,*,#3799,.F.);
#4887=ORIENTED_EDGE('',*,*,#3817,.T.);
#4888=ORIENTED_EDGE('',*,*,#3818,.F.);
#4889=ORIENTED_EDGE('',*,*,#3817,.F.);
#4890=ORIENTED_EDGE('',*,*,#3800,.F.);
#4891=ORIENTED_EDGE('',*,*,#3819,.T.);
#4892=ORIENTED_EDGE('',*,*,#3820,.F.);
#4893=ORIENTED_EDGE('',*,*,#3819,.F.);
#4894=ORIENTED_EDGE('',*,*,#3801,.F.);
#4895=ORIENTED_EDGE('',*,*,#3821,.T.);
#4896=ORIENTED_EDGE('',*,*,#3822,.F.);
#4897=ORIENTED_EDGE('',*,*,#3821,.F.);
#4898=ORIENTED_EDGE('',*,*,#3788,.F.);
#4899=ORIENTED_EDGE('',*,*,#3814,.T.);
#4900=ORIENTED_EDGE('',*,*,#3823,.T.);
#4901=ORIENTED_EDGE('',*,*,#3806,.T.);
#4902=ORIENTED_EDGE('',*,*,#3606,.F.);
#4903=ORIENTED_EDGE('',*,*,#3824,.F.);
#4904=ORIENTED_EDGE('',*,*,#3810,.T.);
#4905=ORIENTED_EDGE('',*,*,#3790,.T.);
#4906=ORIENTED_EDGE('',*,*,#3816,.T.);
#4907=ORIENTED_EDGE('',*,*,#3818,.T.);
#4908=ORIENTED_EDGE('',*,*,#3820,.T.);
#4909=ORIENTED_EDGE('',*,*,#3822,.T.);
#4910=ORIENTED_EDGE('',*,*,#3825,.T.);
#4911=ORIENTED_EDGE('',*,*,#3826,.T.);
#4912=ORIENTED_EDGE('',*,*,#3827,.T.);
#4913=ORIENTED_EDGE('',*,*,#3828,.T.);
#4914=ORIENTED_EDGE('',*,*,#3829,.F.);
#4915=ORIENTED_EDGE('',*,*,#3827,.F.);
#4916=ORIENTED_EDGE('',*,*,#3830,.F.);
#4917=ORIENTED_EDGE('',*,*,#3804,.F.);
#4918=ORIENTED_EDGE('',*,*,#3828,.F.);
#4919=ORIENTED_EDGE('',*,*,#3829,.T.);
#4920=ORIENTED_EDGE('',*,*,#3803,.F.);
#4921=ORIENTED_EDGE('',*,*,#3831,.F.);
#4922=ORIENTED_EDGE('',*,*,#3825,.F.);
#4923=ORIENTED_EDGE('',*,*,#3831,.T.);
#4924=ORIENTED_EDGE('',*,*,#3802,.F.);
#4925=ORIENTED_EDGE('',*,*,#3832,.F.);
#4926=ORIENTED_EDGE('',*,*,#3826,.F.);
#4927=ORIENTED_EDGE('',*,*,#3832,.T.);
#4928=ORIENTED_EDGE('',*,*,#3805,.F.);
#4929=ORIENTED_EDGE('',*,*,#3830,.T.);
#4930=ORIENTED_EDGE('',*,*,#3833,.F.);
#4931=ORIENTED_EDGE('',*,*,#3807,.F.);
#4932=ORIENTED_EDGE('',*,*,#3823,.F.);
#4933=ORIENTED_EDGE('',*,*,#3813,.T.);
#4934=ORIENTED_EDGE('',*,*,#3808,.T.);
#4935=ORIENTED_EDGE('',*,*,#3833,.T.);
#4936=ORIENTED_EDGE('',*,*,#3812,.T.);
#4937=ORIENTED_EDGE('',*,*,#3834,.T.);
#4938=ORIENTED_EDGE('',*,*,#3602,.T.);
#4939=ORIENTED_EDGE('',*,*,#3835,.F.);
#4940=ORIENTED_EDGE('',*,*,#3836,.T.);
#4941=ORIENTED_EDGE('',*,*,#3837,.T.);
#4942=ORIENTED_EDGE('',*,*,#3608,.T.);
#4943=ORIENTED_EDGE('',*,*,#3838,.T.);
#4944=ORIENTED_EDGE('',*,*,#3420,.T.);
#4945=ORIENTED_EDGE('',*,*,#3426,.F.);
#4946=ORIENTED_EDGE('',*,*,#3789,.T.);
#4947=ORIENTED_EDGE('',*,*,#3520,.F.);
#4948=ORIENTED_EDGE('',*,*,#3421,.T.);
#4949=ORIENTED_EDGE('',*,*,#3838,.F.);
#4950=ORIENTED_EDGE('',*,*,#3761,.T.);
#4951=ORIENTED_EDGE('',*,*,#3474,.T.);
#4952=ORIENTED_EDGE('',*,*,#3839,.T.);
#4953=ORIENTED_EDGE('',*,*,#3513,.T.);
#4954=ORIENTED_EDGE('',*,*,#3839,.F.);
#4955=ORIENTED_EDGE('',*,*,#3475,.T.);
#4956=ORIENTED_EDGE('',*,*,#3840,.T.);
#4957=ORIENTED_EDGE('',*,*,#3512,.T.);
#4958=ORIENTED_EDGE('',*,*,#3840,.F.);
#4959=ORIENTED_EDGE('',*,*,#3476,.T.);
#4960=ORIENTED_EDGE('',*,*,#3841,.T.);
#4961=ORIENTED_EDGE('',*,*,#3511,.T.);
#4962=ORIENTED_EDGE('',*,*,#3841,.F.);
#4963=ORIENTED_EDGE('',*,*,#3477,.T.);
#4964=ORIENTED_EDGE('',*,*,#3842,.T.);
#4965=ORIENTED_EDGE('',*,*,#3510,.T.);
#4966=ORIENTED_EDGE('',*,*,#3842,.F.);
#4967=ORIENTED_EDGE('',*,*,#3478,.T.);
#4968=ORIENTED_EDGE('',*,*,#3843,.T.);
#4969=ORIENTED_EDGE('',*,*,#3509,.T.);
#4970=ORIENTED_EDGE('',*,*,#3843,.F.);
#4971=ORIENTED_EDGE('',*,*,#3479,.T.);
#4972=ORIENTED_EDGE('',*,*,#3844,.T.);
#4973=ORIENTED_EDGE('',*,*,#3508,.T.);
#4974=ORIENTED_EDGE('',*,*,#3844,.F.);
#4975=ORIENTED_EDGE('',*,*,#3480,.T.);
#4976=ORIENTED_EDGE('',*,*,#3845,.T.);
#4977=ORIENTED_EDGE('',*,*,#3507,.T.);
#4978=ORIENTED_EDGE('',*,*,#3845,.F.);
#4979=ORIENTED_EDGE('',*,*,#3481,.T.);
#4980=ORIENTED_EDGE('',*,*,#3846,.T.);
#4981=ORIENTED_EDGE('',*,*,#3506,.T.);
#4982=ORIENTED_EDGE('',*,*,#3846,.F.);
#4983=ORIENTED_EDGE('',*,*,#3482,.T.);
#4984=ORIENTED_EDGE('',*,*,#3847,.T.);
#4985=ORIENTED_EDGE('',*,*,#3505,.T.);
#4986=ORIENTED_EDGE('',*,*,#3847,.F.);
#4987=ORIENTED_EDGE('',*,*,#3483,.T.);
#4988=ORIENTED_EDGE('',*,*,#3848,.T.);
#4989=ORIENTED_EDGE('',*,*,#3504,.T.);
#4990=ORIENTED_EDGE('',*,*,#3848,.F.);
#4991=ORIENTED_EDGE('',*,*,#3484,.T.);
#4992=ORIENTED_EDGE('',*,*,#3849,.T.);
#4993=ORIENTED_EDGE('',*,*,#3503,.T.);
#4994=ORIENTED_EDGE('',*,*,#3849,.F.);
#4995=ORIENTED_EDGE('',*,*,#3485,.T.);
#4996=ORIENTED_EDGE('',*,*,#3850,.T.);
#4997=ORIENTED_EDGE('',*,*,#3502,.T.);
#4998=ORIENTED_EDGE('',*,*,#3850,.F.);
#4999=ORIENTED_EDGE('',*,*,#3486,.T.);
#5000=ORIENTED_EDGE('',*,*,#3851,.T.);
#5001=ORIENTED_EDGE('',*,*,#3501,.T.);
#5002=ORIENTED_EDGE('',*,*,#3851,.F.);
#5003=ORIENTED_EDGE('',*,*,#3852,.T.);
#5004=ORIENTED_EDGE('',*,*,#3853,.T.);
#5005=ORIENTED_EDGE('',*,*,#3854,.F.);
#5006=ORIENTED_EDGE('',*,*,#3855,.T.);
#5007=ORIENTED_EDGE('',*,*,#3856,.T.);
#5008=ORIENTED_EDGE('',*,*,#3857,.T.);
#5009=ORIENTED_EDGE('',*,*,#3858,.F.);
#5010=ORIENTED_EDGE('',*,*,#3853,.F.);
#5011=ORIENTED_EDGE('',*,*,#3859,.T.);
#5012=ORIENTED_EDGE('',*,*,#3860,.T.);
#5013=ORIENTED_EDGE('',*,*,#3861,.T.);
#5014=ORIENTED_EDGE('',*,*,#3862,.T.);
#5015=ORIENTED_EDGE('',*,*,#3857,.F.);
#5016=ORIENTED_EDGE('',*,*,#3863,.T.);
#5017=ORIENTED_EDGE('',*,*,#3835,.T.);
#5018=ORIENTED_EDGE('',*,*,#3864,.T.);
#5019=ORIENTED_EDGE('',*,*,#3860,.F.);
#5020=ORIENTED_EDGE('',*,*,#3865,.T.);
#5021=ORIENTED_EDGE('',*,*,#3837,.F.);
#5022=ORIENTED_EDGE('',*,*,#3866,.T.);
#5023=ORIENTED_EDGE('',*,*,#3867,.T.);
#5024=ORIENTED_EDGE('',*,*,#3868,.T.);
#5025=ORIENTED_EDGE('',*,*,#3869,.T.);
#5026=ORIENTED_EDGE('',*,*,#3867,.F.);
#5027=ORIENTED_EDGE('',*,*,#3870,.T.);
#5028=ORIENTED_EDGE('',*,*,#3871,.T.);
#5029=ORIENTED_EDGE('',*,*,#3872,.T.);
#5030=ORIENTED_EDGE('',*,*,#3855,.F.);
#5031=ORIENTED_EDGE('',*,*,#3873,.F.);
#5032=ORIENTED_EDGE('',*,*,#3871,.F.);
#5033=ORIENTED_EDGE('',*,*,#3865,.F.);
#5034=ORIENTED_EDGE('',*,*,#3874,.F.);
#5035=ORIENTED_EDGE('',*,*,#3875,.T.);
#5036=ORIENTED_EDGE('',*,*,#3609,.T.);
#5037=ORIENTED_EDGE('',*,*,#3852,.F.);
#5038=ORIENTED_EDGE('',*,*,#3872,.F.);
#5039=ORIENTED_EDGE('',*,*,#3870,.F.);
#5040=ORIENTED_EDGE('',*,*,#3866,.F.);
#5041=ORIENTED_EDGE('',*,*,#3836,.F.);
#5042=ORIENTED_EDGE('',*,*,#3863,.F.);
#5043=ORIENTED_EDGE('',*,*,#3859,.F.);
#5044=ORIENTED_EDGE('',*,*,#3856,.F.);
#5045=ORIENTED_EDGE('',*,*,#3796,.T.);
#5046=ORIENTED_EDGE('',*,*,#3876,.T.);
#5047=ORIENTED_EDGE('',*,*,#3868,.F.);
#5048=ORIENTED_EDGE('',*,*,#3873,.T.);
#5049=ORIENTED_EDGE('',*,*,#3854,.T.);
#5050=ORIENTED_EDGE('',*,*,#3858,.T.);
#5051=ORIENTED_EDGE('',*,*,#3862,.F.);
#5052=ORIENTED_EDGE('',*,*,#3786,.F.);
#5053=ORIENTED_EDGE('',*,*,#3834,.F.);
#5054=ORIENTED_EDGE('',*,*,#3811,.T.);
#5055=ORIENTED_EDGE('',*,*,#3824,.T.);
#5056=ORIENTED_EDGE('',*,*,#3605,.F.);
#5057=ORIENTED_EDGE('',*,*,#3877,.T.);
#5058=ORIENTED_EDGE('',*,*,#3878,.F.);
#5059=ORIENTED_EDGE('',*,*,#3876,.F.);
#5060=ORIENTED_EDGE('',*,*,#3795,.T.);
#5061=ORIENTED_EDGE('',*,*,#3792,.T.);
#5062=ORIENTED_EDGE('',*,*,#3809,.T.);
#5063=ORIENTED_EDGE('',*,*,#3879,.F.);
#5064=ORIENTED_EDGE('',*,*,#3877,.F.);
#5065=ORIENTED_EDGE('',*,*,#3604,.F.);
#5066=ORIENTED_EDGE('',*,*,#3785,.T.);
#5067=ORIENTED_EDGE('',*,*,#3780,.T.);
#5068=ORIENTED_EDGE('',*,*,#3772,.T.);
#5069=ORIENTED_EDGE('',*,*,#3766,.T.);
#5070=ORIENTED_EDGE('',*,*,#3769,.T.);
#5071=ORIENTED_EDGE('',*,*,#3778,.T.);
#5072=ORIENTED_EDGE('',*,*,#3599,.T.);
#5073=ORIENTED_EDGE('',*,*,#3880,.F.);
#5074=ORIENTED_EDGE('',*,*,#3881,.F.);
#5075=ORIENTED_EDGE('',*,*,#3882,.T.);
#5076=ORIENTED_EDGE('',*,*,#3745,.T.);
#5077=ORIENTED_EDGE('',*,*,#3883,.F.);
#5078=ORIENTED_EDGE('',*,*,#3884,.F.);
#5079=ORIENTED_EDGE('',*,*,#3885,.F.);
#5080=ORIENTED_EDGE('',*,*,#3669,.T.);
#5081=ORIENTED_EDGE('',*,*,#3886,.F.);
#5082=ORIENTED_EDGE('',*,*,#3887,.F.);
#5083=ORIENTED_EDGE('',*,*,#3888,.F.);
#5084=ORIENTED_EDGE('',*,*,#3598,.T.);
#5085=ORIENTED_EDGE('',*,*,#3889,.F.);
#5086=ORIENTED_EDGE('',*,*,#3890,.F.);
#5087=ORIENTED_EDGE('',*,*,#3880,.T.);
#5088=ORIENTED_EDGE('',*,*,#3595,.T.);
#5089=ORIENTED_EDGE('',*,*,#3891,.F.);
#5090=ORIENTED_EDGE('',*,*,#3892,.F.);
#5091=ORIENTED_EDGE('',*,*,#3893,.T.);
#5092=ORIENTED_EDGE('',*,*,#3667,.T.);
#5093=ORIENTED_EDGE('',*,*,#3894,.F.);
#5094=ORIENTED_EDGE('',*,*,#3895,.F.);
#5095=ORIENTED_EDGE('',*,*,#3896,.F.);
#5096=ORIENTED_EDGE('',*,*,#3596,.T.);
#5097=ORIENTED_EDGE('',*,*,#3893,.F.);
#5098=ORIENTED_EDGE('',*,*,#3897,.F.);
#5099=ORIENTED_EDGE('',*,*,#3898,.F.);
#5100=ORIENTED_EDGE('',*,*,#3744,.T.);
#5101=ORIENTED_EDGE('',*,*,#3899,.F.);
#5102=ORIENTED_EDGE('',*,*,#3900,.F.);
#5103=ORIENTED_EDGE('',*,*,#3901,.F.);
#5104=ORIENTED_EDGE('',*,*,#3594,.T.);
#5105=ORIENTED_EDGE('',*,*,#3902,.F.);
#5106=ORIENTED_EDGE('',*,*,#3903,.F.);
#5107=ORIENTED_EDGE('',*,*,#3891,.T.);
#5108=ORIENTED_EDGE('',*,*,#3591,.T.);
#5109=ORIENTED_EDGE('',*,*,#3904,.F.);
#5110=ORIENTED_EDGE('',*,*,#3905,.F.);
#5111=ORIENTED_EDGE('',*,*,#3906,.T.);
#5112=ORIENTED_EDGE('',*,*,#3742,.T.);
#5113=ORIENTED_EDGE('',*,*,#3907,.F.);
#5114=ORIENTED_EDGE('',*,*,#3908,.F.);
#5115=ORIENTED_EDGE('',*,*,#3909,.F.);
#5116=ORIENTED_EDGE('',*,*,#3592,.T.);
#5117=ORIENTED_EDGE('',*,*,#3906,.F.);
#5118=ORIENTED_EDGE('',*,*,#3910,.F.);
#5119=ORIENTED_EDGE('',*,*,#3911,.F.);
#5120=ORIENTED_EDGE('',*,*,#3673,.T.);
#5121=ORIENTED_EDGE('',*,*,#3912,.F.);
#5122=ORIENTED_EDGE('',*,*,#3913,.F.);
#5123=ORIENTED_EDGE('',*,*,#3914,.F.);
#5124=ORIENTED_EDGE('',*,*,#3590,.T.);
#5125=ORIENTED_EDGE('',*,*,#3915,.F.);
#5126=ORIENTED_EDGE('',*,*,#3916,.F.);
#5127=ORIENTED_EDGE('',*,*,#3904,.T.);
#5128=ORIENTED_EDGE('',*,*,#3671,.T.);
#5129=ORIENTED_EDGE('',*,*,#3917,.F.);
#5130=ORIENTED_EDGE('',*,*,#3918,.F.);
#5131=ORIENTED_EDGE('',*,*,#3919,.F.);
#5132=ORIENTED_EDGE('',*,*,#3588,.T.);
#5133=ORIENTED_EDGE('',*,*,#3920,.F.);
#5134=ORIENTED_EDGE('',*,*,#3921,.F.);
#5135=ORIENTED_EDGE('',*,*,#3922,.F.);
#5136=ORIENTED_EDGE('',*,*,#3587,.T.);
#5137=ORIENTED_EDGE('',*,*,#3923,.F.);
#5138=ORIENTED_EDGE('',*,*,#3924,.F.);
#5139=ORIENTED_EDGE('',*,*,#3920,.T.);
#5140=ORIENTED_EDGE('',*,*,#3740,.T.);
#5141=ORIENTED_EDGE('',*,*,#3925,.F.);
#5142=ORIENTED_EDGE('',*,*,#3926,.F.);
#5143=ORIENTED_EDGE('',*,*,#3927,.F.);
#5144=ORIENTED_EDGE('',*,*,#3586,.T.);
#5145=ORIENTED_EDGE('',*,*,#3928,.F.);
#5146=ORIENTED_EDGE('',*,*,#3929,.F.);
#5147=ORIENTED_EDGE('',*,*,#3923,.T.);
#5148=ORIENTED_EDGE('',*,*,#3584,.T.);
#5149=ORIENTED_EDGE('',*,*,#3930,.F.);
#5150=ORIENTED_EDGE('',*,*,#3931,.F.);
#5151=ORIENTED_EDGE('',*,*,#3932,.F.);
#5152=ORIENTED_EDGE('',*,*,#3583,.T.);
#5153=ORIENTED_EDGE('',*,*,#3933,.F.);
#5154=ORIENTED_EDGE('',*,*,#3934,.F.);
#5155=ORIENTED_EDGE('',*,*,#3930,.T.);
#5156=ORIENTED_EDGE('',*,*,#3736,.T.);
#5157=ORIENTED_EDGE('',*,*,#3935,.F.);
#5158=ORIENTED_EDGE('',*,*,#3936,.F.);
#5159=ORIENTED_EDGE('',*,*,#3937,.F.);
#5160=ORIENTED_EDGE('',*,*,#3582,.T.);
#5161=ORIENTED_EDGE('',*,*,#3938,.F.);
#5162=ORIENTED_EDGE('',*,*,#3939,.F.);
#5163=ORIENTED_EDGE('',*,*,#3933,.T.);
#5164=ORIENTED_EDGE('',*,*,#3580,.T.);
#5165=ORIENTED_EDGE('',*,*,#3940,.F.);
#5166=ORIENTED_EDGE('',*,*,#3941,.F.);
#5167=ORIENTED_EDGE('',*,*,#3942,.F.);
#5168=ORIENTED_EDGE('',*,*,#3541,.T.);
#5169=ORIENTED_EDGE('',*,*,#3943,.F.);
#5170=ORIENTED_EDGE('',*,*,#3944,.F.);
#5171=ORIENTED_EDGE('',*,*,#3945,.F.);
#5172=ORIENTED_EDGE('',*,*,#3536,.F.);
#5173=ORIENTED_EDGE('',*,*,#3579,.T.);
#5174=ORIENTED_EDGE('',*,*,#3946,.F.);
#5175=ORIENTED_EDGE('',*,*,#3947,.F.);
#5176=ORIENTED_EDGE('',*,*,#3940,.T.);
#5177=ORIENTED_EDGE('',*,*,#3665,.T.);
#5178=ORIENTED_EDGE('',*,*,#3948,.F.);
#5179=ORIENTED_EDGE('',*,*,#3949,.T.);
#5180=ORIENTED_EDGE('',*,*,#3943,.T.);
#5181=ORIENTED_EDGE('',*,*,#3677,.T.);
#5182=ORIENTED_EDGE('',*,*,#3950,.F.);
#5183=ORIENTED_EDGE('',*,*,#3951,.F.);
#5184=ORIENTED_EDGE('',*,*,#3952,.F.);
#5185=ORIENTED_EDGE('',*,*,#3578,.T.);
#5186=ORIENTED_EDGE('',*,*,#3953,.F.);
#5187=ORIENTED_EDGE('',*,*,#3954,.F.);
#5188=ORIENTED_EDGE('',*,*,#3946,.T.);
#5189=ORIENTED_EDGE('',*,*,#3610,.T.);
#5190=ORIENTED_EDGE('',*,*,#3875,.F.);
#5191=ORIENTED_EDGE('',*,*,#3955,.F.);
#5192=ORIENTED_EDGE('',*,*,#3956,.F.);
#5193=ORIENTED_EDGE('',*,*,#3675,.T.);
#5194=ORIENTED_EDGE('',*,*,#3957,.F.);
#5195=ORIENTED_EDGE('',*,*,#3958,.F.);
#5196=ORIENTED_EDGE('',*,*,#3959,.F.);
#5197=ORIENTED_EDGE('',*,*,#3662,.T.);
#5198=ORIENTED_EDGE('',*,*,#3960,.F.);
#5199=ORIENTED_EDGE('',*,*,#3961,.F.);
#5200=ORIENTED_EDGE('',*,*,#3962,.F.);
#5201=ORIENTED_EDGE('',*,*,#3661,.T.);
#5202=ORIENTED_EDGE('',*,*,#3963,.F.);
#5203=ORIENTED_EDGE('',*,*,#3964,.T.);
#5204=ORIENTED_EDGE('',*,*,#3960,.T.);
#5205=ORIENTED_EDGE('',*,*,#3729,.T.);
#5206=ORIENTED_EDGE('',*,*,#3965,.F.);
#5207=ORIENTED_EDGE('',*,*,#3966,.F.);
#5208=ORIENTED_EDGE('',*,*,#3967,.F.);
#5209=ORIENTED_EDGE('',*,*,#3660,.T.);
#5210=ORIENTED_EDGE('',*,*,#3968,.F.);
#5211=ORIENTED_EDGE('',*,*,#3969,.F.);
#5212=ORIENTED_EDGE('',*,*,#3963,.T.);
#5213=ORIENTED_EDGE('',*,*,#3576,.T.);
#5214=ORIENTED_EDGE('',*,*,#3970,.F.);
#5215=ORIENTED_EDGE('',*,*,#3971,.F.);
#5216=ORIENTED_EDGE('',*,*,#3972,.F.);
#5217=ORIENTED_EDGE('',*,*,#3612,.T.);
#5218=ORIENTED_EDGE('',*,*,#3973,.F.);
#5219=ORIENTED_EDGE('',*,*,#3974,.F.);
#5220=ORIENTED_EDGE('',*,*,#3975,.T.);
#5221=ORIENTED_EDGE('',*,*,#3680,.T.);
#5222=ORIENTED_EDGE('',*,*,#3976,.F.);
#5223=ORIENTED_EDGE('',*,*,#3977,.F.);
#5224=ORIENTED_EDGE('',*,*,#3978,.F.);
#5225=ORIENTED_EDGE('',*,*,#3658,.T.);
#5226=ORIENTED_EDGE('',*,*,#3979,.F.);
#5227=ORIENTED_EDGE('',*,*,#3980,.F.);
#5228=ORIENTED_EDGE('',*,*,#3981,.F.);
#5229=ORIENTED_EDGE('',*,*,#3575,.T.);
#5230=ORIENTED_EDGE('',*,*,#3982,.F.);
#5231=ORIENTED_EDGE('',*,*,#3983,.F.);
#5232=ORIENTED_EDGE('',*,*,#3970,.T.);
#5233=ORIENTED_EDGE('',*,*,#3657,.T.);
#5234=ORIENTED_EDGE('',*,*,#3984,.F.);
#5235=ORIENTED_EDGE('',*,*,#3985,.T.);
#5236=ORIENTED_EDGE('',*,*,#3979,.T.);
#5237=ORIENTED_EDGE('',*,*,#3685,.T.);
#5238=ORIENTED_EDGE('',*,*,#3986,.F.);
#5239=ORIENTED_EDGE('',*,*,#3987,.F.);
#5240=ORIENTED_EDGE('',*,*,#3988,.F.);
#5241=ORIENTED_EDGE('',*,*,#3574,.T.);
#5242=ORIENTED_EDGE('',*,*,#3989,.F.);
#5243=ORIENTED_EDGE('',*,*,#3990,.F.);
#5244=ORIENTED_EDGE('',*,*,#3982,.T.);
#5245=ORIENTED_EDGE('',*,*,#3614,.T.);
#5246=ORIENTED_EDGE('',*,*,#3991,.F.);
#5247=ORIENTED_EDGE('',*,*,#3992,.F.);
#5248=ORIENTED_EDGE('',*,*,#3993,.F.);
#5249=ORIENTED_EDGE('',*,*,#3683,.T.);
#5250=ORIENTED_EDGE('',*,*,#3994,.F.);
#5251=ORIENTED_EDGE('',*,*,#3995,.F.);
#5252=ORIENTED_EDGE('',*,*,#3996,.F.);
#5253=ORIENTED_EDGE('',*,*,#3654,.T.);
#5254=ORIENTED_EDGE('',*,*,#3997,.F.);
#5255=ORIENTED_EDGE('',*,*,#3998,.F.);
#5256=ORIENTED_EDGE('',*,*,#3999,.F.);
#5257=ORIENTED_EDGE('',*,*,#3653,.T.);
#5258=ORIENTED_EDGE('',*,*,#4000,.F.);
#5259=ORIENTED_EDGE('',*,*,#4001,.T.);
#5260=ORIENTED_EDGE('',*,*,#3997,.T.);
#5261=ORIENTED_EDGE('',*,*,#3693,.T.);
#5262=ORIENTED_EDGE('',*,*,#4002,.F.);
#5263=ORIENTED_EDGE('',*,*,#4003,.F.);
#5264=ORIENTED_EDGE('',*,*,#4004,.F.);
#5265=ORIENTED_EDGE('',*,*,#3652,.T.);
#5266=ORIENTED_EDGE('',*,*,#4005,.F.);
#5267=ORIENTED_EDGE('',*,*,#4006,.F.);
#5268=ORIENTED_EDGE('',*,*,#4000,.T.);
#5269=ORIENTED_EDGE('',*,*,#3572,.T.);
#5270=ORIENTED_EDGE('',*,*,#4007,.F.);
#5271=ORIENTED_EDGE('',*,*,#4008,.F.);
#5272=ORIENTED_EDGE('',*,*,#4009,.F.);
#5273=ORIENTED_EDGE('',*,*,#3616,.T.);
#5274=ORIENTED_EDGE('',*,*,#4010,.F.);
#5275=ORIENTED_EDGE('',*,*,#4011,.F.);
#5276=ORIENTED_EDGE('',*,*,#4012,.T.);
#5277=ORIENTED_EDGE('',*,*,#3688,.T.);
#5278=ORIENTED_EDGE('',*,*,#4013,.F.);
#5279=ORIENTED_EDGE('',*,*,#4014,.F.);
#5280=ORIENTED_EDGE('',*,*,#4015,.F.);
#5281=ORIENTED_EDGE('',*,*,#3650,.T.);
#5282=ORIENTED_EDGE('',*,*,#4016,.F.);
#5283=ORIENTED_EDGE('',*,*,#4017,.F.);
#5284=ORIENTED_EDGE('',*,*,#4018,.F.);
#5285=ORIENTED_EDGE('',*,*,#3571,.T.);
#5286=ORIENTED_EDGE('',*,*,#4019,.F.);
#5287=ORIENTED_EDGE('',*,*,#4020,.F.);
#5288=ORIENTED_EDGE('',*,*,#4007,.T.);
#5289=ORIENTED_EDGE('',*,*,#3649,.T.);
#5290=ORIENTED_EDGE('',*,*,#4021,.F.);
#5291=ORIENTED_EDGE('',*,*,#4022,.T.);
#5292=ORIENTED_EDGE('',*,*,#4016,.T.);
#5293=ORIENTED_EDGE('',*,*,#3570,.T.);
#5294=ORIENTED_EDGE('',*,*,#4023,.F.);
#5295=ORIENTED_EDGE('',*,*,#4024,.F.);
#5296=ORIENTED_EDGE('',*,*,#4019,.T.);
#5297=ORIENTED_EDGE('',*,*,#3618,.T.);
#5298=ORIENTED_EDGE('',*,*,#4025,.F.);
#5299=ORIENTED_EDGE('',*,*,#4026,.F.);
#5300=ORIENTED_EDGE('',*,*,#4027,.F.);
#5301=ORIENTED_EDGE('',*,*,#3648,.T.);
#5302=ORIENTED_EDGE('',*,*,#4028,.F.);
#5303=ORIENTED_EDGE('',*,*,#4029,.F.);
#5304=ORIENTED_EDGE('',*,*,#4021,.T.);
#5305=ORIENTED_EDGE('',*,*,#3568,.T.);
#5306=ORIENTED_EDGE('',*,*,#4030,.F.);
#5307=ORIENTED_EDGE('',*,*,#4031,.F.);
#5308=ORIENTED_EDGE('',*,*,#4032,.F.);
#5309=ORIENTED_EDGE('',*,*,#3620,.T.);
#5310=ORIENTED_EDGE('',*,*,#4033,.F.);
#5311=ORIENTED_EDGE('',*,*,#4034,.F.);
#5312=ORIENTED_EDGE('',*,*,#4035,.T.);
#5313=ORIENTED_EDGE('',*,*,#3696,.T.);
#5314=ORIENTED_EDGE('',*,*,#4036,.F.);
#5315=ORIENTED_EDGE('',*,*,#4037,.F.);
#5316=ORIENTED_EDGE('',*,*,#4038,.F.);
#5317=ORIENTED_EDGE('',*,*,#3646,.T.);
#5318=ORIENTED_EDGE('',*,*,#4039,.F.);
#5319=ORIENTED_EDGE('',*,*,#4040,.F.);
#5320=ORIENTED_EDGE('',*,*,#4041,.F.);
#5321=ORIENTED_EDGE('',*,*,#3724,.T.);
#5322=ORIENTED_EDGE('',*,*,#4042,.F.);
#5323=ORIENTED_EDGE('',*,*,#4043,.F.);
#5324=ORIENTED_EDGE('',*,*,#4044,.F.);
#5325=ORIENTED_EDGE('',*,*,#3567,.T.);
#5326=ORIENTED_EDGE('',*,*,#4045,.F.);
#5327=ORIENTED_EDGE('',*,*,#4046,.F.);
#5328=ORIENTED_EDGE('',*,*,#4030,.T.);
#5329=ORIENTED_EDGE('',*,*,#3645,.T.);
#5330=ORIENTED_EDGE('',*,*,#4047,.F.);
#5331=ORIENTED_EDGE('',*,*,#4048,.T.);
#5332=ORIENTED_EDGE('',*,*,#4039,.T.);
#5333=ORIENTED_EDGE('',*,*,#3566,.T.);
#5334=ORIENTED_EDGE('',*,*,#4049,.F.);
#5335=ORIENTED_EDGE('',*,*,#4050,.F.);
#5336=ORIENTED_EDGE('',*,*,#4045,.T.);
#5337=ORIENTED_EDGE('',*,*,#3622,.T.);
#5338=ORIENTED_EDGE('',*,*,#4051,.F.);
#5339=ORIENTED_EDGE('',*,*,#4052,.F.);
#5340=ORIENTED_EDGE('',*,*,#4053,.F.);
#5341=ORIENTED_EDGE('',*,*,#3644,.T.);
#5342=ORIENTED_EDGE('',*,*,#4054,.F.);
#5343=ORIENTED_EDGE('',*,*,#4055,.F.);
#5344=ORIENTED_EDGE('',*,*,#4047,.T.);
#5345=ORIENTED_EDGE('',*,*,#3698,.T.);
#5346=ORIENTED_EDGE('',*,*,#4056,.F.);
#5347=ORIENTED_EDGE('',*,*,#4057,.F.);
#5348=ORIENTED_EDGE('',*,*,#4058,.F.);
#5349=ORIENTED_EDGE('',*,*,#3544,.T.);
#5350=ORIENTED_EDGE('',*,*,#3758,.F.);
#5351=ORIENTED_EDGE('',*,*,#4059,.F.);
#5352=ORIENTED_EDGE('',*,*,#4060,.F.);
#5353=ORIENTED_EDGE('',*,*,#3564,.T.);
#5354=ORIENTED_EDGE('',*,*,#4061,.F.);
#5355=ORIENTED_EDGE('',*,*,#4062,.F.);
#5356=ORIENTED_EDGE('',*,*,#4063,.F.);
#5357=ORIENTED_EDGE('',*,*,#3624,.T.);
#5358=ORIENTED_EDGE('',*,*,#4064,.F.);
#5359=ORIENTED_EDGE('',*,*,#4065,.F.);
#5360=ORIENTED_EDGE('',*,*,#4066,.T.);
#5361=ORIENTED_EDGE('',*,*,#3720,.T.);
#5362=ORIENTED_EDGE('',*,*,#4067,.F.);
#5363=ORIENTED_EDGE('',*,*,#4068,.F.);
#5364=ORIENTED_EDGE('',*,*,#4069,.F.);
#5365=ORIENTED_EDGE('',*,*,#3642,.T.);
#5366=ORIENTED_EDGE('',*,*,#4070,.F.);
#5367=ORIENTED_EDGE('',*,*,#4071,.F.);
#5368=ORIENTED_EDGE('',*,*,#4072,.F.);
#5369=ORIENTED_EDGE('',*,*,#3700,.T.);
#5370=ORIENTED_EDGE('',*,*,#4073,.F.);
#5371=ORIENTED_EDGE('',*,*,#4074,.F.);
#5372=ORIENTED_EDGE('',*,*,#4075,.F.);
#5373=ORIENTED_EDGE('',*,*,#3563,.T.);
#5374=ORIENTED_EDGE('',*,*,#4076,.F.);
#5375=ORIENTED_EDGE('',*,*,#4077,.F.);
#5376=ORIENTED_EDGE('',*,*,#4061,.T.);
#5377=ORIENTED_EDGE('',*,*,#3641,.T.);
#5378=ORIENTED_EDGE('',*,*,#4078,.F.);
#5379=ORIENTED_EDGE('',*,*,#4079,.T.);
#5380=ORIENTED_EDGE('',*,*,#4070,.T.);
#5381=ORIENTED_EDGE('',*,*,#3562,.T.);
#5382=ORIENTED_EDGE('',*,*,#4080,.F.);
#5383=ORIENTED_EDGE('',*,*,#4081,.F.);
#5384=ORIENTED_EDGE('',*,*,#4076,.T.);
#5385=ORIENTED_EDGE('',*,*,#3626,.T.);
#5386=ORIENTED_EDGE('',*,*,#4082,.F.);
#5387=ORIENTED_EDGE('',*,*,#4083,.F.);
#5388=ORIENTED_EDGE('',*,*,#4084,.F.);
#5389=ORIENTED_EDGE('',*,*,#3640,.T.);
#5390=ORIENTED_EDGE('',*,*,#4085,.F.);
#5391=ORIENTED_EDGE('',*,*,#4086,.F.);
#5392=ORIENTED_EDGE('',*,*,#4078,.T.);
#5393=ORIENTED_EDGE('',*,*,#3714,.T.);
#5394=ORIENTED_EDGE('',*,*,#4087,.F.);
#5395=ORIENTED_EDGE('',*,*,#4088,.F.);
#5396=ORIENTED_EDGE('',*,*,#4089,.F.);
#5397=ORIENTED_EDGE('',*,*,#3560,.T.);
#5398=ORIENTED_EDGE('',*,*,#4090,.F.);
#5399=ORIENTED_EDGE('',*,*,#4091,.F.);
#5400=ORIENTED_EDGE('',*,*,#4092,.F.);
#5401=ORIENTED_EDGE('',*,*,#3628,.T.);
#5402=ORIENTED_EDGE('',*,*,#4093,.F.);
#5403=ORIENTED_EDGE('',*,*,#4094,.F.);
#5404=ORIENTED_EDGE('',*,*,#4095,.T.);
#5405=ORIENTED_EDGE('',*,*,#3704,.T.);
#5406=ORIENTED_EDGE('',*,*,#4096,.F.);
#5407=ORIENTED_EDGE('',*,*,#4097,.F.);
#5408=ORIENTED_EDGE('',*,*,#4098,.F.);
#5409=ORIENTED_EDGE('',*,*,#3638,.T.);
#5410=ORIENTED_EDGE('',*,*,#4099,.F.);
#5411=ORIENTED_EDGE('',*,*,#4100,.F.);
#5412=ORIENTED_EDGE('',*,*,#4101,.F.);
#5413=ORIENTED_EDGE('',*,*,#3550,.T.);
#5414=ORIENTED_EDGE('',*,*,#4102,.F.);
#5415=ORIENTED_EDGE('',*,*,#4103,.F.);
#5416=ORIENTED_EDGE('',*,*,#4104,.T.);
#5417=ORIENTED_EDGE('',*,*,#3716,.T.);
#5418=ORIENTED_EDGE('',*,*,#4105,.F.);
#5419=ORIENTED_EDGE('',*,*,#4106,.F.);
#5420=ORIENTED_EDGE('',*,*,#4107,.F.);
#5421=ORIENTED_EDGE('',*,*,#3559,.T.);
#5422=ORIENTED_EDGE('',*,*,#4108,.F.);
#5423=ORIENTED_EDGE('',*,*,#4109,.F.);
#5424=ORIENTED_EDGE('',*,*,#4090,.T.);
#5425=ORIENTED_EDGE('',*,*,#3637,.T.);
#5426=ORIENTED_EDGE('',*,*,#4110,.F.);
#5427=ORIENTED_EDGE('',*,*,#4111,.T.);
#5428=ORIENTED_EDGE('',*,*,#4099,.T.);
#5429=ORIENTED_EDGE('',*,*,#3558,.T.);
#5430=ORIENTED_EDGE('',*,*,#4112,.F.);
#5431=ORIENTED_EDGE('',*,*,#4113,.F.);
#5432=ORIENTED_EDGE('',*,*,#4108,.T.);
#5433=ORIENTED_EDGE('',*,*,#3630,.T.);
#5434=ORIENTED_EDGE('',*,*,#4114,.F.);
#5435=ORIENTED_EDGE('',*,*,#4115,.F.);
#5436=ORIENTED_EDGE('',*,*,#4116,.F.);
#5437=ORIENTED_EDGE('',*,*,#3636,.T.);
#5438=ORIENTED_EDGE('',*,*,#4117,.F.);
#5439=ORIENTED_EDGE('',*,*,#4118,.F.);
#5440=ORIENTED_EDGE('',*,*,#4110,.T.);
#5441=ORIENTED_EDGE('',*,*,#3710,.T.);
#5442=ORIENTED_EDGE('',*,*,#4119,.F.);
#5443=ORIENTED_EDGE('',*,*,#4120,.F.);
#5444=ORIENTED_EDGE('',*,*,#4121,.F.);
#5445=ORIENTED_EDGE('',*,*,#3556,.T.);
#5446=ORIENTED_EDGE('',*,*,#4122,.F.);
#5447=ORIENTED_EDGE('',*,*,#4123,.F.);
#5448=ORIENTED_EDGE('',*,*,#4124,.F.);
#5449=ORIENTED_EDGE('',*,*,#3632,.T.);
#5450=ORIENTED_EDGE('',*,*,#4125,.F.);
#5451=ORIENTED_EDGE('',*,*,#4126,.F.);
#5452=ORIENTED_EDGE('',*,*,#4127,.T.);
#5453=ORIENTED_EDGE('',*,*,#3708,.T.);
#5454=ORIENTED_EDGE('',*,*,#4128,.F.);
#5455=ORIENTED_EDGE('',*,*,#4129,.F.);
#5456=ORIENTED_EDGE('',*,*,#4130,.F.);
#5457=ORIENTED_EDGE('',*,*,#3634,.T.);
#5458=ORIENTED_EDGE('',*,*,#4131,.F.);
#5459=ORIENTED_EDGE('',*,*,#4132,.F.);
#5460=ORIENTED_EDGE('',*,*,#4133,.F.);
#5461=ORIENTED_EDGE('',*,*,#3554,.T.);
#5462=ORIENTED_EDGE('',*,*,#4134,.F.);
#5463=ORIENTED_EDGE('',*,*,#4135,.F.);
#5464=ORIENTED_EDGE('',*,*,#4136,.T.);
#5465=ORIENTED_EDGE('',*,*,#3712,.T.);
#5466=ORIENTED_EDGE('',*,*,#4137,.F.);
#5467=ORIENTED_EDGE('',*,*,#4138,.F.);
#5468=ORIENTED_EDGE('',*,*,#4139,.F.);
#5469=ORIENTED_EDGE('',*,*,#3555,.T.);
#5470=ORIENTED_EDGE('',*,*,#4136,.F.);
#5471=ORIENTED_EDGE('',*,*,#4140,.F.);
#5472=ORIENTED_EDGE('',*,*,#4122,.T.);
#5473=ORIENTED_EDGE('',*,*,#3861,.F.);
#5474=ORIENTED_EDGE('',*,*,#4141,.F.);
#5475=ORIENTED_EDGE('',*,*,#4142,.T.);
#5476=ORIENTED_EDGE('',*,*,#3881,.T.);
#5477=ORIENTED_EDGE('',*,*,#3890,.T.);
#5478=ORIENTED_EDGE('',*,*,#4143,.F.);
#5479=ORIENTED_EDGE('',*,*,#3897,.T.);
#5480=ORIENTED_EDGE('',*,*,#3892,.T.);
#5481=ORIENTED_EDGE('',*,*,#3903,.T.);
#5482=ORIENTED_EDGE('',*,*,#4144,.F.);
#5483=ORIENTED_EDGE('',*,*,#3910,.T.);
#5484=ORIENTED_EDGE('',*,*,#3905,.T.);
#5485=ORIENTED_EDGE('',*,*,#3916,.T.);
#5486=ORIENTED_EDGE('',*,*,#4145,.F.);
#5487=ORIENTED_EDGE('',*,*,#3921,.T.);
#5488=ORIENTED_EDGE('',*,*,#3924,.T.);
#5489=ORIENTED_EDGE('',*,*,#3929,.T.);
#5490=ORIENTED_EDGE('',*,*,#4146,.F.);
#5491=ORIENTED_EDGE('',*,*,#3931,.T.);
#5492=ORIENTED_EDGE('',*,*,#3934,.T.);
#5493=ORIENTED_EDGE('',*,*,#3939,.T.);
#5494=ORIENTED_EDGE('',*,*,#4147,.F.);
#5495=ORIENTED_EDGE('',*,*,#3941,.T.);
#5496=ORIENTED_EDGE('',*,*,#3947,.T.);
#5497=ORIENTED_EDGE('',*,*,#3954,.T.);
#5498=ORIENTED_EDGE('',*,*,#4148,.F.);
#5499=ORIENTED_EDGE('',*,*,#3971,.T.);
#5500=ORIENTED_EDGE('',*,*,#3983,.T.);
#5501=ORIENTED_EDGE('',*,*,#3990,.T.);
#5502=ORIENTED_EDGE('',*,*,#4149,.F.);
#5503=ORIENTED_EDGE('',*,*,#4008,.T.);
#5504=ORIENTED_EDGE('',*,*,#4020,.T.);
#5505=ORIENTED_EDGE('',*,*,#4024,.T.);
#5506=ORIENTED_EDGE('',*,*,#4150,.F.);
#5507=ORIENTED_EDGE('',*,*,#4031,.T.);
#5508=ORIENTED_EDGE('',*,*,#4046,.T.);
#5509=ORIENTED_EDGE('',*,*,#4050,.T.);
#5510=ORIENTED_EDGE('',*,*,#4151,.F.);
#5511=ORIENTED_EDGE('',*,*,#4062,.T.);
#5512=ORIENTED_EDGE('',*,*,#4077,.T.);
#5513=ORIENTED_EDGE('',*,*,#4081,.T.);
#5514=ORIENTED_EDGE('',*,*,#4152,.F.);
#5515=ORIENTED_EDGE('',*,*,#4091,.T.);
#5516=ORIENTED_EDGE('',*,*,#4109,.T.);
#5517=ORIENTED_EDGE('',*,*,#4113,.T.);
#5518=ORIENTED_EDGE('',*,*,#4153,.F.);
#5519=ORIENTED_EDGE('',*,*,#4123,.T.);
#5520=ORIENTED_EDGE('',*,*,#4140,.T.);
#5521=ORIENTED_EDGE('',*,*,#4135,.T.);
#5522=ORIENTED_EDGE('',*,*,#4154,.F.);
#5523=ORIENTED_EDGE('',*,*,#4155,.T.);
#5524=ORIENTED_EDGE('',*,*,#4156,.T.);
#5525=ORIENTED_EDGE('',*,*,#4103,.T.);
#5526=ORIENTED_EDGE('',*,*,#4157,.F.);
#5527=ORIENTED_EDGE('',*,*,#4158,.T.);
#5528=ORIENTED_EDGE('',*,*,#3489,.T.);
#5529=ORIENTED_EDGE('',*,*,#3526,.F.);
#5530=ORIENTED_EDGE('',*,*,#3760,.T.);
#5531=ORIENTED_EDGE('',*,*,#4159,.T.);
#5532=ORIENTED_EDGE('',*,*,#4160,.F.);
#5533=ORIENTED_EDGE('',*,*,#4059,.T.);
#5534=ORIENTED_EDGE('',*,*,#3757,.F.);
#5535=ORIENTED_EDGE('',*,*,#4161,.F.);
#5536=ORIENTED_EDGE('',*,*,#3944,.T.);
#5537=ORIENTED_EDGE('',*,*,#3949,.F.);
#5538=ORIENTED_EDGE('',*,*,#4162,.T.);
#5539=ORIENTED_EDGE('',*,*,#4163,.F.);
#5540=ORIENTED_EDGE('',*,*,#3961,.T.);
#5541=ORIENTED_EDGE('',*,*,#3964,.F.);
#5542=ORIENTED_EDGE('',*,*,#3969,.T.);
#5543=ORIENTED_EDGE('',*,*,#4164,.F.);
#5544=ORIENTED_EDGE('',*,*,#3980,.T.);
#5545=ORIENTED_EDGE('',*,*,#3985,.F.);
#5546=ORIENTED_EDGE('',*,*,#4165,.T.);
#5547=ORIENTED_EDGE('',*,*,#4166,.F.);
#5548=ORIENTED_EDGE('',*,*,#3998,.T.);
#5549=ORIENTED_EDGE('',*,*,#4001,.F.);
#5550=ORIENTED_EDGE('',*,*,#4006,.T.);
#5551=ORIENTED_EDGE('',*,*,#4167,.F.);
#5552=ORIENTED_EDGE('',*,*,#4017,.T.);
#5553=ORIENTED_EDGE('',*,*,#4022,.F.);
#5554=ORIENTED_EDGE('',*,*,#4029,.T.);
#5555=ORIENTED_EDGE('',*,*,#4168,.F.);
#5556=ORIENTED_EDGE('',*,*,#4040,.T.);
#5557=ORIENTED_EDGE('',*,*,#4048,.F.);
#5558=ORIENTED_EDGE('',*,*,#4055,.T.);
#5559=ORIENTED_EDGE('',*,*,#4169,.F.);
#5560=ORIENTED_EDGE('',*,*,#4071,.T.);
#5561=ORIENTED_EDGE('',*,*,#4079,.F.);
#5562=ORIENTED_EDGE('',*,*,#4086,.T.);
#5563=ORIENTED_EDGE('',*,*,#4170,.F.);
#5564=ORIENTED_EDGE('',*,*,#4100,.T.);
#5565=ORIENTED_EDGE('',*,*,#4111,.F.);
#5566=ORIENTED_EDGE('',*,*,#4118,.T.);
#5567=ORIENTED_EDGE('',*,*,#4171,.F.);
#5568=ORIENTED_EDGE('',*,*,#4132,.T.);
#5569=ORIENTED_EDGE('',*,*,#4172,.F.);
#5570=ORIENTED_EDGE('',*,*,#4126,.T.);
#5571=ORIENTED_EDGE('',*,*,#4173,.F.);
#5572=ORIENTED_EDGE('',*,*,#4115,.T.);
#5573=ORIENTED_EDGE('',*,*,#4174,.F.);
#5574=ORIENTED_EDGE('',*,*,#4094,.T.);
#5575=ORIENTED_EDGE('',*,*,#4175,.F.);
#5576=ORIENTED_EDGE('',*,*,#4083,.T.);
#5577=ORIENTED_EDGE('',*,*,#4176,.F.);
#5578=ORIENTED_EDGE('',*,*,#4065,.T.);
#5579=ORIENTED_EDGE('',*,*,#4177,.F.);
#5580=ORIENTED_EDGE('',*,*,#4052,.T.);
#5581=ORIENTED_EDGE('',*,*,#4178,.F.);
#5582=ORIENTED_EDGE('',*,*,#4034,.T.);
#5583=ORIENTED_EDGE('',*,*,#4179,.F.);
#5584=ORIENTED_EDGE('',*,*,#4026,.T.);
#5585=ORIENTED_EDGE('',*,*,#4180,.F.);
#5586=ORIENTED_EDGE('',*,*,#4011,.T.);
#5587=ORIENTED_EDGE('',*,*,#4181,.F.);
#5588=ORIENTED_EDGE('',*,*,#3992,.T.);
#5589=ORIENTED_EDGE('',*,*,#4182,.F.);
#5590=ORIENTED_EDGE('',*,*,#3974,.T.);
#5591=ORIENTED_EDGE('',*,*,#4183,.F.);
#5592=ORIENTED_EDGE('',*,*,#3955,.T.);
#5593=ORIENTED_EDGE('',*,*,#3874,.T.);
#5594=ORIENTED_EDGE('',*,*,#3869,.F.);
#5595=ORIENTED_EDGE('',*,*,#3878,.T.);
#5596=ORIENTED_EDGE('',*,*,#3879,.T.);
#5597=ORIENTED_EDGE('',*,*,#3784,.T.);
#5598=ORIENTED_EDGE('',*,*,#3966,.T.);
#5599=ORIENTED_EDGE('',*,*,#4184,.T.);
#5600=ORIENTED_EDGE('',*,*,#4185,.T.);
#5601=ORIENTED_EDGE('',*,*,#4186,.T.);
#5602=ORIENTED_EDGE('',*,*,#4187,.T.);
#5603=ORIENTED_EDGE('',*,*,#4188,.T.);
#5604=ORIENTED_EDGE('',*,*,#4189,.T.);
#5605=ORIENTED_EDGE('',*,*,#4190,.T.);
#5606=ORIENTED_EDGE('',*,*,#3951,.T.);
#5607=ORIENTED_EDGE('',*,*,#4191,.T.);
#5608=ORIENTED_EDGE('',*,*,#3958,.T.);
#5609=ORIENTED_EDGE('',*,*,#4003,.T.);
#5610=ORIENTED_EDGE('',*,*,#4192,.T.);
#5611=ORIENTED_EDGE('',*,*,#4193,.T.);
#5612=ORIENTED_EDGE('',*,*,#4194,.T.);
#5613=ORIENTED_EDGE('',*,*,#4195,.T.);
#5614=ORIENTED_EDGE('',*,*,#3987,.T.);
#5615=ORIENTED_EDGE('',*,*,#4196,.T.);
#5616=ORIENTED_EDGE('',*,*,#3995,.T.);
#5617=ORIENTED_EDGE('',*,*,#4057,.T.);
#5618=ORIENTED_EDGE('',*,*,#4197,.T.);
#5619=ORIENTED_EDGE('',*,*,#4074,.T.);
#5620=ORIENTED_EDGE('',*,*,#4198,.T.);
#5621=ORIENTED_EDGE('',*,*,#4199,.T.);
#5622=ORIENTED_EDGE('',*,*,#4088,.T.);
#5623=ORIENTED_EDGE('',*,*,#4200,.T.);
#5624=ORIENTED_EDGE('',*,*,#4106,.T.);
#5625=ORIENTED_EDGE('',*,*,#4097,.T.);
#5626=ORIENTED_EDGE('',*,*,#4201,.T.);
#5627=ORIENTED_EDGE('',*,*,#4202,.T.);
#5628=ORIENTED_EDGE('',*,*,#4203,.T.);
#5629=ORIENTED_EDGE('',*,*,#4204,.T.);
#5630=ORIENTED_EDGE('',*,*,#4068,.T.);
#5631=ORIENTED_EDGE('',*,*,#4205,.T.);
#5632=ORIENTED_EDGE('',*,*,#4206,.T.);
#5633=ORIENTED_EDGE('',*,*,#3977,.T.);
#5634=ORIENTED_EDGE('',*,*,#4207,.T.);
#5635=ORIENTED_EDGE('',*,*,#4208,.T.);
#5636=ORIENTED_EDGE('',*,*,#4209,.T.);
#5637=ORIENTED_EDGE('',*,*,#4210,.T.);
#5638=ORIENTED_EDGE('',*,*,#4211,.T.);
#5639=ORIENTED_EDGE('',*,*,#4212,.T.);
#5640=ORIENTED_EDGE('',*,*,#3936,.T.);
#5641=ORIENTED_EDGE('',*,*,#3908,.T.);
#5642=ORIENTED_EDGE('',*,*,#4213,.T.);
#5643=ORIENTED_EDGE('',*,*,#3900,.T.);
#5644=ORIENTED_EDGE('',*,*,#4214,.T.);
#5645=ORIENTED_EDGE('',*,*,#4215,.T.);
#5646=ORIENTED_EDGE('',*,*,#3895,.T.);
#5647=ORIENTED_EDGE('',*,*,#4216,.T.);
#5648=ORIENTED_EDGE('',*,*,#3887,.T.);
#5649=ORIENTED_EDGE('',*,*,#3884,.T.);
#5650=ORIENTED_EDGE('',*,*,#4217,.T.);
#5651=ORIENTED_EDGE('',*,*,#4218,.T.);
#5652=ORIENTED_EDGE('',*,*,#4219,.T.);
#5653=ORIENTED_EDGE('',*,*,#3918,.T.);
#5654=ORIENTED_EDGE('',*,*,#4220,.T.);
#5655=ORIENTED_EDGE('',*,*,#3913,.T.);
#5656=ORIENTED_EDGE('',*,*,#4221,.T.);
#5657=ORIENTED_EDGE('',*,*,#4222,.T.);
#5658=ORIENTED_EDGE('',*,*,#3926,.T.);
#5659=ORIENTED_EDGE('',*,*,#4223,.T.);
#5660=ORIENTED_EDGE('',*,*,#4224,.T.);
#5661=ORIENTED_EDGE('',*,*,#4014,.T.);
#5662=ORIENTED_EDGE('',*,*,#4225,.T.);
#5663=ORIENTED_EDGE('',*,*,#4226,.T.);
#5664=ORIENTED_EDGE('',*,*,#4037,.T.);
#5665=ORIENTED_EDGE('',*,*,#4227,.T.);
#5666=ORIENTED_EDGE('',*,*,#4228,.T.);
#5667=ORIENTED_EDGE('',*,*,#4229,.T.);
#5668=ORIENTED_EDGE('',*,*,#4230,.T.);
#5669=ORIENTED_EDGE('',*,*,#4129,.T.);
#5670=ORIENTED_EDGE('',*,*,#4231,.T.);
#5671=ORIENTED_EDGE('',*,*,#4232,.T.);
#5672=ORIENTED_EDGE('',*,*,#4120,.T.);
#5673=ORIENTED_EDGE('',*,*,#4233,.T.);
#5674=ORIENTED_EDGE('',*,*,#4138,.T.);
#5675=ORIENTED_EDGE('',*,*,#4234,.T.);
#5676=ORIENTED_EDGE('',*,*,#4235,.T.);
#5677=ORIENTED_EDGE('',*,*,#4236,.T.);
#5678=ORIENTED_EDGE('',*,*,#4237,.T.);
#5679=ORIENTED_EDGE('',*,*,#4043,.T.);
#5680=ORIENTED_EDGE('',*,*,#3552,.T.);
#5681=ORIENTED_EDGE('',*,*,#4238,.F.);
#5682=ORIENTED_EDGE('',*,*,#4155,.F.);
#5683=ORIENTED_EDGE('',*,*,#4239,.F.);
#5684=ORIENTED_EDGE('',*,*,#3551,.T.);
#5685=ORIENTED_EDGE('',*,*,#4104,.F.);
#5686=ORIENTED_EDGE('',*,*,#4156,.F.);
#5687=ORIENTED_EDGE('',*,*,#4238,.T.);
#5688=ORIENTED_EDGE('',*,*,#3706,.T.);
#5689=ORIENTED_EDGE('',*,*,#4240,.F.);
#5690=ORIENTED_EDGE('',*,*,#4232,.F.);
#5691=ORIENTED_EDGE('',*,*,#4241,.F.);
#5692=ORIENTED_EDGE('',*,*,#3629,.T.);
#5693=ORIENTED_EDGE('',*,*,#4095,.F.);
#5694=ORIENTED_EDGE('',*,*,#4174,.T.);
#5695=ORIENTED_EDGE('',*,*,#4114,.T.);
#5696=ORIENTED_EDGE('',*,*,#3718,.T.);
#5697=ORIENTED_EDGE('',*,*,#4242,.F.);
#5698=ORIENTED_EDGE('',*,*,#4206,.F.);
#5699=ORIENTED_EDGE('',*,*,#4243,.F.);
#5700=ORIENTED_EDGE('',*,*,#3621,.T.);
#5701=ORIENTED_EDGE('',*,*,#4035,.F.);
#5702=ORIENTED_EDGE('',*,*,#4178,.T.);
#5703=ORIENTED_EDGE('',*,*,#4051,.T.);
#5704=ORIENTED_EDGE('',*,*,#3686,.T.);
#5705=ORIENTED_EDGE('',*,*,#4244,.F.);
#5706=ORIENTED_EDGE('',*,*,#4226,.F.);
#5707=ORIENTED_EDGE('',*,*,#4245,.F.);
#5708=ORIENTED_EDGE('',*,*,#3613,.T.);
#5709=ORIENTED_EDGE('',*,*,#3975,.F.);
#5710=ORIENTED_EDGE('',*,*,#4182,.T.);
#5711=ORIENTED_EDGE('',*,*,#3991,.T.);
#5712=ORIENTED_EDGE('',*,*,#3738,.T.);
#5713=ORIENTED_EDGE('',*,*,#4246,.F.);
#5714=ORIENTED_EDGE('',*,*,#4221,.F.);
#5715=ORIENTED_EDGE('',*,*,#4247,.F.);
#5716=ORIENTED_EDGE('',*,*,#3600,.T.);
#5717=ORIENTED_EDGE('',*,*,#3882,.F.);
#5718=ORIENTED_EDGE('',*,*,#4142,.F.);
#5719=ORIENTED_EDGE('',*,*,#4248,.F.);
#5720=ORIENTED_EDGE('',*,*,#3678,.T.);
#5721=ORIENTED_EDGE('',*,*,#4249,.F.);
#5722=ORIENTED_EDGE('',*,*,#4208,.F.);
#5723=ORIENTED_EDGE('',*,*,#4250,.F.);
#5724=ORIENTED_EDGE('',*,*,#3734,.T.);
#5725=ORIENTED_EDGE('',*,*,#4251,.F.);
#5726=ORIENTED_EDGE('',*,*,#4211,.F.);
#5727=ORIENTED_EDGE('',*,*,#4252,.F.);
#5728=ORIENTED_EDGE('',*,*,#3694,.T.);
#5729=ORIENTED_EDGE('',*,*,#4253,.F.);
#5730=ORIENTED_EDGE('',*,*,#4228,.F.);
#5731=ORIENTED_EDGE('',*,*,#4254,.F.);
#5732=ORIENTED_EDGE('',*,*,#3617,.T.);
#5733=ORIENTED_EDGE('',*,*,#4012,.F.);
#5734=ORIENTED_EDGE('',*,*,#4180,.T.);
#5735=ORIENTED_EDGE('',*,*,#4025,.T.);
#5736=ORIENTED_EDGE('',*,*,#3702,.T.);
#5737=ORIENTED_EDGE('',*,*,#4255,.F.);
#5738=ORIENTED_EDGE('',*,*,#4202,.F.);
#5739=ORIENTED_EDGE('',*,*,#4256,.F.);
#5740=ORIENTED_EDGE('',*,*,#3625,.T.);
#5741=ORIENTED_EDGE('',*,*,#4066,.F.);
#5742=ORIENTED_EDGE('',*,*,#4176,.T.);
#5743=ORIENTED_EDGE('',*,*,#4082,.T.);
#5744=ORIENTED_EDGE('',*,*,#3633,.T.);
#5745=ORIENTED_EDGE('',*,*,#4127,.F.);
#5746=ORIENTED_EDGE('',*,*,#4172,.T.);
#5747=ORIENTED_EDGE('',*,*,#4131,.T.);
#5748=ORIENTED_EDGE('',*,*,#3546,.T.);
#5749=ORIENTED_EDGE('',*,*,#4257,.F.);
#5750=ORIENTED_EDGE('',*,*,#4159,.F.);
#5751=ORIENTED_EDGE('',*,*,#3759,.F.);
#5752=ORIENTED_EDGE('',*,*,#3548,.T.);
#5753=ORIENTED_EDGE('',*,*,#3490,.F.);
#5754=ORIENTED_EDGE('',*,*,#4158,.F.);
#5755=ORIENTED_EDGE('',*,*,#4258,.F.);
#5756=ORIENTED_EDGE('',*,*,#3691,.T.);
#5757=ORIENTED_EDGE('',*,*,#4259,.F.);
#5758=ORIENTED_EDGE('',*,*,#4193,.F.);
#5759=ORIENTED_EDGE('',*,*,#4260,.F.);
#5760=ORIENTED_EDGE('',*,*,#3722,.T.);
#5761=ORIENTED_EDGE('',*,*,#4261,.F.);
#5762=ORIENTED_EDGE('',*,*,#4236,.F.);
#5763=ORIENTED_EDGE('',*,*,#4262,.F.);
#5764=ORIENTED_EDGE('',*,*,#3727,.T.);
#5765=ORIENTED_EDGE('',*,*,#4263,.F.);
#5766=ORIENTED_EDGE('',*,*,#4185,.F.);
#5767=ORIENTED_EDGE('',*,*,#4264,.F.);
#5768=ORIENTED_EDGE('',*,*,#3656,.T.);
#5769=ORIENTED_EDGE('',*,*,#4265,.F.);
#5770=ORIENTED_EDGE('',*,*,#4165,.F.);
#5771=ORIENTED_EDGE('',*,*,#3984,.T.);
#5772=ORIENTED_EDGE('',*,*,#3730,.T.);
#5773=ORIENTED_EDGE('',*,*,#4266,.F.);
#5774=ORIENTED_EDGE('',*,*,#4187,.F.);
#5775=ORIENTED_EDGE('',*,*,#4267,.F.);
#5776=ORIENTED_EDGE('',*,*,#3664,.T.);
#5777=ORIENTED_EDGE('',*,*,#4268,.F.);
#5778=ORIENTED_EDGE('',*,*,#4162,.F.);
#5779=ORIENTED_EDGE('',*,*,#3948,.T.);
#5780=ORIENTED_EDGE('',*,*,#3885,.T.);
#5781=ORIENTED_EDGE('',*,*,#4218,.F.);
#5782=ORIENTED_EDGE('',*,*,#4269,.F.);
#5783=ORIENTED_EDGE('',*,*,#3746,.F.);
#5784=ORIENTED_EDGE('',*,*,#3886,.T.);
#5785=ORIENTED_EDGE('',*,*,#3668,.F.);
#5786=ORIENTED_EDGE('',*,*,#3896,.T.);
#5787=ORIENTED_EDGE('',*,*,#4215,.F.);
#5788=ORIENTED_EDGE('',*,*,#3909,.T.);
#5789=ORIENTED_EDGE('',*,*,#4214,.F.);
#5790=ORIENTED_EDGE('',*,*,#3899,.T.);
#5791=ORIENTED_EDGE('',*,*,#3743,.F.);
#5792=ORIENTED_EDGE('',*,*,#3912,.T.);
#5793=ORIENTED_EDGE('',*,*,#3672,.F.);
#5794=ORIENTED_EDGE('',*,*,#3919,.T.);
#5795=ORIENTED_EDGE('',*,*,#4219,.F.);
#5796=ORIENTED_EDGE('',*,*,#4247,.T.);
#5797=ORIENTED_EDGE('',*,*,#4223,.F.);
#5798=ORIENTED_EDGE('',*,*,#3925,.T.);
#5799=ORIENTED_EDGE('',*,*,#3739,.F.);
#5800=ORIENTED_EDGE('',*,*,#3864,.F.);
#5801=ORIENTED_EDGE('',*,*,#3601,.F.);
#5802=ORIENTED_EDGE('',*,*,#4248,.T.);
#5803=ORIENTED_EDGE('',*,*,#4141,.T.);
#5804=ORIENTED_EDGE('',*,*,#4239,.T.);
#5805=ORIENTED_EDGE('',*,*,#4154,.T.);
#5806=ORIENTED_EDGE('',*,*,#4134,.T.);
#5807=ORIENTED_EDGE('',*,*,#3553,.F.);
#5808=ORIENTED_EDGE('',*,*,#4092,.T.);
#5809=ORIENTED_EDGE('',*,*,#4152,.T.);
#5810=ORIENTED_EDGE('',*,*,#4080,.T.);
#5811=ORIENTED_EDGE('',*,*,#3561,.F.);
#5812=ORIENTED_EDGE('',*,*,#4032,.T.);
#5813=ORIENTED_EDGE('',*,*,#4150,.T.);
#5814=ORIENTED_EDGE('',*,*,#4023,.T.);
#5815=ORIENTED_EDGE('',*,*,#3569,.F.);
#5816=ORIENTED_EDGE('',*,*,#3972,.T.);
#5817=ORIENTED_EDGE('',*,*,#4148,.T.);
#5818=ORIENTED_EDGE('',*,*,#3953,.T.);
#5819=ORIENTED_EDGE('',*,*,#3577,.F.);
#5820=ORIENTED_EDGE('',*,*,#3932,.T.);
#5821=ORIENTED_EDGE('',*,*,#4146,.T.);
#5822=ORIENTED_EDGE('',*,*,#3928,.T.);
#5823=ORIENTED_EDGE('',*,*,#3585,.F.);
#5824=ORIENTED_EDGE('',*,*,#3911,.T.);
#5825=ORIENTED_EDGE('',*,*,#4144,.T.);
#5826=ORIENTED_EDGE('',*,*,#3902,.T.);
#5827=ORIENTED_EDGE('',*,*,#3593,.F.);
#5828=ORIENTED_EDGE('',*,*,#3889,.T.);
#5829=ORIENTED_EDGE('',*,*,#3597,.F.);
#5830=ORIENTED_EDGE('',*,*,#3898,.T.);
#5831=ORIENTED_EDGE('',*,*,#4143,.T.);
#5832=ORIENTED_EDGE('',*,*,#3915,.T.);
#5833=ORIENTED_EDGE('',*,*,#3589,.F.);
#5834=ORIENTED_EDGE('',*,*,#3922,.T.);
#5835=ORIENTED_EDGE('',*,*,#4145,.T.);
#5836=ORIENTED_EDGE('',*,*,#3938,.T.);
#5837=ORIENTED_EDGE('',*,*,#3581,.F.);
#5838=ORIENTED_EDGE('',*,*,#3942,.T.);
#5839=ORIENTED_EDGE('',*,*,#4147,.T.);
#5840=ORIENTED_EDGE('',*,*,#3989,.T.);
#5841=ORIENTED_EDGE('',*,*,#3573,.F.);
#5842=ORIENTED_EDGE('',*,*,#4009,.T.);
#5843=ORIENTED_EDGE('',*,*,#4149,.T.);
#5844=ORIENTED_EDGE('',*,*,#4049,.T.);
#5845=ORIENTED_EDGE('',*,*,#3565,.F.);
#5846=ORIENTED_EDGE('',*,*,#4063,.T.);
#5847=ORIENTED_EDGE('',*,*,#4151,.T.);
#5848=ORIENTED_EDGE('',*,*,#4112,.T.);
#5849=ORIENTED_EDGE('',*,*,#3557,.F.);
#5850=ORIENTED_EDGE('',*,*,#4124,.T.);
#5851=ORIENTED_EDGE('',*,*,#4153,.T.);
#5852=ORIENTED_EDGE('',*,*,#4102,.T.);
#5853=ORIENTED_EDGE('',*,*,#3549,.F.);
#5854=ORIENTED_EDGE('',*,*,#4258,.T.);
#5855=ORIENTED_EDGE('',*,*,#4157,.T.);
#5856=ORIENTED_EDGE('',*,*,#4060,.T.);
#5857=ORIENTED_EDGE('',*,*,#4160,.T.);
#5858=ORIENTED_EDGE('',*,*,#4257,.T.);
#5859=ORIENTED_EDGE('',*,*,#3545,.F.);
#5860=ORIENTED_EDGE('',*,*,#3883,.T.);
#5861=ORIENTED_EDGE('',*,*,#3747,.F.);
#5862=ORIENTED_EDGE('',*,*,#4269,.T.);
#5863=ORIENTED_EDGE('',*,*,#4217,.F.);
#5864=ORIENTED_EDGE('',*,*,#3888,.T.);
#5865=ORIENTED_EDGE('',*,*,#4216,.F.);
#5866=ORIENTED_EDGE('',*,*,#3894,.T.);
#5867=ORIENTED_EDGE('',*,*,#3666,.F.);
#5868=ORIENTED_EDGE('',*,*,#3907,.T.);
#5869=ORIENTED_EDGE('',*,*,#3741,.F.);
#5870=ORIENTED_EDGE('',*,*,#3901,.T.);
#5871=ORIENTED_EDGE('',*,*,#4213,.F.);
#5872=ORIENTED_EDGE('',*,*,#3914,.T.);
#5873=ORIENTED_EDGE('',*,*,#4220,.F.);
#5874=ORIENTED_EDGE('',*,*,#3917,.T.);
#5875=ORIENTED_EDGE('',*,*,#3670,.F.);
#5876=ORIENTED_EDGE('',*,*,#4246,.T.);
#5877=ORIENTED_EDGE('',*,*,#3737,.F.);
#5878=ORIENTED_EDGE('',*,*,#3927,.T.);
#5879=ORIENTED_EDGE('',*,*,#4222,.F.);
#5880=ORIENTED_EDGE('',*,*,#3937,.T.);
#5881=ORIENTED_EDGE('',*,*,#4212,.F.);
#5882=ORIENTED_EDGE('',*,*,#4251,.T.);
#5883=ORIENTED_EDGE('',*,*,#3733,.F.);
#5884=ORIENTED_EDGE('',*,*,#3976,.T.);
#5885=ORIENTED_EDGE('',*,*,#3679,.F.);
#5886=ORIENTED_EDGE('',*,*,#4250,.T.);
#5887=ORIENTED_EDGE('',*,*,#4207,.F.);
#5888=ORIENTED_EDGE('',*,*,#4245,.T.);
#5889=ORIENTED_EDGE('',*,*,#4225,.F.);
#5890=ORIENTED_EDGE('',*,*,#4013,.T.);
#5891=ORIENTED_EDGE('',*,*,#3687,.F.);
#5892=ORIENTED_EDGE('',*,*,#4036,.T.);
#5893=ORIENTED_EDGE('',*,*,#3695,.F.);
#5894=ORIENTED_EDGE('',*,*,#4254,.T.);
#5895=ORIENTED_EDGE('',*,*,#4227,.F.);
#5896=ORIENTED_EDGE('',*,*,#4243,.T.);
#5897=ORIENTED_EDGE('',*,*,#4205,.F.);
#5898=ORIENTED_EDGE('',*,*,#4067,.T.);
#5899=ORIENTED_EDGE('',*,*,#3719,.F.);
#5900=ORIENTED_EDGE('',*,*,#4096,.T.);
#5901=ORIENTED_EDGE('',*,*,#3703,.F.);
#5902=ORIENTED_EDGE('',*,*,#4256,.T.);
#5903=ORIENTED_EDGE('',*,*,#4201,.F.);
#5904=ORIENTED_EDGE('',*,*,#4241,.T.);
#5905=ORIENTED_EDGE('',*,*,#4231,.F.);
#5906=ORIENTED_EDGE('',*,*,#4128,.T.);
#5907=ORIENTED_EDGE('',*,*,#3707,.F.);
#5908=ORIENTED_EDGE('',*,*,#4119,.T.);
#5909=ORIENTED_EDGE('',*,*,#3713,.F.);
#5910=ORIENTED_EDGE('',*,*,#4139,.T.);
#5911=ORIENTED_EDGE('',*,*,#4233,.F.);
#5912=ORIENTED_EDGE('',*,*,#4107,.T.);
#5913=ORIENTED_EDGE('',*,*,#4200,.F.);
#5914=ORIENTED_EDGE('',*,*,#4087,.T.);
#5915=ORIENTED_EDGE('',*,*,#3717,.F.);
#5916=ORIENTED_EDGE('',*,*,#3537,.F.);
#5917=ORIENTED_EDGE('',*,*,#3945,.T.);
#5918=ORIENTED_EDGE('',*,*,#4161,.T.);
#5919=ORIENTED_EDGE('',*,*,#3756,.F.);
#5920=ORIENTED_EDGE('',*,*,#3523,.F.);
#5921=ORIENTED_EDGE('',*,*,#3471,.F.);
#5922=ORIENTED_EDGE('',*,*,#3540,.F.);
#5923=ORIENTED_EDGE('',*,*,#3973,.T.);
#5924=ORIENTED_EDGE('',*,*,#3611,.T.);
#5925=ORIENTED_EDGE('',*,*,#3956,.T.);
#5926=ORIENTED_EDGE('',*,*,#4183,.T.);
#5927=ORIENTED_EDGE('',*,*,#3993,.T.);
#5928=ORIENTED_EDGE('',*,*,#4181,.T.);
#5929=ORIENTED_EDGE('',*,*,#4010,.T.);
#5930=ORIENTED_EDGE('',*,*,#3615,.T.);
#5931=ORIENTED_EDGE('',*,*,#4033,.T.);
#5932=ORIENTED_EDGE('',*,*,#3619,.T.);
#5933=ORIENTED_EDGE('',*,*,#4027,.T.);
#5934=ORIENTED_EDGE('',*,*,#4179,.T.);
#5935=ORIENTED_EDGE('',*,*,#4053,.T.);
#5936=ORIENTED_EDGE('',*,*,#4177,.T.);
#5937=ORIENTED_EDGE('',*,*,#4064,.T.);
#5938=ORIENTED_EDGE('',*,*,#3623,.T.);
#5939=ORIENTED_EDGE('',*,*,#4093,.T.);
#5940=ORIENTED_EDGE('',*,*,#3627,.T.);
#5941=ORIENTED_EDGE('',*,*,#4084,.T.);
#5942=ORIENTED_EDGE('',*,*,#4175,.T.);
#5943=ORIENTED_EDGE('',*,*,#4116,.T.);
#5944=ORIENTED_EDGE('',*,*,#4173,.T.);
#5945=ORIENTED_EDGE('',*,*,#4125,.T.);
#5946=ORIENTED_EDGE('',*,*,#3631,.T.);
#5947=ORIENTED_EDGE('',*,*,#4117,.T.);
#5948=ORIENTED_EDGE('',*,*,#3635,.T.);
#5949=ORIENTED_EDGE('',*,*,#4133,.T.);
#5950=ORIENTED_EDGE('',*,*,#4171,.T.);
#5951=ORIENTED_EDGE('',*,*,#4101,.T.);
#5952=ORIENTED_EDGE('',*,*,#4170,.T.);
#5953=ORIENTED_EDGE('',*,*,#4085,.T.);
#5954=ORIENTED_EDGE('',*,*,#3639,.T.);
#5955=ORIENTED_EDGE('',*,*,#4054,.T.);
#5956=ORIENTED_EDGE('',*,*,#3643,.T.);
#5957=ORIENTED_EDGE('',*,*,#4072,.T.);
#5958=ORIENTED_EDGE('',*,*,#4169,.T.);
#5959=ORIENTED_EDGE('',*,*,#4041,.T.);
#5960=ORIENTED_EDGE('',*,*,#4168,.T.);
#5961=ORIENTED_EDGE('',*,*,#4028,.T.);
#5962=ORIENTED_EDGE('',*,*,#3647,.T.);
#5963=ORIENTED_EDGE('',*,*,#4005,.T.);
#5964=ORIENTED_EDGE('',*,*,#3651,.T.);
#5965=ORIENTED_EDGE('',*,*,#4018,.T.);
#5966=ORIENTED_EDGE('',*,*,#4167,.T.);
#5967=ORIENTED_EDGE('',*,*,#3999,.T.);
#5968=ORIENTED_EDGE('',*,*,#4166,.T.);
#5969=ORIENTED_EDGE('',*,*,#4265,.T.);
#5970=ORIENTED_EDGE('',*,*,#3655,.T.);
#5971=ORIENTED_EDGE('',*,*,#3968,.T.);
#5972=ORIENTED_EDGE('',*,*,#3659,.T.);
#5973=ORIENTED_EDGE('',*,*,#3981,.T.);
#5974=ORIENTED_EDGE('',*,*,#4164,.T.);
#5975=ORIENTED_EDGE('',*,*,#3962,.T.);
#5976=ORIENTED_EDGE('',*,*,#4163,.T.);
#5977=ORIENTED_EDGE('',*,*,#4268,.T.);
#5978=ORIENTED_EDGE('',*,*,#3663,.T.);
#5979=ORIENTED_EDGE('',*,*,#4266,.T.);
#5980=ORIENTED_EDGE('',*,*,#3732,.F.);
#5981=ORIENTED_EDGE('',*,*,#4270,.T.);
#5982=ORIENTED_EDGE('',*,*,#4188,.F.);
#5983=ORIENTED_EDGE('',*,*,#3978,.T.);
#5984=ORIENTED_EDGE('',*,*,#4209,.F.);
#5985=ORIENTED_EDGE('',*,*,#4249,.T.);
#5986=ORIENTED_EDGE('',*,*,#3681,.F.);
#5987=ORIENTED_EDGE('',*,*,#4244,.T.);
#5988=ORIENTED_EDGE('',*,*,#3689,.F.);
#5989=ORIENTED_EDGE('',*,*,#4015,.T.);
#5990=ORIENTED_EDGE('',*,*,#4224,.F.);
#5991=ORIENTED_EDGE('',*,*,#4038,.T.);
#5992=ORIENTED_EDGE('',*,*,#4229,.F.);
#5993=ORIENTED_EDGE('',*,*,#4253,.T.);
#5994=ORIENTED_EDGE('',*,*,#3697,.F.);
#5995=ORIENTED_EDGE('',*,*,#4242,.T.);
#5996=ORIENTED_EDGE('',*,*,#3721,.F.);
#5997=ORIENTED_EDGE('',*,*,#4069,.T.);
#5998=ORIENTED_EDGE('',*,*,#4204,.F.);
#5999=ORIENTED_EDGE('',*,*,#4098,.T.);
#6000=ORIENTED_EDGE('',*,*,#4203,.F.);
#6001=ORIENTED_EDGE('',*,*,#4255,.T.);
#6002=ORIENTED_EDGE('',*,*,#3705,.F.);
#6003=ORIENTED_EDGE('',*,*,#4240,.T.);
#6004=ORIENTED_EDGE('',*,*,#3709,.F.);
#6005=ORIENTED_EDGE('',*,*,#4130,.T.);
#6006=ORIENTED_EDGE('',*,*,#4230,.F.);
#6007=ORIENTED_EDGE('',*,*,#4121,.T.);
#6008=ORIENTED_EDGE('',*,*,#4234,.F.);
#6009=ORIENTED_EDGE('',*,*,#4137,.T.);
#6010=ORIENTED_EDGE('',*,*,#3711,.F.);
#6011=ORIENTED_EDGE('',*,*,#4105,.T.);
#6012=ORIENTED_EDGE('',*,*,#3715,.F.);
#6013=ORIENTED_EDGE('',*,*,#4089,.T.);
#6014=ORIENTED_EDGE('',*,*,#4199,.F.);
#6015=ORIENTED_EDGE('',*,*,#4058,.T.);
#6016=ORIENTED_EDGE('',*,*,#4198,.F.);
#6017=ORIENTED_EDGE('',*,*,#4073,.T.);
#6018=ORIENTED_EDGE('',*,*,#3699,.F.);
#6019=ORIENTED_EDGE('',*,*,#4042,.T.);
#6020=ORIENTED_EDGE('',*,*,#3723,.F.);
#6021=ORIENTED_EDGE('',*,*,#4262,.T.);
#6022=ORIENTED_EDGE('',*,*,#4235,.F.);
#6023=ORIENTED_EDGE('',*,*,#4004,.T.);
#6024=ORIENTED_EDGE('',*,*,#4194,.F.);
#6025=ORIENTED_EDGE('',*,*,#4259,.T.);
#6026=ORIENTED_EDGE('',*,*,#3690,.F.);
#6027=ORIENTED_EDGE('',*,*,#3994,.T.);
#6028=ORIENTED_EDGE('',*,*,#3682,.F.);
#6029=ORIENTED_EDGE('',*,*,#3988,.T.);
#6030=ORIENTED_EDGE('',*,*,#4195,.F.);
#6031=ORIENTED_EDGE('',*,*,#3967,.T.);
#6032=ORIENTED_EDGE('',*,*,#4186,.F.);
#6033=ORIENTED_EDGE('',*,*,#4263,.T.);
#6034=ORIENTED_EDGE('',*,*,#3726,.F.);
#6035=ORIENTED_EDGE('',*,*,#4267,.T.);
#6036=ORIENTED_EDGE('',*,*,#4189,.F.);
#6037=ORIENTED_EDGE('',*,*,#4270,.F.);
#6038=ORIENTED_EDGE('',*,*,#3731,.F.);
#6039=ORIENTED_EDGE('',*,*,#3965,.T.);
#6040=ORIENTED_EDGE('',*,*,#3728,.F.);
#6041=ORIENTED_EDGE('',*,*,#4264,.T.);
#6042=ORIENTED_EDGE('',*,*,#4184,.F.);
#6043=ORIENTED_EDGE('',*,*,#4002,.T.);
#6044=ORIENTED_EDGE('',*,*,#3692,.F.);
#6045=ORIENTED_EDGE('',*,*,#4260,.T.);
#6046=ORIENTED_EDGE('',*,*,#4192,.F.);
#6047=ORIENTED_EDGE('',*,*,#4044,.T.);
#6048=ORIENTED_EDGE('',*,*,#4237,.F.);
#6049=ORIENTED_EDGE('',*,*,#4261,.T.);
#6050=ORIENTED_EDGE('',*,*,#3725,.F.);
#6051=ORIENTED_EDGE('',*,*,#3996,.T.);
#6052=ORIENTED_EDGE('',*,*,#4196,.F.);
#6053=ORIENTED_EDGE('',*,*,#3986,.T.);
#6054=ORIENTED_EDGE('',*,*,#3684,.F.);
#6055=ORIENTED_EDGE('',*,*,#3959,.T.);
#6056=ORIENTED_EDGE('',*,*,#4191,.F.);
#6057=ORIENTED_EDGE('',*,*,#3950,.T.);
#6058=ORIENTED_EDGE('',*,*,#3676,.F.);
#6059=ORIENTED_EDGE('',*,*,#3957,.T.);
#6060=ORIENTED_EDGE('',*,*,#3674,.F.);
#6061=ORIENTED_EDGE('',*,*,#3952,.T.);
#6062=ORIENTED_EDGE('',*,*,#4190,.F.);
#6063=ORIENTED_EDGE('',*,*,#3935,.T.);
#6064=ORIENTED_EDGE('',*,*,#3735,.F.);
#6065=ORIENTED_EDGE('',*,*,#4252,.T.);
#6066=ORIENTED_EDGE('',*,*,#4210,.F.);
#6067=ORIENTED_EDGE('',*,*,#4056,.T.);
#6068=ORIENTED_EDGE('',*,*,#3701,.F.);
#6069=ORIENTED_EDGE('',*,*,#4075,.T.);
#6070=ORIENTED_EDGE('',*,*,#4197,.F.);
#6071=TOROIDAL_SURFACE('',#6407,3.5,1.);
#6072=TOROIDAL_SURFACE('',#6413,1.5,1.);
#6073=TOROIDAL_SURFACE('',#6422,1.5,1.);
#6074=TOROIDAL_SURFACE('',#6455,1.5,1.);
#6075=TOROIDAL_SURFACE('',#6461,1.5,1.);
#6076=TOROIDAL_SURFACE('',#6519,4.,1.5);
#6077=TOROIDAL_SURFACE('',#6527,3.5,2.5);
#6078=TOROIDAL_SURFACE('',#6536,5.,2.5);
#6079=TOROIDAL_SURFACE('',#6596,5.,1.);
#6080=ADVANCED_FACE('',(#1978),#6071,.T.);
#6081=ADVANCED_FACE('',(#1979),#1924,.T.);
#6082=ADVANCED_FACE('',(#1980),#6072,.T.);
#6083=ADVANCED_FACE('',(#1981),#1925,.T.);
#6084=ADVANCED_FACE('',(#1982),#1926,.T.);
#6085=ADVANCED_FACE('',(#1983),#6073,.T.);
#6086=ADVANCED_FACE('',(#1984),#1927,.T.);
#6087=ADVANCED_FACE('',(#1985),#1928,.T.);
#6088=ADVANCED_FACE('',(#1986),#343,.F.);
#6089=ADVANCED_FACE('',(#1987),#1929,.T.);
#6090=ADVANCED_FACE('',(#1988),#341,.F.);
#6091=ADVANCED_FACE('',(#1989),#1930,.T.);
#6092=ADVANCED_FACE('',(#1990),#339,.T.);
#6093=ADVANCED_FACE('',(#1991),#96,.T.);
#6094=ADVANCED_FACE('',(#1992),#1931,.F.);
#6095=ADVANCED_FACE('',(#1993),#97,.T.);
#6096=ADVANCED_FACE('',(#1994),#1932,.T.);
#6097=ADVANCED_FACE('',(#1995),#98,.F.);
#6098=ADVANCED_FACE('',(#1996),#1933,.T.);
#6099=ADVANCED_FACE('',(#1997),#99,.T.);
#6100=ADVANCED_FACE('',(#1998),#1934,.T.);
#6101=ADVANCED_FACE('',(#1999),#6074,.T.);
#6102=ADVANCED_FACE('',(#2000),#1935,.T.);
#6103=ADVANCED_FACE('',(#2001),#6075,.T.);
#6104=ADVANCED_FACE('',(#2002),#1936,.T.);
#6105=ADVANCED_FACE('',(#2003),#344,.F.);
#6106=ADVANCED_FACE('',(#2004),#1937,.T.);
#6107=ADVANCED_FACE('',(#2005),#345,.F.);
#6108=ADVANCED_FACE('',(#2006),#1938,.T.);
#6109=ADVANCED_FACE('',(#2007),#100,.T.);
#6110=ADVANCED_FACE('',(#2008),#101,.T.);
#6111=ADVANCED_FACE('',(#2009),#102,.T.);
#6112=ADVANCED_FACE('',(#2010),#103,.T.);
#6113=ADVANCED_FACE('',(#2011),#1939,.T.);
#6114=ADVANCED_FACE('',(#2012,#16,#17,#18,#19,#20,#21,#22,#23,#24,#25,#26,
#27,#28),#104,.F.);
#6115=ADVANCED_FACE('',(#2013),#105,.T.);
#6116=ADVANCED_FACE('',(#2014),#1940,.T.);
#6117=ADVANCED_FACE('',(#2015,#29,#30,#31,#32,#33,#34,#35,#36,#37,#38,#39,
#40,#41),#106,.F.);
#6118=ADVANCED_FACE('',(#2016),#1941,.T.);
#6119=ADVANCED_FACE('',(#2017),#6076,.T.);
#6120=ADVANCED_FACE('',(#2018),#1942,.T.);
#6121=ADVANCED_FACE('',(#2019),#107,.T.);
#6122=ADVANCED_FACE('',(#2020),#1943,.T.);
#6123=ADVANCED_FACE('',(#2021),#342,.F.);
#6124=ADVANCED_FACE('',(#2022),#6077,.T.);
#6125=ADVANCED_FACE('',(#2023),#1944,.T.);
#6126=ADVANCED_FACE('',(#2024),#1945,.T.);
#6127=ADVANCED_FACE('',(#2025),#1946,.F.);
#6128=ADVANCED_FACE('',(#2026),#6078,.F.);
#6129=ADVANCED_FACE('',(#2027),#108,.T.);
#6130=ADVANCED_FACE('',(#2028),#340,.T.);
#6131=ADVANCED_FACE('',(#2029),#1947,.T.);
#6132=ADVANCED_FACE('',(#2030),#1948,.T.);
#6133=ADVANCED_FACE('',(#2031),#1949,.T.);
#6134=ADVANCED_FACE('',(#2032,#42,#43,#44,#45,#46,#47,#48,#49,#50,#51,#52,
#53,#54,#55,#56,#57,#58,#59,#60,#61,#62),#109,.F.);
#6135=ADVANCED_FACE('',(#2033),#110,.F.);
#6136=ADVANCED_FACE('',(#2034),#111,.T.);
#6137=ADVANCED_FACE('',(#2035),#1950,.T.);
#6138=ADVANCED_FACE('',(#2036),#112,.T.);
#6139=ADVANCED_FACE('',(#2037),#113,.F.);
#6140=ADVANCED_FACE('',(#2038),#114,.T.);
#6141=ADVANCED_FACE('',(#2039),#115,.F.);
#6142=ADVANCED_FACE('',(#2040),#116,.F.);
#6143=ADVANCED_FACE('',(#2041),#117,.F.);
#6144=ADVANCED_FACE('',(#2042),#118,.F.);
#6145=ADVANCED_FACE('',(#2043),#119,.F.);
#6146=ADVANCED_FACE('',(#2044),#120,.F.);
#6147=ADVANCED_FACE('',(#2045),#121,.F.);
#6148=ADVANCED_FACE('',(#2046),#122,.F.);
#6149=ADVANCED_FACE('',(#2047),#123,.F.);
#6150=ADVANCED_FACE('',(#2048,#63),#124,.F.);
#6151=ADVANCED_FACE('',(#2049),#1951,.T.);
#6152=ADVANCED_FACE('',(#2050),#125,.F.);
#6153=ADVANCED_FACE('',(#2051,#64,#65,#66,#67,#68),#126,.T.);
#6154=ADVANCED_FACE('',(#2052),#127,.F.);
#6155=ADVANCED_FACE('',(#2053),#128,.F.);
#6156=ADVANCED_FACE('',(#2054),#129,.F.);
#6157=ADVANCED_FACE('',(#2055),#1952,.F.);
#6158=ADVANCED_FACE('',(#2056),#1953,.F.);
#6159=ADVANCED_FACE('',(#2057),#1954,.F.);
#6160=ADVANCED_FACE('',(#2058),#1955,.F.);
#6161=ADVANCED_FACE('',(#2059,#69,#70,#71,#72,#73),#130,.F.);
#6162=ADVANCED_FACE('',(#2060),#131,.T.);
#6163=ADVANCED_FACE('',(#2061),#132,.T.);
#6164=ADVANCED_FACE('',(#2062),#133,.T.);
#6165=ADVANCED_FACE('',(#2063),#134,.F.);
#6166=ADVANCED_FACE('',(#2064),#135,.F.);
#6167=ADVANCED_FACE('',(#2065),#1956,.T.);
#6168=ADVANCED_FACE('',(#2066),#6079,.T.);
#6169=ADVANCED_FACE('',(#2067),#1957,.T.);
#6170=ADVANCED_FACE('',(#2068),#1958,.F.);
#6171=ADVANCED_FACE('',(#2069),#1959,.F.);
#6172=ADVANCED_FACE('',(#2070),#1960,.F.);
#6173=ADVANCED_FACE('',(#2071),#1961,.F.);
#6174=ADVANCED_FACE('',(#2072),#1962,.F.);
#6175=ADVANCED_FACE('',(#2073),#1963,.F.);
#6176=ADVANCED_FACE('',(#2074),#1964,.F.);
#6177=ADVANCED_FACE('',(#2075),#1965,.F.);
#6178=ADVANCED_FACE('',(#2076),#1966,.F.);
#6179=ADVANCED_FACE('',(#2077),#1967,.F.);
#6180=ADVANCED_FACE('',(#2078),#1968,.F.);
#6181=ADVANCED_FACE('',(#2079),#1969,.F.);
#6182=ADVANCED_FACE('',(#2080),#1970,.F.);
#6183=ADVANCED_FACE('',(#2081),#1971,.T.);
#6184=ADVANCED_FACE('',(#2082),#1972,.T.);
#6185=ADVANCED_FACE('',(#2083),#1973,.T.);
#6186=ADVANCED_FACE('',(#2084),#1974,.T.);
#6187=ADVANCED_FACE('',(#2085),#1975,.T.);
#6188=ADVANCED_FACE('',(#2086),#1976,.T.);
#6189=ADVANCED_FACE('',(#2087),#1977,.T.);
#6190=ADVANCED_FACE('',(#2088),#136,.T.);
#6191=ADVANCED_FACE('',(#2089),#137,.T.);
#6192=ADVANCED_FACE('',(#2090),#138,.F.);
#6193=ADVANCED_FACE('',(#2091),#139,.F.);
#6194=ADVANCED_FACE('',(#2092,#74),#140,.F.);
#6195=ADVANCED_FACE('',(#2093),#141,.T.);
#6196=ADVANCED_FACE('',(#2094),#142,.T.);
#6197=ADVANCED_FACE('',(#2095),#143,.T.);
#6198=ADVANCED_FACE('',(#2096),#144,.T.);
#6199=ADVANCED_FACE('',(#2097),#145,.T.);
#6200=ADVANCED_FACE('',(#2098),#146,.T.);
#6201=ADVANCED_FACE('',(#2099),#147,.T.);
#6202=ADVANCED_FACE('',(#2100),#148,.T.);
#6203=ADVANCED_FACE('',(#2101),#149,.T.);
#6204=ADVANCED_FACE('',(#2102),#150,.T.);
#6205=ADVANCED_FACE('',(#2103),#151,.T.);
#6206=ADVANCED_FACE('',(#2104),#152,.T.);
#6207=ADVANCED_FACE('',(#2105),#153,.T.);
#6208=ADVANCED_FACE('',(#2106),#154,.T.);
#6209=ADVANCED_FACE('',(#2107),#155,.T.);
#6210=ADVANCED_FACE('',(#2108),#156,.T.);
#6211=ADVANCED_FACE('',(#2109),#157,.T.);
#6212=ADVANCED_FACE('',(#2110),#158,.T.);
#6213=ADVANCED_FACE('',(#2111),#159,.T.);
#6214=ADVANCED_FACE('',(#2112),#160,.T.);
#6215=ADVANCED_FACE('',(#2113),#161,.T.);
#6216=ADVANCED_FACE('',(#2114),#162,.T.);
#6217=ADVANCED_FACE('',(#2115),#163,.T.);
#6218=ADVANCED_FACE('',(#2116),#164,.T.);
#6219=ADVANCED_FACE('',(#2117),#165,.T.);
#6220=ADVANCED_FACE('',(#2118),#166,.T.);
#6221=ADVANCED_FACE('',(#2119),#167,.T.);
#6222=ADVANCED_FACE('',(#2120),#168,.T.);
#6223=ADVANCED_FACE('',(#2121),#169,.T.);
#6224=ADVANCED_FACE('',(#2122),#170,.T.);
#6225=ADVANCED_FACE('',(#2123),#171,.T.);
#6226=ADVANCED_FACE('',(#2124),#172,.T.);
#6227=ADVANCED_FACE('',(#2125),#173,.T.);
#6228=ADVANCED_FACE('',(#2126),#174,.T.);
#6229=ADVANCED_FACE('',(#2127),#175,.T.);
#6230=ADVANCED_FACE('',(#2128),#176,.T.);
#6231=ADVANCED_FACE('',(#2129),#177,.T.);
#6232=ADVANCED_FACE('',(#2130),#178,.T.);
#6233=ADVANCED_FACE('',(#2131),#179,.T.);
#6234=ADVANCED_FACE('',(#2132),#180,.T.);
#6235=ADVANCED_FACE('',(#2133),#181,.T.);
#6236=ADVANCED_FACE('',(#2134),#182,.T.);
#6237=ADVANCED_FACE('',(#2135),#183,.T.);
#6238=ADVANCED_FACE('',(#2136),#184,.T.);
#6239=ADVANCED_FACE('',(#2137),#185,.T.);
#6240=ADVANCED_FACE('',(#2138),#186,.T.);
#6241=ADVANCED_FACE('',(#2139),#187,.T.);
#6242=ADVANCED_FACE('',(#2140),#188,.T.);
#6243=ADVANCED_FACE('',(#2141),#189,.T.);
#6244=ADVANCED_FACE('',(#2142),#190,.T.);
#6245=ADVANCED_FACE('',(#2143),#191,.T.);
#6246=ADVANCED_FACE('',(#2144),#192,.T.);
#6247=ADVANCED_FACE('',(#2145),#193,.T.);
#6248=ADVANCED_FACE('',(#2146),#194,.T.);
#6249=ADVANCED_FACE('',(#2147),#195,.T.);
#6250=ADVANCED_FACE('',(#2148),#196,.T.);
#6251=ADVANCED_FACE('',(#2149),#197,.T.);
#6252=ADVANCED_FACE('',(#2150),#198,.T.);
#6253=ADVANCED_FACE('',(#2151),#199,.T.);
#6254=ADVANCED_FACE('',(#2152),#200,.T.);
#6255=ADVANCED_FACE('',(#2153),#201,.T.);
#6256=ADVANCED_FACE('',(#2154),#202,.T.);
#6257=ADVANCED_FACE('',(#2155),#203,.T.);
#6258=ADVANCED_FACE('',(#2156),#204,.T.);
#6259=ADVANCED_FACE('',(#2157),#205,.T.);
#6260=ADVANCED_FACE('',(#2158),#206,.T.);
#6261=ADVANCED_FACE('',(#2159),#207,.T.);
#6262=ADVANCED_FACE('',(#2160),#208,.T.);
#6263=ADVANCED_FACE('',(#2161),#209,.T.);
#6264=ADVANCED_FACE('',(#2162),#210,.T.);
#6265=ADVANCED_FACE('',(#2163),#211,.T.);
#6266=ADVANCED_FACE('',(#2164),#212,.T.);
#6267=ADVANCED_FACE('',(#2165),#213,.T.);
#6268=ADVANCED_FACE('',(#2166),#214,.T.);
#6269=ADVANCED_FACE('',(#2167),#215,.T.);
#6270=ADVANCED_FACE('',(#2168),#216,.T.);
#6271=ADVANCED_FACE('',(#2169),#217,.T.);
#6272=ADVANCED_FACE('',(#2170),#218,.T.);
#6273=ADVANCED_FACE('',(#2171),#219,.T.);
#6274=ADVANCED_FACE('',(#2172),#220,.T.);
#6275=ADVANCED_FACE('',(#2173),#221,.T.);
#6276=ADVANCED_FACE('',(#2174),#222,.T.);
#6277=ADVANCED_FACE('',(#2175),#223,.T.);
#6278=ADVANCED_FACE('',(#2176),#224,.T.);
#6279=ADVANCED_FACE('',(#2177),#225,.T.);
#6280=ADVANCED_FACE('',(#2178),#226,.T.);
#6281=ADVANCED_FACE('',(#2179),#227,.T.);
#6282=ADVANCED_FACE('',(#2180),#228,.T.);
#6283=ADVANCED_FACE('',(#2181),#229,.T.);
#6284=ADVANCED_FACE('',(#2182),#230,.T.);
#6285=ADVANCED_FACE('',(#2183),#231,.T.);
#6286=ADVANCED_FACE('',(#2184),#232,.T.);
#6287=ADVANCED_FACE('',(#2185),#233,.T.);
#6288=ADVANCED_FACE('',(#2186),#234,.T.);
#6289=ADVANCED_FACE('',(#2187),#235,.T.);
#6290=ADVANCED_FACE('',(#2188),#236,.T.);
#6291=ADVANCED_FACE('',(#2189),#237,.T.);
#6292=ADVANCED_FACE('',(#2190),#238,.T.);
#6293=ADVANCED_FACE('',(#2191),#239,.T.);
#6294=ADVANCED_FACE('',(#2192),#240,.T.);
#6295=ADVANCED_FACE('',(#2193,#75,#76,#77,#78,#79,#80,#81,#82,#83,#84,#85,
#86,#87,#88,#89,#90,#91,#92,#93,#94,#95),#241,.T.);
#6296=ADVANCED_FACE('',(#2194),#242,.T.);
#6297=ADVANCED_FACE('',(#2195),#243,.T.);
#6298=ADVANCED_FACE('',(#2196),#244,.T.);
#6299=ADVANCED_FACE('',(#2197),#245,.T.);
#6300=ADVANCED_FACE('',(#2198),#246,.T.);
#6301=ADVANCED_FACE('',(#2199),#247,.T.);
#6302=ADVANCED_FACE('',(#2200),#248,.T.);
#6303=ADVANCED_FACE('',(#2201),#249,.T.);
#6304=ADVANCED_FACE('',(#2202),#250,.T.);
#6305=ADVANCED_FACE('',(#2203),#251,.T.);
#6306=ADVANCED_FACE('',(#2204),#252,.T.);
#6307=ADVANCED_FACE('',(#2205),#253,.T.);
#6308=ADVANCED_FACE('',(#2206),#254,.T.);
#6309=ADVANCED_FACE('',(#2207),#255,.T.);
#6310=ADVANCED_FACE('',(#2208),#256,.T.);
#6311=ADVANCED_FACE('',(#2209),#257,.T.);
#6312=ADVANCED_FACE('',(#2210),#258,.T.);
#6313=ADVANCED_FACE('',(#2211),#259,.T.);
#6314=ADVANCED_FACE('',(#2212),#260,.T.);
#6315=ADVANCED_FACE('',(#2213),#261,.T.);
#6316=ADVANCED_FACE('',(#2214),#262,.T.);
#6317=ADVANCED_FACE('',(#2215),#263,.T.);
#6318=ADVANCED_FACE('',(#2216),#264,.T.);
#6319=ADVANCED_FACE('',(#2217),#265,.T.);
#6320=ADVANCED_FACE('',(#2218),#266,.T.);
#6321=ADVANCED_FACE('',(#2219),#267,.T.);
#6322=ADVANCED_FACE('',(#2220),#268,.T.);
#6323=ADVANCED_FACE('',(#2221),#269,.T.);
#6324=ADVANCED_FACE('',(#2222),#270,.T.);
#6325=ADVANCED_FACE('',(#2223),#271,.T.);
#6326=ADVANCED_FACE('',(#2224),#272,.F.);
#6327=ADVANCED_FACE('',(#2225),#273,.F.);
#6328=ADVANCED_FACE('',(#2226),#274,.F.);
#6329=ADVANCED_FACE('',(#2227),#275,.F.);
#6330=ADVANCED_FACE('',(#2228),#276,.F.);
#6331=ADVANCED_FACE('',(#2229),#277,.F.);
#6332=ADVANCED_FACE('',(#2230),#278,.F.);
#6333=ADVANCED_FACE('',(#2231),#279,.F.);
#6334=ADVANCED_FACE('',(#2232),#280,.F.);
#6335=ADVANCED_FACE('',(#2233),#281,.F.);
#6336=ADVANCED_FACE('',(#2234),#282,.F.);
#6337=ADVANCED_FACE('',(#2235),#283,.F.);
#6338=ADVANCED_FACE('',(#2236),#284,.F.);
#6339=ADVANCED_FACE('',(#2237),#285,.F.);
#6340=ADVANCED_FACE('',(#2238),#286,.F.);
#6341=ADVANCED_FACE('',(#2239),#287,.T.);
#6342=ADVANCED_FACE('',(#2240),#288,.T.);
#6343=ADVANCED_FACE('',(#2241),#289,.T.);
#6344=ADVANCED_FACE('',(#2242),#290,.T.);
#6345=ADVANCED_FACE('',(#2243),#291,.T.);
#6346=ADVANCED_FACE('',(#2244),#292,.T.);
#6347=ADVANCED_FACE('',(#2245),#293,.T.);
#6348=ADVANCED_FACE('',(#2246),#294,.T.);
#6349=ADVANCED_FACE('',(#2247),#295,.T.);
#6350=ADVANCED_FACE('',(#2248),#296,.T.);
#6351=ADVANCED_FACE('',(#2249),#297,.T.);
#6352=ADVANCED_FACE('',(#2250),#298,.T.);
#6353=ADVANCED_FACE('',(#2251),#299,.T.);
#6354=ADVANCED_FACE('',(#2252),#300,.T.);
#6355=ADVANCED_FACE('',(#2253),#301,.F.);
#6356=ADVANCED_FACE('',(#2254),#302,.F.);
#6357=ADVANCED_FACE('',(#2255),#303,.F.);
#6358=ADVANCED_FACE('',(#2256),#304,.F.);
#6359=ADVANCED_FACE('',(#2257),#305,.F.);
#6360=ADVANCED_FACE('',(#2258),#306,.F.);
#6361=ADVANCED_FACE('',(#2259),#307,.F.);
#6362=ADVANCED_FACE('',(#2260),#308,.F.);
#6363=ADVANCED_FACE('',(#2261),#309,.F.);
#6364=ADVANCED_FACE('',(#2262),#310,.F.);
#6365=ADVANCED_FACE('',(#2263),#311,.F.);
#6366=ADVANCED_FACE('',(#2264),#312,.F.);
#6367=ADVANCED_FACE('',(#2265),#313,.F.);
#6368=ADVANCED_FACE('',(#2266),#314,.F.);
#6369=ADVANCED_FACE('',(#2267),#315,.F.);
#6370=ADVANCED_FACE('',(#2268),#316,.T.);
#6371=ADVANCED_FACE('',(#2269),#317,.T.);
#6372=ADVANCED_FACE('',(#2270),#318,.T.);
#6373=ADVANCED_FACE('',(#2271),#319,.T.);
#6374=ADVANCED_FACE('',(#2272),#320,.T.);
#6375=ADVANCED_FACE('',(#2273),#321,.T.);
#6376=ADVANCED_FACE('',(#2274),#322,.T.);
#6377=ADVANCED_FACE('',(#2275),#323,.T.);
#6378=ADVANCED_FACE('',(#2276),#324,.T.);
#6379=ADVANCED_FACE('',(#2277),#325,.T.);
#6380=ADVANCED_FACE('',(#2278),#326,.T.);
#6381=ADVANCED_FACE('',(#2279),#327,.T.);
#6382=ADVANCED_FACE('',(#2280),#328,.T.);
#6383=ADVANCED_FACE('',(#2281),#329,.T.);
#6384=ADVANCED_FACE('',(#2282),#330,.T.);
#6385=ADVANCED_FACE('',(#2283),#331,.T.);
#6386=ADVANCED_FACE('',(#2284),#332,.T.);
#6387=ADVANCED_FACE('',(#2285),#333,.T.);
#6388=ADVANCED_FACE('',(#2286),#334,.T.);
#6389=ADVANCED_FACE('',(#2287),#335,.T.);
#6390=ADVANCED_FACE('',(#2288),#336,.T.);
#6391=ADVANCED_FACE('',(#2289),#337,.T.);
#6392=ADVANCED_FACE('',(#2290),#338,.T.);
#6393=CLOSED_SHELL('',(#6080,#6081,#6082,#6083,#6084,#6085,#6086,#6087,
#6088,#6089,#6090,#6091,#6092,#6093,#6094,#6095,#6096,#6097,#6098,#6099,
#6100,#6101,#6102,#6103,#6104,#6105,#6106,#6107,#6108,#6109,#6110,#6111,
#6112,#6113,#6114,#6115,#6116,#6117,#6118,#6119,#6120,#6121,#6122,#6123,
#6124,#6125,#6126,#6127,#6128,#6129,#6130,#6131,#6132,#6133,#6134,#6135,
#6136,#6137,#6138,#6139,#6140,#6141,#6142,#6143,#6144,#6145,#6146,#6147,
#6148,#6149,#6150,#6151,#6152,#6153,#6154,#6155,#6156,#6157,#6158,#6159,
#6160,#6161,#6162,#6163,#6164,#6165,#6166,#6167,#6168,#6169,#6170,#6171,
#6172,#6173,#6174,#6175,#6176,#6177,#6178,#6179,#6180,#6181,#6182,#6183,
#6184,#6185,#6186,#6187,#6188,#6189,#6190,#6191,#6192,#6193,#6194,#6195,
#6196,#6197,#6198,#6199,#6200,#6201,#6202,#6203,#6204,#6205,#6206,#6207,
#6208,#6209,#6210,#6211,#6212,#6213,#6214,#6215,#6216,#6217,#6218,#6219,
#6220,#6221,#6222,#6223,#6224,#6225,#6226,#6227,#6228,#6229,#6230,#6231,
#6232,#6233,#6234,#6235,#6236,#6237,#6238,#6239,#6240,#6241,#6242,#6243,
#6244,#6245,#6246,#6247,#6248,#6249,#6250,#6251,#6252,#6253,#6254,#6255,
#6256,#6257,#6258,#6259,#6260,#6261,#6262,#6263,#6264,#6265,#6266,#6267,
#6268,#6269,#6270,#6271,#6272,#6273,#6274,#6275,#6276,#6277,#6278,#6279,
#6280,#6281,#6282,#6283,#6284,#6285,#6286,#6287,#6288,#6289,#6290,#6291,
#6292,#6293,#6294,#6295,#6296,#6297,#6298,#6299,#6300,#6301,#6302,#6303,
#6304,#6305,#6306,#6307,#6308,#6309,#6310,#6311,#6312,#6313,#6314,#6315,
#6316,#6317,#6318,#6319,#6320,#6321,#6322,#6323,#6324,#6325,#6326,#6327,
#6328,#6329,#6330,#6331,#6332,#6333,#6334,#6335,#6336,#6337,#6338,#6339,
#6340,#6341,#6342,#6343,#6344,#6345,#6346,#6347,#6348,#6349,#6350,#6351,
#6352,#6353,#6354,#6355,#6356,#6357,#6358,#6359,#6360,#6361,#6362,#6363,
#6364,#6365,#6366,#6367,#6368,#6369,#6370,#6371,#6372,#6373,#6374,#6375,
#6376,#6377,#6378,#6379,#6380,#6381,#6382,#6383,#6384,#6385,#6386,#6387,
#6388,#6389,#6390,#6391,#6392));
#6394=DERIVED_UNIT_ELEMENT(#6396,1.);
#6395=DERIVED_UNIT_ELEMENT(#10386,-3.);
#6396=(
MASS_UNIT()
NAMED_UNIT(*)
SI_UNIT(.KILO.,.GRAM.)
);
#6397=DERIVED_UNIT((#6394,#6395));
#6398=MEASURE_REPRESENTATION_ITEM('density measure',
POSITIVE_RATIO_MEASURE(7850.),#6397);
#6399=PROPERTY_DEFINITION_REPRESENTATION(#6404,#6401);
#6400=PROPERTY_DEFINITION_REPRESENTATION(#6405,#6402);
#6401=REPRESENTATION('material name',(#6403),#10383);
#6402=REPRESENTATION('density',(#6398),#10383);
#6403=DESCRIPTIVE_REPRESENTATION_ITEM('Steel','Steel');
#6404=PROPERTY_DEFINITION('material property','material name',#10393);
#6405=PROPERTY_DEFINITION('material property','density of part',#10393);
#6406=AXIS2_PLACEMENT_3D('',#8453,#6828,#6829);
#6407=AXIS2_PLACEMENT_3D('',#8454,#6830,#6831);
#6408=AXIS2_PLACEMENT_3D('',#8457,#6832,#6833);
#6409=AXIS2_PLACEMENT_3D('',#8459,#6834,#6835);
#6410=AXIS2_PLACEMENT_3D('',#8461,#6836,#6837);
#6411=AXIS2_PLACEMENT_3D('',#8474,#6838,#6839);
#6412=AXIS2_PLACEMENT_3D('',#8477,#6840,#6841);
#6413=AXIS2_PLACEMENT_3D('',#8480,#6844,#6845);
#6414=AXIS2_PLACEMENT_3D('',#8483,#6846,#6847);
#6415=AXIS2_PLACEMENT_3D('',#8484,#6848,#6849);
#6416=AXIS2_PLACEMENT_3D('',#8485,#6850,#6851);
#6417=AXIS2_PLACEMENT_3D('',#8486,#6852,#6853);
#6418=AXIS2_PLACEMENT_3D('',#8489,#6854,#6855);
#6419=AXIS2_PLACEMENT_3D('',#8492,#6858,#6859);
#6420=AXIS2_PLACEMENT_3D('',#8494,#6860,#6861);
#6421=AXIS2_PLACEMENT_3D('',#8498,#6863,#6864);
#6422=AXIS2_PLACEMENT_3D('',#8500,#6866,#6867);
#6423=AXIS2_PLACEMENT_3D('',#8503,#6868,#6869);
#6424=AXIS2_PLACEMENT_3D('',#8504,#6870,#6871);
#6425=AXIS2_PLACEMENT_3D('',#8505,#6872,#6873);
#6426=AXIS2_PLACEMENT_3D('',#8506,#6874,#6875);
#6427=AXIS2_PLACEMENT_3D('',#8511,#6878,#6879);
#6428=AXIS2_PLACEMENT_3D('',#8512,#6880,#6881);
#6429=AXIS2_PLACEMENT_3D('',#8516,#6883,#6884);
#6430=AXIS2_PLACEMENT_3D('',#8529,#6886,#6887);
#6431=AXIS2_PLACEMENT_3D('',#8530,#6888,#6889);
#6432=AXIS2_PLACEMENT_3D('',#8531,#6890,#6891);
#6433=AXIS2_PLACEMENT_3D('',#8532,#6892,#6893);
#6434=AXIS2_PLACEMENT_3D('',#8535,#6894,#6895);
#6435=AXIS2_PLACEMENT_3D('',#8576,#6898,#6899);
#6436=AXIS2_PLACEMENT_3D('',#8589,#6900,#6901);
#6437=AXIS2_PLACEMENT_3D('',#8593,#6904,#6905);
#6438=AXIS2_PLACEMENT_3D('',#8594,#6906,#6907);
#6439=AXIS2_PLACEMENT_3D('',#8595,#6908,#6909);
#6440=AXIS2_PLACEMENT_3D('',#8596,#6910,#6911);
#6441=AXIS2_PLACEMENT_3D('',#8598,#6913,#6914);
#6442=AXIS2_PLACEMENT_3D('',#8602,#6916,#6917);
#6443=AXIS2_PLACEMENT_3D('',#8605,#6919,#6920);
#6444=AXIS2_PLACEMENT_3D('',#8606,#6921,#6922);
#6445=AXIS2_PLACEMENT_3D('',#8610,#6925,#6926);
#6446=AXIS2_PLACEMENT_3D('',#8613,#6928,#6929);
#6447=AXIS2_PLACEMENT_3D('',#8614,#6930,#6931);
#6448=AXIS2_PLACEMENT_3D('',#8618,#6933,#6934);
#6449=AXIS2_PLACEMENT_3D('',#8635,#6938,#6939);
#6450=AXIS2_PLACEMENT_3D('',#8638,#6941,#6942);
#6451=AXIS2_PLACEMENT_3D('',#8639,#6943,#6944);
#6452=AXIS2_PLACEMENT_3D('',#8643,#6947,#6948);
#6453=AXIS2_PLACEMENT_3D('',#8648,#6950,#6951);
#6454=AXIS2_PLACEMENT_3D('',#8651,#6953,#6954);
#6455=AXIS2_PLACEMENT_3D('',#8652,#6955,#6956);
#6456=AXIS2_PLACEMENT_3D('',#8655,#6957,#6958);
#6457=AXIS2_PLACEMENT_3D('',#8656,#6959,#6960);
#6458=AXIS2_PLACEMENT_3D('',#8657,#6961,#6962);
#6459=AXIS2_PLACEMENT_3D('',#8658,#6963,#6964);
#6460=AXIS2_PLACEMENT_3D('',#8661,#6965,#6966);
#6461=AXIS2_PLACEMENT_3D('',#8664,#6969,#6970);
#6462=AXIS2_PLACEMENT_3D('',#8677,#6971,#6972);
#6463=AXIS2_PLACEMENT_3D('',#8678,#6973,#6974);
#6464=AXIS2_PLACEMENT_3D('',#8679,#6975,#6976);
#6465=AXIS2_PLACEMENT_3D('',#8682,#6977,#6978);
#6466=AXIS2_PLACEMENT_3D('',#8686,#6980,#6981);
#6467=AXIS2_PLACEMENT_3D('',#8699,#6983,#6984);
#6468=AXIS2_PLACEMENT_3D('',#8700,#6985,#6986);
#6469=AXIS2_PLACEMENT_3D('',#8701,#6987,#6988);
#6470=AXIS2_PLACEMENT_3D('',#8702,#6989,#6990);
#6471=AXIS2_PLACEMENT_3D('',#8705,#6991,#6992);
#6472=AXIS2_PLACEMENT_3D('',#8719,#6995,#6996);
#6473=AXIS2_PLACEMENT_3D('',#8720,#6997,#6998);
#6474=AXIS2_PLACEMENT_3D('',#8721,#6999,#7000);
#6475=AXIS2_PLACEMENT_3D('',#8722,#7001,#7002);
#6476=AXIS2_PLACEMENT_3D('',#8725,#7005,#7006);
#6477=AXIS2_PLACEMENT_3D('',#8733,#7011,#7012);
#6478=AXIS2_PLACEMENT_3D('',#8736,#7015,#7016);
#6479=AXIS2_PLACEMENT_3D('',#8737,#7017,#7018);
#6480=AXIS2_PLACEMENT_3D('',#8738,#7019,#7020);
#6481=AXIS2_PLACEMENT_3D('',#8741,#7022,#7023);
#6482=AXIS2_PLACEMENT_3D('',#8742,#7024,#7025);
#6483=AXIS2_PLACEMENT_3D('',#8753,#7031,#7032);
#6484=AXIS2_PLACEMENT_3D('',#8758,#7035,#7036);
#6485=AXIS2_PLACEMENT_3D('',#8760,#7037,#7038);
#6486=AXIS2_PLACEMENT_3D('',#8762,#7039,#7040);
#6487=AXIS2_PLACEMENT_3D('',#8764,#7041,#7042);
#6488=AXIS2_PLACEMENT_3D('',#8766,#7043,#7044);
#6489=AXIS2_PLACEMENT_3D('',#8768,#7045,#7046);
#6490=AXIS2_PLACEMENT_3D('',#8770,#7047,#7048);
#6491=AXIS2_PLACEMENT_3D('',#8772,#7049,#7050);
#6492=AXIS2_PLACEMENT_3D('',#8774,#7051,#7052);
#6493=AXIS2_PLACEMENT_3D('',#8776,#7053,#7054);
#6494=AXIS2_PLACEMENT_3D('',#8778,#7055,#7056);
#6495=AXIS2_PLACEMENT_3D('',#8780,#7057,#7058);
#6496=AXIS2_PLACEMENT_3D('',#8782,#7059,#7060);
#6497=AXIS2_PLACEMENT_3D('',#8784,#7061,#7062);
#6498=AXIS2_PLACEMENT_3D('',#8785,#7063,#7064);
#6499=AXIS2_PLACEMENT_3D('',#8799,#7071,#7072);
#6500=AXIS2_PLACEMENT_3D('',#8805,#7076,#7077);
#6501=AXIS2_PLACEMENT_3D('',#8806,#7078,#7079);
#6502=AXIS2_PLACEMENT_3D('',#8807,#7080,#7081);
#6503=AXIS2_PLACEMENT_3D('',#8808,#7082,#7083);
#6504=AXIS2_PLACEMENT_3D('',#8812,#7086,#7087);
#6505=AXIS2_PLACEMENT_3D('',#8814,#7088,#7089);
#6506=AXIS2_PLACEMENT_3D('',#8816,#7090,#7091);
#6507=AXIS2_PLACEMENT_3D('',#8818,#7092,#7093);
#6508=AXIS2_PLACEMENT_3D('',#8820,#7094,#7095);
#6509=AXIS2_PLACEMENT_3D('',#8822,#7096,#7097);
#6510=AXIS2_PLACEMENT_3D('',#8824,#7098,#7099);
#6511=AXIS2_PLACEMENT_3D('',#8826,#7100,#7101);
#6512=AXIS2_PLACEMENT_3D('',#8828,#7102,#7103);
#6513=AXIS2_PLACEMENT_3D('',#8830,#7104,#7105);
#6514=AXIS2_PLACEMENT_3D('',#8832,#7106,#7107);
#6515=AXIS2_PLACEMENT_3D('',#8834,#7108,#7109);
#6516=AXIS2_PLACEMENT_3D('',#8836,#7110,#7111);
#6517=AXIS2_PLACEMENT_3D('',#8837,#7112,#7113);
#6518=AXIS2_PLACEMENT_3D('',#8840,#7115,#7116);
#6519=AXIS2_PLACEMENT_3D('',#8841,#7117,#7118);
#6520=AXIS2_PLACEMENT_3D('',#8842,#7119,#7120);
#6521=AXIS2_PLACEMENT_3D('',#8843,#7121,#7122);
#6522=AXIS2_PLACEMENT_3D('',#8845,#7124,#7125);
#6523=AXIS2_PLACEMENT_3D('',#8846,#7126,#7127);
#6524=AXIS2_PLACEMENT_3D('',#8847,#7128,#7129);
#6525=AXIS2_PLACEMENT_3D('',#8879,#7130,#7131);
#6526=AXIS2_PLACEMENT_3D('',#8880,#7132,#7133);
#6527=AXIS2_PLACEMENT_3D('',#8881,#7134,#7135);
#6528=AXIS2_PLACEMENT_3D('',#8883,#7136,#7137);
#6529=AXIS2_PLACEMENT_3D('',#8884,#7138,#7139);
#6530=AXIS2_PLACEMENT_3D('',#8885,#7140,#7141);
#6531=AXIS2_PLACEMENT_3D('',#8887,#7142,#7143);
#6532=AXIS2_PLACEMENT_3D('',#8889,#7145,#7146);
#6533=AXIS2_PLACEMENT_3D('',#8892,#7148,#7149);
#6534=AXIS2_PLACEMENT_3D('',#8893,#7150,#7151);
#6535=AXIS2_PLACEMENT_3D('',#8895,#7152,#7153);
#6536=AXIS2_PLACEMENT_3D('',#8897,#7155,#7156);
#6537=AXIS2_PLACEMENT_3D('',#8898,#7157,#7158);
#6538=AXIS2_PLACEMENT_3D('',#8899,#7159,#7160);
#6539=AXIS2_PLACEMENT_3D('',#8900,#7161,#7162);
#6540=AXIS2_PLACEMENT_3D('',#8903,#7163,#7164);
#6541=AXIS2_PLACEMENT_3D('',#8905,#7165,#7166);
#6542=AXIS2_PLACEMENT_3D('',#8906,#7167,#7168);
#6543=AXIS2_PLACEMENT_3D('',#8907,#7169,#7170);
#6544=AXIS2_PLACEMENT_3D('',#8910,#7171,#7172);
#6545=AXIS2_PLACEMENT_3D('',#8913,#7175,#7176);
#6546=AXIS2_PLACEMENT_3D('',#8916,#7177,#7178);
#6547=AXIS2_PLACEMENT_3D('',#8919,#7181,#7182);
#6548=AXIS2_PLACEMENT_3D('',#8922,#7185,#7186);
#6549=AXIS2_PLACEMENT_3D('',#9335,#7394,#7395);
#6550=AXIS2_PLACEMENT_3D('',#9337,#7397,#7398);
#6551=AXIS2_PLACEMENT_3D('',#9340,#7399,#7400);
#6552=AXIS2_PLACEMENT_3D('',#9345,#7404,#7405);
#6553=AXIS2_PLACEMENT_3D('',#9348,#7408,#7409);
#6554=AXIS2_PLACEMENT_3D('',#9350,#7411,#7412);
#6555=AXIS2_PLACEMENT_3D('',#9362,#7420,#7421);
#6556=AXIS2_PLACEMENT_3D('',#9363,#7422,#7423);
#6557=AXIS2_PLACEMENT_3D('',#9370,#7427,#7428);
#6558=AXIS2_PLACEMENT_3D('',#9377,#7432,#7433);
#6559=AXIS2_PLACEMENT_3D('',#9383,#7437,#7438);
#6560=AXIS2_PLACEMENT_3D('',#9389,#7442,#7443);
#6561=AXIS2_PLACEMENT_3D('',#9395,#7447,#7448);
#6562=AXIS2_PLACEMENT_3D('',#9399,#7451,#7452);
#6563=AXIS2_PLACEMENT_3D('',#9401,#7454,#7455);
#6564=AXIS2_PLACEMENT_3D('',#9405,#7458,#7459);
#6565=AXIS2_PLACEMENT_3D('',#9407,#7461,#7462);
#6566=AXIS2_PLACEMENT_3D('',#9416,#7468,#7469);
#6567=AXIS2_PLACEMENT_3D('',#9417,#7470,#7471);
#6568=AXIS2_PLACEMENT_3D('',#9418,#7472,#7473);
#6569=AXIS2_PLACEMENT_3D('',#9428,#7479,#7480);
#6570=AXIS2_PLACEMENT_3D('',#9435,#7484,#7485);
#6571=AXIS2_PLACEMENT_3D('',#9437,#7486,#7487);
#6572=AXIS2_PLACEMENT_3D('',#9439,#7488,#7489);
#6573=AXIS2_PLACEMENT_3D('',#9441,#7490,#7491);
#6574=AXIS2_PLACEMENT_3D('',#9450,#7496,#7497);
#6575=AXIS2_PLACEMENT_3D('',#9455,#7500,#7501);
#6576=AXIS2_PLACEMENT_3D('',#9456,#7502,#7503);
#6577=AXIS2_PLACEMENT_3D('',#9460,#7506,#7507);
#6578=AXIS2_PLACEMENT_3D('',#9464,#7509,#7510);
#6579=AXIS2_PLACEMENT_3D('',#9468,#7513,#7514);
#6580=AXIS2_PLACEMENT_3D('',#9471,#7516,#7517);
#6581=AXIS2_PLACEMENT_3D('',#9472,#7518,#7519);
#6582=AXIS2_PLACEMENT_3D('',#9475,#7521,#7522);
#6583=AXIS2_PLACEMENT_3D('',#9476,#7523,#7524);
#6584=AXIS2_PLACEMENT_3D('',#9479,#7526,#7527);
#6585=AXIS2_PLACEMENT_3D('',#9480,#7528,#7529);
#6586=AXIS2_PLACEMENT_3D('',#9483,#7531,#7532);
#6587=AXIS2_PLACEMENT_3D('',#9484,#7533,#7534);
#6588=AXIS2_PLACEMENT_3D('',#9495,#7541,#7542);
#6589=AXIS2_PLACEMENT_3D('',#9498,#7545,#7546);
#6590=AXIS2_PLACEMENT_3D('',#9500,#7548,#7549);
#6591=AXIS2_PLACEMENT_3D('',#9502,#7551,#7552);
#6592=AXIS2_PLACEMENT_3D('',#9503,#7553,#7554);
#6593=AXIS2_PLACEMENT_3D('',#9507,#7555,#7556);
#6594=AXIS2_PLACEMENT_3D('',#9510,#7558,#7559);
#6595=AXIS2_PLACEMENT_3D('',#9513,#7561,#7562);
#6596=AXIS2_PLACEMENT_3D('',#9514,#7563,#7564);
#6597=AXIS2_PLACEMENT_3D('',#9515,#7565,#7566);
#6598=AXIS2_PLACEMENT_3D('',#9516,#7567,#7568);
#6599=AXIS2_PLACEMENT_3D('',#9517,#7569,#7570);
#6600=AXIS2_PLACEMENT_3D('',#9519,#7572,#7573);
#6601=AXIS2_PLACEMENT_3D('',#9521,#7575,#7576);
#6602=AXIS2_PLACEMENT_3D('',#9523,#7578,#7579);
#6603=AXIS2_PLACEMENT_3D('',#9525,#7581,#7582);
#6604=AXIS2_PLACEMENT_3D('',#9527,#7584,#7585);
#6605=AXIS2_PLACEMENT_3D('',#9529,#7587,#7588);
#6606=AXIS2_PLACEMENT_3D('',#9531,#7590,#7591);
#6607=AXIS2_PLACEMENT_3D('',#9533,#7593,#7594);
#6608=AXIS2_PLACEMENT_3D('',#9535,#7596,#7597);
#6609=AXIS2_PLACEMENT_3D('',#9537,#7599,#7600);
#6610=AXIS2_PLACEMENT_3D('',#9539,#7602,#7603);
#6611=AXIS2_PLACEMENT_3D('',#9541,#7605,#7606);
#6612=AXIS2_PLACEMENT_3D('',#9543,#7608,#7609);
#6613=AXIS2_PLACEMENT_3D('',#9548,#7611,#7612);
#6614=AXIS2_PLACEMENT_3D('',#9551,#7614,#7615);
#6615=AXIS2_PLACEMENT_3D('',#9552,#7616,#7617);
#6616=AXIS2_PLACEMENT_3D('',#9556,#7619,#7620);
#6617=AXIS2_PLACEMENT_3D('',#9558,#7622,#7623);
#6618=AXIS2_PLACEMENT_3D('',#9562,#7625,#7626);
#6619=AXIS2_PLACEMENT_3D('',#9565,#7629,#7630);
#6620=AXIS2_PLACEMENT_3D('',#9568,#7633,#7634);
#6621=AXIS2_PLACEMENT_3D('',#9573,#7637,#7638);
#6622=AXIS2_PLACEMENT_3D('',#9574,#7639,#7640);
#6623=AXIS2_PLACEMENT_3D('',#9581,#7644,#7645);
#6624=AXIS2_PLACEMENT_3D('',#9582,#7646,#7647);
#6625=AXIS2_PLACEMENT_3D('',#9585,#7650,#7651);
#6626=AXIS2_PLACEMENT_3D('',#9589,#7654,#7655);
#6627=AXIS2_PLACEMENT_3D('',#9590,#7656,#7657);
#6628=AXIS2_PLACEMENT_3D('',#9592,#7659,#7660);
#6629=AXIS2_PLACEMENT_3D('',#9596,#7663,#7664);
#6630=AXIS2_PLACEMENT_3D('',#9598,#7666,#7667);
#6631=AXIS2_PLACEMENT_3D('',#9604,#7671,#7672);
#6632=AXIS2_PLACEMENT_3D('',#9610,#7676,#7677);
#6633=AXIS2_PLACEMENT_3D('',#9616,#7681,#7682);
#6634=AXIS2_PLACEMENT_3D('',#9620,#7685,#7686);
#6635=AXIS2_PLACEMENT_3D('',#9626,#7690,#7691);
#6636=AXIS2_PLACEMENT_3D('',#9632,#7695,#7696);
#6637=AXIS2_PLACEMENT_3D('',#9636,#7699,#7700);
#6638=AXIS2_PLACEMENT_3D('',#9642,#7704,#7705);
#6639=AXIS2_PLACEMENT_3D('',#9646,#7708,#7709);
#6640=AXIS2_PLACEMENT_3D('',#9652,#7713,#7714);
#6641=AXIS2_PLACEMENT_3D('',#9658,#7718,#7719);
#6642=AXIS2_PLACEMENT_3D('',#9662,#7722,#7723);
#6643=AXIS2_PLACEMENT_3D('',#9668,#7727,#7728);
#6644=AXIS2_PLACEMENT_3D('',#9672,#7731,#7732);
#6645=AXIS2_PLACEMENT_3D('',#9678,#7736,#7737);
#6646=AXIS2_PLACEMENT_3D('',#9684,#7741,#7742);
#6647=AXIS2_PLACEMENT_3D('',#9688,#7745,#7746);
#6648=AXIS2_PLACEMENT_3D('',#9694,#7750,#7751);
#6649=AXIS2_PLACEMENT_3D('',#9698,#7754,#7755);
#6650=AXIS2_PLACEMENT_3D('',#9704,#7759,#7760);
#6651=AXIS2_PLACEMENT_3D('',#9708,#7763,#7764);
#6652=AXIS2_PLACEMENT_3D('',#9714,#7768,#7769);
#6653=AXIS2_PLACEMENT_3D('',#9718,#7772,#7773);
#6654=AXIS2_PLACEMENT_3D('',#9724,#7777,#7778);
#6655=AXIS2_PLACEMENT_3D('',#9730,#7782,#7783);
#6656=AXIS2_PLACEMENT_3D('',#9734,#7786,#7787);
#6657=AXIS2_PLACEMENT_3D('',#9738,#7790,#7791);
#6658=AXIS2_PLACEMENT_3D('',#9744,#7795,#7796);
#6659=AXIS2_PLACEMENT_3D('',#9748,#7799,#7800);
#6660=AXIS2_PLACEMENT_3D('',#9752,#7803,#7804);
#6661=AXIS2_PLACEMENT_3D('',#9758,#7808,#7809);
#6662=AXIS2_PLACEMENT_3D('',#9764,#7813,#7814);
#6663=AXIS2_PLACEMENT_3D('',#9768,#7817,#7818);
#6664=AXIS2_PLACEMENT_3D('',#9774,#7822,#7823);
#6665=AXIS2_PLACEMENT_3D('',#9778,#7826,#7827);
#6666=AXIS2_PLACEMENT_3D('',#9784,#7831,#7832);
#6667=AXIS2_PLACEMENT_3D('',#9790,#7836,#7837);
#6668=AXIS2_PLACEMENT_3D('',#9796,#7841,#7842);
#6669=AXIS2_PLACEMENT_3D('',#9802,#7846,#7847);
#6670=AXIS2_PLACEMENT_3D('',#9806,#7850,#7851);
#6671=AXIS2_PLACEMENT_3D('',#9810,#7854,#7855);
#6672=AXIS2_PLACEMENT_3D('',#9816,#7859,#7860);
#6673=AXIS2_PLACEMENT_3D('',#9820,#7863,#7864);
#6674=AXIS2_PLACEMENT_3D('',#9826,#7868,#7869);
#6675=AXIS2_PLACEMENT_3D('',#9832,#7873,#7874);
#6676=AXIS2_PLACEMENT_3D('',#9838,#7878,#7879);
#6677=AXIS2_PLACEMENT_3D('',#9842,#7882,#7883);
#6678=AXIS2_PLACEMENT_3D('',#9848,#7887,#7888);
#6679=AXIS2_PLACEMENT_3D('',#9852,#7891,#7892);
#6680=AXIS2_PLACEMENT_3D('',#9858,#7896,#7897);
#6681=AXIS2_PLACEMENT_3D('',#9864,#7901,#7902);
#6682=AXIS2_PLACEMENT_3D('',#9870,#7906,#7907);
#6683=AXIS2_PLACEMENT_3D('',#9876,#7911,#7912);
#6684=AXIS2_PLACEMENT_3D('',#9880,#7915,#7916);
#6685=AXIS2_PLACEMENT_3D('',#9884,#7919,#7920);
#6686=AXIS2_PLACEMENT_3D('',#9888,#7923,#7924);
#6687=AXIS2_PLACEMENT_3D('',#9894,#7928,#7929);
#6688=AXIS2_PLACEMENT_3D('',#9898,#7932,#7933);
#6689=AXIS2_PLACEMENT_3D('',#9904,#7937,#7938);
#6690=AXIS2_PLACEMENT_3D('',#9910,#7942,#7943);
#6691=AXIS2_PLACEMENT_3D('',#9916,#7947,#7948);
#6692=AXIS2_PLACEMENT_3D('',#9922,#7952,#7953);
#6693=AXIS2_PLACEMENT_3D('',#9928,#7957,#7958);
#6694=AXIS2_PLACEMENT_3D('',#9932,#7961,#7962);
#6695=AXIS2_PLACEMENT_3D('',#9936,#7965,#7966);
#6696=AXIS2_PLACEMENT_3D('',#9940,#7969,#7970);
#6697=AXIS2_PLACEMENT_3D('',#9946,#7974,#7975);
#6698=AXIS2_PLACEMENT_3D('',#9950,#7978,#7979);
#6699=AXIS2_PLACEMENT_3D('',#9956,#7983,#7984);
#6700=AXIS2_PLACEMENT_3D('',#9960,#7987,#7988);
#6701=AXIS2_PLACEMENT_3D('',#9966,#7992,#7993);
#6702=AXIS2_PLACEMENT_3D('',#9972,#7997,#7998);
#6703=AXIS2_PLACEMENT_3D('',#9978,#8002,#8003);
#6704=AXIS2_PLACEMENT_3D('',#9984,#8007,#8008);
#6705=AXIS2_PLACEMENT_3D('',#9990,#8012,#8013);
#6706=AXIS2_PLACEMENT_3D('',#9994,#8016,#8017);
#6707=AXIS2_PLACEMENT_3D('',#9998,#8020,#8021);
#6708=AXIS2_PLACEMENT_3D('',#10002,#8024,#8025);
#6709=AXIS2_PLACEMENT_3D('',#10008,#8029,#8030);
#6710=AXIS2_PLACEMENT_3D('',#10012,#8033,#8034);
#6711=AXIS2_PLACEMENT_3D('',#10018,#8038,#8039);
#6712=AXIS2_PLACEMENT_3D('',#10024,#8043,#8044);
#6713=AXIS2_PLACEMENT_3D('',#10030,#8048,#8049);
#6714=AXIS2_PLACEMENT_3D('',#10036,#8053,#8054);
#6715=AXIS2_PLACEMENT_3D('',#10042,#8058,#8059);
#6716=AXIS2_PLACEMENT_3D('',#10048,#8063,#8064);
#6717=AXIS2_PLACEMENT_3D('',#10054,#8068,#8069);
#6718=AXIS2_PLACEMENT_3D('',#10058,#8072,#8073);
#6719=AXIS2_PLACEMENT_3D('',#10062,#8076,#8077);
#6720=AXIS2_PLACEMENT_3D('',#10066,#8080,#8081);
#6721=AXIS2_PLACEMENT_3D('',#10072,#8085,#8086);
#6722=AXIS2_PLACEMENT_3D('',#10076,#8089,#8090);
#6723=AXIS2_PLACEMENT_3D('',#10082,#8094,#8095);
#6724=AXIS2_PLACEMENT_3D('',#10088,#8099,#8100);
#6725=AXIS2_PLACEMENT_3D('',#10094,#8104,#8105);
#6726=AXIS2_PLACEMENT_3D('',#10100,#8109,#8110);
#6727=AXIS2_PLACEMENT_3D('',#10106,#8114,#8115);
#6728=AXIS2_PLACEMENT_3D('',#10112,#8119,#8120);
#6729=AXIS2_PLACEMENT_3D('',#10118,#8124,#8125);
#6730=AXIS2_PLACEMENT_3D('',#10120,#8127,#8128);
#6731=AXIS2_PLACEMENT_3D('',#10251,#8226,#8227);
#6732=AXIS2_PLACEMENT_3D('',#10254,#8230,#8231);
#6733=AXIS2_PLACEMENT_3D('',#10255,#8232,#8233);
#6734=AXIS2_PLACEMENT_3D('',#10258,#8236,#8237);
#6735=AXIS2_PLACEMENT_3D('',#10259,#8238,#8239);
#6736=AXIS2_PLACEMENT_3D('',#10262,#8242,#8243);
#6737=AXIS2_PLACEMENT_3D('',#10263,#8244,#8245);
#6738=AXIS2_PLACEMENT_3D('',#10266,#8248,#8249);
#6739=AXIS2_PLACEMENT_3D('',#10267,#8250,#8251);
#6740=AXIS2_PLACEMENT_3D('',#10270,#8254,#8255);
#6741=AXIS2_PLACEMENT_3D('',#10272,#8257,#8258);
#6742=AXIS2_PLACEMENT_3D('',#10275,#8261,#8262);
#6743=AXIS2_PLACEMENT_3D('',#10278,#8265,#8266);
#6744=AXIS2_PLACEMENT_3D('',#10281,#8269,#8270);
#6745=AXIS2_PLACEMENT_3D('',#10282,#8271,#8272);
#6746=AXIS2_PLACEMENT_3D('',#10285,#8275,#8276);
#6747=AXIS2_PLACEMENT_3D('',#10286,#8277,#8278);
#6748=AXIS2_PLACEMENT_3D('',#10287,#8279,#8280);
#6749=AXIS2_PLACEMENT_3D('',#10289,#8282,#8283);
#6750=AXIS2_PLACEMENT_3D('',#10291,#8285,#8286);
#6751=AXIS2_PLACEMENT_3D('',#10294,#8289,#8290);
#6752=AXIS2_PLACEMENT_3D('',#10297,#8293,#8294);
#6753=AXIS2_PLACEMENT_3D('',#10300,#8297,#8298);
#6754=AXIS2_PLACEMENT_3D('',#10302,#8300,#8301);
#6755=AXIS2_PLACEMENT_3D('',#10305,#8304,#8305);
#6756=AXIS2_PLACEMENT_3D('',#10307,#8307,#8308);
#6757=AXIS2_PLACEMENT_3D('',#10309,#8310,#8311);
#6758=AXIS2_PLACEMENT_3D('',#10310,#8312,#8313);
#6759=AXIS2_PLACEMENT_3D('',#10311,#8314,#8315);
#6760=AXIS2_PLACEMENT_3D('',#10312,#8316,#8317);
#6761=AXIS2_PLACEMENT_3D('',#10313,#8318,#8319);
#6762=AXIS2_PLACEMENT_3D('',#10314,#8320,#8321);
#6763=AXIS2_PLACEMENT_3D('',#10315,#8322,#8323);
#6764=AXIS2_PLACEMENT_3D('',#10316,#8324,#8325);
#6765=AXIS2_PLACEMENT_3D('',#10317,#8326,#8327);
#6766=AXIS2_PLACEMENT_3D('',#10318,#8328,#8329);
#6767=AXIS2_PLACEMENT_3D('',#10319,#8330,#8331);
#6768=AXIS2_PLACEMENT_3D('',#10320,#8332,#8333);
#6769=AXIS2_PLACEMENT_3D('',#10321,#8334,#8335);
#6770=AXIS2_PLACEMENT_3D('',#10322,#8336,#8337);
#6771=AXIS2_PLACEMENT_3D('',#10323,#8338,#8339);
#6772=AXIS2_PLACEMENT_3D('',#10324,#8340,#8341);
#6773=AXIS2_PLACEMENT_3D('',#10325,#8342,#8343);
#6774=AXIS2_PLACEMENT_3D('',#10326,#8344,#8345);
#6775=AXIS2_PLACEMENT_3D('',#10327,#8346,#8347);
#6776=AXIS2_PLACEMENT_3D('',#10328,#8348,#8349);
#6777=AXIS2_PLACEMENT_3D('',#10329,#8350,#8351);
#6778=AXIS2_PLACEMENT_3D('',#10330,#8352,#8353);
#6779=AXIS2_PLACEMENT_3D('',#10331,#8354,#8355);
#6780=AXIS2_PLACEMENT_3D('',#10332,#8356,#8357);
#6781=AXIS2_PLACEMENT_3D('',#10333,#8358,#8359);
#6782=AXIS2_PLACEMENT_3D('',#10334,#8360,#8361);
#6783=AXIS2_PLACEMENT_3D('',#10335,#8362,#8363);
#6784=AXIS2_PLACEMENT_3D('',#10336,#8364,#8365);
#6785=AXIS2_PLACEMENT_3D('',#10337,#8366,#8367);
#6786=AXIS2_PLACEMENT_3D('',#10338,#8368,#8369);
#6787=AXIS2_PLACEMENT_3D('',#10339,#8370,#8371);
#6788=AXIS2_PLACEMENT_3D('',#10340,#8372,#8373);
#6789=AXIS2_PLACEMENT_3D('',#10341,#8374,#8375);
#6790=AXIS2_PLACEMENT_3D('',#10342,#8376,#8377);
#6791=AXIS2_PLACEMENT_3D('',#10343,#8378,#8379);
#6792=AXIS2_PLACEMENT_3D('',#10344,#8380,#8381);
#6793=AXIS2_PLACEMENT_3D('',#10345,#8382,#8383);
#6794=AXIS2_PLACEMENT_3D('',#10346,#8384,#8385);
#6795=AXIS2_PLACEMENT_3D('',#10347,#8386,#8387);
#6796=AXIS2_PLACEMENT_3D('',#10348,#8388,#8389);
#6797=AXIS2_PLACEMENT_3D('',#10349,#8390,#8391);
#6798=AXIS2_PLACEMENT_3D('',#10350,#8392,#8393);
#6799=AXIS2_PLACEMENT_3D('',#10351,#8394,#8395);
#6800=AXIS2_PLACEMENT_3D('',#10352,#8396,#8397);
#6801=AXIS2_PLACEMENT_3D('',#10353,#8398,#8399);
#6802=AXIS2_PLACEMENT_3D('',#10354,#8400,#8401);
#6803=AXIS2_PLACEMENT_3D('',#10355,#8402,#8403);
#6804=AXIS2_PLACEMENT_3D('',#10356,#8404,#8405);
#6805=AXIS2_PLACEMENT_3D('',#10357,#8406,#8407);
#6806=AXIS2_PLACEMENT_3D('',#10359,#8409,#8410);
#6807=AXIS2_PLACEMENT_3D('',#10360,#8411,#8412);
#6808=AXIS2_PLACEMENT_3D('',#10361,#8413,#8414);
#6809=AXIS2_PLACEMENT_3D('',#10362,#8415,#8416);
#6810=AXIS2_PLACEMENT_3D('',#10363,#8417,#8418);
#6811=AXIS2_PLACEMENT_3D('',#10364,#8419,#8420);
#6812=AXIS2_PLACEMENT_3D('',#10365,#8421,#8422);
#6813=AXIS2_PLACEMENT_3D('',#10366,#8423,#8424);
#6814=AXIS2_PLACEMENT_3D('',#10367,#8425,#8426);
#6815=AXIS2_PLACEMENT_3D('',#10368,#8427,#8428);
#6816=AXIS2_PLACEMENT_3D('',#10369,#8429,#8430);
#6817=AXIS2_PLACEMENT_3D('',#10370,#8431,#8432);
#6818=AXIS2_PLACEMENT_3D('',#10371,#8433,#8434);
#6819=AXIS2_PLACEMENT_3D('',#10372,#8435,#8436);
#6820=AXIS2_PLACEMENT_3D('',#10373,#8437,#8438);
#6821=AXIS2_PLACEMENT_3D('',#10374,#8439,#8440);
#6822=AXIS2_PLACEMENT_3D('',#10375,#8441,#8442);
#6823=AXIS2_PLACEMENT_3D('',#10376,#8443,#8444);
#6824=AXIS2_PLACEMENT_3D('',#10377,#8445,#8446);
#6825=AXIS2_PLACEMENT_3D('',#10378,#8447,#8448);
#6826=AXIS2_PLACEMENT_3D('',#10379,#8449,#8450);
#6827=AXIS2_PLACEMENT_3D('',#10380,#8451,#8452);
#6828=DIRECTION('axis',(0.,0.,1.));
#6829=DIRECTION('refdir',(1.,0.,0.));
#6830=DIRECTION('center_axis',(1.,0.,0.));
#6831=DIRECTION('ref_axis',(0.,0.,-1.));
#6832=DIRECTION('center_axis',(1.,0.,0.));
#6833=DIRECTION('ref_axis',(0.,-0.447213402243864,-0.894427287627937));
#6834=DIRECTION('center_axis',(0.,-1.,0.));
#6835=DIRECTION('ref_axis',(1.,0.,0.));
#6836=DIRECTION('center_axis',(-1.,0.,0.));
#6837=DIRECTION('ref_axis',(0.,-0.447213402243864,-0.894427287627937));
#6838=DIRECTION('center_axis',(0.,1.,0.));
#6839=DIRECTION('ref_axis',(0.707106781186549,0.,0.707106781186546));
#6840=DIRECTION('center_axis',(0.,-1.,0.));
#6841=DIRECTION('ref_axis',(1.,0.,0.));
#6842=DIRECTION('',(0.,-1.,0.));
#6843=DIRECTION('',(0.,1.,0.));
#6844=DIRECTION('center_axis',(-1.,0.,0.));
#6845=DIRECTION('ref_axis',(0.,0.,1.));
#6846=DIRECTION('center_axis',(0.,0.,1.));
#6847=DIRECTION('ref_axis',(1.,0.,0.));
#6848=DIRECTION('center_axis',(1.,0.,0.));
#6849=DIRECTION('ref_axis',(0.,0.707106781186548,0.707106781186548));
#6850=DIRECTION('center_axis',(-1.,0.,0.));
#6851=DIRECTION('ref_axis',(0.,0.707106781186548,0.707106781186548));
#6852=DIRECTION('center_axis',(0.,0.,-1.));
#6853=DIRECTION('ref_axis',(0.707106781186544,0.707106781186551,0.));
#6854=DIRECTION('center_axis',(0.,1.11022302462514E-15,1.));
#6855=DIRECTION('ref_axis',(1.,0.,0.));
#6856=DIRECTION('',(0.,0.,1.));
#6857=DIRECTION('',(0.,0.,-1.));
#6858=DIRECTION('center_axis',(0.,-1.,0.));
#6859=DIRECTION('ref_axis',(0.707106781186549,0.,-0.707106781186546));
#6860=DIRECTION('center_axis',(0.,-1.,-1.41553435639707E-14));
#6861=DIRECTION('ref_axis',(0.,1.41553435639707E-14,-1.));
#6862=DIRECTION('',(0.,-1.,0.));
#6863=DIRECTION('center_axis',(0.,1.,6.66133814775094E-15));
#6864=DIRECTION('ref_axis',(1.,0.,0.));
#6865=DIRECTION('',(0.,1.,0.));
#6866=DIRECTION('center_axis',(-1.,0.,0.));
#6867=DIRECTION('ref_axis',(0.,0.,1.));
#6868=DIRECTION('center_axis',(0.,0.,-1.));
#6869=DIRECTION('ref_axis',(1.,0.,0.));
#6870=DIRECTION('center_axis',(1.,0.,0.));
#6871=DIRECTION('ref_axis',(0.,-0.707106781186548,-0.707106781186547));
#6872=DIRECTION('center_axis',(-1.,0.,0.));
#6873=DIRECTION('ref_axis',(0.,-0.707106781186548,-0.707106781186547));
#6874=DIRECTION('center_axis',(0.,0.,1.));
#6875=DIRECTION('ref_axis',(0.70710678118656,-0.707106781186535,0.));
#6876=DIRECTION('',(0.,0.,-1.));
#6877=DIRECTION('',(0.,0.,1.));
#6878=DIRECTION('center_axis',(-0.707106781186547,0.,-0.707106781186548));
#6879=DIRECTION('ref_axis',(0.707106781186548,0.,-0.707106781186547));
#6880=DIRECTION('center_axis',(1.,0.,0.));
#6881=DIRECTION('ref_axis',(0.,-0.707106781186537,-0.707106781186558));
#6882=DIRECTION('',(1.,0.,0.));
#6883=DIRECTION('center_axis',(-1.,0.,0.));
#6884=DIRECTION('ref_axis',(0.,0.,-1.));
#6885=DIRECTION('',(-1.,0.,0.));
#6886=DIRECTION('center_axis',(0.,-1.,0.));
#6887=DIRECTION('ref_axis',(0.,0.,-1.));
#6888=DIRECTION('center_axis',(0.,0.,-1.));
#6889=DIRECTION('ref_axis',(0.707106781186547,-0.707106781186548,0.));
#6890=DIRECTION('center_axis',(0.,0.,1.));
#6891=DIRECTION('ref_axis',(0.707106781186547,-0.707106781186548,0.));
#6892=DIRECTION('center_axis',(0.,1.,0.));
#6893=DIRECTION('ref_axis',(0.707106781186547,0.,-0.707106781186548));
#6894=DIRECTION('center_axis',(1.11022302462516E-14,-1.,0.));
#6895=DIRECTION('ref_axis',(0.,0.,-1.));
#6896=DIRECTION('',(0.,-1.,0.));
#6897=DIRECTION('',(0.,1.,0.));
#6898=DIRECTION('center_axis',(1.,0.,0.));
#6899=DIRECTION('ref_axis',(0.,1.55431223447522E-14,-1.));
#6900=DIRECTION('center_axis',(-1.,0.,0.));
#6901=DIRECTION('ref_axis',(0.,0.755929027684037,-0.654653576408672));
#6902=DIRECTION('',(1.,0.,0.));
#6903=DIRECTION('',(-1.,0.,0.));
#6904=DIRECTION('center_axis',(1.,0.,0.));
#6905=DIRECTION('ref_axis',(0.,0.755929027684037,-0.654653576408672));
#6906=DIRECTION('center_axis',(-0.408248290463867,-0.408248290463862,-0.816496580927725));
#6907=DIRECTION('ref_axis',(0.57735026918963,0.57735026918962,-0.577350269189628));
#6908=DIRECTION('center_axis',(1.,0.,0.));
#6909=DIRECTION('ref_axis',(0.,0.707106781186547,-0.707106781186548));
#6910=DIRECTION('center_axis',(1.,0.,0.));
#6911=DIRECTION('ref_axis',(0.,1.,0.));
#6912=DIRECTION('',(0.,1.,0.));
#6913=DIRECTION('center_axis',(1.,0.,0.));
#6914=DIRECTION('ref_axis',(0.,-0.707106781186548,-0.707106781186548));
#6915=DIRECTION('',(-1.,0.,0.));
#6916=DIRECTION('center_axis',(-0.707106781186547,0.707106781186548,0.));
#6917=DIRECTION('ref_axis',(-0.707106781186548,-0.707106781186547,-1.57009245868378E-16));
#6918=DIRECTION('',(1.,0.,0.));
#6919=DIRECTION('center_axis',(-1.,0.,0.));
#6920=DIRECTION('ref_axis',(0.,-0.707106781186548,-0.707106781186547));
#6921=DIRECTION('center_axis',(0.,0.,1.));
#6922=DIRECTION('ref_axis',(0.,1.,0.));
#6923=DIRECTION('',(1.,0.,0.));
#6924=DIRECTION('',(0.,1.,0.));
#6925=DIRECTION('center_axis',(1.,0.,0.));
#6926=DIRECTION('ref_axis',(0.,0.707106781186548,0.707106781186548));
#6927=DIRECTION('',(-1.,0.,0.));
#6928=DIRECTION('center_axis',(-1.,0.,0.));
#6929=DIRECTION('ref_axis',(0.,0.707106781186548,0.707106781186548));
#6930=DIRECTION('center_axis',(0.,-1.,0.));
#6931=DIRECTION('ref_axis',(0.,0.,-1.));
#6932=DIRECTION('',(1.,0.,0.));
#6933=DIRECTION('center_axis',(0.,-1.,0.));
#6934=DIRECTION('ref_axis',(-0.707106781186548,0.,-0.707106781186547));
#6935=DIRECTION('',(0.,0.,-1.));
#6936=DIRECTION('',(-1.,0.,0.));
#6937=DIRECTION('',(0.,0.,-1.));
#6938=DIRECTION('center_axis',(1.,0.,0.));
#6939=DIRECTION('ref_axis',(0.,0.707106781186547,-0.707106781186548));
#6940=DIRECTION('',(-1.,0.,0.));
#6941=DIRECTION('center_axis',(1.,0.,0.));
#6942=DIRECTION('ref_axis',(0.,-1.11022302462516E-15,-1.));
#6943=DIRECTION('center_axis',(0.,0.,-1.));
#6944=DIRECTION('ref_axis',(-1.,0.,0.));
#6945=DIRECTION('',(1.,0.,0.));
#6946=DIRECTION('',(0.,-1.,0.));
#6947=DIRECTION('center_axis',(0.,0.,1.));
#6948=DIRECTION('ref_axis',(0.707106781186551,-0.707106781186544,0.));
#6949=DIRECTION('',(0.,0.,1.));
#6950=DIRECTION('center_axis',(0.,0.,-1.));
#6951=DIRECTION('ref_axis',(1.,0.,0.));
#6952=DIRECTION('',(0.,0.,-1.));
#6953=DIRECTION('center_axis',(-0.707106781186548,0.,0.707106781186548));
#6954=DIRECTION('ref_axis',(-0.707106781186547,0.,-0.707106781186547));
#6955=DIRECTION('center_axis',(-1.,0.,0.));
#6956=DIRECTION('ref_axis',(0.,0.,1.));
#6957=DIRECTION('center_axis',(0.,-1.,0.));
#6958=DIRECTION('ref_axis',(1.,0.,0.));
#6959=DIRECTION('center_axis',(1.,0.,0.));
#6960=DIRECTION('ref_axis',(0.,-0.707106781186548,0.707106781186547));
#6961=DIRECTION('center_axis',(-1.,0.,0.));
#6962=DIRECTION('ref_axis',(0.,-0.707106781186548,0.707106781186547));
#6963=DIRECTION('center_axis',(0.,1.,0.));
#6964=DIRECTION('ref_axis',(0.707106781186551,0.,0.707106781186544));
#6965=DIRECTION('center_axis',(0.,-1.,0.));
#6966=DIRECTION('ref_axis',(1.,0.,0.));
#6967=DIRECTION('',(0.,-1.,0.));
#6968=DIRECTION('',(0.,1.,0.));
#6969=DIRECTION('center_axis',(-1.,0.,0.));
#6970=DIRECTION('ref_axis',(0.,0.,1.));
#6971=DIRECTION('center_axis',(1.,0.,0.));
#6972=DIRECTION('ref_axis',(0.,0.63245541894181,0.774596761580591));
#6973=DIRECTION('center_axis',(-1.,0.,0.));
#6974=DIRECTION('ref_axis',(0.,0.63245541894181,0.774596761580591));
#6975=DIRECTION('center_axis',(1.,0.,0.));
#6976=DIRECTION('ref_axis',(0.,0.707106781186546,0.707106781186549));
#6977=DIRECTION('center_axis',(-1.,0.,0.));
#6978=DIRECTION('ref_axis',(0.,0.,1.));
#6979=DIRECTION('',(-1.,0.,0.));
#6980=DIRECTION('center_axis',(-1.,0.,0.));
#6981=DIRECTION('ref_axis',(0.,0.707106781186546,0.707106781186549));
#6982=DIRECTION('',(1.,0.,0.));
#6983=DIRECTION('center_axis',(0.,1.,0.));
#6984=DIRECTION('ref_axis',(0.,0.,1.));
#6985=DIRECTION('center_axis',(0.,0.,1.));
#6986=DIRECTION('ref_axis',(0.70710678118655,0.707106781186545,0.));
#6987=DIRECTION('center_axis',(0.,0.,-1.));
#6988=DIRECTION('ref_axis',(0.70710678118655,0.707106781186545,0.));
#6989=DIRECTION('center_axis',(0.,-1.,0.));
#6990=DIRECTION('ref_axis',(0.707106781186544,0.,0.707106781186551));
#6991=DIRECTION('center_axis',(0.,1.,0.));
#6992=DIRECTION('ref_axis',(0.,0.,1.));
#6993=DIRECTION('',(0.,1.,0.));
#6994=DIRECTION('',(0.,-1.,0.));
#6995=DIRECTION('center_axis',(1.,0.,0.));
#6996=DIRECTION('ref_axis',(0.,0.,1.));
#6997=DIRECTION('center_axis',(0.,0.,1.));
#6998=DIRECTION('ref_axis',(0.707106781186547,-0.707106781186548,0.));
#6999=DIRECTION('center_axis',(0.,0.,-1.));
#7000=DIRECTION('ref_axis',(0.707106781186547,-0.707106781186548,0.));
#7001=DIRECTION('center_axis',(-1.,0.,0.));
#7002=DIRECTION('ref_axis',(0.,-0.707106781186544,0.707106781186551));
#7003=DIRECTION('',(1.,0.,0.));
#7004=DIRECTION('',(-1.,0.,0.));
#7005=DIRECTION('center_axis',(0.,0.,-1.));
#7006=DIRECTION('ref_axis',(0.,-1.,0.));
#7007=DIRECTION('',(0.,-1.,0.));
#7008=DIRECTION('',(-1.,0.,0.));
#7009=DIRECTION('',(0.,1.,0.));
#7010=DIRECTION('',(-1.,0.,0.));
#7011=DIRECTION('center_axis',(1.,0.,0.));
#7012=DIRECTION('ref_axis',(0.,-1.,0.));
#7013=DIRECTION('',(0.,-1.,0.));
#7014=DIRECTION('',(0.,0.,-1.));
#7015=DIRECTION('center_axis',(0.,0.,1.));
#7016=DIRECTION('ref_axis',(0.,1.,0.));
#7017=DIRECTION('center_axis',(0.,0.,-1.));
#7018=DIRECTION('ref_axis',(0.,-1.,0.));
#7019=DIRECTION('center_axis',(-1.,0.,0.));
#7020=DIRECTION('ref_axis',(0.,-0.707106781186548,-0.707106781186548));
#7021=DIRECTION('',(-1.,0.,0.));
#7022=DIRECTION('center_axis',(1.,0.,0.));
#7023=DIRECTION('ref_axis',(0.,-1.,0.));
#7024=DIRECTION('center_axis',(0.,1.,0.));
#7025=DIRECTION('ref_axis',(0.,0.,-1.));
#7026=DIRECTION('',(0.,0.,-1.));
#7027=DIRECTION('',(1.,0.,0.));
#7028=DIRECTION('',(0.,0.,-1.));
#7029=DIRECTION('',(1.,0.,0.));
#7030=DIRECTION('',(0.,0.,-1.));
#7031=DIRECTION('center_axis',(0.,1.,0.));
#7032=DIRECTION('ref_axis',(0.707106781186547,0.,-0.707106781186548));
#7033=DIRECTION('',(1.,0.,0.));
#7034=DIRECTION('',(0.,0.,1.));
#7035=DIRECTION('center_axis',(0.,1.,0.));
#7036=DIRECTION('ref_axis',(-0.707106781186548,0.,-0.707106781186548));
#7037=DIRECTION('center_axis',(0.,-1.,0.));
#7038=DIRECTION('ref_axis',(-8.031956041021E-16,0.,1.));
#7039=DIRECTION('center_axis',(0.,-1.,0.));
#7040=DIRECTION('ref_axis',(-8.031956041021E-16,0.,1.));
#7041=DIRECTION('center_axis',(0.,-1.,0.));
#7042=DIRECTION('ref_axis',(-8.031956041021E-16,0.,1.));
#7043=DIRECTION('center_axis',(0.,-1.,0.));
#7044=DIRECTION('ref_axis',(-8.031956041021E-16,0.,1.));
#7045=DIRECTION('center_axis',(0.,-1.,0.));
#7046=DIRECTION('ref_axis',(-8.031956041021E-16,0.,1.));
#7047=DIRECTION('center_axis',(0.,-1.,0.));
#7048=DIRECTION('ref_axis',(-8.031956041021E-16,0.,1.));
#7049=DIRECTION('center_axis',(0.,-1.,0.));
#7050=DIRECTION('ref_axis',(-8.031956041021E-16,0.,1.));
#7051=DIRECTION('center_axis',(0.,-1.,0.));
#7052=DIRECTION('ref_axis',(-8.031956041021E-16,0.,1.));
#7053=DIRECTION('center_axis',(0.,-1.,0.));
#7054=DIRECTION('ref_axis',(-8.031956041021E-16,0.,1.));
#7055=DIRECTION('center_axis',(0.,-1.,0.));
#7056=DIRECTION('ref_axis',(-8.031956041021E-16,0.,1.));
#7057=DIRECTION('center_axis',(0.,-1.,0.));
#7058=DIRECTION('ref_axis',(-8.031956041021E-16,0.,1.));
#7059=DIRECTION('center_axis',(0.,-1.,0.));
#7060=DIRECTION('ref_axis',(-8.031956041021E-16,0.,1.));
#7061=DIRECTION('center_axis',(0.,-1.,0.));
#7062=DIRECTION('ref_axis',(-8.031956041021E-16,0.,1.));
#7063=DIRECTION('center_axis',(0.,0.,1.));
#7064=DIRECTION('ref_axis',(0.,-1.,0.));
#7065=DIRECTION('',(1.,0.,0.));
#7066=DIRECTION('',(0.,1.,0.));
#7067=DIRECTION('',(1.,0.,1.60777467769243E-12));
#7068=DIRECTION('',(0.,-1.,0.));
#7069=DIRECTION('',(1.,0.,0.));
#7070=DIRECTION('',(0.,-1.,0.));
#7071=DIRECTION('center_axis',(0.,0.,-1.));
#7072=DIRECTION('ref_axis',(-0.707106781186549,-0.707106781186546,0.));
#7073=DIRECTION('',(1.,0.,0.));
#7074=DIRECTION('',(0.,1.,0.));
#7075=DIRECTION('',(-1.,0.,0.));
#7076=DIRECTION('center_axis',(-1.,0.,0.));
#7077=DIRECTION('ref_axis',(0.,0.707106781186548,0.707106781186548));
#7078=DIRECTION('center_axis',(-1.,0.,0.));
#7079=DIRECTION('ref_axis',(0.,0.707106781186548,0.707106781186548));
#7080=DIRECTION('center_axis',(-0.857492925712544,-0.514495755427526,0.));
#7081=DIRECTION('ref_axis',(-0.514495755427526,0.857492925712544,0.));
#7082=DIRECTION('center_axis',(0.,-1.,0.));
#7083=DIRECTION('ref_axis',(0.,0.,1.));
#7084=DIRECTION('',(0.,0.,1.));
#7085=DIRECTION('',(0.,0.,-1.));
#7086=DIRECTION('center_axis',(0.,1.,0.));
#7087=DIRECTION('ref_axis',(-8.031956041021E-16,0.,1.));
#7088=DIRECTION('center_axis',(0.,1.,0.));
#7089=DIRECTION('ref_axis',(-8.031956041021E-16,0.,1.));
#7090=DIRECTION('center_axis',(0.,1.,0.));
#7091=DIRECTION('ref_axis',(-8.031956041021E-16,0.,1.));
#7092=DIRECTION('center_axis',(0.,1.,0.));
#7093=DIRECTION('ref_axis',(-8.031956041021E-16,0.,1.));
#7094=DIRECTION('center_axis',(0.,1.,0.));
#7095=DIRECTION('ref_axis',(-8.031956041021E-16,0.,1.));
#7096=DIRECTION('center_axis',(0.,1.,0.));
#7097=DIRECTION('ref_axis',(-8.031956041021E-16,0.,1.));
#7098=DIRECTION('center_axis',(0.,1.,0.));
#7099=DIRECTION('ref_axis',(-8.031956041021E-16,0.,1.));
#7100=DIRECTION('center_axis',(0.,1.,0.));
#7101=DIRECTION('ref_axis',(-8.031956041021E-16,0.,1.));
#7102=DIRECTION('center_axis',(0.,1.,0.));
#7103=DIRECTION('ref_axis',(-8.031956041021E-16,0.,1.));
#7104=DIRECTION('center_axis',(0.,1.,0.));
#7105=DIRECTION('ref_axis',(-8.031956041021E-16,0.,1.));
#7106=DIRECTION('center_axis',(0.,1.,0.));
#7107=DIRECTION('ref_axis',(-8.031956041021E-16,0.,1.));
#7108=DIRECTION('center_axis',(0.,1.,0.));
#7109=DIRECTION('ref_axis',(-8.031956041021E-16,0.,1.));
#7110=DIRECTION('center_axis',(0.,1.,0.));
#7111=DIRECTION('ref_axis',(-8.031956041021E-16,0.,1.));
#7112=DIRECTION('center_axis',(0.,0.,-1.));
#7113=DIRECTION('ref_axis',(0.70710678118655,0.707106781186545,0.));
#7114=DIRECTION('',(0.,0.,-1.));
#7115=DIRECTION('center_axis',(0.,-7.4014868308344E-16,1.));
#7116=DIRECTION('ref_axis',(1.,0.,0.));
#7117=DIRECTION('center_axis',(1.,0.,0.));
#7118=DIRECTION('ref_axis',(0.,0.,-1.));
#7119=DIRECTION('center_axis',(1.,0.,0.));
#7120=DIRECTION('ref_axis',(0.,-0.707106781186548,-0.707106781186547));
#7121=DIRECTION('center_axis',(0.,0.,1.));
#7122=DIRECTION('ref_axis',(0.707106781186548,-0.707106781186548,0.));
#7123=DIRECTION('',(0.,0.,1.));
#7124=DIRECTION('center_axis',(1.,0.,0.));
#7125=DIRECTION('ref_axis',(0.,-1.,0.));
#7126=DIRECTION('center_axis',(1.,0.,0.));
#7127=DIRECTION('ref_axis',(0.,-0.707106781186548,0.707106781186548));
#7128=DIRECTION('center_axis',(-1.,0.,0.));
#7129=DIRECTION('ref_axis',(0.,-0.707106781186548,0.707106781186548));
#7130=DIRECTION('center_axis',(0.514495755427526,0.857492925712544,0.));
#7131=DIRECTION('ref_axis',(-0.857492925712544,0.514495755427526,0.));
#7132=DIRECTION('center_axis',(0.,0.,1.));
#7133=DIRECTION('ref_axis',(1.38777878078145E-15,1.,0.));
#7134=DIRECTION('center_axis',(0.,1.,0.));
#7135=DIRECTION('ref_axis',(0.,0.,1.));
#7136=DIRECTION('center_axis',(0.,0.,-1.));
#7137=DIRECTION('ref_axis',(0.,-1.,0.));
#7138=DIRECTION('center_axis',(0.,-1.,0.));
#7139=DIRECTION('ref_axis',(-0.707106781186547,0.,-0.707106781186547));
#7140=DIRECTION('center_axis',(0.,0.,1.));
#7141=DIRECTION('ref_axis',(-0.707106781186548,-0.707106781186548,0.));
#7142=DIRECTION('center_axis',(0.,0.,1.));
#7143=DIRECTION('ref_axis',(-0.707106781186548,-0.707106781186548,0.));
#7144=DIRECTION('',(0.,0.,-1.));
#7145=DIRECTION('center_axis',(0.,-1.,0.));
#7146=DIRECTION('ref_axis',(-0.707106781186548,0.,0.707106781186548));
#7147=DIRECTION('',(0.,-1.,0.));
#7148=DIRECTION('center_axis',(0.,-1.,0.));
#7149=DIRECTION('ref_axis',(-0.707106781186548,0.,0.707106781186548));
#7150=DIRECTION('center_axis',(0.,1.,0.));
#7151=DIRECTION('ref_axis',(-0.707106781186548,0.,-0.707106781186547));
#7152=DIRECTION('center_axis',(0.,1.,0.));
#7153=DIRECTION('ref_axis',(-8.88178419700125E-16,0.,-1.));
#7154=DIRECTION('',(0.,-1.,0.));
#7155=DIRECTION('center_axis',(1.,0.,0.));
#7156=DIRECTION('ref_axis',(0.,0.,-1.));
#7157=DIRECTION('center_axis',(1.,0.,0.));
#7158=DIRECTION('ref_axis',(0.,0.707106781186548,0.707106781186548));
#7159=DIRECTION('center_axis',(1.,0.,0.));
#7160=DIRECTION('ref_axis',(0.,1.,0.));
#7161=DIRECTION('center_axis',(-0.408248290463863,-0.816496580927726,0.408248290463863));
#7162=DIRECTION('ref_axis',(0.577350269189626,-0.577350269189626,-0.577350269189626));
#7163=DIRECTION('center_axis',(0.,-1.,0.));
#7164=DIRECTION('ref_axis',(1.,0.,0.));
#7165=DIRECTION('center_axis',(0.,0.,-1.));
#7166=DIRECTION('ref_axis',(0.,-1.,0.));
#7167=DIRECTION('center_axis',(1.,0.,0.));
#7168=DIRECTION('ref_axis',(0.,0.,-1.));
#7169=DIRECTION('center_axis',(0.,0.,-1.));
#7170=DIRECTION('ref_axis',(0.707106781186547,-0.707106781186548,0.));
#7171=DIRECTION('center_axis',(0.,0.,1.));
#7172=DIRECTION('ref_axis',(0.707106781186547,-0.707106781186548,0.));
#7173=DIRECTION('',(0.,0.,-1.));
#7174=DIRECTION('',(0.,0.,1.));
#7175=DIRECTION('center_axis',(-1.,0.,0.));
#7176=DIRECTION('ref_axis',(0.,-0.707106781186548,-0.707106781186548));
#7177=DIRECTION('center_axis',(-0.70710678118628,0.,0.707106781186815));
#7178=DIRECTION('ref_axis',(-0.707106781186815,0.,-0.70710678118628));
#7179=DIRECTION('',(1.,0.,0.));
#7180=DIRECTION('',(-1.,0.,0.));
#7181=DIRECTION('center_axis',(0.,1.,0.));
#7182=DIRECTION('ref_axis',(0.707106781186547,0.,-0.707106781186548));
#7183=DIRECTION('',(0.,-1.,0.));
#7184=DIRECTION('',(0.,1.,0.));
#7185=DIRECTION('center_axis',(0.,1.,0.));
#7186=DIRECTION('ref_axis',(1.,0.,0.));
#7187=DIRECTION('',(-0.707106781186815,0.,-0.70710678118628));
#7188=DIRECTION('',(-1.,0.,0.));
#7189=DIRECTION('',(0.,0.,-1.));
#7190=DIRECTION('',(0.707106781186815,0.,0.70710678118628));
#7191=DIRECTION('',(-1.,0.,0.));
#7192=DIRECTION('',(-0.707106781186469,0.,-0.707106781186626));
#7193=DIRECTION('',(0.,0.,1.));
#7194=DIRECTION('',(0.707106781186815,0.,0.70710678118628));
#7195=DIRECTION('',(-1.,0.,0.));
#7196=DIRECTION('',(-0.707106781186469,0.,-0.707106781186626));
#7197=DIRECTION('',(1.,0.,1.60777467769243E-12));
#7198=DIRECTION('',(0.707106781186815,0.,0.70710678118628));
#7199=DIRECTION('',(-1.,0.,0.));
#7200=DIRECTION('',(-0.707106781186469,0.,-0.707106781186626));
#7201=DIRECTION('',(1.,0.,1.60777467769243E-12));
#7202=DIRECTION('',(0.707106781186815,0.,0.70710678118628));
#7203=DIRECTION('',(-1.,0.,0.));
#7204=DIRECTION('',(-0.707106781186469,0.,-0.707106781186626));
#7205=DIRECTION('',(1.,0.,1.60777467769243E-12));
#7206=DIRECTION('',(0.707106781186815,0.,0.70710678118628));
#7207=DIRECTION('',(-1.,0.,0.));
#7208=DIRECTION('',(-0.707106781186469,0.,-0.707106781186626));
#7209=DIRECTION('',(1.,0.,1.60777467769243E-12));
#7210=DIRECTION('',(0.707106781186815,0.,0.70710678118628));
#7211=DIRECTION('',(-1.,0.,0.));
#7212=DIRECTION('',(-0.707106781186469,0.,-0.707106781186626));
#7213=DIRECTION('',(1.,0.,1.60777467769243E-12));
#7214=DIRECTION('',(0.707106781186815,0.,0.70710678118628));
#7215=DIRECTION('',(-1.,0.,0.));
#7216=DIRECTION('',(-0.707106781186469,0.,-0.707106781186626));
#7217=DIRECTION('',(1.,0.,1.60777467769243E-12));
#7218=DIRECTION('',(0.707106781186815,0.,0.70710678118628));
#7219=DIRECTION('',(-1.,0.,0.));
#7220=DIRECTION('',(-0.707106781186469,0.,-0.707106781186626));
#7221=DIRECTION('',(1.,0.,1.60777467769243E-12));
#7222=DIRECTION('',(0.707106781186815,0.,0.70710678118628));
#7223=DIRECTION('',(-1.,0.,0.));
#7224=DIRECTION('',(-0.707106765381674,0.,-0.707106796991421));
#7225=DIRECTION('',(1.,0.,1.60777471361792E-12));
#7226=DIRECTION('',(0.707106765381029,0.,0.707106796992066));
#7227=DIRECTION('',(-1.,0.,0.));
#7228=DIRECTION('',(-0.707106765380828,0.,-0.707106796992267));
#7229=DIRECTION('',(1.,0.,1.6077747136205E-12));
#7230=DIRECTION('',(0.707106765381375,0.,0.70710679699172));
#7231=DIRECTION('',(-1.,0.,0.));
#7232=DIRECTION('',(-0.707106765381673,0.,-0.707106796991421));
#7233=DIRECTION('',(1.,0.,0.));
#7234=DIRECTION('',(0.707106765381202,0.,0.707106796991893));
#7235=DIRECTION('',(-1.,0.,0.));
#7236=DIRECTION('',(-0.707106744308304,0.,-0.707106818064789));
#7237=DIRECTION('',(1.,0.,0.));
#7238=DIRECTION('',(0.707106744307914,0.,0.707106818065179));
#7239=DIRECTION('',(-1.,0.,0.));
#7240=DIRECTION('',(-0.707106765381108,0.,-0.707106796991986));
#7241=DIRECTION('',(1.,0.,1.6077747136205E-12));
#7242=DIRECTION('',(0.707106765381202,0.,0.707106796991893));
#7243=DIRECTION('',(-1.,0.,0.));
#7244=DIRECTION('',(-0.707106765381108,0.,-0.707106796991987));
#7245=DIRECTION('',(1.,0.,1.6077747136205E-12));
#7246=DIRECTION('',(0.707106765381202,0.,0.707106796991893));
#7247=DIRECTION('',(-1.,0.,0.));
#7248=DIRECTION('',(3.21553894622184E-12,0.,1.));
#7249=DIRECTION('',(1.,0.,0.));
#7250=DIRECTION('',(0.,0.,-1.));
#7251=DIRECTION('',(-1.,0.,0.));
#7252=DIRECTION('',(0.454859522159175,0.,-0.890563201070607));
#7253=DIRECTION('',(-0.999999065247574,0.,-0.00136729805784545));
#7254=DIRECTION('',(3.21553894622184E-12,0.,1.));
#7255=DIRECTION('',(-1.,0.,3.21554903915843E-12));
#7256=DIRECTION('',(-0.707106765381674,0.,-0.707106796991421));
#7257=DIRECTION('',(-1.,0.,0.));
#7258=DIRECTION('',(0.707106781186815,0.,0.70710678118628));
#7259=DIRECTION('',(-0.707106147891461,0.,0.707107414481067));
#7260=DIRECTION('',(-0.707106781186469,0.,-0.707106781186626));
#7261=DIRECTION('',(-1.,0.,0.));
#7262=DIRECTION('',(0.707106781186815,0.,0.70710678118628));
#7263=DIRECTION('',(-1.,0.,0.));
#7264=DIRECTION('',(-0.707106781186469,0.,-0.707106781186626));
#7265=DIRECTION('',(-1.,0.,0.));
#7266=DIRECTION('',(0.707106781186815,0.,0.70710678118628));
#7267=DIRECTION('',(-1.,0.,0.));
#7268=DIRECTION('',(-0.707106781186469,0.,-0.707106781186626));
#7269=DIRECTION('',(-1.,0.,0.));
#7270=DIRECTION('',(0.707106781186815,0.,0.70710678118628));
#7271=DIRECTION('',(-1.,0.,0.));
#7272=DIRECTION('',(-0.707106781186469,0.,-0.707106781186626));
#7273=DIRECTION('',(-1.,0.,0.));
#7274=DIRECTION('',(0.707106781186815,0.,0.70710678118628));
#7275=DIRECTION('',(-1.,0.,0.));
#7276=DIRECTION('',(-0.707106781186469,0.,-0.707106781186626));
#7277=DIRECTION('',(-1.,0.,0.));
#7278=DIRECTION('',(0.707106781186815,0.,0.70710678118628));
#7279=DIRECTION('',(-1.,0.,0.));
#7280=DIRECTION('',(-0.707106781186469,0.,-0.707106781186626));
#7281=DIRECTION('',(-1.,0.,0.));
#7282=DIRECTION('',(0.707106781186815,0.,0.70710678118628));
#7283=DIRECTION('',(-1.,0.,0.));
#7284=DIRECTION('',(-0.707106781186469,0.,-0.707106781186626));
#7285=DIRECTION('',(-1.,0.,0.));
#7286=DIRECTION('',(0.707106781186815,0.,0.70710678118628));
#7287=DIRECTION('',(-1.,0.,0.));
#7288=DIRECTION('',(-0.707106781186469,0.,-0.707106781186626));
#7289=DIRECTION('',(-1.,0.,0.));
#7290=DIRECTION('',(0.707106781186815,0.,0.70710678118628));
#7291=DIRECTION('',(-1.,0.,0.));
#7292=DIRECTION('',(-0.707106781186469,0.,-0.707106781186626));
#7293=DIRECTION('',(-1.,0.,0.));
#7294=DIRECTION('',(0.707106781186722,0.,0.707106781186373));
#7295=DIRECTION('',(-1.,0.,0.));
#7296=DIRECTION('',(-0.707106781186469,0.,-0.707106781186626));
#7297=DIRECTION('',(-1.,0.,0.));
#7298=DIRECTION('',(0.707106781186843,0.,0.707106781186252));
#7299=DIRECTION('',(-1.,0.,0.));
#7300=DIRECTION('',(-0.707106781186469,0.,-0.707106781186626));
#7301=DIRECTION('',(-1.,0.,0.));
#7302=DIRECTION('',(0.70710678118665,0.,0.707106781186445));
#7303=DIRECTION('',(-1.,0.,0.));
#7304=DIRECTION('',(-0.707106781186469,0.,-0.707106781186626));
#7305=DIRECTION('',(-1.,0.,0.));
#7306=DIRECTION('',(0.707106781186742,0.,0.707106781186353));
#7307=DIRECTION('',(-1.,0.,0.));
#7308=DIRECTION('',(-0.707106781186469,0.,-0.707106781186626));
#7309=DIRECTION('',(-1.,0.,0.));
#7310=DIRECTION('',(0.70710678118662,0.,0.707106781186475));
#7311=DIRECTION('',(-1.,0.,0.));
#7312=DIRECTION('',(1.,0.,0.));
#7313=DIRECTION('',(0.707106765381202,0.,0.707106796991893));
#7314=DIRECTION('',(0.,0.,1.));
#7315=DIRECTION('',(-0.707106765381108,0.,-0.707106796991987));
#7316=DIRECTION('',(1.,0.,0.));
#7317=DIRECTION('',(0.707106765381202,0.,0.707106796991893));
#7318=DIRECTION('',(0.,0.,1.));
#7319=DIRECTION('',(-0.707106744308304,0.,-0.707106818064789));
#7320=DIRECTION('',(-1.,0.,0.));
#7321=DIRECTION('',(-0.707106781186469,0.,-0.707106781186626));
#7322=DIRECTION('',(0.,0.,-1.));
#7323=DIRECTION('',(0.70710678118662,0.,0.707106781186475));
#7324=DIRECTION('',(-0.707106765381674,0.,-0.707106796991421));
#7325=DIRECTION('',(1.,0.,0.));
#7326=DIRECTION('',(0.707106781186815,0.,0.70710678118628));
#7327=DIRECTION('',(-1.,0.,0.));
#7328=DIRECTION('',(-1.,0.,0.));
#7329=DIRECTION('',(-0.707106781186469,0.,-0.707106781186626));
#7330=DIRECTION('',(0.,0.,-1.));
#7331=DIRECTION('',(0.70710678118665,0.,0.707106781186445));
#7332=DIRECTION('',(-0.707106781186469,0.,-0.707106781186626));
#7333=DIRECTION('',(1.,0.,0.));
#7334=DIRECTION('',(0.707106781186815,0.,0.70710678118628));
#7335=DIRECTION('',(-1.,0.,0.));
#7336=DIRECTION('',(-1.,0.,0.));
#7337=DIRECTION('',(-0.707106781186469,0.,-0.707106781186626));
#7338=DIRECTION('',(0.,0.,-1.));
#7339=DIRECTION('',(0.707106781186843,0.,0.707106781186252));
#7340=DIRECTION('',(-0.707106781186469,0.,-0.707106781186626));
#7341=DIRECTION('',(1.,0.,0.));
#7342=DIRECTION('',(0.707106781186815,0.,0.70710678118628));
#7343=DIRECTION('',(-1.,0.,0.));
#7344=DIRECTION('',(0.707106781186815,0.,0.70710678118628));
#7345=DIRECTION('',(-1.,0.,0.));
#7346=DIRECTION('',(-0.707106781186469,0.,-0.707106781186626));
#7347=DIRECTION('',(1.,0.,0.));
#7348=DIRECTION('',(-0.707106781186469,0.,-0.707106781186626));
#7349=DIRECTION('',(1.,0.,0.));
#7350=DIRECTION('',(0.707106781186815,0.,0.70710678118628));
#7351=DIRECTION('',(-1.,0.,0.));
#7352=DIRECTION('',(-0.707106781186469,0.,-0.707106781186626));
#7353=DIRECTION('',(1.,0.,0.));
#7354=DIRECTION('',(0.707106781186815,0.,0.70710678118628));
#7355=DIRECTION('',(-1.,0.,0.));
#7356=DIRECTION('',(0.707106781186815,0.,0.70710678118628));
#7357=DIRECTION('',(-1.,0.,0.));
#7358=DIRECTION('',(-0.707106781186469,0.,-0.707106781186626));
#7359=DIRECTION('',(1.,0.,0.));
#7360=DIRECTION('',(0.707106781186815,0.,0.70710678118628));
#7361=DIRECTION('',(-1.,0.,0.));
#7362=DIRECTION('',(-0.707106781186469,0.,-0.707106781186626));
#7363=DIRECTION('',(1.,0.,0.));
#7364=DIRECTION('',(-0.707106781186469,0.,-0.707106781186626));
#7365=DIRECTION('',(1.,0.,0.));
#7366=DIRECTION('',(0.707106781186815,0.,0.70710678118628));
#7367=DIRECTION('',(-1.,0.,0.));
#7368=DIRECTION('',(0.707106781186722,0.,0.707106781186373));
#7369=DIRECTION('',(-1.,0.,0.));
#7370=DIRECTION('',(-0.707106781186469,0.,-0.707106781186626));
#7371=DIRECTION('',(0.,0.,-1.));
#7372=DIRECTION('',(-1.,0.,0.));
#7373=DIRECTION('',(-0.707106781186469,0.,-0.707106781186626));
#7374=DIRECTION('',(0.,0.,-1.));
#7375=DIRECTION('',(0.707106781186742,0.,0.707106781186353));
#7376=DIRECTION('',(-0.707106781186815,0.,-0.70710678118628));
#7377=DIRECTION('',(0.,0.,-1.));
#7378=DIRECTION('',(-1.,0.,0.));
#7379=DIRECTION('',(1.,0.,0.));
#7380=DIRECTION('',(0.707106765381029,0.,0.707106796992066));
#7381=DIRECTION('',(0.,0.,1.));
#7382=DIRECTION('',(-0.707106765380828,0.,-0.707106796992267));
#7383=DIRECTION('',(1.,0.,0.));
#7384=DIRECTION('',(0.707106765381375,0.,0.70710679699172));
#7385=DIRECTION('',(0.,0.,1.));
#7386=DIRECTION('',(-0.707106765381673,0.,-0.707106796991421));
#7387=DIRECTION('',(1.,0.,0.));
#7388=DIRECTION('',(0.707106744307914,0.,0.707106818065179));
#7389=DIRECTION('',(0.,0.,1.));
#7390=DIRECTION('',(-0.707106765381108,0.,-0.707106796991986));
#7391=DIRECTION('',(0.707106765381202,0.,0.707106796991893));
#7392=DIRECTION('',(0.,0.,1.));
#7393=DIRECTION('',(1.,0.,0.));
#7394=DIRECTION('center_axis',(-1.,0.,0.));
#7395=DIRECTION('ref_axis',(0.,0.,-1.));
#7396=DIRECTION('',(0.,1.,0.));
#7397=DIRECTION('center_axis',(0.,0.,-1.));
#7398=DIRECTION('ref_axis',(1.,0.,0.));
#7399=DIRECTION('center_axis',(0.,0.,1.));
#7400=DIRECTION('ref_axis',(-0.707106781186549,-0.707106781186546,0.));
#7401=DIRECTION('',(0.,-1.,0.));
#7402=DIRECTION('',(0.,1.,0.));
#7403=DIRECTION('',(1.,0.,0.));
#7404=DIRECTION('center_axis',(0.,0.,-1.));
#7405=DIRECTION('ref_axis',(-0.707106781186549,-0.707106781186546,0.));
#7406=DIRECTION('',(0.,0.,1.));
#7407=DIRECTION('',(0.,0.,-1.));
#7408=DIRECTION('center_axis',(0.,-1.,0.));
#7409=DIRECTION('ref_axis',(1.,0.,0.));
#7410=DIRECTION('',(0.,0.,1.));
#7411=DIRECTION('center_axis',(1.,0.,0.));
#7412=DIRECTION('ref_axis',(0.,0.,1.));
#7413=DIRECTION('',(0.,1.,0.));
#7414=DIRECTION('',(0.,0.,1.));
#7415=DIRECTION('',(0.,-1.,0.));
#7416=DIRECTION('',(0.,1.,0.));
#7417=DIRECTION('',(0.,0.,1.));
#7418=DIRECTION('',(0.,0.,1.));
#7419=DIRECTION('',(0.,1.,0.));
#7420=DIRECTION('center_axis',(1.,0.,0.));
#7421=DIRECTION('ref_axis',(0.,-1.,0.));
#7422=DIRECTION('center_axis',(-0.0013672972876887,0.00106138231350037,
0.999998501981734));
#7423=DIRECTION('ref_axis',(0.00208364119762974,-0.999997262923231,0.00106422995960945));
#7424=DIRECTION('',(-0.613194790729875,-0.789931736684725,0.));
#7425=DIRECTION('',(0.00208364119762974,-0.999997262923231,0.00106422995960945));
#7426=DIRECTION('',(0.999996894463921,0.00208509319503692,0.00136508200537621));
#7427=DIRECTION('center_axis',(0.00208364119763224,-0.999997262923231,0.00106422995960945));
#7428=DIRECTION('ref_axis',(0.00136729728769242,-0.00106138231350036,-0.999998501981734));
#7429=DIRECTION('',(0.,-0.00106423226982643,-0.999999433704678));
#7430=DIRECTION('',(0.00136729728769242,-0.00106138231350036,-0.999998501981734));
#7431=DIRECTION('',(0.999996894463921,0.00208509319503692,0.00136508200537621));
#7432=DIRECTION('center_axis',(0.0013672972876887,-0.00106138231350037,
-0.999998501981734));
#7433=DIRECTION('ref_axis',(-0.00208364119762974,0.999997262923231,-0.00106422995960945));
#7434=DIRECTION('',(0.,0.999999436732581,-0.00106138330562987));
#7435=DIRECTION('',(-0.00208364119762974,0.999997262923231,-0.00106422995960945));
#7436=DIRECTION('',(0.999996894463921,0.00208509319503692,0.00136508200537621));
#7437=DIRECTION('center_axis',(0.999996894463921,0.00208509319503692,0.00136508200537621));
#7438=DIRECTION('ref_axis',(0.00136508497281045,9.3173624197973E-21,-0.999999068271074));
#7439=DIRECTION('',(0.,-0.547741682643952,0.83664750587949));
#7440=DIRECTION('',(-0.00136729728769242,0.00106138231350036,0.999998501981734));
#7441=DIRECTION('',(-0.00208509513776942,0.99999782618677,-2.86173826602775E-23));
#7442=DIRECTION('center_axis',(0.999996894463921,0.00208509319503692,0.00136508200537621));
#7443=DIRECTION('ref_axis',(0.00136508497281045,9.3173624197973E-21,-0.999999068271074));
#7444=DIRECTION('',(-0.00208509513777192,0.99999782618677,0.));
#7445=DIRECTION('',(0.00136729728769242,-0.00106138231350036,-0.999998501981734));
#7446=DIRECTION('',(0.00208509513776942,-0.99999782618677,2.86173826602775E-23));
#7447=DIRECTION('center_axis',(0.00136507903794288,2.84632585206646E-6,
-0.999999068275125));
#7448=DIRECTION('ref_axis',(-0.00208509513776942,0.999997826186771,8.89384594617016E-21));
#7449=DIRECTION('',(0.,0.999999999995949,2.84632850405E-6));
#7450=DIRECTION('',(0.999996894463921,0.00208509319503692,0.00136508200537621));
#7451=DIRECTION('center_axis',(-0.00208364119763224,0.999997262923231,-0.00106422995960945));
#7452=DIRECTION('ref_axis',(-0.00136729728769242,0.00106138231350036,0.999998501981734));
#7453=DIRECTION('',(0.,0.00106423226982643,0.999999433704678));
#7454=DIRECTION('center_axis',(0.00208364119763224,-0.999997262923231,0.00106422995960945));
#7455=DIRECTION('ref_axis',(0.00136729728769242,-0.00106138231350036,-0.999998501981734));
#7456=DIRECTION('',(0.999997829214865,0.00208364237758405,0.));
#7457=DIRECTION('',(0.999996894463921,0.00208509319503692,0.00136508200537621));
#7458=DIRECTION('center_axis',(-0.00136507903794288,-2.84632585206646E-6,
0.999999068275125));
#7459=DIRECTION('ref_axis',(0.00208509513776942,-0.999997826186771,-8.89384594617016E-21));
#7460=DIRECTION('',(-0.00208509513776942,0.99999782618677,0.));
#7461=DIRECTION('center_axis',(0.,0.,1.));
#7462=DIRECTION('ref_axis',(1.,0.,0.));
#7463=DIRECTION('',(-1.,0.,0.));
#7464=DIRECTION('',(0.,1.,0.));
#7465=DIRECTION('',(0.,1.,0.));
#7466=DIRECTION('',(-0.613194790728823,-0.789931736685541,0.));
#7467=DIRECTION('',(0.999997829214865,0.00208364237758155,0.));
#7468=DIRECTION('center_axis',(0.,1.,0.));
#7469=DIRECTION('ref_axis',(-0.707106781186547,0.,-0.707106781186547));
#7470=DIRECTION('center_axis',(0.,1.,0.));
#7471=DIRECTION('ref_axis',(-0.707106781186548,0.,-0.707106781186547));
#7472=DIRECTION('center_axis',(-0.999996894463921,-0.00208509319503442,
-0.00136508200537996));
#7473=DIRECTION('ref_axis',(-0.00136729728769245,0.00106138231350036,0.999998501981734));
#7474=DIRECTION('',(-0.00136729728769242,0.00106138231350036,0.999998501981734));
#7475=DIRECTION('',(0.00208364119762974,-0.999997262923231,0.00106422995960945));
#7476=DIRECTION('',(0.00208509513776942,-0.99999782618677,0.));
#7477=DIRECTION('',(0.00136729728769242,-0.00106138231350036,-0.999998501981734));
#7478=DIRECTION('',(-0.00208364119762974,0.999997262923231,-0.00106422995960945));
#7479=DIRECTION('center_axis',(-0.00208364119762974,0.999997262923231,-0.00106422995960945));
#7480=DIRECTION('ref_axis',(0.999996894463921,0.00208509319503442,0.00136508200537996));
#7481=DIRECTION('',(0.999997829214865,0.00208364237758155,0.));
#7482=DIRECTION('',(0.,-0.00106423226982642,-0.999999433704678));
#7483=DIRECTION('',(0.999996894463921,0.00208509319503442,0.00136508200537994));
#7484=DIRECTION('center_axis',(0.00208364119762974,-0.999997262923231,0.00106422995960945));
#7485=DIRECTION('ref_axis',(0.00136729728769244,-0.00106138231350036,-0.999998501981734));
#7486=DIRECTION('center_axis',(0.00208364119762974,-0.999997262923231,0.00106422995960945));
#7487=DIRECTION('ref_axis',(0.00136729728769244,-0.00106138231350036,-0.999998501981734));
#7488=DIRECTION('center_axis',(0.00208364119762974,-0.999997262923231,0.00106422995960945));
#7489=DIRECTION('ref_axis',(0.00136729728769244,-0.00106138231350036,-0.999998501981734));
#7490=DIRECTION('center_axis',(0.00208364119762974,-0.999997262923231,0.00106422995960945));
#7491=DIRECTION('ref_axis',(0.00136729728769244,-0.00106138231350036,-0.999998501981734));
#7492=DIRECTION('',(-0.00136729728769242,0.00106138231350036,0.999998501981734));
#7493=DIRECTION('',(-0.999996894463921,-0.00208509319503442,-0.00136508200537994));
#7494=DIRECTION('',(0.00136729728769242,-0.00106138231350036,-0.999998501981734));
#7495=DIRECTION('',(0.999996894463921,0.00208509319503442,0.00136508200537994));
#7496=DIRECTION('center_axis',(-0.00136729728769244,0.00106138231350036,
0.999998501981734));
#7497=DIRECTION('ref_axis',(0.00208364119762974,-0.999997262923231,0.00106422995960945));
#7498=DIRECTION('',(0.999996894463921,0.00208509319503442,0.00136508200537994));
#7499=DIRECTION('',(-0.00208364119762974,0.999997262923231,-0.00106422995960945));
#7500=DIRECTION('center_axis',(0.00136729728769244,-0.00106138231350036,
-0.999998501981734));
#7501=DIRECTION('ref_axis',(-0.789930554067032,0.61319387123247,-0.00173090562664245));
#7502=DIRECTION('center_axis',(-0.00136729728769244,0.00106138231350036,
0.999998501981734));
#7503=DIRECTION('ref_axis',(0.00208364119762974,-0.999997262923231,0.00106422995960945));
#7504=DIRECTION('',(-0.613194790728823,-0.789931736685541,0.));
#7505=DIRECTION('',(0.999996894463921,0.00208509319503442,0.00136508200537994));
#7506=DIRECTION('center_axis',(0.00136729728769244,-0.00106138231350036,
-0.999998501981734));
#7507=DIRECTION('ref_axis',(-0.00208364119762974,0.999997262923231,-0.00106422995960945));
#7508=DIRECTION('',(0.,0.999999436732581,-0.00106138330562986));
#7509=DIRECTION('center_axis',(-0.00136729728769244,0.00106138231350036,
0.999998501981734));
#7510=DIRECTION('ref_axis',(-0.789930554067032,0.61319387123247,-0.00173090562664245));
#7511=DIRECTION('',(-0.00208364119762974,0.999997262923231,-0.00106422995960945));
#7512=DIRECTION('',(-0.999996894463921,-0.00208509319503442,-0.00136508200537994));
#7513=DIRECTION('center_axis',(0.00208364119763773,-0.999997262923231,0.00106422995960985));
#7514=DIRECTION('ref_axis',(0.00136729728769244,-0.00106138231350075,-0.999998501981734));
#7515=DIRECTION('',(0.00208364119763773,-0.99999726292323,0.00106422995960985));
#7516=DIRECTION('center_axis',(0.00208364119762974,-0.999997262923231,0.00106422995960945));
#7517=DIRECTION('ref_axis',(0.00136729728769244,-0.00106138231350036,-0.999998501981734));
#7518=DIRECTION('center_axis',(0.00208364119763773,-0.999997262923231,0.00106422995960985));
#7519=DIRECTION('ref_axis',(0.00136729728769244,-0.00106138231350075,-0.999998501981734));
#7520=DIRECTION('',(0.00208364119763773,-0.99999726292323,0.00106422995960985));
#7521=DIRECTION('center_axis',(0.00208364119762974,-0.999997262923231,0.00106422995960945));
#7522=DIRECTION('ref_axis',(0.00136729728769244,-0.00106138231350036,-0.999998501981734));
#7523=DIRECTION('center_axis',(0.00208364119763773,-0.999997262923231,0.00106422995960985));
#7524=DIRECTION('ref_axis',(0.00136729728769244,-0.00106138231350075,-0.999998501981734));
#7525=DIRECTION('',(0.00208364119763773,-0.99999726292323,0.00106422995960985));
#7526=DIRECTION('center_axis',(0.00208364119762974,-0.999997262923231,0.00106422995960945));
#7527=DIRECTION('ref_axis',(0.00136729728769244,-0.00106138231350036,-0.999998501981734));
#7528=DIRECTION('center_axis',(0.00208364119763773,-0.999997262923231,0.00106422995960985));
#7529=DIRECTION('ref_axis',(0.00136729728769244,-0.00106138231350075,-0.999998501981734));
#7530=DIRECTION('',(0.00208364119763773,-0.99999726292323,0.00106422995960985));
#7531=DIRECTION('center_axis',(0.00208364119762974,-0.999997262923231,0.00106422995960945));
#7532=DIRECTION('ref_axis',(0.00136729728769244,-0.00106138231350036,-0.999998501981734));
#7533=DIRECTION('center_axis',(-0.00208364119762974,0.999997262923231,-0.00106422995960945));
#7534=DIRECTION('ref_axis',(0.999996894463921,0.00208509319503442,0.00136508200537996));
#7535=DIRECTION('',(0.00136729728769242,-0.00106138231350036,-0.999998501981734));
#7536=DIRECTION('',(-0.999997829214865,-0.00208364237758155,0.));
#7537=DIRECTION('',(0.00136729728769242,-0.00106138231350036,-0.999998501981734));
#7538=DIRECTION('',(-0.999996894463921,-0.00208509319503442,-0.00136508200537994));
#7539=DIRECTION('',(-0.00136729728769242,0.00106138231350036,0.999998501981734));
#7540=DIRECTION('',(0.999996894463921,0.00208509319503442,0.00136508200537994));
#7541=DIRECTION('center_axis',(0.999996894463921,0.00208509319503442,0.00136508200537996));
#7542=DIRECTION('ref_axis',(0.00208364119762974,-0.999997262923231,0.00106422995960945));
#7543=DIRECTION('',(-0.00208364119762974,0.999997262923231,-0.00106422995960945));
#7544=DIRECTION('',(0.00208364119762974,-0.999997262923231,0.00106422995960945));
#7545=DIRECTION('center_axis',(0.00136729728769244,-0.00106138231350036,
-0.999998501981734));
#7546=DIRECTION('ref_axis',(0.00208364119762974,-0.999997262923231,0.00106422995960945));
#7547=DIRECTION('',(-0.00208364119762974,0.999997262923231,-0.00106422995960945));
#7548=DIRECTION('center_axis',(-0.999996894463921,-0.00208509319503442,
-0.00136508200537996));
#7549=DIRECTION('ref_axis',(-0.00208364119762974,0.999997262923231,-0.00106422995960945));
#7550=DIRECTION('',(-0.00208364119762974,0.999997262923231,-0.00106422995960945));
#7551=DIRECTION('center_axis',(0.00136729728769244,-0.00106138231350036,
-0.999998501981734));
#7552=DIRECTION('ref_axis',(0.999996894463921,0.00208509319503442,0.00136508200537995));
#7553=DIRECTION('center_axis',(0.999996894463921,0.00208509319503442,0.00136508200537996));
#7554=DIRECTION('ref_axis',(0.00208364119762974,-0.999997262923231,0.00106422995960945));
#7555=DIRECTION('center_axis',(3.21553894622184E-12,0.,1.));
#7556=DIRECTION('ref_axis',(-0.707106781186548,-0.707106781186548,2.27372939404291E-12));
#7557=DIRECTION('',(0.,0.,1.));
#7558=DIRECTION('center_axis',(2.27349388017411E-12,0.707106781186548,0.707106781186548));
#7559=DIRECTION('ref_axis',(2.27349388017411E-12,-0.707106781186548,0.707106781186548));
#7560=DIRECTION('',(-3.21553894622184E-12,0.,-1.));
#7561=DIRECTION('center_axis',(2.27365099103815E-12,-0.707106749583232,
0.707106812789861));
#7562=DIRECTION('ref_axis',(-2.27380779705468E-12,-0.707106812789861,-0.707106749583232));
#7563=DIRECTION('center_axis',(0.,-1.,0.));
#7564=DIRECTION('ref_axis',(0.,0.,-1.));
#7565=DIRECTION('center_axis',(0.,0.,-1.));
#7566=DIRECTION('ref_axis',(-1.,0.,0.));
#7567=DIRECTION('center_axis',(0.,0.,-1.));
#7568=DIRECTION('ref_axis',(-0.707106781186548,0.707106781186547,0.));
#7569=DIRECTION('center_axis',(8.031956041021E-16,1.,4.44089209850064E-16));
#7570=DIRECTION('ref_axis',(-8.031956041021E-16,-4.44089209850063E-16,1.));
#7571=DIRECTION('',(8.031956041021E-16,1.,4.44089209850064E-16));
#7572=DIRECTION('center_axis',(8.031956041021E-16,1.,4.44089209850064E-16));
#7573=DIRECTION('ref_axis',(-8.031956041021E-16,-4.44089209850063E-16,1.));
#7574=DIRECTION('',(8.031956041021E-16,1.,4.44089209850064E-16));
#7575=DIRECTION('center_axis',(8.031956041021E-16,1.,4.44089209850064E-16));
#7576=DIRECTION('ref_axis',(-8.031956041021E-16,-4.44089209850063E-16,1.));
#7577=DIRECTION('',(8.031956041021E-16,1.,4.44089209850064E-16));
#7578=DIRECTION('center_axis',(8.031956041021E-16,1.,4.44089209850064E-16));
#7579=DIRECTION('ref_axis',(-8.031956041021E-16,-4.44089209850063E-16,1.));
#7580=DIRECTION('',(8.031956041021E-16,1.,4.44089209850064E-16));
#7581=DIRECTION('center_axis',(8.031956041021E-16,1.,4.44089209850064E-16));
#7582=DIRECTION('ref_axis',(-8.031956041021E-16,-4.44089209850063E-16,1.));
#7583=DIRECTION('',(8.031956041021E-16,1.,4.44089209850064E-16));
#7584=DIRECTION('center_axis',(8.031956041021E-16,1.,4.44089209850064E-16));
#7585=DIRECTION('ref_axis',(-8.031956041021E-16,-4.44089209850063E-16,1.));
#7586=DIRECTION('',(8.031956041021E-16,1.,4.44089209850064E-16));
#7587=DIRECTION('center_axis',(8.031956041021E-16,1.,4.44089209850064E-16));
#7588=DIRECTION('ref_axis',(-8.031956041021E-16,-4.44089209850063E-16,1.));
#7589=DIRECTION('',(8.031956041021E-16,1.,4.44089209850064E-16));
#7590=DIRECTION('center_axis',(8.031956041021E-16,1.,4.44089209850064E-16));
#7591=DIRECTION('ref_axis',(-8.031956041021E-16,-4.44089209850063E-16,1.));
#7592=DIRECTION('',(8.031956041021E-16,1.,4.44089209850064E-16));
#7593=DIRECTION('center_axis',(8.031956041021E-16,1.,4.44089209850064E-16));
#7594=DIRECTION('ref_axis',(-8.031956041021E-16,-4.44089209850063E-16,1.));
#7595=DIRECTION('',(8.031956041021E-16,1.,4.44089209850064E-16));
#7596=DIRECTION('center_axis',(8.031956041021E-16,1.,4.44089209850064E-16));
#7597=DIRECTION('ref_axis',(-8.031956041021E-16,-4.44089209850063E-16,1.));
#7598=DIRECTION('',(8.031956041021E-16,1.,4.44089209850064E-16));
#7599=DIRECTION('center_axis',(8.031956041021E-16,1.,4.44089209850064E-16));
#7600=DIRECTION('ref_axis',(-8.031956041021E-16,-4.44089209850063E-16,1.));
#7601=DIRECTION('',(8.031956041021E-16,1.,4.44089209850064E-16));
#7602=DIRECTION('center_axis',(8.031956041021E-16,1.,4.44089209850064E-16));
#7603=DIRECTION('ref_axis',(-8.031956041021E-16,-4.44089209850063E-16,1.));
#7604=DIRECTION('',(8.031956041021E-16,1.,4.44089209850064E-16));
#7605=DIRECTION('center_axis',(8.031956041021E-16,1.,4.44089209850064E-16));
#7606=DIRECTION('ref_axis',(-8.031956041021E-16,-4.44089209850063E-16,1.));
#7607=DIRECTION('',(8.031956041021E-16,1.,4.44089209850064E-16));
#7608=DIRECTION('center_axis',(-3.21553894622184E-12,0.,-1.));
#7609=DIRECTION('ref_axis',(-0.707106781186548,0.707106781186548,2.27372939404291E-12));
#7610=DIRECTION('',(3.21553894622184E-12,0.,1.));
#7611=DIRECTION('center_axis',(-2.27349388017411E-12,-0.707106781186548,
-0.707106781186548));
#7612=DIRECTION('ref_axis',(2.27396490791171E-12,-0.707106781186548,0.707106781186548));
#7613=DIRECTION('',(0.,0.,1.));
#7614=DIRECTION('center_axis',(2.27380789866585E-12,-0.707106781186548,
0.707106781186548));
#7615=DIRECTION('ref_axis',(2.27365088941997E-12,0.707106781186548,0.707106781186548));
#7616=DIRECTION('center_axis',(0.,-1.,0.));
#7617=DIRECTION('ref_axis',(-0.707106781187684,0.,-0.707106781185411));
#7618=DIRECTION('',(0.,1.,0.));
#7619=DIRECTION('center_axis',(-2.27349384968417E-12,-0.707106790669589,
-0.707106771703506));
#7620=DIRECTION('ref_axis',(-2.27349391066403E-12,0.707106771703506,-0.707106790669589));
#7621=DIRECTION('',(0.,1.,0.));
#7622=DIRECTION('center_axis',(-3.21553894622184E-12,0.,-1.));
#7623=DIRECTION('ref_axis',(-0.707106781186548,0.707106781186548,2.27372939404291E-12));
#7624=DIRECTION('',(3.21553894622184E-12,0.,1.));
#7625=DIRECTION('center_axis',(-2.2734938801741E-12,0.707106781186548,-0.707106781186548));
#7626=DIRECTION('ref_axis',(2.27396490791172E-12,0.707106781186548,0.707106781186548));
#7627=DIRECTION('',(-3.21553894622184E-12,0.,-1.));
#7628=DIRECTION('',(0.,0.,-1.));
#7629=DIRECTION('center_axis',(0.,1.,0.));
#7630=DIRECTION('ref_axis',(-0.707106781185411,0.,0.707106781187684));
#7631=DIRECTION('',(0.,-1.,0.));
#7632=DIRECTION('',(0.,1.,0.));
#7633=DIRECTION('center_axis',(0.,-1.,0.));
#7634=DIRECTION('ref_axis',(-0.70710678118882,0.,-0.707106781184275));
#7635=DIRECTION('',(0.,-1.,0.));
#7636=DIRECTION('',(0.,1.,0.));
#7637=DIRECTION('center_axis',(-2.27349388017411E-12,-0.707106781186548,
-0.707106781186548));
#7638=DIRECTION('ref_axis',(-2.27349388017411E-12,0.707106781186548,-0.707106781186548));
#7639=DIRECTION('center_axis',(-3.21553894622184E-12,0.,-1.));
#7640=DIRECTION('ref_axis',(-0.707106781186548,0.707106781186548,2.27372939404291E-12));
#7641=DIRECTION('',(0.,0.,-1.));
#7642=DIRECTION('',(-3.21553894622184E-12,0.,-1.));
#7643=DIRECTION('',(3.21553894622184E-12,0.,1.));
#7644=DIRECTION('center_axis',(-2.2738078681717E-12,0.707106790669589,-0.707106771703506));
#7645=DIRECTION('ref_axis',(2.27365091991622E-12,0.707106771703506,0.707106790669589));
#7646=DIRECTION('center_axis',(0.,1.,0.));
#7647=DIRECTION('ref_axis',(-0.707106781185411,0.,0.707106781187684));
#7648=DIRECTION('',(0.,-1.,0.));
#7649=DIRECTION('',(0.,-1.,0.));
#7650=DIRECTION('center_axis',(-3.21554903915843E-12,0.,-1.));
#7651=DIRECTION('ref_axis',(0.,-1.,0.));
#7652=DIRECTION('',(-1.,0.,3.21554903915843E-12));
#7653=DIRECTION('',(0.,-1.,0.));
#7654=DIRECTION('center_axis',(-1.,0.,3.21553894622184E-12));
#7655=DIRECTION('ref_axis',(3.21553894622184E-12,0.,1.));
#7656=DIRECTION('center_axis',(-1.,0.,0.));
#7657=DIRECTION('ref_axis',(0.,0.,1.));
#7658=DIRECTION('',(0.,1.,0.));
#7659=DIRECTION('center_axis',(0.,0.,-1.));
#7660=DIRECTION('ref_axis',(-1.,0.,0.));
#7661=DIRECTION('',(0.,1.,0.));
#7662=DIRECTION('',(1.,0.,0.));
#7663=DIRECTION('center_axis',(1.,0.,0.));
#7664=DIRECTION('ref_axis',(0.,0.,-1.));
#7665=DIRECTION('',(0.,0.,1.));
#7666=DIRECTION('center_axis',(-1.6077747136205E-12,0.,1.));
#7667=DIRECTION('ref_axis',(-1.,0.,-1.6077747136205E-12));
#7668=DIRECTION('',(0.,-1.,0.));
#7669=DIRECTION('',(1.,0.,1.6077747136205E-12));
#7670=DIRECTION('',(0.,-1.,0.));
#7671=DIRECTION('center_axis',(-0.707106796991893,0.,0.707106765381202));
#7672=DIRECTION('ref_axis',(-0.707106765381202,0.,-0.707106796991893));
#7673=DIRECTION('',(0.,-1.,0.));
#7674=DIRECTION('',(0.707106765382341,0.,0.707106796990754));
#7675=DIRECTION('',(0.,1.,0.));
#7676=DIRECTION('center_axis',(0.707106796991987,0.,-0.707106765381108));
#7677=DIRECTION('ref_axis',(0.707106765381108,0.,0.707106796991987));
#7678=DIRECTION('',(0.,-1.,0.));
#7679=DIRECTION('',(-0.707106765381567,0.,-0.707106796991527));
#7680=DIRECTION('',(0.,1.,0.));
#7681=DIRECTION('center_axis',(0.707106796991987,0.,-0.707106765381108));
#7682=DIRECTION('ref_axis',(0.707106765381108,0.,0.707106796991987));
#7683=DIRECTION('',(0.,-1.,0.));
#7684=DIRECTION('',(-0.707106765381567,0.,-0.707106796991527));
#7685=DIRECTION('center_axis',(-1.6077747136205E-12,0.,1.));
#7686=DIRECTION('ref_axis',(-1.,0.,-1.6077747136205E-12));
#7687=DIRECTION('',(0.,-1.,0.));
#7688=DIRECTION('',(1.,0.,1.6077747136205E-12));
#7689=DIRECTION('',(0.,-1.,0.));
#7690=DIRECTION('center_axis',(-0.707106796991893,0.,0.707106765381202));
#7691=DIRECTION('ref_axis',(-0.707106765381202,0.,-0.707106796991893));
#7692=DIRECTION('',(0.,-1.,0.));
#7693=DIRECTION('',(0.707106765382342,0.,0.707106796990753));
#7694=DIRECTION('',(0.,1.,0.));
#7695=DIRECTION('center_axis',(-0.707106796991893,0.,0.707106765381202));
#7696=DIRECTION('ref_axis',(-0.707106765381202,0.,-0.707106796991893));
#7697=DIRECTION('',(0.707106765382342,0.,0.707106796990753));
#7698=DIRECTION('',(0.,1.,0.));
#7699=DIRECTION('center_axis',(0.707106796991986,0.,-0.707106765381108));
#7700=DIRECTION('ref_axis',(0.707106765381109,0.,0.707106796991986));
#7701=DIRECTION('',(0.,-1.,0.));
#7702=DIRECTION('',(-0.707106765381567,0.,-0.707106796991527));
#7703=DIRECTION('',(0.,1.,0.));
#7704=DIRECTION('center_axis',(0.707106796991986,0.,-0.707106765381108));
#7705=DIRECTION('ref_axis',(0.707106765381109,0.,0.707106796991986));
#7706=DIRECTION('',(0.,-1.,0.));
#7707=DIRECTION('',(-0.707106765381567,0.,-0.707106796991527));
#7708=DIRECTION('center_axis',(0.,0.,1.));
#7709=DIRECTION('ref_axis',(-1.,0.,0.));
#7710=DIRECTION('',(0.,-1.,0.));
#7711=DIRECTION('',(1.,0.,0.));
#7712=DIRECTION('',(0.,-1.,0.));
#7713=DIRECTION('center_axis',(-0.707106818065179,0.,0.707106744307914));
#7714=DIRECTION('ref_axis',(-0.707106744307914,0.,-0.707106818065179));
#7715=DIRECTION('',(0.,-1.,0.));
#7716=DIRECTION('',(0.707106744308101,0.,0.707106818064992));
#7717=DIRECTION('',(0.,1.,0.));
#7718=DIRECTION('center_axis',(-0.707106818065179,0.,0.707106744307914));
#7719=DIRECTION('ref_axis',(-0.707106744307914,0.,-0.707106818065179));
#7720=DIRECTION('',(0.707106744308101,0.,0.707106818064992));
#7721=DIRECTION('',(0.,1.,0.));
#7722=DIRECTION('center_axis',(0.707106818064789,0.,-0.707106744308304));
#7723=DIRECTION('ref_axis',(0.707106744308304,0.,0.707106818064789));
#7724=DIRECTION('',(0.,-1.,0.));
#7725=DIRECTION('',(-0.707106744307868,0.,-0.707106818065225));
#7726=DIRECTION('',(0.,1.,0.));
#7727=DIRECTION('center_axis',(0.707106818064789,0.,-0.707106744308304));
#7728=DIRECTION('ref_axis',(0.707106744308304,0.,0.707106818064789));
#7729=DIRECTION('',(0.,-1.,0.));
#7730=DIRECTION('',(-0.707106744307868,0.,-0.707106818065225));
#7731=DIRECTION('center_axis',(-0.707106796991893,0.,0.707106765381202));
#7732=DIRECTION('ref_axis',(-0.707106765381202,0.,-0.707106796991893));
#7733=DIRECTION('',(0.,-1.,0.));
#7734=DIRECTION('',(0.707106765381969,0.,0.707106796991125));
#7735=DIRECTION('',(0.,1.,0.));
#7736=DIRECTION('center_axis',(-0.707106796991893,0.,0.707106765381202));
#7737=DIRECTION('ref_axis',(-0.707106765381202,0.,-0.707106796991893));
#7738=DIRECTION('',(0.,-1.,0.));
#7739=DIRECTION('',(0.707106765381969,0.,0.707106796991125));
#7740=DIRECTION('',(0.,1.,0.));
#7741=DIRECTION('center_axis',(0.,0.,1.));
#7742=DIRECTION('ref_axis',(-1.,0.,0.));
#7743=DIRECTION('',(0.,-1.,0.));
#7744=DIRECTION('',(1.,0.,0.));
#7745=DIRECTION('center_axis',(0.707106796991422,0.,-0.707106765381673));
#7746=DIRECTION('ref_axis',(0.707106765381673,0.,0.707106796991422));
#7747=DIRECTION('',(0.,-1.,0.));
#7748=DIRECTION('',(-0.707106765381567,0.,-0.707106796991527));
#7749=DIRECTION('',(0.,1.,0.));
#7750=DIRECTION('center_axis',(0.707106796991422,0.,-0.707106765381673));
#7751=DIRECTION('ref_axis',(0.707106765381673,0.,0.707106796991422));
#7752=DIRECTION('',(0.,-1.,0.));
#7753=DIRECTION('',(-0.707106765381567,0.,-0.707106796991527));
#7754=DIRECTION('center_axis',(-0.70710679699172,0.,0.707106765381375));
#7755=DIRECTION('ref_axis',(-0.707106765381375,0.,-0.70710679699172));
#7756=DIRECTION('',(0.,-1.,0.));
#7757=DIRECTION('',(0.707106765380096,0.,0.707106796992998));
#7758=DIRECTION('',(0.,1.,0.));
#7759=DIRECTION('center_axis',(-1.6077747136205E-12,0.,1.));
#7760=DIRECTION('ref_axis',(-1.,0.,-1.6077747136205E-12));
#7761=DIRECTION('',(0.,-1.,0.));
#7762=DIRECTION('',(1.,0.,1.6077747136205E-12));
#7763=DIRECTION('center_axis',(0.707106796992267,0.,-0.707106765380828));
#7764=DIRECTION('ref_axis',(0.707106765380828,0.,0.707106796992267));
#7765=DIRECTION('',(0.,-1.,0.));
#7766=DIRECTION('',(-0.707106765381717,0.,-0.707106796991377));
#7767=DIRECTION('',(0.,1.,0.));
#7768=DIRECTION('center_axis',(0.707106796992267,0.,-0.707106765380828));
#7769=DIRECTION('ref_axis',(0.707106765380828,0.,0.707106796992267));
#7770=DIRECTION('',(0.,-1.,0.));
#7771=DIRECTION('',(-0.707106765381717,0.,-0.707106796991377));
#7772=DIRECTION('center_axis',(-0.707106796992066,0.,0.707106765381029));
#7773=DIRECTION('ref_axis',(-0.707106765381029,0.,-0.707106796992066));
#7774=DIRECTION('',(0.,-1.,0.));
#7775=DIRECTION('',(0.707106765381596,0.,0.707106796991499));
#7776=DIRECTION('',(0.,1.,0.));
#7777=DIRECTION('center_axis',(0.70710678118628,0.,-0.707106781186815));
#7778=DIRECTION('ref_axis',(0.707106781186815,0.,0.70710678118628));
#7779=DIRECTION('',(0.,-1.,0.));
#7780=DIRECTION('',(-0.707106781186478,0.,-0.707106781186617));
#7781=DIRECTION('',(0.,1.,0.));
#7782=DIRECTION('center_axis',(-1.60777471361792E-12,0.,1.));
#7783=DIRECTION('ref_axis',(-1.,0.,-1.60777471361792E-12));
#7784=DIRECTION('',(0.,-1.,0.));
#7785=DIRECTION('',(1.,0.,1.60777471361792E-12));
#7786=DIRECTION('center_axis',(0.,0.,-1.));
#7787=DIRECTION('ref_axis',(1.,0.,0.));
#7788=DIRECTION('',(0.,-1.,0.));
#7789=DIRECTION('',(1.,0.,0.));
#7790=DIRECTION('center_axis',(-0.707106781186475,0.,0.70710678118662));
#7791=DIRECTION('ref_axis',(-0.70710678118662,0.,-0.707106781186475));
#7792=DIRECTION('',(0.,-1.,0.));
#7793=DIRECTION('',(0.707106781186315,0.,0.70710678118678));
#7794=DIRECTION('',(0.,1.,0.));
#7795=DIRECTION('center_axis',(0.707106796991421,0.,-0.707106765381674));
#7796=DIRECTION('ref_axis',(0.707106765381674,0.,0.707106796991421));
#7797=DIRECTION('',(0.,-1.,0.));
#7798=DIRECTION('',(-0.707106765381567,0.,-0.707106796991527));
#7799=DIRECTION('center_axis',(0.707106796991421,0.,-0.707106765381674));
#7800=DIRECTION('ref_axis',(0.707106765381674,0.,0.707106796991421));
#7801=DIRECTION('',(-0.707106765381567,0.,-0.707106796991527));
#7802=DIRECTION('',(0.,1.,0.));
#7803=DIRECTION('center_axis',(0.707106781186626,0.,-0.707106781186469));
#7804=DIRECTION('ref_axis',(0.707106781186469,0.,0.707106781186626));
#7805=DIRECTION('',(0.,-1.,0.));
#7806=DIRECTION('',(-0.707106781186571,0.,-0.707106781186524));
#7807=DIRECTION('',(0.,1.,0.));
#7808=DIRECTION('center_axis',(0.707106781186626,0.,-0.707106781186469));
#7809=DIRECTION('ref_axis',(0.707106781186469,0.,0.707106781186626));
#7810=DIRECTION('',(0.,-1.,0.));
#7811=DIRECTION('',(-0.707106781186571,0.,-0.707106781186524));
#7812=DIRECTION('',(0.,1.,0.));
#7813=DIRECTION('center_axis',(0.,0.,-1.));
#7814=DIRECTION('ref_axis',(1.,0.,0.));
#7815=DIRECTION('',(0.,-1.,0.));
#7816=DIRECTION('',(1.,0.,0.));
#7817=DIRECTION('center_axis',(-0.707106781186353,0.,0.707106781186742));
#7818=DIRECTION('ref_axis',(-0.707106781186742,0.,-0.707106781186353));
#7819=DIRECTION('',(0.,-1.,0.));
#7820=DIRECTION('',(0.707106781186015,0.,0.70710678118708));
#7821=DIRECTION('',(0.,1.,0.));
#7822=DIRECTION('center_axis',(-0.707106781186353,0.,0.707106781186742));
#7823=DIRECTION('ref_axis',(-0.707106781186742,0.,-0.707106781186353));
#7824=DIRECTION('',(0.,-1.,0.));
#7825=DIRECTION('',(0.707106781186015,0.,0.70710678118708));
#7826=DIRECTION('center_axis',(-0.70710678118628,0.,0.707106781186815));
#7827=DIRECTION('ref_axis',(-0.707106781186815,0.,-0.70710678118628));
#7828=DIRECTION('',(0.,-1.,0.));
#7829=DIRECTION('',(0.70710678118628,0.,0.707106781186815));
#7830=DIRECTION('',(0.,1.,0.));
#7831=DIRECTION('center_axis',(-0.70710678118628,0.,0.707106781186815));
#7832=DIRECTION('ref_axis',(-0.707106781186815,0.,-0.70710678118628));
#7833=DIRECTION('',(0.,-1.,0.));
#7834=DIRECTION('',(0.70710678118628,0.,0.707106781186815));
#7835=DIRECTION('',(0.,-1.,0.));
#7836=DIRECTION('center_axis',(-0.70710678118628,0.,0.707106781186815));
#7837=DIRECTION('ref_axis',(-0.707106781186815,0.,-0.70710678118628));
#7838=DIRECTION('',(0.,-1.,0.));
#7839=DIRECTION('',(0.70710678118628,0.,0.707106781186815));
#7840=DIRECTION('',(0.,1.,0.));
#7841=DIRECTION('center_axis',(0.707106781186626,0.,-0.707106781186469));
#7842=DIRECTION('ref_axis',(0.707106781186469,0.,0.707106781186626));
#7843=DIRECTION('',(0.,-1.,0.));
#7844=DIRECTION('',(-0.707106781186451,0.,-0.707106781186644));
#7845=DIRECTION('',(0.,1.,0.));
#7846=DIRECTION('center_axis',(-1.60777467769243E-12,0.,1.));
#7847=DIRECTION('ref_axis',(-1.,0.,-1.60777467769243E-12));
#7848=DIRECTION('',(0.,-1.,0.));
#7849=DIRECTION('',(1.,0.,1.60777467769243E-12));
#7850=DIRECTION('center_axis',(0.,0.,-1.));
#7851=DIRECTION('ref_axis',(1.,0.,0.));
#7852=DIRECTION('',(0.,-1.,0.));
#7853=DIRECTION('',(1.,0.,0.));
#7854=DIRECTION('center_axis',(-0.707106781186445,0.,0.70710678118665));
#7855=DIRECTION('ref_axis',(-0.70710678118665,0.,-0.707106781186445));
#7856=DIRECTION('',(0.,-1.,0.));
#7857=DIRECTION('',(0.707106781186015,0.,0.70710678118708));
#7858=DIRECTION('',(0.,1.,0.));
#7859=DIRECTION('center_axis',(0.707106781186626,0.,-0.707106781186469));
#7860=DIRECTION('ref_axis',(0.707106781186469,0.,0.707106781186626));
#7861=DIRECTION('',(0.,-1.,0.));
#7862=DIRECTION('',(-0.707106781186616,0.,-0.707106781186479));
#7863=DIRECTION('center_axis',(0.707106781186626,0.,-0.707106781186469));
#7864=DIRECTION('ref_axis',(0.707106781186469,0.,0.707106781186626));
#7865=DIRECTION('',(0.,-1.,0.));
#7866=DIRECTION('',(-0.707106781186616,0.,-0.707106781186479));
#7867=DIRECTION('',(0.,1.,0.));
#7868=DIRECTION('center_axis',(0.707106781186626,0.,-0.707106781186469));
#7869=DIRECTION('ref_axis',(0.707106781186469,0.,0.707106781186626));
#7870=DIRECTION('',(0.,-1.,0.));
#7871=DIRECTION('',(-0.707106781186583,0.,-0.707106781186512));
#7872=DIRECTION('',(0.,1.,0.));
#7873=DIRECTION('center_axis',(0.707106781186626,0.,-0.707106781186469));
#7874=DIRECTION('ref_axis',(0.707106781186469,0.,0.707106781186626));
#7875=DIRECTION('',(0.,-1.,0.));
#7876=DIRECTION('',(-0.707106781186583,0.,-0.707106781186512));
#7877=DIRECTION('',(0.,1.,0.));
#7878=DIRECTION('center_axis',(0.,0.,-1.));
#7879=DIRECTION('ref_axis',(1.,0.,0.));
#7880=DIRECTION('',(0.,-1.,0.));
#7881=DIRECTION('',(1.,0.,0.));
#7882=DIRECTION('center_axis',(-0.707106781186252,0.,0.707106781186843));
#7883=DIRECTION('ref_axis',(-0.707106781186843,0.,-0.707106781186252));
#7884=DIRECTION('',(0.,-1.,0.));
#7885=DIRECTION('',(0.707106781186015,0.,0.70710678118708));
#7886=DIRECTION('',(0.,1.,0.));
#7887=DIRECTION('center_axis',(-0.707106781186252,0.,0.707106781186843));
#7888=DIRECTION('ref_axis',(-0.707106781186843,0.,-0.707106781186252));
#7889=DIRECTION('',(0.,-1.,0.));
#7890=DIRECTION('',(0.707106781186015,0.,0.70710678118708));
#7891=DIRECTION('center_axis',(-0.70710678118628,0.,0.707106781186815));
#7892=DIRECTION('ref_axis',(-0.707106781186815,0.,-0.70710678118628));
#7893=DIRECTION('',(0.,-1.,0.));
#7894=DIRECTION('',(0.707106781186015,0.,0.70710678118708));
#7895=DIRECTION('',(0.,1.,0.));
#7896=DIRECTION('center_axis',(-0.70710678118628,0.,0.707106781186815));
#7897=DIRECTION('ref_axis',(-0.707106781186815,0.,-0.70710678118628));
#7898=DIRECTION('',(0.,-1.,0.));
#7899=DIRECTION('',(0.707106781186015,0.,0.70710678118708));
#7900=DIRECTION('',(0.,-1.,0.));
#7901=DIRECTION('center_axis',(-0.70710678118628,0.,0.707106781186815));
#7902=DIRECTION('ref_axis',(-0.707106781186815,0.,-0.70710678118628));
#7903=DIRECTION('',(0.,-1.,0.));
#7904=DIRECTION('',(0.707106781186015,0.,0.70710678118708));
#7905=DIRECTION('',(0.,1.,0.));
#7906=DIRECTION('center_axis',(0.707106781186626,0.,-0.707106781186469));
#7907=DIRECTION('ref_axis',(0.707106781186469,0.,0.707106781186626));
#7908=DIRECTION('',(0.,-1.,0.));
#7909=DIRECTION('',(-0.707106781186389,0.,-0.707106781186706));
#7910=DIRECTION('',(0.,1.,0.));
#7911=DIRECTION('center_axis',(-1.60777467769243E-12,0.,1.));
#7912=DIRECTION('ref_axis',(-1.,0.,-1.60777467769243E-12));
#7913=DIRECTION('',(0.,-1.,0.));
#7914=DIRECTION('',(1.,0.,1.60777467769243E-12));
#7915=DIRECTION('center_axis',(0.,0.,-1.));
#7916=DIRECTION('ref_axis',(1.,0.,0.));
#7917=DIRECTION('',(0.,-1.,0.));
#7918=DIRECTION('',(1.,0.,0.));
#7919=DIRECTION('center_axis',(0.707106781186626,0.,-0.707106781186469));
#7920=DIRECTION('ref_axis',(0.707106781186469,0.,0.707106781186626));
#7921=DIRECTION('',(0.,-1.,0.));
#7922=DIRECTION('',(-0.707106781186616,0.,-0.707106781186479));
#7923=DIRECTION('center_axis',(0.707106781186626,0.,-0.707106781186469));
#7924=DIRECTION('ref_axis',(0.707106781186469,0.,0.707106781186626));
#7925=DIRECTION('',(0.,-1.,0.));
#7926=DIRECTION('',(-0.707106781186616,0.,-0.707106781186479));
#7927=DIRECTION('',(0.,1.,0.));
#7928=DIRECTION('center_axis',(-0.707106781186374,0.,0.707106781186722));
#7929=DIRECTION('ref_axis',(-0.707106781186722,0.,-0.707106781186374));
#7930=DIRECTION('',(0.,-1.,0.));
#7931=DIRECTION('',(0.707106781186015,0.,0.70710678118708));
#7932=DIRECTION('center_axis',(-0.70710678118628,0.,0.707106781186815));
#7933=DIRECTION('ref_axis',(-0.707106781186815,0.,-0.70710678118628));
#7934=DIRECTION('',(0.,-1.,0.));
#7935=DIRECTION('',(0.707106781186015,0.,0.70710678118708));
#7936=DIRECTION('',(0.,1.,0.));
#7937=DIRECTION('center_axis',(-0.70710678118628,0.,0.707106781186815));
#7938=DIRECTION('ref_axis',(-0.707106781186815,0.,-0.70710678118628));
#7939=DIRECTION('',(0.,-1.,0.));
#7940=DIRECTION('',(0.707106781186015,0.,0.70710678118708));
#7941=DIRECTION('',(0.,-1.,0.));
#7942=DIRECTION('center_axis',(-0.70710678118628,0.,0.707106781186815));
#7943=DIRECTION('ref_axis',(-0.707106781186815,0.,-0.70710678118628));
#7944=DIRECTION('',(0.,-1.,0.));
#7945=DIRECTION('',(0.707106781186015,0.,0.70710678118708));
#7946=DIRECTION('',(0.,1.,0.));
#7947=DIRECTION('center_axis',(0.707106781186626,0.,-0.707106781186469));
#7948=DIRECTION('ref_axis',(0.707106781186469,0.,0.707106781186626));
#7949=DIRECTION('',(0.,-1.,0.));
#7950=DIRECTION('',(-0.707106781186315,0.,-0.70710678118678));
#7951=DIRECTION('',(0.,1.,0.));
#7952=DIRECTION('center_axis',(0.707106781186626,0.,-0.707106781186469));
#7953=DIRECTION('ref_axis',(0.707106781186469,0.,0.707106781186626));
#7954=DIRECTION('',(0.,-1.,0.));
#7955=DIRECTION('',(-0.707106781186315,0.,-0.70710678118678));
#7956=DIRECTION('',(0.,1.,0.));
#7957=DIRECTION('center_axis',(-1.60777467769243E-12,0.,1.));
#7958=DIRECTION('ref_axis',(-1.,0.,-1.60777467769243E-12));
#7959=DIRECTION('',(0.,-1.,0.));
#7960=DIRECTION('',(1.,0.,1.60777467769243E-12));
#7961=DIRECTION('center_axis',(0.,0.,-1.));
#7962=DIRECTION('ref_axis',(1.,0.,0.));
#7963=DIRECTION('',(0.,-1.,0.));
#7964=DIRECTION('',(1.,0.,0.));
#7965=DIRECTION('center_axis',(0.707106781186626,0.,-0.707106781186469));
#7966=DIRECTION('ref_axis',(0.707106781186469,0.,0.707106781186626));
#7967=DIRECTION('',(0.,-1.,0.));
#7968=DIRECTION('',(-0.707106781186616,0.,-0.707106781186479));
#7969=DIRECTION('center_axis',(0.707106781186626,0.,-0.707106781186469));
#7970=DIRECTION('ref_axis',(0.707106781186469,0.,0.707106781186626));
#7971=DIRECTION('',(0.,-1.,0.));
#7972=DIRECTION('',(-0.707106781186616,0.,-0.707106781186479));
#7973=DIRECTION('',(0.,1.,0.));
#7974=DIRECTION('center_axis',(-0.70710678118628,0.,0.707106781186815));
#7975=DIRECTION('ref_axis',(-0.707106781186815,0.,-0.70710678118628));
#7976=DIRECTION('',(0.,-1.,0.));
#7977=DIRECTION('',(0.707106781186015,0.,0.70710678118708));
#7978=DIRECTION('center_axis',(-0.70710678118628,0.,0.707106781186815));
#7979=DIRECTION('ref_axis',(-0.707106781186815,0.,-0.70710678118628));
#7980=DIRECTION('',(0.,-1.,0.));
#7981=DIRECTION('',(0.707106781186015,0.,0.70710678118708));
#7982=DIRECTION('',(0.,1.,0.));
#7983=DIRECTION('center_axis',(-0.70710678118628,0.,0.707106781186815));
#7984=DIRECTION('ref_axis',(-0.707106781186815,0.,-0.70710678118628));
#7985=DIRECTION('',(0.707106781186015,0.,0.70710678118708));
#7986=DIRECTION('',(0.,1.,0.));
#7987=DIRECTION('center_axis',(-0.70710678118628,0.,0.707106781186815));
#7988=DIRECTION('ref_axis',(-0.707106781186815,0.,-0.70710678118628));
#7989=DIRECTION('',(0.,-1.,0.));
#7990=DIRECTION('',(0.707106781186015,0.,0.70710678118708));
#7991=DIRECTION('',(0.,1.,0.));
#7992=DIRECTION('center_axis',(-0.70710678118628,0.,0.707106781186815));
#7993=DIRECTION('ref_axis',(-0.707106781186815,0.,-0.70710678118628));
#7994=DIRECTION('',(0.,-1.,0.));
#7995=DIRECTION('',(0.707106781186015,0.,0.70710678118708));
#7996=DIRECTION('',(0.,-1.,0.));
#7997=DIRECTION('center_axis',(-0.70710678118628,0.,0.707106781186815));
#7998=DIRECTION('ref_axis',(-0.707106781186815,0.,-0.70710678118628));
#7999=DIRECTION('',(0.,-1.,0.));
#8000=DIRECTION('',(0.707106781186015,0.,0.70710678118708));
#8001=DIRECTION('',(0.,1.,0.));
#8002=DIRECTION('center_axis',(0.707106781186626,0.,-0.707106781186469));
#8003=DIRECTION('ref_axis',(0.707106781186469,0.,0.707106781186626));
#8004=DIRECTION('',(0.,-1.,0.));
#8005=DIRECTION('',(-0.707106781186616,0.,-0.707106781186479));
#8006=DIRECTION('',(0.,1.,0.));
#8007=DIRECTION('center_axis',(0.707106781186626,0.,-0.707106781186469));
#8008=DIRECTION('ref_axis',(0.707106781186469,0.,0.707106781186626));
#8009=DIRECTION('',(0.,-1.,0.));
#8010=DIRECTION('',(-0.707106781186616,0.,-0.707106781186479));
#8011=DIRECTION('',(0.,1.,0.));
#8012=DIRECTION('center_axis',(-1.60777467769243E-12,0.,1.));
#8013=DIRECTION('ref_axis',(-1.,0.,-1.60777467769243E-12));
#8014=DIRECTION('',(0.,-1.,0.));
#8015=DIRECTION('',(1.,0.,1.60777467769243E-12));
#8016=DIRECTION('center_axis',(0.,0.,-1.));
#8017=DIRECTION('ref_axis',(1.,0.,0.));
#8018=DIRECTION('',(0.,-1.,0.));
#8019=DIRECTION('',(1.,0.,0.));
#8020=DIRECTION('center_axis',(0.707106781186626,0.,-0.707106781186469));
#8021=DIRECTION('ref_axis',(0.707106781186469,0.,0.707106781186626));
#8022=DIRECTION('',(0.,-1.,0.));
#8023=DIRECTION('',(-0.707106781186616,0.,-0.707106781186479));
#8024=DIRECTION('center_axis',(0.707106781186626,0.,-0.707106781186469));
#8025=DIRECTION('ref_axis',(0.707106781186469,0.,0.707106781186626));
#8026=DIRECTION('',(0.,-1.,0.));
#8027=DIRECTION('',(-0.707106781186616,0.,-0.707106781186479));
#8028=DIRECTION('',(0.,1.,0.));
#8029=DIRECTION('center_axis',(-0.70710678118628,0.,0.707106781186815));
#8030=DIRECTION('ref_axis',(-0.707106781186815,0.,-0.70710678118628));
#8031=DIRECTION('',(0.,-1.,0.));
#8032=DIRECTION('',(0.707106781186015,0.,0.70710678118708));
#8033=DIRECTION('center_axis',(-0.70710678118628,0.,0.707106781186815));
#8034=DIRECTION('ref_axis',(-0.707106781186815,0.,-0.70710678118628));
#8035=DIRECTION('',(0.,-1.,0.));
#8036=DIRECTION('',(0.707106781186015,0.,0.70710678118708));
#8037=DIRECTION('',(0.,1.,0.));
#8038=DIRECTION('center_axis',(-0.70710678118628,0.,0.707106781186815));
#8039=DIRECTION('ref_axis',(-0.707106781186815,0.,-0.70710678118628));
#8040=DIRECTION('',(0.,-1.,0.));
#8041=DIRECTION('',(0.707106781186015,0.,0.70710678118708));
#8042=DIRECTION('',(0.,1.,0.));
#8043=DIRECTION('center_axis',(-0.70710678118628,0.,0.707106781186815));
#8044=DIRECTION('ref_axis',(-0.707106781186815,0.,-0.70710678118628));
#8045=DIRECTION('',(0.,-1.,0.));
#8046=DIRECTION('',(0.707106781186015,0.,0.70710678118708));
#8047=DIRECTION('',(0.,-1.,0.));
#8048=DIRECTION('center_axis',(-0.70710678118628,0.,0.707106781186815));
#8049=DIRECTION('ref_axis',(-0.707106781186815,0.,-0.70710678118628));
#8050=DIRECTION('',(0.,-1.,0.));
#8051=DIRECTION('',(0.707106781186015,0.,0.70710678118708));
#8052=DIRECTION('',(0.,1.,0.));
#8053=DIRECTION('center_axis',(0.707106781186626,0.,-0.707106781186469));
#8054=DIRECTION('ref_axis',(0.707106781186469,0.,0.707106781186626));
#8055=DIRECTION('',(0.,-1.,0.));
#8056=DIRECTION('',(-0.707106781186616,0.,-0.70710678118648));
#8057=DIRECTION('',(0.,1.,0.));
#8058=DIRECTION('center_axis',(0.707106781186626,0.,-0.707106781186469));
#8059=DIRECTION('ref_axis',(0.707106781186469,0.,0.707106781186626));
#8060=DIRECTION('',(0.,-1.,0.));
#8061=DIRECTION('',(-0.707106781186616,0.,-0.70710678118648));
#8062=DIRECTION('',(0.,-1.,0.));
#8063=DIRECTION('center_axis',(0.707106781186626,0.,-0.707106781186469));
#8064=DIRECTION('ref_axis',(0.707106781186469,0.,0.707106781186626));
#8065=DIRECTION('',(0.,-1.,0.));
#8066=DIRECTION('',(-0.707106781186616,0.,-0.70710678118648));
#8067=DIRECTION('',(0.,1.,0.));
#8068=DIRECTION('center_axis',(-1.60777467769243E-12,0.,1.));
#8069=DIRECTION('ref_axis',(-1.,0.,-1.60777467769243E-12));
#8070=DIRECTION('',(0.,-1.,0.));
#8071=DIRECTION('',(1.,0.,1.60777467769243E-12));
#8072=DIRECTION('center_axis',(0.,0.,-1.));
#8073=DIRECTION('ref_axis',(1.,0.,0.));
#8074=DIRECTION('',(0.,-1.,0.));
#8075=DIRECTION('',(1.,0.,0.));
#8076=DIRECTION('center_axis',(0.707106781186626,0.,-0.707106781186469));
#8077=DIRECTION('ref_axis',(0.707106781186469,0.,0.707106781186626));
#8078=DIRECTION('',(0.,-1.,0.));
#8079=DIRECTION('',(-0.707106781186616,0.,-0.707106781186479));
#8080=DIRECTION('center_axis',(0.707106781186626,0.,-0.707106781186469));
#8081=DIRECTION('ref_axis',(0.707106781186469,0.,0.707106781186626));
#8082=DIRECTION('',(0.,-1.,0.));
#8083=DIRECTION('',(-0.707106781186616,0.,-0.707106781186479));
#8084=DIRECTION('',(0.,1.,0.));
#8085=DIRECTION('center_axis',(-0.70710678118628,0.,0.707106781186815));
#8086=DIRECTION('ref_axis',(-0.707106781186815,0.,-0.70710678118628));
#8087=DIRECTION('',(0.,-1.,0.));
#8088=DIRECTION('',(0.707106781186015,0.,0.70710678118708));
#8089=DIRECTION('center_axis',(-0.70710678118628,0.,0.707106781186815));
#8090=DIRECTION('ref_axis',(-0.707106781186815,0.,-0.70710678118628));
#8091=DIRECTION('',(0.,-1.,0.));
#8092=DIRECTION('',(0.707106781186015,0.,0.70710678118708));
#8093=DIRECTION('',(0.,1.,0.));
#8094=DIRECTION('center_axis',(-0.70710678118628,0.,0.707106781186815));
#8095=DIRECTION('ref_axis',(-0.707106781186815,0.,-0.70710678118628));
#8096=DIRECTION('',(0.,-1.,0.));
#8097=DIRECTION('',(0.707106781186015,0.,0.70710678118708));
#8098=DIRECTION('',(0.,1.,0.));
#8099=DIRECTION('center_axis',(-0.70710678118628,0.,0.707106781186815));
#8100=DIRECTION('ref_axis',(-0.707106781186815,0.,-0.70710678118628));
#8101=DIRECTION('',(0.,-1.,0.));
#8102=DIRECTION('',(0.707106781186015,0.,0.70710678118708));
#8103=DIRECTION('',(0.,-1.,0.));
#8104=DIRECTION('center_axis',(-0.70710678118628,0.,0.707106781186815));
#8105=DIRECTION('ref_axis',(-0.707106781186815,0.,-0.70710678118628));
#8106=DIRECTION('',(0.,-1.,0.));
#8107=DIRECTION('',(0.707106781186015,0.,0.70710678118708));
#8108=DIRECTION('',(0.,1.,0.));
#8109=DIRECTION('center_axis',(0.707106781186626,0.,-0.707106781186469));
#8110=DIRECTION('ref_axis',(0.707106781186469,0.,0.707106781186626));
#8111=DIRECTION('',(0.,-1.,0.));
#8112=DIRECTION('',(-0.707106781186616,0.,-0.70710678118648));
#8113=DIRECTION('',(0.,1.,0.));
#8114=DIRECTION('center_axis',(0.707106781186626,0.,-0.707106781186469));
#8115=DIRECTION('ref_axis',(0.707106781186469,0.,0.707106781186626));
#8116=DIRECTION('',(0.,-1.,0.));
#8117=DIRECTION('',(-0.707106781186616,0.,-0.70710678118648));
#8118=DIRECTION('',(0.,-1.,0.));
#8119=DIRECTION('center_axis',(0.707106781186626,0.,-0.707106781186469));
#8120=DIRECTION('ref_axis',(0.707106781186469,0.,0.707106781186626));
#8121=DIRECTION('',(0.,-1.,0.));
#8122=DIRECTION('',(-0.707106781186616,0.,-0.70710678118648));
#8123=DIRECTION('',(0.,1.,0.));
#8124=DIRECTION('center_axis',(-1.60777467769243E-12,0.,1.));
#8125=DIRECTION('ref_axis',(-1.,0.,-1.60777467769243E-12));
#8126=DIRECTION('',(1.,0.,1.60777467769243E-12));
#8127=DIRECTION('center_axis',(0.,1.,0.));
#8128=DIRECTION('ref_axis',(-1.,0.,0.));
#8129=DIRECTION('',(-1.,0.,0.));
#8130=DIRECTION('',(0.707106765382341,0.,0.707106796990754));
#8131=DIRECTION('',(-1.,0.,0.));
#8132=DIRECTION('',(-1.,0.,0.));
#8133=DIRECTION('',(-1.,0.,0.));
#8134=DIRECTION('',(-1.,0.,0.));
#8135=DIRECTION('',(-1.,0.,0.));
#8136=DIRECTION('',(-1.,0.,0.));
#8137=DIRECTION('',(-1.,0.,0.));
#8138=DIRECTION('',(-1.,0.,0.));
#8139=DIRECTION('',(-1.,0.,0.));
#8140=DIRECTION('',(-1.,0.,0.));
#8141=DIRECTION('',(-1.,0.,0.));
#8142=DIRECTION('',(-1.,0.,0.));
#8143=DIRECTION('',(0.707106781186015,0.,0.70710678118708));
#8144=DIRECTION('',(1.,0.,1.60777467769243E-12));
#8145=DIRECTION('',(-1.,0.,0.));
#8146=DIRECTION('',(0.707106781186015,0.,0.70710678118708));
#8147=DIRECTION('',(-0.707106781186616,0.,-0.707106781186479));
#8148=DIRECTION('',(-1.,0.,0.));
#8149=DIRECTION('',(1.,0.,0.));
#8150=DIRECTION('',(0.707106781186315,0.,0.70710678118678));
#8151=DIRECTION('',(1.,0.,0.));
#8152=DIRECTION('',(1.,0.,0.));
#8153=DIRECTION('',(0.707106781186015,0.,0.70710678118708));
#8154=DIRECTION('',(1.,0.,0.));
#8155=DIRECTION('',(1.,0.,0.));
#8156=DIRECTION('',(1.,0.,0.));
#8157=DIRECTION('',(1.,0.,0.));
#8158=DIRECTION('',(1.,0.,0.));
#8159=DIRECTION('',(1.,0.,0.));
#8160=DIRECTION('',(1.,0.,0.));
#8161=DIRECTION('',(1.,0.,0.));
#8162=DIRECTION('',(1.,0.,0.));
#8163=DIRECTION('',(1.,0.,0.));
#8164=DIRECTION('',(1.,0.,0.));
#8165=DIRECTION('',(1.,0.,0.));
#8166=DIRECTION('',(1.,0.,0.));
#8167=DIRECTION('',(1.,0.,0.));
#8168=DIRECTION('',(1.,0.,0.));
#8169=DIRECTION('',(1.,0.,0.));
#8170=DIRECTION('',(0.707106147891461,0.,-0.707107414481067));
#8171=DIRECTION('',(1.,0.,0.));
#8172=DIRECTION('',(0.,0.,1.));
#8173=DIRECTION('',(-0.707106781186451,0.,-0.707106781186644));
#8174=DIRECTION('',(1.,0.,0.));
#8175=DIRECTION('',(-0.707106781186478,0.,-0.707106781186617));
#8176=DIRECTION('',(1.,0.,0.));
#8177=DIRECTION('',(0.,0.,1.));
#8178=DIRECTION('',(1.,0.,0.));
#8179=DIRECTION('',(0.,0.,1.));
#8180=DIRECTION('',(0.,0.,1.));
#8181=DIRECTION('',(-0.707106781186389,0.,-0.707106781186706));
#8182=DIRECTION('',(1.,0.,0.));
#8183=DIRECTION('',(1.,0.,0.));
#8184=DIRECTION('',(0.,0.,1.));
#8185=DIRECTION('',(-1.,0.,0.));
#8186=DIRECTION('',(1.,0.,0.));
#8187=DIRECTION('',(1.,0.,0.));
#8188=DIRECTION('',(-1.,0.,0.));
#8189=DIRECTION('',(-1.,0.,0.));
#8190=DIRECTION('',(-0.707106781186616,0.,-0.707106781186479));
#8191=DIRECTION('',(1.,0.,0.));
#8192=DIRECTION('',(1.,0.,0.));
#8193=DIRECTION('',(-1.,0.,0.));
#8194=DIRECTION('',(-0.707106781186616,0.,-0.707106781186479));
#8195=DIRECTION('',(-1.,0.,0.));
#8196=DIRECTION('',(-0.707106765381567,0.,-0.707106796991527));
#8197=DIRECTION('',(1.,0.,0.));
#8198=DIRECTION('',(0.,0.,-1.));
#8199=DIRECTION('',(0.707106765381596,0.,0.707106796991499));
#8200=DIRECTION('',(-1.,0.,0.));
#8201=DIRECTION('',(-1.,0.,0.));
#8202=DIRECTION('',(0.,0.,-1.));
#8203=DIRECTION('',(0.,0.,-1.));
#8204=DIRECTION('',(-1.,0.,0.));
#8205=DIRECTION('',(-1.,0.,0.));
#8206=DIRECTION('',(0.,0.,-1.));
#8207=DIRECTION('',(0.,0.,-1.));
#8208=DIRECTION('',(-1.,0.,0.));
#8209=DIRECTION('',(0.707106765380096,0.,0.707106796992998));
#8210=DIRECTION('',(-1.,0.,0.));
#8211=DIRECTION('',(0.,0.,-1.));
#8212=DIRECTION('',(1.,0.,0.));
#8213=DIRECTION('',(-1.,0.,0.));
#8214=DIRECTION('',(-0.707106781186616,0.,-0.707106781186479));
#8215=DIRECTION('',(-1.,0.,0.));
#8216=DIRECTION('',(-0.707106781186616,0.,-0.707106781186479));
#8217=DIRECTION('',(1.,0.,0.));
#8218=DIRECTION('',(1.,0.,0.));
#8219=DIRECTION('',(-1.,0.,0.));
#8220=DIRECTION('',(-0.707106781186616,0.,-0.707106781186479));
#8221=DIRECTION('',(-1.,0.,0.));
#8222=DIRECTION('',(1.,0.,0.));
#8223=DIRECTION('',(1.,0.,0.));
#8224=DIRECTION('',(0.707106781186015,0.,0.70710678118708));
#8225=DIRECTION('',(0.,0.,1.));
#8226=DIRECTION('center_axis',(-0.70710678118628,0.,0.707106781186815));
#8227=DIRECTION('ref_axis',(-0.707106781186815,0.,-0.70710678118628));
#8228=DIRECTION('',(0.,-1.,0.));
#8229=DIRECTION('',(0.,1.,0.));
#8230=DIRECTION('center_axis',(-1.60777467769243E-12,0.,1.));
#8231=DIRECTION('ref_axis',(-1.,0.,-1.60777467769243E-12));
#8232=DIRECTION('center_axis',(0.707106781186626,0.,-0.707106781186469));
#8233=DIRECTION('ref_axis',(0.707106781186469,0.,0.707106781186626));
#8234=DIRECTION('',(0.,-1.,0.));
#8235=DIRECTION('',(0.,1.,0.));
#8236=DIRECTION('center_axis',(0.,0.,-1.));
#8237=DIRECTION('ref_axis',(1.,0.,0.));
#8238=DIRECTION('center_axis',(0.707106781186626,0.,-0.707106781186469));
#8239=DIRECTION('ref_axis',(0.707106781186469,0.,0.707106781186626));
#8240=DIRECTION('',(0.,-1.,0.));
#8241=DIRECTION('',(0.,1.,0.));
#8242=DIRECTION('center_axis',(0.,0.,-1.));
#8243=DIRECTION('ref_axis',(1.,0.,0.));
#8244=DIRECTION('center_axis',(0.707106781186626,0.,-0.707106781186469));
#8245=DIRECTION('ref_axis',(0.707106781186469,0.,0.707106781186626));
#8246=DIRECTION('',(0.,-1.,0.));
#8247=DIRECTION('',(0.,1.,0.));
#8248=DIRECTION('center_axis',(-0.707107414481067,0.,-0.707106147891461));
#8249=DIRECTION('ref_axis',(0.707106147891461,0.,-0.707107414481067));
#8250=DIRECTION('center_axis',(-0.70710679699172,0.,0.707106765381375));
#8251=DIRECTION('ref_axis',(-0.707106765381375,0.,-0.70710679699172));
#8252=DIRECTION('',(0.,-1.,0.));
#8253=DIRECTION('',(0.,1.,0.));
#8254=DIRECTION('center_axis',(-0.707106796991893,0.,0.707106765381202));
#8255=DIRECTION('ref_axis',(-0.707106765381202,0.,-0.707106796991893));
#8256=DIRECTION('',(0.,1.,0.));
#8257=DIRECTION('center_axis',(0.707106796991421,0.,-0.707106765381674));
#8258=DIRECTION('ref_axis',(0.707106765381674,0.,0.707106796991421));
#8259=DIRECTION('',(0.,-1.,0.));
#8260=DIRECTION('',(0.,1.,0.));
#8261=DIRECTION('center_axis',(-0.707106796992066,0.,0.707106765381029));
#8262=DIRECTION('ref_axis',(-0.707106765381029,0.,-0.707106796992066));
#8263=DIRECTION('',(0.,-1.,0.));
#8264=DIRECTION('',(0.,1.,0.));
#8265=DIRECTION('center_axis',(0.707106781186626,0.,-0.707106781186469));
#8266=DIRECTION('ref_axis',(0.707106781186469,0.,0.707106781186626));
#8267=DIRECTION('',(0.,-1.,0.));
#8268=DIRECTION('',(0.,1.,0.));
#8269=DIRECTION('center_axis',(0.,0.,-1.));
#8270=DIRECTION('ref_axis',(1.,0.,0.));
#8271=DIRECTION('center_axis',(0.707106781186626,0.,-0.707106781186469));
#8272=DIRECTION('ref_axis',(0.707106781186469,0.,0.707106781186626));
#8273=DIRECTION('',(0.,-1.,0.));
#8274=DIRECTION('',(0.,1.,0.));
#8275=DIRECTION('center_axis',(0.,0.,-1.));
#8276=DIRECTION('ref_axis',(1.,0.,0.));
#8277=DIRECTION('center_axis',(0.,0.,-1.));
#8278=DIRECTION('ref_axis',(1.,0.,0.));
#8279=DIRECTION('center_axis',(0.707106781186626,0.,-0.707106781186469));
#8280=DIRECTION('ref_axis',(0.707106781186469,0.,0.707106781186626));
#8281=DIRECTION('',(0.,-1.,0.));
#8282=DIRECTION('center_axis',(-0.70710678118628,0.,0.707106781186815));
#8283=DIRECTION('ref_axis',(-0.707106781186815,0.,-0.70710678118628));
#8284=DIRECTION('',(0.,1.,0.));
#8285=DIRECTION('center_axis',(0.707106781186626,0.,-0.707106781186469));
#8286=DIRECTION('ref_axis',(0.707106781186469,0.,0.707106781186626));
#8287=DIRECTION('',(0.,-1.,0.));
#8288=DIRECTION('',(0.,1.,0.));
#8289=DIRECTION('center_axis',(-0.707106781186374,0.,0.707106781186722));
#8290=DIRECTION('ref_axis',(-0.707106781186722,0.,-0.707106781186374));
#8291=DIRECTION('',(0.,-1.,0.));
#8292=DIRECTION('',(0.,1.,0.));
#8293=DIRECTION('center_axis',(0.707106781186626,0.,-0.707106781186469));
#8294=DIRECTION('ref_axis',(0.707106781186469,0.,0.707106781186626));
#8295=DIRECTION('',(0.,-1.,0.));
#8296=DIRECTION('',(0.,1.,0.));
#8297=DIRECTION('center_axis',(-0.707106781186445,0.,0.70710678118665));
#8298=DIRECTION('ref_axis',(-0.70710678118665,0.,-0.707106781186445));
#8299=DIRECTION('',(0.,-1.,0.));
#8300=DIRECTION('center_axis',(0.70710678118628,0.,-0.707106781186815));
#8301=DIRECTION('ref_axis',(0.707106781186815,0.,0.70710678118628));
#8302=DIRECTION('',(0.,-1.,0.));
#8303=DIRECTION('',(0.,1.,0.));
#8304=DIRECTION('center_axis',(-0.707106781186475,0.,0.70710678118662));
#8305=DIRECTION('ref_axis',(-0.70710678118662,0.,-0.707106781186475));
#8306=DIRECTION('',(0.,-1.,0.));
#8307=DIRECTION('center_axis',(1.,0.,0.));
#8308=DIRECTION('ref_axis',(0.,-1.,0.));
#8309=DIRECTION('',(0.,1.,0.));
#8310=DIRECTION('center_axis',(1.,0.,0.));
#8311=DIRECTION('ref_axis',(0.,-1.,0.));
#8312=DIRECTION('center_axis',(1.,0.,0.));
#8313=DIRECTION('ref_axis',(0.,-1.,0.));
#8314=DIRECTION('center_axis',(1.,0.,0.));
#8315=DIRECTION('ref_axis',(0.,-1.,0.));
#8316=DIRECTION('center_axis',(1.,0.,0.));
#8317=DIRECTION('ref_axis',(0.,-1.,0.));
#8318=DIRECTION('center_axis',(0.,0.,-1.));
#8319=DIRECTION('ref_axis',(1.,0.,0.));
#8320=DIRECTION('center_axis',(0.,0.,-1.));
#8321=DIRECTION('ref_axis',(1.,0.,0.));
#8322=DIRECTION('center_axis',(0.,0.,-1.));
#8323=DIRECTION('ref_axis',(1.,0.,0.));
#8324=DIRECTION('center_axis',(0.,0.,-1.));
#8325=DIRECTION('ref_axis',(1.,0.,0.));
#8326=DIRECTION('center_axis',(0.,0.,-1.));
#8327=DIRECTION('ref_axis',(1.,0.,0.));
#8328=DIRECTION('center_axis',(0.,0.,-1.));
#8329=DIRECTION('ref_axis',(1.,0.,0.));
#8330=DIRECTION('center_axis',(0.,0.,-1.));
#8331=DIRECTION('ref_axis',(1.,0.,0.));
#8332=DIRECTION('center_axis',(0.,0.,-1.));
#8333=DIRECTION('ref_axis',(1.,0.,0.));
#8334=DIRECTION('center_axis',(0.,0.,-1.));
#8335=DIRECTION('ref_axis',(1.,0.,0.));
#8336=DIRECTION('center_axis',(0.,0.,-1.));
#8337=DIRECTION('ref_axis',(1.,0.,0.));
#8338=DIRECTION('center_axis',(0.,0.,-1.));
#8339=DIRECTION('ref_axis',(1.,0.,0.));
#8340=DIRECTION('center_axis',(0.,0.,-1.));
#8341=DIRECTION('ref_axis',(1.,0.,0.));
#8342=DIRECTION('center_axis',(0.,0.,-1.));
#8343=DIRECTION('ref_axis',(1.,0.,0.));
#8344=DIRECTION('center_axis',(0.,0.,-1.));
#8345=DIRECTION('ref_axis',(1.,0.,0.));
#8346=DIRECTION('center_axis',(0.,0.,-1.));
#8347=DIRECTION('ref_axis',(1.,0.,0.));
#8348=DIRECTION('center_axis',(0.,0.,-1.));
#8349=DIRECTION('ref_axis',(0.,1.,0.));
#8350=DIRECTION('center_axis',(0.,0.,-1.));
#8351=DIRECTION('ref_axis',(0.,1.,0.));
#8352=DIRECTION('center_axis',(0.,0.,-1.));
#8353=DIRECTION('ref_axis',(0.,1.,0.));
#8354=DIRECTION('center_axis',(0.,0.,-1.));
#8355=DIRECTION('ref_axis',(0.,1.,0.));
#8356=DIRECTION('center_axis',(0.,0.,-1.));
#8357=DIRECTION('ref_axis',(0.,1.,0.));
#8358=DIRECTION('center_axis',(0.,0.,-1.));
#8359=DIRECTION('ref_axis',(0.,1.,0.));
#8360=DIRECTION('center_axis',(0.,0.,-1.));
#8361=DIRECTION('ref_axis',(0.,1.,0.));
#8362=DIRECTION('center_axis',(0.,0.,-1.));
#8363=DIRECTION('ref_axis',(0.,1.,0.));
#8364=DIRECTION('center_axis',(0.,0.,-1.));
#8365=DIRECTION('ref_axis',(0.,1.,0.));
#8366=DIRECTION('center_axis',(0.,0.,-1.));
#8367=DIRECTION('ref_axis',(0.,1.,0.));
#8368=DIRECTION('center_axis',(0.,0.,-1.));
#8369=DIRECTION('ref_axis',(0.,1.,0.));
#8370=DIRECTION('center_axis',(0.,0.,-1.));
#8371=DIRECTION('ref_axis',(0.,1.,0.));
#8372=DIRECTION('center_axis',(0.,0.,-1.));
#8373=DIRECTION('ref_axis',(0.,1.,0.));
#8374=DIRECTION('center_axis',(0.,0.,-1.));
#8375=DIRECTION('ref_axis',(0.,1.,0.));
#8376=DIRECTION('center_axis',(0.,0.,1.));
#8377=DIRECTION('ref_axis',(-1.,0.,0.));
#8378=DIRECTION('center_axis',(0.,0.,1.));
#8379=DIRECTION('ref_axis',(-1.,0.,0.));
#8380=DIRECTION('center_axis',(0.,0.,1.));
#8381=DIRECTION('ref_axis',(-1.,0.,0.));
#8382=DIRECTION('center_axis',(0.,0.,1.));
#8383=DIRECTION('ref_axis',(-1.,0.,0.));
#8384=DIRECTION('center_axis',(0.,0.,1.));
#8385=DIRECTION('ref_axis',(-1.,0.,0.));
#8386=DIRECTION('center_axis',(0.,0.,1.));
#8387=DIRECTION('ref_axis',(-1.,0.,0.));
#8388=DIRECTION('center_axis',(0.,0.,1.));
#8389=DIRECTION('ref_axis',(-1.,0.,0.));
#8390=DIRECTION('center_axis',(0.,0.,1.));
#8391=DIRECTION('ref_axis',(-1.,0.,0.));
#8392=DIRECTION('center_axis',(0.,0.,1.));
#8393=DIRECTION('ref_axis',(-1.,0.,0.));
#8394=DIRECTION('center_axis',(0.,0.,1.));
#8395=DIRECTION('ref_axis',(-1.,0.,0.));
#8396=DIRECTION('center_axis',(0.,0.,1.));
#8397=DIRECTION('ref_axis',(-1.,0.,0.));
#8398=DIRECTION('center_axis',(0.,0.,1.));
#8399=DIRECTION('ref_axis',(-1.,0.,0.));
#8400=DIRECTION('center_axis',(0.,0.,1.));
#8401=DIRECTION('ref_axis',(-1.,0.,0.));
#8402=DIRECTION('center_axis',(0.,0.,1.));
#8403=DIRECTION('ref_axis',(-1.,0.,0.));
#8404=DIRECTION('center_axis',(0.,0.,1.));
#8405=DIRECTION('ref_axis',(-1.,0.,0.));
#8406=DIRECTION('center_axis',(0.,0.,1.));
#8407=DIRECTION('ref_axis',(0.,-1.,0.));
#8408=DIRECTION('',(0.,1.,0.));
#8409=DIRECTION('center_axis',(0.,0.,1.));
#8410=DIRECTION('ref_axis',(0.,-1.,0.));
#8411=DIRECTION('center_axis',(0.,0.,1.));
#8412=DIRECTION('ref_axis',(0.,-1.,0.));
#8413=DIRECTION('center_axis',(0.,0.,1.));
#8414=DIRECTION('ref_axis',(0.,-1.,0.));
#8415=DIRECTION('center_axis',(0.,0.,1.));
#8416=DIRECTION('ref_axis',(0.,-1.,0.));
#8417=DIRECTION('center_axis',(0.,0.,1.));
#8418=DIRECTION('ref_axis',(0.,-1.,0.));
#8419=DIRECTION('center_axis',(0.,0.,1.));
#8420=DIRECTION('ref_axis',(0.,-1.,0.));
#8421=DIRECTION('center_axis',(0.,0.,1.));
#8422=DIRECTION('ref_axis',(0.,-1.,0.));
#8423=DIRECTION('center_axis',(0.,0.,1.));
#8424=DIRECTION('ref_axis',(0.,-1.,0.));
#8425=DIRECTION('center_axis',(0.,0.,1.));
#8426=DIRECTION('ref_axis',(0.,-1.,0.));
#8427=DIRECTION('center_axis',(0.,0.,1.));
#8428=DIRECTION('ref_axis',(0.,-1.,0.));
#8429=DIRECTION('center_axis',(0.,0.,1.));
#8430=DIRECTION('ref_axis',(0.,-1.,0.));
#8431=DIRECTION('center_axis',(0.,0.,1.));
#8432=DIRECTION('ref_axis',(0.,-1.,0.));
#8433=DIRECTION('center_axis',(0.,0.,1.));
#8434=DIRECTION('ref_axis',(0.,-1.,0.));
#8435=DIRECTION('center_axis',(-1.,0.,0.));
#8436=DIRECTION('ref_axis',(0.,1.,0.));
#8437=DIRECTION('center_axis',(-1.,0.,0.));
#8438=DIRECTION('ref_axis',(0.,1.,0.));
#8439=DIRECTION('center_axis',(-1.,0.,0.));
#8440=DIRECTION('ref_axis',(0.,1.,0.));
#8441=DIRECTION('center_axis',(-1.,0.,0.));
#8442=DIRECTION('ref_axis',(0.,1.,0.));
#8443=DIRECTION('center_axis',(-1.,0.,0.));
#8444=DIRECTION('ref_axis',(0.,1.,0.));
#8445=DIRECTION('center_axis',(-1.,0.,0.));
#8446=DIRECTION('ref_axis',(0.,1.,0.));
#8447=DIRECTION('center_axis',(0.,0.,1.));
#8448=DIRECTION('ref_axis',(0.,-1.,0.));
#8449=DIRECTION('center_axis',(1.,0.,0.));
#8450=DIRECTION('ref_axis',(0.,-1.,0.));
#8451=DIRECTION('center_axis',(0.,0.,-1.));
#8452=DIRECTION('ref_axis',(0.,1.,0.));
#8453=CARTESIAN_POINT('',(0.,0.,0.));
#8454=CARTESIAN_POINT('Origin',(34.0000005215406,-8.5,6.50000071525573));
#8455=CARTESIAN_POINT('',(35.0000005215406,-11.6813174457649,5.04081624807147));
#8456=CARTESIAN_POINT('',(35.0000005215406,-8.5,3.00000071525573));
#8457=CARTESIAN_POINT('Origin',(35.0000005215406,-8.5,6.50000071525573));
#8458=CARTESIAN_POINT('',(34.0000005215406,-8.5,4.00000071525573));
#8459=CARTESIAN_POINT('Origin',(34.0000005215406,-8.5,3.00000071525573));
#8460=CARTESIAN_POINT('',(34.0000005215406,-10.9743582074224,6.14285724077906));
#8461=CARTESIAN_POINT('Origin',(34.0000005215406,-8.5,6.50000071525573));
#8462=CARTESIAN_POINT('Ctrl Pts',(34.0000005215406,-10.9743582074224,6.14285724077906));
#8463=CARTESIAN_POINT('Ctrl Pts',(34.0014127165989,-10.9741877038903,6.14167595974125));
#8464=CARTESIAN_POINT('Ctrl Pts',(34.0028249150682,-10.9740193147748,6.14049437060036));
#8465=CARTESIAN_POINT('Ctrl Pts',(34.199127129285,-10.9509063076143,5.97620474499864));
#8466=CARTESIAN_POINT('Ctrl Pts',(34.4038068686261,-10.9670147456659,5.79859519318585));
#8467=CARTESIAN_POINT('Ctrl Pts',(34.6898143359411,-11.0822701484961,5.51302072931166));
#8468=CARTESIAN_POINT('Ctrl Pts',(34.7819865264793,-11.1476555692149,5.40971564250931));
#8469=CARTESIAN_POINT('Ctrl Pts',(34.9046458035949,-11.2954723829201,5.25038729107044));
#8470=CARTESIAN_POINT('Ctrl Pts',(34.946276660585,-11.3730382026014,5.18650216463823));
#8471=CARTESIAN_POINT('Ctrl Pts',(34.9906583712266,-11.5320846583799,5.09475979939694));
#8472=CARTESIAN_POINT('Ctrl Pts',(35.0000005215406,-11.6048140039147,5.06337079617723));
#8473=CARTESIAN_POINT('Ctrl Pts',(35.0000005215406,-11.6813174457649,5.04081624807147));
#8474=CARTESIAN_POINT('Origin',(34.0000005215406,-252.75,3.00000071525573));
#8475=CARTESIAN_POINT('',(35.0000005215406,-2.5,3.00000071525573));
#8476=CARTESIAN_POINT('',(34.0000005215406,-2.5,4.00000071525573));
#8477=CARTESIAN_POINT('Origin',(34.0000005215406,-2.5,3.00000071525573));
#8478=CARTESIAN_POINT('',(34.0000005215406,-252.75,4.00000071525573));
#8479=CARTESIAN_POINT('',(35.0000005215406,-252.75,3.00000071525573));
#8480=CARTESIAN_POINT('Origin',(34.0000005215406,-2.5,1.50000071525573));
#8481=CARTESIAN_POINT('',(35.0000005215406,-1.,1.50000071525573));
#8482=CARTESIAN_POINT('',(34.0000005215406,0.,1.50000071525573));
#8483=CARTESIAN_POINT('Origin',(34.0000005215406,-1.,1.50000071525573));
#8484=CARTESIAN_POINT('Origin',(34.0000005215406,-2.5,1.50000071525573));
#8485=CARTESIAN_POINT('Origin',(35.0000005215406,-2.5,1.50000071525573));
#8486=CARTESIAN_POINT('Origin',(34.0000005215406,-1.00000000000001,11.2499999254942));
#8487=CARTESIAN_POINT('',(35.0000005215406,-1.00000000000001,-4.));
#8488=CARTESIAN_POINT('',(34.0000005215406,0.,-4.));
#8489=CARTESIAN_POINT('Origin',(34.0000005215406,-1.00000000000001,-4.));
#8490=CARTESIAN_POINT('',(34.0000005215406,0.,11.2499999254942));
#8491=CARTESIAN_POINT('',(35.0000005215406,-1.00000000000001,11.2499999254942));
#8492=CARTESIAN_POINT('Origin',(34.0000005215406,-257.5,-4.));
#8493=CARTESIAN_POINT('',(34.0000005215406,-1.,-5.));
#8494=CARTESIAN_POINT('Origin',(34.0000005215406,-1.00000000000001,-4.));
#8495=CARTESIAN_POINT('',(35.0000005215406,-15.5,-4.));
#8496=CARTESIAN_POINT('',(35.0000005215406,-257.5,-4.));
#8497=CARTESIAN_POINT('',(34.0000005215406,-15.5,-5.));
#8498=CARTESIAN_POINT('Origin',(34.0000005215406,-15.5,-4.));
#8499=CARTESIAN_POINT('',(34.0000005215406,-257.5,-5.));
#8500=CARTESIAN_POINT('Origin',(34.0000005215406,-15.5,-2.5));
#8501=CARTESIAN_POINT('',(35.0000005215406,-17.,-2.5));
#8502=CARTESIAN_POINT('',(34.0000005215406,-18.,-2.5));
#8503=CARTESIAN_POINT('Origin',(34.0000005215406,-17.,-2.5));
#8504=CARTESIAN_POINT('Origin',(34.0000005215406,-15.5,-2.5));
#8505=CARTESIAN_POINT('Origin',(35.0000005215406,-15.5,-2.5));
#8506=CARTESIAN_POINT('Origin',(34.0000005215406,-17.,10.9999999403953));
#8507=CARTESIAN_POINT('',(34.0000005215406,-18.,5.99999985098839));
#8508=CARTESIAN_POINT('',(34.0000005215406,-18.,10.9999999403953));
#8509=CARTESIAN_POINT('',(35.0000005215406,-17.,4.99999985098839));
#8510=CARTESIAN_POINT('',(35.0000005215406,-17.,10.9999999403953));
#8511=CARTESIAN_POINT('Origin',(34.0000005215406,-17.,5.99999985098839));
#8512=CARTESIAN_POINT('Origin',(39.2500007748604,-17.,5.99999985098839));
#8513=CARTESIAN_POINT('',(44.5000013262033,-17.,4.99999985098839));
#8514=CARTESIAN_POINT('',(39.2500007748604,-17.,4.99999985098839));
#8515=CARTESIAN_POINT('',(44.5000013262033,-18.,5.99999985098839));
#8516=CARTESIAN_POINT('Origin',(44.5000013262033,-17.,5.99999985098839));
#8517=CARTESIAN_POINT('',(39.2500007748604,-18.,5.99999985098839));
#8518=CARTESIAN_POINT('Ctrl Pts',(44.5000013262033,-17.,4.99999985098839));
#8519=CARTESIAN_POINT('Ctrl Pts',(45.0000013262033,-17.,4.99999985098839));
#8520=CARTESIAN_POINT('Ctrl Pts',(45.0000013262033,-16.5,4.99999985098839));
#8521=CARTESIAN_POINT('Ctrl Pts',(44.5000013262033,-18.,4.99999985098839));
#8522=CARTESIAN_POINT('Ctrl Pts',(46.0000013262033,-18.,4.99999985098839));
#8523=CARTESIAN_POINT('Ctrl Pts',(46.0000013262033,-16.5,4.99999985098839));
#8524=CARTESIAN_POINT('Ctrl Pts',(44.5000013262033,-18.,5.99999985098839));
#8525=CARTESIAN_POINT('Ctrl Pts',(46.0000013262033,-18.,5.99999985098839));
#8526=CARTESIAN_POINT('Ctrl Pts',(46.0000013262033,-16.5,5.99999985098839));
#8527=CARTESIAN_POINT('',(45.0000013262033,-16.5,4.99999985098839));
#8528=CARTESIAN_POINT('',(46.0000013262033,-16.5,5.99999985098839));
#8529=CARTESIAN_POINT('Origin',(45.0000013262033,-16.5,5.99999985098839));
#8530=CARTESIAN_POINT('Origin',(44.5000013262033,-16.5,5.99999985098839));
#8531=CARTESIAN_POINT('Origin',(44.5000013262033,-16.5,4.99999985098839));
#8532=CARTESIAN_POINT('Origin',(45.0000013262033,-211.5,5.99999985098839));
#8533=CARTESIAN_POINT('',(45.0000013262033,-12.4686268577094,4.99999985098839));
#8534=CARTESIAN_POINT('',(46.0000013262033,-12.4686268577093,5.99999985098839));
#8535=CARTESIAN_POINT('Origin',(45.0000013262033,-12.4686268577094,5.99999985098839));
#8536=CARTESIAN_POINT('',(46.0000013262033,-211.5,5.99999985098839));
#8537=CARTESIAN_POINT('',(45.0000013262033,-211.5,4.99999985098839));
#8538=CARTESIAN_POINT('Ctrl Pts',(45.0000013262033,-12.4686268577094,4.99999985098839));
#8539=CARTESIAN_POINT('Ctrl Pts',(45.0000013262033,-12.3559348977125,4.99999985098839));
#8540=CARTESIAN_POINT('Ctrl Pts',(44.9350058164174,-12.1687085053984,4.99999985098839));
#8541=CARTESIAN_POINT('Ctrl Pts',(44.7251316214231,-11.9990613719026,4.99999985098839));
#8542=CARTESIAN_POINT('Ctrl Pts',(44.5751292995346,-11.9641014903914,4.99999985098839));
#8543=CARTESIAN_POINT('Ctrl Pts',(44.5000013262033,-11.9641014903914,4.99999985098839));
#8544=CARTESIAN_POINT('Ctrl Pts',(45.1496009763743,-12.4686268577094,4.99999985098839));
#8545=CARTESIAN_POINT('Ctrl Pts',(45.1522677690125,-12.3227296224064,4.99999021957539));
#8546=CARTESIAN_POINT('Ctrl Pts',(45.0730305759443,-12.0770015277453,5.00001098005811));
#8547=CARTESIAN_POINT('Ctrl Pts',(44.7993663672507,-11.8485620396069,4.99998676390784));
#8548=CARTESIAN_POINT('Ctrl Pts',(44.5999271640947,-11.8008496670397,4.99999985098839));
#8549=CARTESIAN_POINT('Ctrl Pts',(44.5000013262033,-11.8008496670397,4.99999985098839));
#8550=CARTESIAN_POINT('Ctrl Pts',(45.4482463256757,-12.4686268577093,5.06844147911773));
#8551=CARTESIAN_POINT('Ctrl Pts',(45.4562142006414,-12.2564139424554,5.07091055006206));
#8552=CARTESIAN_POINT('Ctrl Pts',(45.3485758763347,-11.8940280665085,5.0755620978598));
#8553=CARTESIAN_POINT('Ctrl Pts',(44.9475136371401,-11.5482500975572,5.08059592780017));
#8554=CARTESIAN_POINT('Ctrl Pts',(44.6494292892069,-11.4751611214128,5.0817236472708));
#8555=CARTESIAN_POINT('Ctrl Pts',(44.5000013262033,-11.4751611214128,5.0817236472708));
#8556=CARTESIAN_POINT('Ctrl Pts',(45.8688267157015,-12.4686268577093,5.40298531120394));
#8557=CARTESIAN_POINT('Ctrl Pts',(45.8806632027076,-12.1631807149186,5.41673948260094));
#8558=CARTESIAN_POINT('Ctrl Pts',(45.7255231785491,-11.6407728900833,5.44248011403032));
#8559=CARTESIAN_POINT('Ctrl Pts',(45.1466035082792,-11.1426553327283,5.47003904562933));
#8560=CARTESIAN_POINT('Ctrl Pts',(44.715852155274,-11.0371165076979,5.47617812567855));
#8561=CARTESIAN_POINT('Ctrl Pts',(44.5000013262033,-11.0371165076979,5.47617812567855));
#8562=CARTESIAN_POINT('Ctrl Pts',(46.0000013262033,-12.4686268577093,5.77560037573197));
#8563=CARTESIAN_POINT('Ctrl Pts',(46.0063603675139,-12.1338255034859,5.79956495006119));
#8564=CARTESIAN_POINT('Ctrl Pts',(45.8241607214265,-11.5712398563218,5.84378921811042));
#8565=CARTESIAN_POINT('Ctrl Pts',(45.1915525737332,-11.0480380560047,5.89028279907344));
#8566=CARTESIAN_POINT('Ctrl Pts',(44.7309422558711,-10.9393756133785,5.9004911473869));
#8567=CARTESIAN_POINT('Ctrl Pts',(44.5000013262033,-10.9393756133785,5.9004911473869));
#8568=CARTESIAN_POINT('Ctrl Pts',(46.0000013262033,-12.4686268577093,5.99999985098839));
#8569=CARTESIAN_POINT('Ctrl Pts',(46.0000013262033,-12.1340726136432,6.02795192049764));
#8570=CARTESIAN_POINT('Ctrl Pts',(45.8050147968456,-11.5791223858887,6.07896689008503));
#8571=CARTESIAN_POINT('Ctrl Pts',(45.1753922118627,-11.0775777652784,6.13143165841163));
#8572=CARTESIAN_POINT('Ctrl Pts',(44.725385246197,-10.9743582074224,6.14285724077906));
#8573=CARTESIAN_POINT('Ctrl Pts',(44.5000013262033,-10.9743582074224,6.14285724077906));
#8574=CARTESIAN_POINT('',(44.5000013262033,-11.9641014903914,4.99999985098839));
#8575=CARTESIAN_POINT('',(44.5000013262033,-10.9743582074224,6.14285724077906));
#8576=CARTESIAN_POINT('Origin',(44.5000013262033,-11.9641014903914,5.99999985098839));
#8577=CARTESIAN_POINT('Ctrl Pts',(44.5000013262033,-10.9743582074224,6.14285724077906));
#8578=CARTESIAN_POINT('Ctrl Pts',(44.725385246197,-10.9743582074224,6.14285724077906));
#8579=CARTESIAN_POINT('Ctrl Pts',(45.1753922118627,-11.0775777652784,6.13143165841163));
#8580=CARTESIAN_POINT('Ctrl Pts',(45.8050147968456,-11.5791223858887,6.07896689008503));
#8581=CARTESIAN_POINT('Ctrl Pts',(46.0000013262033,-12.1340726136432,6.02795192049764));
#8582=CARTESIAN_POINT('Ctrl Pts',(46.0000013262033,-12.4686268577093,5.99999985098839));
#8583=CARTESIAN_POINT('Ctrl Pts',(45.0000013262033,-12.4686268577094,4.99999985098839));
#8584=CARTESIAN_POINT('Ctrl Pts',(45.0000013262033,-12.3559348977125,4.99999985098839));
#8585=CARTESIAN_POINT('Ctrl Pts',(44.9350058164174,-12.1687085053984,4.99999985098839));
#8586=CARTESIAN_POINT('Ctrl Pts',(44.7251316214231,-11.9990613719026,4.99999985098839));
#8587=CARTESIAN_POINT('Ctrl Pts',(44.5751292995346,-11.9641014903914,4.99999985098839));
#8588=CARTESIAN_POINT('Ctrl Pts',(44.5000013262033,-11.9641014903914,4.99999985098839));
#8589=CARTESIAN_POINT('Origin',(36.0000010281801,-11.9641014903914,5.99999985098839));
#8590=CARTESIAN_POINT('',(36.0000010281801,-10.9743582074224,6.14285724077906));
#8591=CARTESIAN_POINT('',(35.0000005215406,-11.9641014903914,4.99999985098839));
#8592=CARTESIAN_POINT('',(36.0000010281801,-11.9641014903914,4.99999985098839));
#8593=CARTESIAN_POINT('Origin',(35.0000005215406,-11.9641014903914,5.99999985098839));
#8594=CARTESIAN_POINT('Origin',(34.0000005215406,-1.,-4.));
#8595=CARTESIAN_POINT('Origin',(34.0000005215406,-1.,-4.));
#8596=CARTESIAN_POINT('Origin',(35.0000005215406,-500.,-2.50000014901161));
#8597=CARTESIAN_POINT('',(35.0000005215406,-500.,4.99999985098839));
#8598=CARTESIAN_POINT('Origin',(36.0000010281801,-8.5,6.50000071525573));
#8599=CARTESIAN_POINT('',(5.50000102818012,-8.5,4.00000071525573));
#8600=CARTESIAN_POINT('',(36.0000010281801,-8.5,4.00000071525573));
#8601=CARTESIAN_POINT('',(3.00000102818012,-11.,6.50000071525573));
#8602=CARTESIAN_POINT('Origin',(5.50000102818012,-8.5,6.50000071525573));
#8603=CARTESIAN_POINT('',(44.5000013262033,-11.,6.50000071525573));
#8604=CARTESIAN_POINT('',(36.0000010281801,-11.,6.50000071525573));
#8605=CARTESIAN_POINT('Origin',(44.5000013262033,-8.5,6.50000071525573));
#8606=CARTESIAN_POINT('Origin',(36.0000010281801,-5.5,4.00000071525573));
#8607=CARTESIAN_POINT('',(5.50000102818012,-2.5,4.00000071525573));
#8608=CARTESIAN_POINT('',(33.0000005140901,-2.5,4.00000071525573));
#8609=CARTESIAN_POINT('',(5.50000102818012,-5.5,4.00000071525573));
#8610=CARTESIAN_POINT('Origin',(33.0000005140901,-2.5,1.50000071525573));
#8611=CARTESIAN_POINT('',(5.50000102818012,0.,1.50000071525573));
#8612=CARTESIAN_POINT('',(33.0000005140901,0.,1.50000071525573));
#8613=CARTESIAN_POINT('Origin',(5.50000102818012,-2.5,1.50000071525573));
#8614=CARTESIAN_POINT('Origin',(30.,0.,25.));
#8615=CARTESIAN_POINT('',(6.,0.,-4.));
#8616=CARTESIAN_POINT('',(30.,0.,-4.));
#8617=CARTESIAN_POINT('',(1.,0.,1.));
#8618=CARTESIAN_POINT('Origin',(6.,0.,1.));
#8619=CARTESIAN_POINT('',(1.,-2.77555756156289E-16,47.5));
#8620=CARTESIAN_POINT('',(1.,0.,25.));
#8621=CARTESIAN_POINT('',(3.00000102818012,0.,47.5));
#8622=CARTESIAN_POINT('',(30.,0.,47.5));
#8623=CARTESIAN_POINT('',(3.00000102818012,0.,5.83012773417793));
#8624=CARTESIAN_POINT('',(3.00000102818012,0.,25.5000003576279));
#8625=CARTESIAN_POINT('Ctrl Pts',(5.50000102818012,0.,1.50000071525573));
#8626=CARTESIAN_POINT('Ctrl Pts',(5.15362825057892,0.,1.84637349285693));
#8627=CARTESIAN_POINT('Ctrl Pts',(4.77164855978997,0.,2.22693905520942));
#8628=CARTESIAN_POINT('Ctrl Pts',(4.07234794887199,0.,3.03714186813286));
#8629=CARTESIAN_POINT('Ctrl Pts',(3.75806741013401,0.,3.46939835730416));
#8630=CARTESIAN_POINT('Ctrl Pts',(3.37492330524212,0.,4.18128235848775));
#8631=CARTESIAN_POINT('Ctrl Pts',(3.23645385532207,0.,4.5023543829448));
#8632=CARTESIAN_POINT('Ctrl Pts',(3.04863684850859,0.,5.1673782800802));
#8633=CARTESIAN_POINT('Ctrl Pts',(3.00000102818012,0.,5.51153095683347));
#8634=CARTESIAN_POINT('Ctrl Pts',(3.00000102818012,0.,5.83012773417792));
#8635=CARTESIAN_POINT('Origin',(30.,-1.,-4.));
#8636=CARTESIAN_POINT('',(6.,-1.,-5.));
#8637=CARTESIAN_POINT('',(30.,-1.,-5.));
#8638=CARTESIAN_POINT('Origin',(6.,-1.,-4.));
#8639=CARTESIAN_POINT('Origin',(30.,-15.,-5.));
#8640=CARTESIAN_POINT('',(6.,-15.5,-5.));
#8641=CARTESIAN_POINT('',(33.0000005140901,-15.5,-5.));
#8642=CARTESIAN_POINT('',(6.,-15.,-5.));
#8643=CARTESIAN_POINT('Origin',(34.0000007450581,-17.,36.0000003129244));
#8644=CARTESIAN_POINT('',(35.0000007450581,-17.,40.0000005960464));
#8645=CARTESIAN_POINT('',(35.0000007450581,-17.,47.5));
#8646=CARTESIAN_POINT('',(35.0000007450581,-17.,36.0000003129244));
#8647=CARTESIAN_POINT('',(34.0000007450581,-18.,47.5));
#8648=CARTESIAN_POINT('Origin',(34.0000007450581,-17.,47.5));
#8649=CARTESIAN_POINT('',(34.0000007450581,-18.,39.0000005960464));
#8650=CARTESIAN_POINT('',(34.0000007450581,-18.,36.0000003129244));
#8651=CARTESIAN_POINT('Origin',(34.0000007450581,-17.,39.0000005960464));
#8652=CARTESIAN_POINT('Origin',(34.0000007450581,-15.5,47.5));
#8653=CARTESIAN_POINT('',(35.0000007450581,-15.5,49.));
#8654=CARTESIAN_POINT('',(34.0000007450581,-15.5,50.));
#8655=CARTESIAN_POINT('Origin',(34.0000007450581,-15.5,49.));
#8656=CARTESIAN_POINT('Origin',(34.0000007450581,-15.5,47.5));
#8657=CARTESIAN_POINT('Origin',(35.0000007450581,-15.5,47.5));
#8658=CARTESIAN_POINT('Origin',(34.0000007450581,8.5,49.));
#8659=CARTESIAN_POINT('',(35.0000007450581,-2.5,49.));
#8660=CARTESIAN_POINT('',(34.0000007450581,-2.5,50.));
#8661=CARTESIAN_POINT('Origin',(34.0000007450581,-2.5,49.));
#8662=CARTESIAN_POINT('',(34.0000007450581,8.5,50.));
#8663=CARTESIAN_POINT('',(35.0000007450581,8.5,49.));
#8664=CARTESIAN_POINT('Origin',(34.0000007450581,-2.5,47.5));
#8665=CARTESIAN_POINT('',(35.0000007450581,-1.08578669050819,48.0000007152557));
#8666=CARTESIAN_POINT('',(34.0000007450581,-0.0505104032178968,48.0000007152557));
#8667=CARTESIAN_POINT('Ctrl Pts',(35.0000007450581,-1.08578669050819,48.0000007152557));
#8668=CARTESIAN_POINT('Ctrl Pts',(35.0000007450581,-0.954568400952245,48.0000007152557));
#8669=CARTESIAN_POINT('Ctrl Pts',(34.9707117333634,-0.799854410976908,48.0000007152557));
#8670=CARTESIAN_POINT('Ctrl Pts',(34.8736784640467,-0.561591936720376,48.0000007152557));
#8671=CARTESIAN_POINT('Ctrl Pts',(34.7908418840694,-0.43503792784232,48.0000007152557));
#8672=CARTESIAN_POINT('Ctrl Pts',(34.6154877797537,-0.257458268262374,48.0000007152557));
#8673=CARTESIAN_POINT('Ctrl Pts',(34.4927859442952,-0.174300476892488,48.0000007152557));
#8674=CARTESIAN_POINT('Ctrl Pts',(34.2660576706711,-0.0794537052725025,
48.0000007152557));
#8675=CARTESIAN_POINT('Ctrl Pts',(34.1222464564128,-0.0505104032178893,
48.0000007152557));
#8676=CARTESIAN_POINT('Ctrl Pts',(34.0000007450581,-0.0505104032178893,
48.0000007152557));
#8677=CARTESIAN_POINT('Origin',(34.0000007450581,-2.5,47.5));
#8678=CARTESIAN_POINT('Origin',(35.0000007450581,-2.5,47.5));
#8679=CARTESIAN_POINT('Origin',(39.2500008866191,-12.,39.0000005960464));
#8680=CARTESIAN_POINT('',(44.5000013262033,-12.,40.0000005960464));
#8681=CARTESIAN_POINT('',(44.5000013262033,-11.,39.0000005960464));
#8682=CARTESIAN_POINT('Origin',(44.5000013262033,-12.,39.0000005960464));
#8683=CARTESIAN_POINT('',(35.0000007450581,-11.,39.0000005960464));
#8684=CARTESIAN_POINT('',(39.2500008866191,-11.,39.0000005960464));
#8685=CARTESIAN_POINT('',(35.0000007450581,-12.,40.0000005960464));
#8686=CARTESIAN_POINT('Origin',(35.0000007450581,-12.,39.0000005960464));
#8687=CARTESIAN_POINT('',(39.2500008866191,-12.,40.0000005960464));
#8688=CARTESIAN_POINT('Ctrl Pts',(44.5000013262033,-12.,40.0000005960464));
#8689=CARTESIAN_POINT('Ctrl Pts',(45.0000013262033,-12.,40.0000005960464));
#8690=CARTESIAN_POINT('Ctrl Pts',(45.0000013262033,-12.5,40.0000005960464));
#8691=CARTESIAN_POINT('Ctrl Pts',(44.5000013262033,-11.,40.0000005960465));
#8692=CARTESIAN_POINT('Ctrl Pts',(46.0000013262033,-11.,40.0000005960465));
#8693=CARTESIAN_POINT('Ctrl Pts',(46.0000013262033,-12.5,40.0000005960465));
#8694=CARTESIAN_POINT('Ctrl Pts',(44.5000013262033,-11.,39.0000005960464));
#8695=CARTESIAN_POINT('Ctrl Pts',(46.0000013262033,-11.,39.0000005960464));
#8696=CARTESIAN_POINT('Ctrl Pts',(46.0000013262033,-12.5,39.0000005960464));
#8697=CARTESIAN_POINT('',(45.0000013262033,-12.5,40.0000005960464));
#8698=CARTESIAN_POINT('',(46.0000013262033,-12.5,39.0000005960464));
#8699=CARTESIAN_POINT('Origin',(45.0000013262033,-12.5,39.0000005960464));
#8700=CARTESIAN_POINT('Origin',(44.5000013262033,-12.5,39.0000005960464));
#8701=CARTESIAN_POINT('Origin',(44.5000013262033,-12.5,40.0000005960464));
#8702=CARTESIAN_POINT('Origin',(45.0000013262033,54.5,39.0000005960464));
#8703=CARTESIAN_POINT('',(45.0000013262033,-16.5,40.0000005960464));
#8704=CARTESIAN_POINT('',(46.0000013262033,-16.5,39.0000005960464));
#8705=CARTESIAN_POINT('Origin',(45.0000013262033,-16.5,39.0000005960464));
#8706=CARTESIAN_POINT('',(46.0000013262033,54.5,39.0000005960464));
#8707=CARTESIAN_POINT('',(45.0000013262033,54.5,40.0000005960464));
#8708=CARTESIAN_POINT('Ctrl Pts',(45.0000013262033,-16.5,40.0000005960464));
#8709=CARTESIAN_POINT('Ctrl Pts',(45.0000013262033,-17.,40.0000005960464));
#8710=CARTESIAN_POINT('Ctrl Pts',(44.5000013262033,-17.,40.0000005960464));
#8711=CARTESIAN_POINT('Ctrl Pts',(46.0000013262033,-16.5,40.0000005960464));
#8712=CARTESIAN_POINT('Ctrl Pts',(46.0000013262033,-18.,40.0000005960464));
#8713=CARTESIAN_POINT('Ctrl Pts',(44.5000013262033,-18.,40.0000005960464));
#8714=CARTESIAN_POINT('Ctrl Pts',(46.0000013262033,-16.5,39.0000005960464));
#8715=CARTESIAN_POINT('Ctrl Pts',(46.0000013262033,-18.,39.0000005960464));
#8716=CARTESIAN_POINT('Ctrl Pts',(44.5000013262033,-18.,39.0000005960464));
#8717=CARTESIAN_POINT('',(44.5000013262033,-17.,40.0000005960464));
#8718=CARTESIAN_POINT('',(44.5000013262033,-18.,39.0000005960464));
#8719=CARTESIAN_POINT('Origin',(44.5000013262033,-17.,39.0000005960464));
#8720=CARTESIAN_POINT('Origin',(44.5000013262033,-16.5,39.0000005960464));
#8721=CARTESIAN_POINT('Origin',(44.5000013262033,-16.5,40.0000005960464));
#8722=CARTESIAN_POINT('Origin',(39.2500008866191,-17.,39.0000005960464));
#8723=CARTESIAN_POINT('',(39.2500008866191,-18.,39.0000005960464));
#8724=CARTESIAN_POINT('',(39.2500008866191,-17.,40.0000005960464));
#8725=CARTESIAN_POINT('Origin',(36.0000010281801,-5.5,48.0000007152557));
#8726=CARTESIAN_POINT('',(35.0000007450581,-11.,48.0000007152557));
#8727=CARTESIAN_POINT('',(35.0000007450581,13.25,48.0000007152557));
#8728=CARTESIAN_POINT('',(3.00000102818012,-11.,48.0000007152557));
#8729=CARTESIAN_POINT('',(36.0000010281801,-11.,48.0000007152557));
#8730=CARTESIAN_POINT('',(3.00000102818012,-0.0505104032178968,48.0000007152557));
#8731=CARTESIAN_POINT('',(3.00000102818012,-5.5,48.0000007152557));
#8732=CARTESIAN_POINT('',(30.,-0.0505104032178968,48.0000007152557));
#8733=CARTESIAN_POINT('Origin',(35.0000007450581,32.,47.5000005960464));
#8734=CARTESIAN_POINT('',(35.0000007450581,32.,40.0000005960464));
#8735=CARTESIAN_POINT('',(35.0000007450581,-11.,36.7500006556511));
#8736=CARTESIAN_POINT('Origin',(42.5000007450581,32.,40.0000005960464));
#8737=CARTESIAN_POINT('Origin',(42.5000005215406,-500.,4.99999985098839));
#8738=CARTESIAN_POINT('Origin',(33.0000005140901,-15.5,-2.5));
#8739=CARTESIAN_POINT('',(6.,-18.,-2.5));
#8740=CARTESIAN_POINT('',(33.0000005140901,-18.,-2.5));
#8741=CARTESIAN_POINT('Origin',(6.,-15.5,-2.5));
#8742=CARTESIAN_POINT('Origin',(36.0000010281801,-18.,24.5000000298023));
#8743=CARTESIAN_POINT('',(44.5000013262033,-18.,22.7499999552965));
#8744=CARTESIAN_POINT('',(3.00000102818012,-18.,47.5));
#8745=CARTESIAN_POINT('',(33.0000005140901,-18.,47.5));
#8746=CARTESIAN_POINT('',(3.00000102818012,-18.,9.99984698367344));
#8747=CARTESIAN_POINT('',(3.00000102818012,-18.,2.00000002980232));
#8748=CARTESIAN_POINT('',(1.02818011660233E-6,-18.,9.99984698367344));
#8749=CARTESIAN_POINT('',(1.50000102818012,-18.,9.99984698367344));
#8750=CARTESIAN_POINT('',(1.02818011660233E-6,-18.,7.5));
#8751=CARTESIAN_POINT('',(1.02818011660233E-6,-18.,2.90184698367344));
#8752=CARTESIAN_POINT('',(-2.49999897181988,-18.,5.));
#8753=CARTESIAN_POINT('Origin',(-2.49999897181988,-18.,7.5));
#8754=CARTESIAN_POINT('',(2.5,-18.,5.));
#8755=CARTESIAN_POINT('',(4.25000051409006,-18.,5.));
#8756=CARTESIAN_POINT('',(2.5,-18.,1.));
#8757=CARTESIAN_POINT('',(2.5,-18.,24.7500000149012));
#8758=CARTESIAN_POINT('Origin',(6.,-18.,1.));
#8759=CARTESIAN_POINT('',(29.3992214192723,-18.,22.0079646142283));
#8760=CARTESIAN_POINT('Origin',(29.3992214192723,-18.,23.5079646142283));
#8761=CARTESIAN_POINT('',(22.1320646774397,-18.,25.0357777956889));
#8762=CARTESIAN_POINT('Origin',(22.1320646774397,-18.,25.7857777956889));
#8763=CARTESIAN_POINT('',(22.4350014682297,-18.,22.0511121023849));
#8764=CARTESIAN_POINT('Origin',(22.4350014682297,-18.,22.8011121023849));
#8765=CARTESIAN_POINT('',(22.7379382590197,-18.,19.0664464090809));
#8766=CARTESIAN_POINT('Origin',(22.7379382590197,-18.,19.8164464090809));
#8767=CARTESIAN_POINT('',(27.1214082378117,-18.,15.4908078723956));
#8768=CARTESIAN_POINT('Origin',(27.1214082378117,-18.,16.2408078723956));
#8769=CARTESIAN_POINT('',(30.1060739311157,-18.,15.7937446631856));
#8770=CARTESIAN_POINT('Origin',(30.1060739311157,-18.,16.5437446631856));
#8771=CARTESIAN_POINT('',(33.0907396244197,-18.,16.0966814539756));
#8772=CARTESIAN_POINT('Origin',(33.0907396244197,-18.,16.8466814539756));
#8773=CARTESIAN_POINT('',(36.666378161105,-18.,20.4801514327676));
#8774=CARTESIAN_POINT('Origin',(36.666378161105,-18.,21.2301514327676));
#8775=CARTESIAN_POINT('',(36.363441370315,-18.,23.4648171260716));
#8776=CARTESIAN_POINT('Origin',(36.363441370315,-18.,24.2148171260716));
#8777=CARTESIAN_POINT('',(36.060504579525,-18.,26.4494828193756));
#8778=CARTESIAN_POINT('Origin',(36.060504579525,-18.,27.1994828193756));
#8779=CARTESIAN_POINT('',(31.677034600733,-18.,30.0251213560609));
#8780=CARTESIAN_POINT('Origin',(31.677034600733,-18.,30.7751213560609));
#8781=CARTESIAN_POINT('',(28.692368907429,-18.,29.7221845652709));
#8782=CARTESIAN_POINT('Origin',(28.692368907429,-18.,30.4721845652709));
#8783=CARTESIAN_POINT('',(25.707703214125,-18.,29.4192477744809));
#8784=CARTESIAN_POINT('Origin',(25.707703214125,-18.,30.1692477744809));
#8785=CARTESIAN_POINT('Origin',(30.,-15.,50.));
#8786=CARTESIAN_POINT('',(2.5,-2.5,50.));
#8787=CARTESIAN_POINT('',(30.,-2.5,50.));
#8788=CARTESIAN_POINT('',(2.5,-5.,50.));
#8789=CARTESIAN_POINT('',(2.5,-15.,50.));
#8790=CARTESIAN_POINT('',(-1.41421430742412,-5.,50.));
#8791=CARTESIAN_POINT('',(-1.41421430742412,-5.,50.));
#8792=CARTESIAN_POINT('',(-1.41421430742412,-25.0000004464237,50.));
#8793=CARTESIAN_POINT('',(-1.41421430742412,-5.,50.));
#8794=CARTESIAN_POINT('',(-9.63244299138447E-11,-25.0000004464237,50.));
#8795=CARTESIAN_POINT('',(-6.25000000004823,-25.0000004470348,50.));
#8796=CARTESIAN_POINT('',(-9.64561763794336E-11,-29.,50.));
#8797=CARTESIAN_POINT('',(-9.64561763794336E-11,-21.2500002235174,50.));
#8798=CARTESIAN_POINT('',(1.,-30.,50.));
#8799=CARTESIAN_POINT('Origin',(1.,-29.,50.));
#8800=CARTESIAN_POINT('',(3.00000148948464,-30.,50.));
#8801=CARTESIAN_POINT('',(30.,-30.,50.));
#8802=CARTESIAN_POINT('',(3.0000012588313,-15.5,50.));
#8803=CARTESIAN_POINT('',(3.00000149011613,-19.5,50.));
#8804=CARTESIAN_POINT('',(33.0000005140901,-15.5,50.));
#8805=CARTESIAN_POINT('Origin',(30.,-2.5,47.5));
#8806=CARTESIAN_POINT('Origin',(3.00000102818012,-2.5,47.5));
#8807=CARTESIAN_POINT('Origin',(2.5,-2.5,47.5));
#8808=CARTESIAN_POINT('Origin',(36.0000010281801,-11.,26.0000007152557));
#8809=CARTESIAN_POINT('',(44.5000013262033,-11.,23.5000002980232));
#8810=CARTESIAN_POINT('',(3.00000102818012,-11.,26.0000007152557));
#8811=CARTESIAN_POINT('',(25.707703214125,-11.,29.4192477744809));
#8812=CARTESIAN_POINT('Origin',(25.707703214125,-11.,30.1692477744809));
#8813=CARTESIAN_POINT('',(28.692368907429,-11.,29.7221845652709));
#8814=CARTESIAN_POINT('Origin',(28.692368907429,-11.,30.4721845652709));
#8815=CARTESIAN_POINT('',(31.677034600733,-11.,30.0251213560609));
#8816=CARTESIAN_POINT('Origin',(31.677034600733,-11.,30.7751213560609));
#8817=CARTESIAN_POINT('',(36.060504579525,-11.,26.4494828193756));
#8818=CARTESIAN_POINT('Origin',(36.060504579525,-11.,27.1994828193756));
#8819=CARTESIAN_POINT('',(36.363441370315,-11.,23.4648171260716));
#8820=CARTESIAN_POINT('Origin',(36.363441370315,-11.,24.2148171260716));
#8821=CARTESIAN_POINT('',(36.666378161105,-11.,20.4801514327676));
#8822=CARTESIAN_POINT('Origin',(36.666378161105,-11.,21.2301514327676));
#8823=CARTESIAN_POINT('',(33.0907396244197,-11.,16.0966814539756));
#8824=CARTESIAN_POINT('Origin',(33.0907396244197,-11.,16.8466814539756));
#8825=CARTESIAN_POINT('',(30.1060739311157,-11.,15.7937446631856));
#8826=CARTESIAN_POINT('Origin',(30.1060739311157,-11.,16.5437446631856));
#8827=CARTESIAN_POINT('',(27.1214082378117,-11.,15.4908078723956));
#8828=CARTESIAN_POINT('Origin',(27.1214082378117,-11.,16.2408078723956));
#8829=CARTESIAN_POINT('',(22.7379382590197,-11.,19.0664464090809));
#8830=CARTESIAN_POINT('Origin',(22.7379382590197,-11.,19.8164464090809));
#8831=CARTESIAN_POINT('',(22.4350014682297,-11.,22.0511121023849));
#8832=CARTESIAN_POINT('Origin',(22.4350014682297,-11.,22.8011121023849));
#8833=CARTESIAN_POINT('',(22.1320646774397,-11.,25.0357777956889));
#8834=CARTESIAN_POINT('Origin',(22.1320646774397,-11.,25.7857777956889));
#8835=CARTESIAN_POINT('',(29.3992214192723,-11.,22.0079646142283));
#8836=CARTESIAN_POINT('Origin',(29.3992214192723,-11.,23.5079646142283));
#8837=CARTESIAN_POINT('Origin',(44.5000013262033,-12.5,23.5000002980232));
#8838=CARTESIAN_POINT('',(46.0000013262033,-12.5,6.50000071525573));
#8839=CARTESIAN_POINT('',(46.0000013262033,-12.5,23.5000002980232));
#8840=CARTESIAN_POINT('Origin',(44.5000013262033,-12.5,6.50000071525573));
#8841=CARTESIAN_POINT('Origin',(44.5000013262033,-8.5,6.50000071525573));
#8842=CARTESIAN_POINT('Origin',(46.0000013262033,-8.5,6.50000071525573));
#8843=CARTESIAN_POINT('Origin',(44.5000013262033,-16.5,22.7499999552965));
#8844=CARTESIAN_POINT('',(46.0000013262033,-16.5,22.7499999552965));
#8845=CARTESIAN_POINT('Origin',(46.0000013262033,77.,20.9999998807907));
#8846=CARTESIAN_POINT('Origin',(33.0000005140901,-15.5,47.5));
#8847=CARTESIAN_POINT('Origin',(3.00000102818012,-15.5,47.5));
#8848=CARTESIAN_POINT('Ctrl Pts',(2.33331488425852E-5,-1.00470225351312,
47.4925131043765));
#8849=CARTESIAN_POINT('Ctrl Pts',(-0.00113561963913835,-1.00400929667771,
47.8683143619725));
#8850=CARTESIAN_POINT('Ctrl Pts',(0.127780277179347,-1.08109004040877,48.42852126352));
#8851=CARTESIAN_POINT('Ctrl Pts',(0.825873931151122,-1.49867983488559,49.5519683694041));
#8852=CARTESIAN_POINT('Ctrl Pts',(1.75110744429477,-2.05209535433769,50.));
#8853=CARTESIAN_POINT('Ctrl Pts',(2.5,-2.5,50.));
#8854=CARTESIAN_POINT('Ctrl Pts',(-0.0014845805474464,-0.703910101798821,
47.4915915350216));
#8855=CARTESIAN_POINT('Ctrl Pts',(-0.00295275555401272,-0.702877679562837,
47.9136855552712));
#8856=CARTESIAN_POINT('Ctrl Pts',(0.160459521200527,-0.817790265522443,
48.5350806116336));
#8857=CARTESIAN_POINT('Ctrl Pts',(0.940379512421426,-1.36529395388265,49.6400717891646));
#8858=CARTESIAN_POINT('Ctrl Pts',(1.80839588883387,-1.99480690979859,50.));
#8859=CARTESIAN_POINT('Ctrl Pts',(2.5,-2.5,50.));
#8860=CARTESIAN_POINT('Ctrl Pts',(0.250394370233936,-0.181884898574495,
47.4907979177326));
#8861=CARTESIAN_POINT('Ctrl Pts',(0.24884860822157,-0.180279573174902,47.9527595593976));
#8862=CARTESIAN_POINT('Ctrl Pts',(0.420973191836239,-0.359037214770489,
48.6263542848996));
#8863=CARTESIAN_POINT('Ctrl Pts',(1.16215373813148,-1.12823407129222,49.7080666574739));
#8864=CARTESIAN_POINT('Ctrl Pts',(1.90872633033089,-1.89447646830157,50.));
#8865=CARTESIAN_POINT('Ctrl Pts',(2.5,-2.5,50.));
#8866=CARTESIAN_POINT('Ctrl Pts',(0.778759279740258,0.00108055520527147,
47.4918300434416));
#8867=CARTESIAN_POINT('Ctrl Pts',(0.777811555462852,0.00247158609411293,
47.901941517334));
#8868=CARTESIAN_POINT('Ctrl Pts',(0.883285762505135,-0.152335556869369,
48.5078742782573));
#8869=CARTESIAN_POINT('Ctrl Pts',(1.39752498635751,-0.910849009030744,49.6182360492628));
#8870=CARTESIAN_POINT('Ctrl Pts',(2.00905677182792,-1.79414602680454,50.));
#8871=CARTESIAN_POINT('Ctrl Pts',(2.5,-2.5,50.));
#8872=CARTESIAN_POINT('Ctrl Pts',(1.00471985994537,-2.30734716334755E-5,
47.4925129649478));
#8873=CARTESIAN_POINT('Ctrl Pts',(1.00402691908859,0.00113586454115732,
47.8683212614659));
#8874=CARTESIAN_POINT('Ctrl Pts',(1.0811058646076,-0.127778363743041,48.4285295500139));
#8875=CARTESIAN_POINT('Ctrl Pts',(1.49870776740965,-0.825889218611337,49.5519614550779));
#8876=CARTESIAN_POINT('Ctrl Pts',(2.05209876878584,-1.75110402984662,50.));
#8877=CARTESIAN_POINT('Ctrl Pts',(2.5,-2.5,50.));
#8878=CARTESIAN_POINT('',(2.77555756156289E-16,-1.,47.5));
#8879=CARTESIAN_POINT('Origin',(2.5,-2.5,47.5));
#8880=CARTESIAN_POINT('Origin',(1.,-1.,47.5));
#8881=CARTESIAN_POINT('Origin',(6.,-15.5,1.));
#8882=CARTESIAN_POINT('',(0.,-15.5,1.));
#8883=CARTESIAN_POINT('Origin',(2.5,-15.5,1.));
#8884=CARTESIAN_POINT('Origin',(6.,-15.5,1.));
#8885=CARTESIAN_POINT('Origin',(2.5,-15.5,24.7500000149012));
#8886=CARTESIAN_POINT('',(0.,-15.5,5.));
#8887=CARTESIAN_POINT('Origin',(2.5,-15.5,5.));
#8888=CARTESIAN_POINT('',(0.,-15.5,24.7500000149012));
#8889=CARTESIAN_POINT('Origin',(2.5,-15.,47.5));
#8890=CARTESIAN_POINT('',(0.,-5.,47.5));
#8891=CARTESIAN_POINT('',(0.,-15.,47.5));
#8892=CARTESIAN_POINT('Origin',(2.5,-5.,47.5));
#8893=CARTESIAN_POINT('Origin',(5.50000102818012,-5.5,6.50000071525573));
#8894=CARTESIAN_POINT('',(3.00000102818012,-2.5,6.50000071525573));
#8895=CARTESIAN_POINT('Origin',(5.50000102818012,-2.5,6.50000071525573));
#8896=CARTESIAN_POINT('',(3.00000102818012,-5.5,6.50000071525573));
#8897=CARTESIAN_POINT('Origin',(5.50000102818012,-2.5,1.50000071525573));
#8898=CARTESIAN_POINT('Origin',(3.00000102818012,-2.5,1.50000071525573));
#8899=CARTESIAN_POINT('Origin',(3.00000102818012,-5.5,26.0000007152557));
#8900=CARTESIAN_POINT('Origin',(-2.49999897181988,-22.5,7.5));
#8901=CARTESIAN_POINT('',(1.02818011660233E-6,-22.5,7.5));
#8902=CARTESIAN_POINT('',(-2.49999897181988,-22.5,5.));
#8903=CARTESIAN_POINT('Origin',(-2.49999897181988,-22.5,7.5));
#8904=CARTESIAN_POINT('',(-2.49999897181988,-25.,7.5));
#8905=CARTESIAN_POINT('Origin',(-2.49999897181988,-22.5,7.5));
#8906=CARTESIAN_POINT('Origin',(-2.49999897181988,-22.5,7.5));
#8907=CARTESIAN_POINT('Origin',(-2.49999897181988,-22.5,13.9509234918367));
#8908=CARTESIAN_POINT('',(-2.49999897181988,-25.,9.99984698367344));
#8909=CARTESIAN_POINT('',(1.02818011660233E-6,-22.5,9.99984698367344));
#8910=CARTESIAN_POINT('Origin',(-2.49999897181988,-22.5,9.99984698367344));
#8911=CARTESIAN_POINT('',(-2.49999897181988,-25.,13.9509234918367));
#8912=CARTESIAN_POINT('',(1.02818011660233E-6,-22.5,13.9509234918367));
#8913=CARTESIAN_POINT('Origin',(-27.5,-22.5,7.5));
#8914=CARTESIAN_POINT('',(-11.0857867356515,-25.0000001490116,7.5));
#8915=CARTESIAN_POINT('',(-13.5857867356534,-22.5,5.));
#8916=CARTESIAN_POINT('Origin',(-11.0857867356515,-22.5,7.5));
#8917=CARTESIAN_POINT('',(-27.5,-22.5,5.));
#8918=CARTESIAN_POINT('',(-27.5,-25.,7.5));
#8919=CARTESIAN_POINT('Origin',(-2.49999897181988,-19.5,7.5));
#8920=CARTESIAN_POINT('',(1.02818011660233E-6,-19.5,7.5));
#8921=CARTESIAN_POINT('',(-2.49999897181988,-19.5,5.));
#8922=CARTESIAN_POINT('Origin',(-27.5,-25.,25.));
#8923=CARTESIAN_POINT('',(-18.5857867356572,-25.0000004464237,-7.70217223333702E-15));
#8924=CARTESIAN_POINT('',(-18.3143400517715,-25.0000004470348,0.271446683885446));
#8925=CARTESIAN_POINT('',(5.21780396667282E-10,-25.,9.99984698367344));
#8926=CARTESIAN_POINT('',(-12.9999994859099,-25.,9.99984698367344));
#8927=CARTESIAN_POINT('',(-3.87097761252638E-13,-25.0000002232129,46.4142135623678));
#8928=CARTESIAN_POINT('',(0.,-25.,25.));
#8929=CARTESIAN_POINT('',(-1.41421356236984,-25.0000002232108,45.));
#8930=CARTESIAN_POINT('',(-14.1856601718074,-25.0000004470348,32.2285533905721));
#8931=CARTESIAN_POINT('',(-3.58578718269291,-25.0000002232108,45.));
#8932=CARTESIAN_POINT('',(-55.,-25.,45.));
#8933=CARTESIAN_POINT('',(-4.1363949302801E-11,-25.0000004464237,48.5857871826799));
#8934=CARTESIAN_POINT('',(-40.8143403870344,-25.0000004470348,7.77144679565027));
#8935=CARTESIAN_POINT('',(-9.64561763794336E-11,-25.0000004470348,25.));
#8936=CARTESIAN_POINT('',(-6.4142143074279,-25.0000002232108,45.));
#8937=CARTESIAN_POINT('',(-17.9356607306,-25.0000004470348,33.4785535768366));
#8938=CARTESIAN_POINT('',(-8.5857872571987,-25.0000002232108,45.));
#8939=CARTESIAN_POINT('',(-55.,-25.,45.));
#8940=CARTESIAN_POINT('',(-3.58578725718764,-25.0000004464237,50.000000000006));
#8941=CARTESIAN_POINT('',(-44.564340442914,-25.0000004470348,9.02144681427672));
#8942=CARTESIAN_POINT('',(-6.41421438192992,-25.0000004464237,50.));
#8943=CARTESIAN_POINT('',(-23.0428936286604,-25.0000004470348,49.9999999999733));
#8944=CARTESIAN_POINT('',(-11.4142143819337,-25.0000002232108,45.));
#8945=CARTESIAN_POINT('',(-21.6856607864784,-25.0000004470348,34.7285535954631));
#8946=CARTESIAN_POINT('',(-13.5857873317045,-25.0000002232108,45.));
#8947=CARTESIAN_POINT('',(-55.,-25.,45.));
#8948=CARTESIAN_POINT('',(-8.58578733169345,-25.0000004464237,50.000000000006));
#8949=CARTESIAN_POINT('',(-48.3143404987936,-25.0000004470348,10.2714468329032));
#8950=CARTESIAN_POINT('',(-11.4142144564357,-25.0000004464237,50.));
#8951=CARTESIAN_POINT('',(-25.5428936659133,-25.0000004470348,49.9999999999773));
#8952=CARTESIAN_POINT('',(-16.4142144564395,-25.0000002232108,45.));
#8953=CARTESIAN_POINT('',(-25.4356608423568,-25.0000004470348,35.9785536140895));
#8954=CARTESIAN_POINT('',(-18.5857874062103,-25.0000002232108,45.));
#8955=CARTESIAN_POINT('',(-55.,-25.,45.));
#8956=CARTESIAN_POINT('',(-13.5857874061993,-25.0000004464237,50.000000000006));
#8957=CARTESIAN_POINT('',(-52.0643405546733,-25.0000004470348,11.5214468515296));
#8958=CARTESIAN_POINT('',(-16.4142145309415,-25.0000004464237,50.));
#8959=CARTESIAN_POINT('',(-28.0428937031662,-25.0000004470348,49.9999999999813));
#8960=CARTESIAN_POINT('',(-21.4142145309453,-25.0000002232108,45.));
#8961=CARTESIAN_POINT('',(-29.1856608982352,-25.0000004470348,37.228553632716));
#8962=CARTESIAN_POINT('',(-23.5857874807161,-25.0000002232108,45.));
#8963=CARTESIAN_POINT('',(-55.,-25.,45.));
#8964=CARTESIAN_POINT('',(-18.5857874807051,-25.0000004464237,50.000000000006));
#8965=CARTESIAN_POINT('',(-55.8143406105529,-25.0000004470348,12.7714468701561));
#8966=CARTESIAN_POINT('',(-21.4142146054473,-25.0000004464237,50.));
#8967=CARTESIAN_POINT('',(-30.5428937404191,-25.0000004470348,49.9999999999853));
#8968=CARTESIAN_POINT('',(-26.4142146054511,-25.0000002232108,45.));
#8969=CARTESIAN_POINT('',(-32.9356609541136,-25.0000004470348,38.4785536513425));
#8970=CARTESIAN_POINT('',(-28.5857875552219,-25.0000002232108,45.));
#8971=CARTESIAN_POINT('',(-55.,-25.,45.));
#8972=CARTESIAN_POINT('',(-23.5857875552109,-25.0000004464237,50.000000000006));
#8973=CARTESIAN_POINT('',(-59.5643406664325,-25.0000004470348,14.0214468887825));
#8974=CARTESIAN_POINT('',(-26.4142146799531,-25.0000004464237,50.));
#8975=CARTESIAN_POINT('',(-33.042893777672,-25.0000004470348,49.9999999999893));
#8976=CARTESIAN_POINT('',(-31.4142146799569,-25.0000002232108,45.));
#8977=CARTESIAN_POINT('',(-36.685661009992,-25.0000004470348,39.7285536699689));
#8978=CARTESIAN_POINT('',(-33.5857876297277,-25.0000002232108,45.));
#8979=CARTESIAN_POINT('',(-55.,-25.,45.));
#8980=CARTESIAN_POINT('',(-28.5857876297167,-25.0000004464237,50.000000000006));
#8981=CARTESIAN_POINT('',(-63.3143407223121,-25.0000004470348,15.271446907409));
#8982=CARTESIAN_POINT('',(-31.414214754459,-25.0000004464237,50.));
#8983=CARTESIAN_POINT('',(-35.5428938149249,-25.0000004470348,49.9999999999934));
#8984=CARTESIAN_POINT('',(-36.4142147544627,-25.0000002232108,45.));
#8985=CARTESIAN_POINT('',(-40.4356610658704,-25.0000004470348,40.9785536885954));
#8986=CARTESIAN_POINT('',(-38.5857877042335,-25.0000002232108,45.));
#8987=CARTESIAN_POINT('',(-55.,-25.,45.));
#8988=CARTESIAN_POINT('',(-33.5857877042225,-25.0000004464237,50.000000000006));
#8989=CARTESIAN_POINT('',(-67.0643407781918,-25.0000004470348,16.5214469260354));
#8990=CARTESIAN_POINT('',(-36.4142148289648,-25.0000004464237,50.));
#8991=CARTESIAN_POINT('',(-38.0428938521778,-25.0000004470348,49.9999999999974));
#8992=CARTESIAN_POINT('',(-41.4142148289686,-25.0000002232108,45.));
#8993=CARTESIAN_POINT('',(-44.1856611217488,-25.0000004470348,42.2285537072218));
#8994=CARTESIAN_POINT('',(-43.5857880338392,-25.0000002232108,45.));
#8995=CARTESIAN_POINT('',(-55.,-25.,45.));
#8996=CARTESIAN_POINT('',(-38.5857882573631,-25.0000004464237,50.0000000000019));
#8997=CARTESIAN_POINT('',(-69.0214470206184,-25.0000004470348,19.5643398761723));
#8998=CARTESIAN_POINT('',(-41.4142153189141,-25.0000004464237,50.));
#8999=CARTESIAN_POINT('',(-40.5428941287529,-25.0000004470348,50.0000000000014));
#9000=CARTESIAN_POINT('',(-46.4142150953903,-25.0000002232108,45.));
#9001=CARTESIAN_POINT('',(-47.9356614770747,-25.0000004470348,43.4785535502997));
#9002=CARTESIAN_POINT('',(-48.5857881084213,-25.0000002232108,45.));
#9003=CARTESIAN_POINT('',(-55.,-25.,45.));
#9004=CARTESIAN_POINT('',(-43.5857883318974,-25.0000004464237,50.0000000000098));
#9005=CARTESIAN_POINT('',(-70.2714470951485,-25.0000004470348,23.3143400438083));
#9006=CARTESIAN_POINT('',(-46.4142153934153,-25.0000004464237,49.9999999999955));
#9007=CARTESIAN_POINT('',(-43.0428941660058,-25.0000004470348,50.0000000000009));
#9008=CARTESIAN_POINT('',(-51.4142151698919,-25.0000002232108,45.));
#9009=CARTESIAN_POINT('',(-51.6856615888295,-25.0000004470348,44.7285535689277));
#9010=CARTESIAN_POINT('',(-53.5857881828564,-25.0000002232108,45.));
#9011=CARTESIAN_POINT('',(-55.,-25.,45.));
#9012=CARTESIAN_POINT('',(-48.5857884063764,-25.0000004464237,50.0000000000026));
#9013=CARTESIAN_POINT('',(-71.52144716963,-25.0000004470348,27.0643402114498));
#9014=CARTESIAN_POINT('',(-51.4142154679167,-25.0000004464237,50.0000000000045));
#9015=CARTESIAN_POINT('',(-45.5428942032386,-25.0000004470348,50.0000000000045));
#9016=CARTESIAN_POINT('',(-56.4142152443998,-25.0000002232108,45.));
#9017=CARTESIAN_POINT('',(-55.4356617005886,-25.0000004470348,45.9785535875568));
#9018=CARTESIAN_POINT('',(-58.5857885975317,-25.0000002232108,45.));
#9019=CARTESIAN_POINT('',(-55.,-25.,45.));
#9020=CARTESIAN_POINT('',(-53.5857891190898,-25.0000004464237,49.9999999999923));
#9021=CARTESIAN_POINT('',(-72.7714475688738,-25.0000004470348,30.8143395489883));
#9022=CARTESIAN_POINT('',(-56.4142160963274,-25.0000004464237,49.9999999999955));
#9023=CARTESIAN_POINT('',(-48.0428945595968,-25.0000004470348,49.9999999999955));
#9024=CARTESIAN_POINT('',(-61.4142155747803,-25.0000002232108,45.));
#9025=CARTESIAN_POINT('',(-59.1856624351114,-25.0000004470348,47.228553372126));
#9026=CARTESIAN_POINT('',(-63.5857883318986,-25.0000002232108,45.));
#9027=CARTESIAN_POINT('',(-55.,-25.,45.));
#9028=CARTESIAN_POINT('',(-58.5857885553999,-25.0000004464237,50.0000000000078));
#9029=CARTESIAN_POINT('',(-74.0214473186586,-25.0000004470348,34.5643405467187));
#9030=CARTESIAN_POINT('',(-61.4142156169328,-25.0000004464237,50.));
#9031=CARTESIAN_POINT('',(-50.5428942777645,-25.0000004470348,50.0000000000175));
#9032=CARTESIAN_POINT('',(-66.4142153934115,-25.0000002232108,45.));
#9033=CARTESIAN_POINT('',(-62.9356619241102,-25.0000004470348,48.4785536248074));
#9034=CARTESIAN_POINT('',(-68.5857884063992,-25.0000002232108,45.));
#9035=CARTESIAN_POINT('',(-55.,-25.,45.));
#9036=CARTESIAN_POINT('',(-63.5857886299041,-25.0000004464237,50.0000000000071));
#9037=CARTESIAN_POINT('',(-75.2714473931644,-25.0000004470348,38.3143407143555));
#9038=CARTESIAN_POINT('',(-66.4142156914386,-25.0000004464237,50.));
#9039=CARTESIAN_POINT('',(-53.0428943150174,-25.0000004470348,50.0000000000215));
#9040=CARTESIAN_POINT('',(-71.4142154679173,-25.0000002232108,45.));
#9041=CARTESIAN_POINT('',(-66.6856620358699,-25.0000004470348,49.7285536434339));
#9042=CARTESIAN_POINT('',(-149.999999999979,-25.,45.));
#9043=CARTESIAN_POINT('',(-55.,-25.,45.));
#9044=CARTESIAN_POINT('',(-150.,-25.,34.));
#9045=CARTESIAN_POINT('',(-150.000000000017,-25.,28.2071074305999));
#9046=CARTESIAN_POINT('',(-89.301,-25.,34.));
#9047=CARTESIAN_POINT('',(-88.75,-25.,34.));
#9048=CARTESIAN_POINT('',(-89.301,-25.,9.978));
#9049=CARTESIAN_POINT('',(-89.301,-25.,29.5));
#9050=CARTESIAN_POINT('',(-123.154825775038,-25.,9.978));
#9051=CARTESIAN_POINT('',(-58.4005,-25.,9.978));
#9052=CARTESIAN_POINT('',(-123.132810391715,-25.,9.93489638384922));
#9053=CARTESIAN_POINT('',(-118.099261344366,-25.,0.0797799490586248));
#9054=CARTESIAN_POINT('',(-150.000000000076,-25.,9.89816089333935));
#9055=CARTESIAN_POINT('',(-72.2721062524348,-25.,10.0044381908439));
#9056=CARTESIAN_POINT('',(-150.000000000096,-25.0000001484329,3.58578633107697));
#9057=CARTESIAN_POINT('',(-150.000000000017,-25.,28.2071074305999));
#9058=CARTESIAN_POINT('',(-85.0000000000138,-25.0000004464237,3.58578618246113));
#9059=CARTESIAN_POINT('',(-85.0000000000965,-25.0000004470348,3.58578618240603));
#9060=CARTESIAN_POINT('',(-83.585786245722,-25.0000002232108,5.));
#9061=CARTESIAN_POINT('',(-69.0214470206184,-25.0000004470348,19.5643398761723));
#9062=CARTESIAN_POINT('',(-81.4142148289988,-25.0000002232108,5.));
#9063=CARTESIAN_POINT('',(-55.,-25.,5.));
#9064=CARTESIAN_POINT('',(-85.0000000000092,-25.0000004464237,1.41421482897395));
#9065=CARTESIAN_POINT('',(-44.1856611217488,-25.0000004470348,42.2285537072218));
#9066=CARTESIAN_POINT('',(-83.585787704219,-25.0000004464237,4.54247750525383E-12));
#9067=CARTESIAN_POINT('',(-80.2714653245731,-25.0000004470348,-3.31432831635439));
#9068=CARTESIAN_POINT('',(-78.5857877042247,-25.0000002232108,4.99999999999999));
#9069=CARTESIAN_POINT('',(-67.0643407781918,-25.0000004470348,16.5214469260354));
#9070=CARTESIAN_POINT('',(-76.414214754493,-25.0000002232108,5.));
#9071=CARTESIAN_POINT('',(-55.,-25.,5.));
#9072=CARTESIAN_POINT('',(-81.4142147544595,-25.0000004464237,1.09542005096349E-11));
#9073=CARTESIAN_POINT('',(-40.4356610658704,-25.0000004470348,40.9785536885954));
#9074=CARTESIAN_POINT('',(-78.5857876297132,-25.0000004464237,4.52600919705522E-12));
#9075=CARTESIAN_POINT('',(-61.9571073772709,-25.0000004470348,4.54747350886464E-12));
#9076=CARTESIAN_POINT('',(-73.5857876297189,-25.0000002232108,4.99999999999999));
#9077=CARTESIAN_POINT('',(-63.3143407223121,-25.0000004470348,15.271446907409));
#9078=CARTESIAN_POINT('',(-71.4142146799872,-25.0000002232108,5.));
#9079=CARTESIAN_POINT('',(-55.,-25.,5.));
#9080=CARTESIAN_POINT('',(-76.4142146799536,-25.0000004464237,1.09512399149025E-11));
#9081=CARTESIAN_POINT('',(-36.685661009992,-25.0000004470348,39.7285536699689));
#9082=CARTESIAN_POINT('',(-73.5857875552074,-25.0000004464237,4.52082815627364E-12));
#9083=CARTESIAN_POINT('',(-59.457107340018,-25.0000004470348,4.54747350886464E-12));
#9084=CARTESIAN_POINT('',(-68.585787555213,-25.0000002232108,5.));
#9085=CARTESIAN_POINT('',(-59.5643406664325,-25.0000004470348,14.0214468887825));
#9086=CARTESIAN_POINT('',(-66.4142146054814,-25.0000002232108,5.));
#9087=CARTESIAN_POINT('',(-55.,-25.,5.));
#9088=CARTESIAN_POINT('',(-71.4142146054479,-25.0000004464237,1.09571611043672E-11));
#9089=CARTESIAN_POINT('',(-32.9356609541136,-25.0000004470348,38.4785536513425));
#9090=CARTESIAN_POINT('',(-68.5857874807017,-25.0000004464237,4.53193038651989E-12));
#9091=CARTESIAN_POINT('',(-56.9571073027651,-25.0000004470348,4.54747350886464E-12));
#9092=CARTESIAN_POINT('',(-63.5857874807072,-25.0000002232108,5.00000000000001));
#9093=CARTESIAN_POINT('',(-55.8143406105529,-25.0000004470348,12.7714468701561));
#9094=CARTESIAN_POINT('',(-61.4142145309756,-25.0000002232108,5.));
#9095=CARTESIAN_POINT('',(-55.,-25.,5.));
#9096=CARTESIAN_POINT('',(-66.414214530942,-25.0000004464237,1.09512399149025E-11));
#9097=CARTESIAN_POINT('',(-29.1856608982352,-25.0000004470348,37.228553632716));
#9098=CARTESIAN_POINT('',(-63.5857874061958,-25.0000004464237,4.52896979178756E-12));
#9099=CARTESIAN_POINT('',(-54.4571072655122,-25.0000004470348,4.54747350886464E-12));
#9100=CARTESIAN_POINT('',(-58.5857874062014,-25.0000002232108,5.00000000000001));
#9101=CARTESIAN_POINT('',(-52.0643405546733,-25.0000004470348,11.5214468515296));
#9102=CARTESIAN_POINT('',(-56.4142144564698,-25.0000002232108,4.99999999999999));
#9103=CARTESIAN_POINT('',(-55.,-25.,5.));
#9104=CARTESIAN_POINT('',(-61.4142144564362,-25.0000004464237,1.09453187254379E-11));
#9105=CARTESIAN_POINT('',(-25.4356608423568,-25.0000004470348,35.9785536140895));
#9106=CARTESIAN_POINT('',(-58.58578733169,-25.0000004464237,4.52526904837214E-12));
#9107=CARTESIAN_POINT('',(-51.9571072282593,-25.0000004470348,4.54747350886464E-12));
#9108=CARTESIAN_POINT('',(-53.5857873316956,-25.0000002232108,5.));
#9109=CARTESIAN_POINT('',(-48.3143404987936,-25.0000004470348,10.2714468329032));
#9110=CARTESIAN_POINT('',(-51.414214381964,-25.0000002232108,5.));
#9111=CARTESIAN_POINT('',(-55.,-25.,5.));
#9112=CARTESIAN_POINT('',(-56.4142143819304,-25.0000004464237,1.09482793201702E-11));
#9113=CARTESIAN_POINT('',(-21.6856607864784,-25.0000004470348,34.7285535954631));
#9114=CARTESIAN_POINT('',(-53.5857872571842,-25.0000004464237,4.5248989740306E-12));
#9115=CARTESIAN_POINT('',(-49.4571071910064,-25.0000004470348,4.54747350886464E-12));
#9116=CARTESIAN_POINT('',(-48.5857872571898,-25.0000002232108,5.));
#9117=CARTESIAN_POINT('',(-44.564340442914,-25.0000004470348,9.02144681427672));
#9118=CARTESIAN_POINT('',(-46.4142143074582,-25.0000002232108,4.99999999999999));
#9119=CARTESIAN_POINT('',(-55.,-25.,5.));
#9120=CARTESIAN_POINT('',(-51.4142143074246,-25.0000004464237,1.09408778333394E-11));
#9121=CARTESIAN_POINT('',(-17.9356607306,-25.0000004470348,33.4785535768366));
#9122=CARTESIAN_POINT('',(-48.5857871826784,-25.0000004464237,4.5293398661291E-12));
#9123=CARTESIAN_POINT('',(-46.9571071537535,-25.0000004470348,4.54747350886464E-12));
#9124=CARTESIAN_POINT('',(-43.585787182684,-25.0000002232108,5.00000000000001));
#9125=CARTESIAN_POINT('',(-40.8143403870344,-25.0000004470348,7.77144679565027));
#9126=CARTESIAN_POINT('',(-41.4142135624001,-25.0000002232108,5.));
#9127=CARTESIAN_POINT('',(-55.,-25.,5.));
#9128=CARTESIAN_POINT('',(-46.4142135623665,-25.0000004464237,1.09512399149025E-11));
#9129=CARTESIAN_POINT('',(-14.1856601718074,-25.0000004470348,32.2285533905721));
#9130=CARTESIAN_POINT('',(-43.5857864376203,-25.0000004464237,4.52378875100597E-12));
#9131=CARTESIAN_POINT('',(-44.4571067812244,-25.0000004470348,4.54747350886464E-12));
#9132=CARTESIAN_POINT('',(-38.585786437626,-25.0000002232108,4.99999999999999));
#9133=CARTESIAN_POINT('',(-37.0643398282405,-25.0000004470348,6.52144660938576));
#9134=CARTESIAN_POINT('',(-36.4142141584347,-25.0000002232108,5.));
#9135=CARTESIAN_POINT('',(-55.,-25.,5.));
#9136=CARTESIAN_POINT('',(-41.4142141584091,-25.0000004464237,9.14823772291129E-12));
#9137=CARTESIAN_POINT('',(-10.4356606188398,-25.0000004470348,30.9785535395821));
#9138=CARTESIAN_POINT('',(-38.5857870336668,-25.0000004464237,4.5382216503261E-12));
#9139=CARTESIAN_POINT('',(-41.9571070792477,-25.0000004470348,4.54747350886464E-12));
#9140=CARTESIAN_POINT('',(-33.5857870336724,-25.0000002232108,5.));
#9141=CARTESIAN_POINT('',(-33.3143402752751,-25.0000004470348,5.27144675839737));
#9142=CARTESIAN_POINT('',(-31.4142140839352,-25.0000002232108,5.));
#9143=CARTESIAN_POINT('',(-55.,-25.,5.));
#9144=CARTESIAN_POINT('',(-36.4142140839057,-25.0000004464237,1.02436577738748E-11));
#9145=CARTESIAN_POINT('',(-6.68566056295677,-25.0000004470348,29.7285535209578));
#9146=CARTESIAN_POINT('',(-33.585786959161,-25.0000004464237,4.54007202203381E-12));
#9147=CARTESIAN_POINT('',(-39.4571070419948,-25.0000004470348,4.54747350886464E-12));
#9148=CARTESIAN_POINT('',(-28.5857869591666,-25.0000002232108,5.00000000000001));
#9149=CARTESIAN_POINT('',(-29.5643402193955,-25.0000004470348,4.02144673977092));
#9150=CARTESIAN_POINT('',(-26.4142135623791,-25.0000002232108,5.));
#9151=CARTESIAN_POINT('',(-55.,-25.,5.));
#9152=CARTESIAN_POINT('',(-31.4142135623595,-25.0000004464237,7.7671202802776E-12));
#9153=CARTESIAN_POINT('',(-2.93566017180308,-25.0000004470348,28.4785533905692));
#9154=CARTESIAN_POINT('',(-28.5857864376203,-25.0000004464237,4.52970994047064E-12));
#9155=CARTESIAN_POINT('',(-36.9571067812244,-25.0000004470348,4.54747350886464E-12));
#9156=CARTESIAN_POINT('',(-23.585786437626,-25.0000002232108,4.99999999999999));
#9157=CARTESIAN_POINT('',(-25.8143398282397,-25.0000004470348,2.77144660938576));
#9158=CARTESIAN_POINT('',(-21.4142139349108,-25.0000002232108,4.99999999999999));
#9159=CARTESIAN_POINT('',(-55.,-25.,5.));
#9160=CARTESIAN_POINT('',(-26.4142139348897,-25.0000004464237,8.30594852156234E-12));
#9161=CARTESIAN_POINT('',(0.81433954880457,-25.0000004470348,27.2285534837031));
#9162=CARTESIAN_POINT('',(-23.5857868101494,-25.0000004464237,4.53220794227605E-12));
#9163=CARTESIAN_POINT('',(-34.457106967489,-25.0000004470348,4.54747350886464E-12));
#9164=CARTESIAN_POINT('',(-18.585786810155,-25.0000002232108,5.));
#9165=CARTESIAN_POINT('',(-22.0643401076362,-25.0000004470348,1.52144670251801));
#9166=CARTESIAN_POINT('',(-16.4142138603985,-25.0000002232108,5.));
#9167=CARTESIAN_POINT('',(-55.,-25.,5.));
#9168=CARTESIAN_POINT('',(-21.4142138603924,-25.0000004464237,1.3988810110277E-12));
#9169=CARTESIAN_POINT('',(4.56433960468028,-25.0000004470348,25.9785534650745));
#9170=CARTESIAN_POINT('',(-31.9571069302429,-25.0000004470348,0.));
#9171=CARTESIAN_POINT('',(-73.5857881828765,-25.0000002232108,40.));
#9172=CARTESIAN_POINT('',(-71.4142151698901,-25.0000002232108,40.));
#9173=CARTESIAN_POINT('',(-35.,-25.,40.));
#9174=CARTESIAN_POINT('',(-80.,-25.0000002232108,31.4142147860689));
#9175=CARTESIAN_POINT('',(-62.9356619241102,-25.0000004470348,48.4785536248074));
#9176=CARTESIAN_POINT('',(-80.,-25.0000002232108,33.5857878961322));
#9177=CARTESIAN_POINT('',(-80.,-25.,25.));
#9178=CARTESIAN_POINT('',(-75.2714473931644,-25.0000004470348,38.3143407143555));
#9179=CARTESIAN_POINT('',(-63.5857880759946,-25.0000002232108,40.));
#9180=CARTESIAN_POINT('',(-61.4142150208785,-25.0000002232108,40.));
#9181=CARTESIAN_POINT('',(-35.,-25.,40.));
#9182=CARTESIAN_POINT('',(-80.,-25.0000002232108,21.4142141900146));
#9183=CARTESIAN_POINT('',(-55.4356617005886,-25.0000004470348,45.9785535875568));
#9184=CARTESIAN_POINT('',(-80.,-25.0000002232108,23.5857863638704));
#9185=CARTESIAN_POINT('',(-80.,-25.,25.));
#9186=CARTESIAN_POINT('',(-72.7714475688738,-25.0000004470348,30.8143395489883));
#9187=CARTESIAN_POINT('',(-11.4142138603975,-25.0000002232108,10.));
#9188=CARTESIAN_POINT('',(-13.5857868101561,-25.0000002232108,10.));
#9189=CARTESIAN_POINT('',(-35.,-25.,10.));
#9190=CARTESIAN_POINT('',(-5.,-25.0000002232108,18.585786810158));
#9191=CARTESIAN_POINT('',(-22.0643401076362,-25.0000004470348,1.52144670251801));
#9192=CARTESIAN_POINT('',(-5.,-25.0000002232108,16.4142138603962));
#9193=CARTESIAN_POINT('',(-5.,-25.,25.));
#9194=CARTESIAN_POINT('',(4.56433960468028,-25.0000004470348,25.9785534650745));
#9195=CARTESIAN_POINT('',(-48.5857878103246,-25.0000002232108,40.));
#9196=CARTESIAN_POINT('',(-78.5857864692367,-25.0000002232108,10.));
#9197=CARTESIAN_POINT('',(-69.0214470206184,-25.0000004470348,19.5643398761723));
#9198=CARTESIAN_POINT('',(-46.4142148289723,-25.0000002232108,40.));
#9199=CARTESIAN_POINT('',(-35.,-25.,40.));
#9200=CARTESIAN_POINT('',(-76.414214828995,-25.0000002232108,10.));
#9201=CARTESIAN_POINT('',(-44.1856611217488,-25.0000004470348,42.2285537072218));
#9202=CARTESIAN_POINT('',(-35.,-25.,10.));
#9203=CARTESIAN_POINT('',(-21.4142135623776,-25.0000002232108,10.));
#9204=CARTESIAN_POINT('',(-23.5857869591677,-25.0000002232108,10.));
#9205=CARTESIAN_POINT('',(-35.,-25.,10.));
#9206=CARTESIAN_POINT('',(-5.00000000000001,-25.0000002232108,28.5857869591718));
#9207=CARTESIAN_POINT('',(-29.5643402193955,-25.0000004470348,4.02144673977092));
#9208=CARTESIAN_POINT('',(-5.,-25.0000002232108,26.4142135623729));
#9209=CARTESIAN_POINT('',(-5.,-25.,25.));
#9210=CARTESIAN_POINT('',(-2.93566017180308,-25.0000004470348,28.4785533905692));
#9211=CARTESIAN_POINT('',(-43.5857877042324,-25.0000002232108,40.));
#9212=CARTESIAN_POINT('',(-73.5857877042258,-25.0000002232108,9.99999999999999));
#9213=CARTESIAN_POINT('',(-67.0643407781918,-25.0000004470348,16.5214469260354));
#9214=CARTESIAN_POINT('',(-41.4142147544665,-25.0000002232108,40.));
#9215=CARTESIAN_POINT('',(-35.,-25.,40.));
#9216=CARTESIAN_POINT('',(-71.4142147544892,-25.0000002232108,10.));
#9217=CARTESIAN_POINT('',(-40.4356610658704,-25.0000004470348,40.9785536885954));
#9218=CARTESIAN_POINT('',(-35.,-25.,10.));
#9219=CARTESIAN_POINT('',(-26.4142140839311,-25.0000002232108,9.99999999999999));
#9220=CARTESIAN_POINT('',(-28.5857870336735,-25.0000002232108,10.));
#9221=CARTESIAN_POINT('',(-35.,-25.,10.));
#9222=CARTESIAN_POINT('',(-5.00000000000001,-25.0000002232108,33.5857870336787));
#9223=CARTESIAN_POINT('',(-33.3143402752751,-25.0000004470348,5.27144675839737));
#9224=CARTESIAN_POINT('',(-5.00000000000001,-25.0000002232108,31.4142140839131));
#9225=CARTESIAN_POINT('',(-5.,-25.,25.));
#9226=CARTESIAN_POINT('',(-6.68566056295677,-25.0000004470348,29.7285535209578));
#9227=CARTESIAN_POINT('',(-38.5857876297266,-25.0000002232108,40.));
#9228=CARTESIAN_POINT('',(-68.58578762972,-25.0000002232108,9.99999999999999));
#9229=CARTESIAN_POINT('',(-63.3143407223121,-25.0000004470348,15.271446907409));
#9230=CARTESIAN_POINT('',(-36.4142146799607,-25.0000002232108,40.));
#9231=CARTESIAN_POINT('',(-35.,-25.,40.));
#9232=CARTESIAN_POINT('',(-66.4142146799834,-25.0000002232108,10.));
#9233=CARTESIAN_POINT('',(-36.685661009992,-25.0000004470348,39.7285536699689));
#9234=CARTESIAN_POINT('',(-35.,-25.,10.));
#9235=CARTESIAN_POINT('',(-36.4142135623963,-25.0000002232108,10.));
#9236=CARTESIAN_POINT('',(-6.41421356237363,-25.0000002232108,40.));
#9237=CARTESIAN_POINT('',(-14.1856601718074,-25.0000004470348,32.2285533905721));
#9238=CARTESIAN_POINT('',(-38.5857871826851,-25.0000002232108,10.));
#9239=CARTESIAN_POINT('',(-35.,-25.,10.));
#9240=CARTESIAN_POINT('',(-8.58578718269179,-25.0000002232108,40.));
#9241=CARTESIAN_POINT('',(-40.8143403870344,-25.0000004470348,7.77144679565027));
#9242=CARTESIAN_POINT('',(-35.,-25.,40.));
#9243=CARTESIAN_POINT('',(-28.585787480715,-25.0000002232108,40.));
#9244=CARTESIAN_POINT('',(-58.5857874807083,-25.0000002232108,10.));
#9245=CARTESIAN_POINT('',(-55.8143406105529,-25.0000004470348,12.7714468701561));
#9246=CARTESIAN_POINT('',(-26.4142145309491,-25.0000002232108,40.));
#9247=CARTESIAN_POINT('',(-35.,-25.,40.));
#9248=CARTESIAN_POINT('',(-56.4142145309718,-25.0000002232108,10.));
#9249=CARTESIAN_POINT('',(-29.1856608982352,-25.0000004470348,37.228553632716));
#9250=CARTESIAN_POINT('',(-35.,-25.,10.));
#9251=CARTESIAN_POINT('',(-23.5857874062092,-25.0000002232108,40.));
#9252=CARTESIAN_POINT('',(-53.5857874062025,-25.0000002232108,10.));
#9253=CARTESIAN_POINT('',(-52.0643405546733,-25.0000004470348,11.5214468515296));
#9254=CARTESIAN_POINT('',(-21.4142144564433,-25.0000002232108,40.));
#9255=CARTESIAN_POINT('',(-35.,-25.,40.));
#9256=CARTESIAN_POINT('',(-51.414214456466,-25.0000002232108,9.99999999999999));
#9257=CARTESIAN_POINT('',(-25.4356608423568,-25.0000004470348,35.9785536140895));
#9258=CARTESIAN_POINT('',(-35.,-25.,10.));
#9259=CARTESIAN_POINT('',(-46.4142143819602,-25.0000002232108,10.));
#9260=CARTESIAN_POINT('',(-16.4142143819375,-25.0000002232108,40.));
#9261=CARTESIAN_POINT('',(-21.6856607864784,-25.0000004470348,34.7285535954631));
#9262=CARTESIAN_POINT('',(-48.5857873316967,-25.0000002232108,10.));
#9263=CARTESIAN_POINT('',(-35.,-25.,10.));
#9264=CARTESIAN_POINT('',(-18.5857873317034,-25.0000002232108,40.));
#9265=CARTESIAN_POINT('',(-48.3143404987936,-25.0000004470348,10.2714468329032));
#9266=CARTESIAN_POINT('',(-35.,-25.,40.));
#9267=CARTESIAN_POINT('',(-41.4142143074544,-25.0000002232108,10.));
#9268=CARTESIAN_POINT('',(-11.4142143074317,-25.0000002232108,40.));
#9269=CARTESIAN_POINT('',(-17.9356607306,-25.0000004470348,33.4785535768366));
#9270=CARTESIAN_POINT('',(-43.5857872571909,-25.0000002232108,10.));
#9271=CARTESIAN_POINT('',(-35.,-25.,10.));
#9272=CARTESIAN_POINT('',(-13.5857872571976,-25.0000002232108,40.));
#9273=CARTESIAN_POINT('',(-44.564340442914,-25.0000004470348,9.02144681427672));
#9274=CARTESIAN_POINT('',(-35.,-25.,40.));
#9275=CARTESIAN_POINT('',(-33.5857875552208,-25.0000002232108,40.));
#9276=CARTESIAN_POINT('',(-63.5857875552142,-25.0000002232108,9.99999999999999));
#9277=CARTESIAN_POINT('',(-59.5643406664325,-25.0000004470348,14.0214468887825));
#9278=CARTESIAN_POINT('',(-31.4142146054549,-25.0000002232108,40.));
#9279=CARTESIAN_POINT('',(-35.,-25.,40.));
#9280=CARTESIAN_POINT('',(-61.4142146054776,-25.0000002232108,10.));
#9281=CARTESIAN_POINT('',(-32.9356609541136,-25.0000004470348,38.4785536513425));
#9282=CARTESIAN_POINT('',(-35.,-25.,10.));
#9283=CARTESIAN_POINT('',(-31.4142141584322,-25.0000002232108,10.));
#9284=CARTESIAN_POINT('',(-5.,-25.0000002232108,36.4142141584192));
#9285=CARTESIAN_POINT('',(-10.4356606188398,-25.0000004470348,30.9785535395821));
#9286=CARTESIAN_POINT('',(-33.5857864376271,-25.0000002232108,9.99999999999999));
#9287=CARTESIAN_POINT('',(-35.,-25.,10.));
#9288=CARTESIAN_POINT('',(-5.,-25.0000002232108,38.5857864376334));
#9289=CARTESIAN_POINT('',(-37.0643398282405,-25.0000004470348,6.52144660938576));
#9290=CARTESIAN_POINT('',(-5.,-25.,25.));
#9291=CARTESIAN_POINT('',(-16.414213934908,-25.0000002232108,10.));
#9292=CARTESIAN_POINT('',(-18.5857864376271,-25.0000002232108,10.));
#9293=CARTESIAN_POINT('',(-35.,-25.,10.));
#9294=CARTESIAN_POINT('',(-5.,-25.0000002232108,23.5857864376301));
#9295=CARTESIAN_POINT('',(-25.8143398282397,-25.0000004470348,2.77144660938576));
#9296=CARTESIAN_POINT('',(-5.00000000000001,-25.0000002232108,21.4142139349017));
#9297=CARTESIAN_POINT('',(-5.,-25.,25.));
#9298=CARTESIAN_POINT('',(0.81433954880457,-25.0000004470348,27.2285534837031));
#9299=CARTESIAN_POINT('',(-5.,-25.0000002232108,13.5857867356469));
#9300=CARTESIAN_POINT('',(-8.58578673564959,-25.0000002232108,10.));
#9301=CARTESIAN_POINT('',(-18.3143400517715,-25.0000004470348,0.271446683885446));
#9302=CARTESIAN_POINT('',(-5.,-25.,10.));
#9303=CARTESIAN_POINT('',(-5.,-25.,25.));
#9304=CARTESIAN_POINT('',(-35.,-25.,10.));
#9305=CARTESIAN_POINT('',(-53.5857878848947,-25.0000002232108,40.));
#9306=CARTESIAN_POINT('',(-51.4142148718666,-25.0000002232108,40.));
#9307=CARTESIAN_POINT('',(-35.,-25.,40.));
#9308=CARTESIAN_POINT('',(-80.,-25.0000002232108,11.4142135939459));
#9309=CARTESIAN_POINT('',(-47.9356614770747,-25.0000004470348,43.4785535502997));
#9310=CARTESIAN_POINT('',(-80.,-25.0000002232108,13.5857867040387));
#9311=CARTESIAN_POINT('',(-80.,-25.,25.));
#9312=CARTESIAN_POINT('',(-70.2714470951485,-25.0000004470348,23.3143400438083));
#9313=CARTESIAN_POINT('',(-58.5857879593418,-25.0000002232108,40.));
#9314=CARTESIAN_POINT('',(-56.4142149463731,-25.0000002232108,40.));
#9315=CARTESIAN_POINT('',(-35.,-25.,40.));
#9316=CARTESIAN_POINT('',(-80.,-25.0000002232108,16.4142138919993));
#9317=CARTESIAN_POINT('',(-51.6856615888295,-25.0000004470348,44.7285535689277));
#9318=CARTESIAN_POINT('',(-80.,-25.0000002232108,18.5857870020636));
#9319=CARTESIAN_POINT('',(-80.,-25.,25.));
#9320=CARTESIAN_POINT('',(-71.52144716963,-25.0000004470348,27.0643402114498));
#9321=CARTESIAN_POINT('',(-68.585788108376,-25.0000002232108,40.));
#9322=CARTESIAN_POINT('',(-66.4142150532377,-25.0000002232108,40.));
#9323=CARTESIAN_POINT('',(-35.,-25.,40.));
#9324=CARTESIAN_POINT('',(-80.,-25.0000002232108,26.4142136361244));
#9325=CARTESIAN_POINT('',(-59.1856624351114,-25.0000004470348,47.228553372126));
#9326=CARTESIAN_POINT('',(-80.,-25.0000002232108,28.585787598109));
#9327=CARTESIAN_POINT('',(-80.,-25.,25.));
#9328=CARTESIAN_POINT('',(-74.0214473186586,-25.0000004470348,34.5643405467187));
#9329=CARTESIAN_POINT('',(-80.,-25.0000002232108,36.414215084096));
#9330=CARTESIAN_POINT('',(-76.4142152443959,-25.0000002232108,40.));
#9331=CARTESIAN_POINT('',(-66.6856620358699,-25.0000004470348,49.7285536434339));
#9332=CARTESIAN_POINT('',(-80.,-25.,40.));
#9333=CARTESIAN_POINT('',(-80.,-25.,25.));
#9334=CARTESIAN_POINT('',(-35.,-25.,40.));
#9335=CARTESIAN_POINT('Origin',(1.02818011660233E-6,-24.,2.90184698367344));
#9336=CARTESIAN_POINT('',(1.02818011660233E-6,-24.,9.99984698367344));
#9337=CARTESIAN_POINT('Origin',(1.50000102818012,-24.,9.99984698367344));
#9338=CARTESIAN_POINT('',(4.70132701312942E-10,-29.,9.99984698367344));
#9339=CARTESIAN_POINT('',(1.,-30.,9.99984698367344));
#9340=CARTESIAN_POINT('Origin',(1.,-29.,9.99984698367344));
#9341=CARTESIAN_POINT('',(0.,-19.5,9.99984698367344));
#9342=CARTESIAN_POINT('',(3.0000012588313,-30.,9.99984698367344));
#9343=CARTESIAN_POINT('',(3.00000102818012,-24.,9.99984698367344));
#9344=CARTESIAN_POINT('',(-9.24999948590741,-30.,9.99984698367344));
#9345=CARTESIAN_POINT('Origin',(1.,-29.,25.000000000002));
#9346=CARTESIAN_POINT('',(1.,-30.,25.000000000002));
#9347=CARTESIAN_POINT('',(0.,-29.,25.000000000002));
#9348=CARTESIAN_POINT('Origin',(-19.9999999999949,-30.,25.000000000004));
#9349=CARTESIAN_POINT('',(3.00000149011613,-30.,61.0000000149032));
#9350=CARTESIAN_POINT('Origin',(0.,-15.,25.));
#9351=CARTESIAN_POINT('',(0.,-5.,5.));
#9352=CARTESIAN_POINT('',(0.,-15.,5.));
#9353=CARTESIAN_POINT('',(0.,-5.,46.4142135624269));
#9354=CARTESIAN_POINT('',(0.,-5.,25.));
#9355=CARTESIAN_POINT('',(0.,-10.,46.4142135623688));
#9356=CARTESIAN_POINT('',(0.,-5.,48.5857871826832));
#9357=CARTESIAN_POINT('',(-4.44089209850063E-15,-10.,48.5857871826937));
#9358=CARTESIAN_POINT('',(0.,-5.,25.000000000002));
#9359=CARTESIAN_POINT('',(0.,-1.,1.));
#9360=CARTESIAN_POINT('',(0.,-1.,25.));
#9361=CARTESIAN_POINT('',(0.,-15.,1.));
#9362=CARTESIAN_POINT('Origin',(3.00000102818012,-24.,24.5000000298023));
#9363=CARTESIAN_POINT('Origin',(-89.783188157537,-19.9048896645752,33.9971234175358));
#9364=CARTESIAN_POINT('',(-89.3207816439162,-22.0194255434606,34.));
#9365=CARTESIAN_POINT('',(-89.7775561363027,-22.6078530276735,34.));
#9366=CARTESIAN_POINT('',(-102.236348967757,-38.6575586141033,34.));
#9367=CARTESIAN_POINT('',(-89.3195575586383,-22.6068980549901,34.0006252075585));
#9368=CARTESIAN_POINT('',(-89.3152922841838,-24.6539216907772,34.0028037174024));
#9369=CARTESIAN_POINT('',(-89.7775561363027,-22.6078530276735,34.));
#9370=CARTESIAN_POINT('Origin',(-89.7727666090936,-24.9048785738157,34.));
#9371=CARTESIAN_POINT('',(-89.301,-24.9146112147057,23.9311173336534));
#9372=CARTESIAN_POINT('',(-89.301,-24.9294573033037,9.98107972284841));
#9373=CARTESIAN_POINT('',(-89.301,-24.9038984652388,33.9972877590807));
#9374=CARTESIAN_POINT('',(-89.2819261584395,-24.9294175324429,9.98110576028715));
#9375=CARTESIAN_POINT('',(-89.2901374623007,-24.9230434009592,15.9865967639385));
#9376=CARTESIAN_POINT('',(-89.7399247361039,-24.9303725051262,9.9804805527287));
#9377=CARTESIAN_POINT('Origin',(-89.7399247361039,-24.9303725051262,9.98048055272869));
#9378=CARTESIAN_POINT('',(-89.301,-22.598610766013,9.97860579985226));
#9379=CARTESIAN_POINT('',(-89.301,-27.4779297113235,9.98378463044071));
#9380=CARTESIAN_POINT('',(-89.2867827985028,-22.5985811217308,9.97862520755845));
#9381=CARTESIAN_POINT('',(-89.2824470687389,-24.6794182167121,9.98083970279724));
#9382=CARTESIAN_POINT('',(-89.7447813761673,-22.5995360944141,9.978));
#9383=CARTESIAN_POINT('Origin',(-89.2819261584396,-24.9294175324429,9.98110576028716));
#9384=CARTESIAN_POINT('',(-89.301,-19.9227121680697,16.3062459402758));
#9385=CARTESIAN_POINT('',(-89.301,-24.7903978142316,23.7413876946408));
#9386=CARTESIAN_POINT('',(-89.2923482483741,-19.9294282028627,9.97862520755845));
#9387=CARTESIAN_POINT('',(-89.3005556682889,-19.923057086343,15.9812756141404));
#9388=CARTESIAN_POINT('',(-89.2766365018158,-27.4646778513298,9.97862520755845));
#9389=CARTESIAN_POINT('Origin',(-89.2819261584396,-24.9294175324429,9.98110576028716));
#9390=CARTESIAN_POINT('',(-89.3147671765833,-24.9039242647176,34.));
#9391=CARTESIAN_POINT('',(-89.3095595557057,-27.4014647667321,34.));
#9392=CARTESIAN_POINT('',(-89.3147680314292,-24.9039236011324,34.0006252075585));
#9393=CARTESIAN_POINT('',(-89.2901374623007,-24.9230434009592,15.9865967639385));
#9394=CARTESIAN_POINT('',(-89.3095604091642,-27.4014647685118,34.0006252075584));
#9395=CARTESIAN_POINT('Origin',(-89.7447813761673,-22.5995360944141,9.978));
#9396=CARTESIAN_POINT('',(-89.301,-19.9294462426272,9.97861339717132));
#9397=CARTESIAN_POINT('',(-89.301,-26.2997338616497,9.97859526524009));
#9398=CARTESIAN_POINT('',(-89.7503468260386,-19.930383175546,9.978));
#9399=CARTESIAN_POINT('Origin',(-89.7503468260386,-19.930383175546,9.978));
#9400=CARTESIAN_POINT('',(-89.301,-19.9166701123061,21.9836271974883));
#9401=CARTESIAN_POINT('Origin',(-89.7727666090936,-24.9048785738157,34.));
#9402=CARTESIAN_POINT('',(-89.7727666090936,-24.9048785738157,34.));
#9403=CARTESIAN_POINT('',(-119.891560758244,-24.9676355058984,34.));
#9404=CARTESIAN_POINT('',(-89.7727666090936,-24.9048785738157,34.));
#9405=CARTESIAN_POINT('Origin',(-89.7775561363027,-22.6078530276735,34.));
#9406=CARTESIAN_POINT('',(-89.7675589868287,-27.4024197411951,34.));
#9407=CARTESIAN_POINT('Origin',(-150.,-30.,34.));
#9408=CARTESIAN_POINT('',(-89.301,-5.,34.));
#9409=CARTESIAN_POINT('',(-150.,-5.,34.));
#9410=CARTESIAN_POINT('',(-84.9999999999975,-5.,34.));
#9411=CARTESIAN_POINT('',(-89.301,-30.,34.));
#9412=CARTESIAN_POINT('',(-150.,-30.,34.));
#9413=CARTESIAN_POINT('',(-91.5635486246157,-24.9086099312123,34.));
#9414=CARTESIAN_POINT('',(-108.475197251763,-46.6945875230611,34.));
#9415=CARTESIAN_POINT('',(-133.545196924252,-24.9960848625794,34.));
#9416=CARTESIAN_POINT('Origin',(6.,-15.,1.));
#9417=CARTESIAN_POINT('Origin',(6.,-1.,1.));
#9418=CARTESIAN_POINT('Origin',(-89.7399247361039,-24.9303725051262,9.9804805527287));
#9419=CARTESIAN_POINT('',(-89.7399247361039,-24.9303725051262,9.9804805527287));
#9420=CARTESIAN_POINT('',(-89.7481360399652,-24.9239983736425,15.98597155638));
#9421=CARTESIAN_POINT('',(-89.7447813761673,-22.5995360944141,9.978));
#9422=CARTESIAN_POINT('',(-89.7404456464034,-24.6803731893954,9.98021449523879));
#9423=CARTESIAN_POINT('',(-89.7503468260386,-19.930383175546,9.978));
#9424=CARTESIAN_POINT('',(-89.7346350794803,-27.4656328240131,9.978));
#9425=CARTESIAN_POINT('',(-89.7831881575371,-19.9048896645752,33.9971234175358));
#9426=CARTESIAN_POINT('',(-89.7585542459534,-19.9240120590263,15.980650406582));
#9427=CARTESIAN_POINT('',(-89.7732908618483,-24.6548766634605,34.002178509844));
#9428=CARTESIAN_POINT('Origin',(-117.090430435746,-19.97461049219,21.9488422511425));
#9429=CARTESIAN_POINT('',(-150.,-20.0559221786521,9.978));
#9430=CARTESIAN_POINT('',(-103.206193638178,-19.9584204090529,9.978));
#9431=CARTESIAN_POINT('',(-150.,-20.0304477190996,33.9149222759898));
#9432=CARTESIAN_POINT('',(-150.,-20.0495578891858,15.958166212518));
#9433=CARTESIAN_POINT('',(-117.106853043469,-19.9618622292226,33.9598242584452));
#9434=CARTESIAN_POINT('',(-93.0999049039942,-19.9285027190567,18.303013280508));
#9435=CARTESIAN_POINT('Origin',(-93.0981759565739,-19.9298448369921,17.0385151747521));
#9436=CARTESIAN_POINT('',(-93.1135778768712,-19.9178888959217,28.3029983003254));
#9437=CARTESIAN_POINT('Origin',(-93.1118489294509,-19.9192310138571,27.0385001945695));
#9438=CARTESIAN_POINT('',(-143.09974962719,-20.0327573788088,18.234759180239));
#9439=CARTESIAN_POINT('Origin',(-143.09802067977,-20.0340994967443,16.9702610744832));
#9440=CARTESIAN_POINT('',(-143.113422600067,-20.0221435556738,28.2347442000564));
#9441=CARTESIAN_POINT('Origin',(-143.111693652647,-20.0234856736093,26.9702460943005));
#9442=CARTESIAN_POINT('',(-96.015998800318,-19.9413069661919,11.9809598093265));
#9443=CARTESIAN_POINT('',(-96.0434815794919,-19.9199731011989,32.0810055357301));
#9444=CARTESIAN_POINT('',(-96.036540201757,-19.9253614360002,27.0042988099924));
#9445=CARTESIAN_POINT('',(-139.638346193646,-20.0108727390364,32.0214947857055));
#9446=CARTESIAN_POINT('',(-117.47257935646,-19.9646549059103,32.0517529691183));
#9447=CARTESIAN_POINT('',(-139.610863414473,-20.0322066040295,11.921449059302));
#9448=CARTESIAN_POINT('',(-139.631370581634,-20.0162876486414,26.919750179133));
#9449=CARTESIAN_POINT('',(-128.343812730825,-20.0087136803628,11.9368295552087));
#9450=CARTESIAN_POINT('Origin',(-117.064631442635,-24.487346438312,9.94264927865818));
#9451=CARTESIAN_POINT('',(-150.066487130029,-25.0561594004894,9.89812959221439));
#9452=CARTESIAN_POINT('',(-117.063589622036,-24.9873450697736,9.94318139363798));
#9453=CARTESIAN_POINT('',(-150.066605070785,-24.9995563567737,9.89806935339458));
#9454=CARTESIAN_POINT('',(-150.068570771226,-24.0561621375661,9.89706536225477));
#9455=CARTESIAN_POINT('Origin',(-150.000000000076,-20.,9.89285397382199));
#9456=CARTESIAN_POINT('Origin',(-117.064631442635,-24.487346438312,9.94264927865818));
#9457=CARTESIAN_POINT('',(-91.5570646701649,-24.9341614230038,9.978));
#9458=CARTESIAN_POINT('',(-97.0471243463673,-32.0065834984993,9.978));
#9459=CARTESIAN_POINT('',(-117.063589622036,-24.9873450697736,9.94318139363798));
#9460=CARTESIAN_POINT('Origin',(-117.09747665808,-24.4618499123771,33.9646132932634));
#9461=CARTESIAN_POINT('',(-150.,-25.,33.9201968787882));
#9462=CARTESIAN_POINT('',(-150.,-27.2182400975049,33.9225512831217));
#9463=CARTESIAN_POINT('',(-150.099398294928,-24.9990119002624,33.9200599228124));
#9464=CARTESIAN_POINT('Origin',(-149.999999999999,-20.,33.9148899592708));
#9465=CARTESIAN_POINT('',(-150.099332345473,-25.0306628745545,33.9200936068196));
#9466=CARTESIAN_POINT('',(-150.101415986671,-24.0306656116312,33.91902937686));
#9467=CARTESIAN_POINT('',(-117.096434837481,-24.9618485438387,33.9651454082432));
#9468=CARTESIAN_POINT('Origin',(-92.9900358677686,-71.8292759579513,17.093748255415));
#9469=CARTESIAN_POINT('',(-93.0894866980061,-24.9284890336729,18.3083344303061));
#9470=CARTESIAN_POINT('',(-92.9917648151889,-71.8279338400159,18.3582463611709));
#9471=CARTESIAN_POINT('Origin',(-93.0877577505858,-24.9298311516083,17.0438363245502));
#9472=CARTESIAN_POINT('Origin',(-93.0037088406456,-71.8186621348163,27.0937332752324));
#9473=CARTESIAN_POINT('',(-93.1031596708831,-24.9178752105379,28.3083194501235));
#9474=CARTESIAN_POINT('',(-93.0054377880659,-71.8173200168809,28.3582313809883));
#9475=CARTESIAN_POINT('Origin',(-93.1014307234627,-24.9192173284733,27.0438213443676));
#9476=CARTESIAN_POINT('Origin',(-142.989880590965,-71.9335306177034,17.025494155146));
#9477=CARTESIAN_POINT('',(-143.089331421202,-25.032743693425,18.2400803300371));
#9478=CARTESIAN_POINT('',(-142.991609538385,-71.932188499768,18.2899922609019));
#9479=CARTESIAN_POINT('Origin',(-143.087602473782,-25.0340858113604,16.9755822242812));
#9480=CARTESIAN_POINT('Origin',(-143.10200561043,-24.6730461214458,26.9751943093718));
#9481=CARTESIAN_POINT('',(-143.103004394079,-25.02212987029,28.2400653498544));
#9482=CARTESIAN_POINT('',(-143.10373455785,-24.6717040035104,28.2396924151277));
#9483=CARTESIAN_POINT('Origin',(-143.101275446659,-25.0234719882254,26.9755672440986));
#9484=CARTESIAN_POINT('Origin',(-117.080012229758,-24.9745968068062,21.9541634009406));
#9485=CARTESIAN_POINT('',(-150.082909737751,-25.0434111375219,21.909111599517));
#9486=CARTESIAN_POINT('',(-103.19577542039,-24.958412386587,9.978));
#9487=CARTESIAN_POINT('',(-96.0330633735038,-24.919959415815,32.0863266855281));
#9488=CARTESIAN_POINT('',(-96.0055805943299,-24.9412932808081,11.9862809591246));
#9489=CARTESIAN_POINT('',(-96.0261219957689,-24.9253477506164,27.0096199597905));
#9490=CARTESIAN_POINT('',(-139.600445208484,-25.0321929186456,11.9267702091));
#9491=CARTESIAN_POINT('',(-128.333394524837,-25.0086999949789,11.9421507050067));
#9492=CARTESIAN_POINT('',(-139.627927987658,-25.0108590536526,32.0268159355036));
#9493=CARTESIAN_POINT('',(-139.620986609924,-25.0162473884539,26.9501092097659));
#9494=CARTESIAN_POINT('',(-117.462161150472,-24.9646412205265,32.0570741189164));
#9495=CARTESIAN_POINT('Origin',(-139.52576120411,-74.0107780060065,32.0289632784253));
#9496=CARTESIAN_POINT('',(-139.630011628856,-24.0108617907293,32.025751705544));
#9497=CARTESIAN_POINT('',(-139.60461249088,-23.0321983927992,11.9246417491808));
#9498=CARTESIAN_POINT('Origin',(-117.728397261897,-73.9652751179721,32.1087185785366));
#9499=CARTESIAN_POINT('',(-95.9309649548199,-73.9198252990533,32.138473953549));
#9500=CARTESIAN_POINT('Origin',(-95.9308965899555,-73.919878368169,32.0884740284499));
#9501=CARTESIAN_POINT('',(-96.0076642355275,-23.9412960178849,11.985216729165));
#9502=CARTESIAN_POINT('Origin',(-139.60461249088,-23.0321983927992,11.9246417491808));
#9503=CARTESIAN_POINT('Origin',(-150.08395155835,-24.5434125060603,21.9085794845372));
#9504=CARTESIAN_POINT('Ctrl Pts',(-150.066605070785,-24.9995563567737,9.89806935339458));
#9505=CARTESIAN_POINT('Ctrl Pts',(-150.083002575708,-24.9993379059953,21.9098008427928));
#9506=CARTESIAN_POINT('Ctrl Pts',(-150.099398294928,-24.9990119002624,33.9200599228124));
#9507=CARTESIAN_POINT('Origin',(-150.000000000017,-20.,28.2071074305999));
#9508=CARTESIAN_POINT('',(-150.,-25.,17.489));
#9509=CARTESIAN_POINT('',(-154.999999999979,-20.,40.0000000000161));
#9510=CARTESIAN_POINT('Origin',(-149.999999999979,-20.,40.));
#9511=CARTESIAN_POINT('',(-155.00000000008,-20.,8.58578618272758));
#9512=CARTESIAN_POINT('',(-155.000000000017,-20.,28.207107430616));
#9513=CARTESIAN_POINT('Origin',(-150.00000000008,-20.,8.5857861827115));
#9514=CARTESIAN_POINT('Origin',(6.,-1.,1.));
#9515=CARTESIAN_POINT('Origin',(1.,-1.,1.));
#9516=CARTESIAN_POINT('Origin',(1.,-1.,25.));
#9517=CARTESIAN_POINT('Origin',(29.3992214192724,23.1701224772018,23.5079646142283));
#9518=CARTESIAN_POINT('',(29.3992214192724,23.1701224772018,22.0079646142283));
#9519=CARTESIAN_POINT('Origin',(22.1320646774397,17.6701224772018,25.7857777956889));
#9520=CARTESIAN_POINT('',(22.1320646774397,17.6701224772018,25.0357777956889));
#9521=CARTESIAN_POINT('Origin',(22.4350014682297,17.6701224772018,22.8011121023849));
#9522=CARTESIAN_POINT('',(22.4350014682297,17.6701224772018,22.0511121023849));
#9523=CARTESIAN_POINT('Origin',(22.7379382590197,17.6701224772018,19.8164464090809));
#9524=CARTESIAN_POINT('',(22.7379382590197,17.6701224772018,19.0664464090809));
#9525=CARTESIAN_POINT('Origin',(27.1214082378117,17.6701224772018,16.2408078723956));
#9526=CARTESIAN_POINT('',(27.1214082378117,17.6701224772018,15.4908078723956));
#9527=CARTESIAN_POINT('Origin',(30.1060739311157,17.6701224772018,16.5437446631856));
#9528=CARTESIAN_POINT('',(30.1060739311157,17.6701224772018,15.7937446631856));
#9529=CARTESIAN_POINT('Origin',(33.0907396244197,17.6701224772018,16.8466814539756));
#9530=CARTESIAN_POINT('',(33.0907396244197,17.6701224772018,16.0966814539756));
#9531=CARTESIAN_POINT('Origin',(36.666378161105,17.6701224772018,21.2301514327676));
#9532=CARTESIAN_POINT('',(36.666378161105,17.6701224772018,20.4801514327676));
#9533=CARTESIAN_POINT('Origin',(36.363441370315,17.6701224772018,24.2148171260716));
#9534=CARTESIAN_POINT('',(36.363441370315,17.6701224772018,23.4648171260716));
#9535=CARTESIAN_POINT('Origin',(36.060504579525,17.6701224772018,27.1994828193756));
#9536=CARTESIAN_POINT('',(36.060504579525,17.6701224772018,26.4494828193756));
#9537=CARTESIAN_POINT('Origin',(31.677034600733,17.6701224772018,30.775121356061));
#9538=CARTESIAN_POINT('',(31.677034600733,17.6701224772018,30.025121356061));
#9539=CARTESIAN_POINT('Origin',(28.692368907429,17.6701224772018,30.4721845652709));
#9540=CARTESIAN_POINT('',(28.692368907429,17.6701224772018,29.7221845652709));
#9541=CARTESIAN_POINT('Origin',(25.707703214125,17.6701224772018,30.1692477744809));
#9542=CARTESIAN_POINT('',(25.707703214125,17.6701224772018,29.4192477744809));
#9543=CARTESIAN_POINT('Origin',(-150.000000000021,-14.0000001341105,26.9571075421617));
#9544=CARTESIAN_POINT('',(-155.000000000076,-14.0000001341105,10.0000002235335));
#9545=CARTESIAN_POINT('',(-154.999999999995,-14.0000001341105,35.0000002235335));
#9546=CARTESIAN_POINT('',(-155.000000000021,-14.0000001341105,26.9571075421778));
#9547=CARTESIAN_POINT('',(-150.,-9.00000013411045,30.0000002235174));
#9548=CARTESIAN_POINT('Origin',(-149.999999999995,-14.0000001341105,35.0000002235174));
#9549=CARTESIAN_POINT('',(-150.,-9.00000013411045,15.0000002235174));
#9550=CARTESIAN_POINT('',(-150.,-9.00000013411045,16.2390001117587));
#9551=CARTESIAN_POINT('Origin',(-150.000000000076,-14.0000001341105,10.0000002235174));
#9552=CARTESIAN_POINT('Origin',(-149.999999999995,-6.00000006705523,35.0000002235174));
#9553=CARTESIAN_POINT('',(-154.999999999995,-10.,35.0000002235335));
#9554=CARTESIAN_POINT('',(-154.999999999995,-6.00000006705523,35.0000002235335));
#9555=CARTESIAN_POINT('',(-150.,-5.00000006678566,30.0000002235174));
#9556=CARTESIAN_POINT('Origin',(-149.999999999995,-10.,35.0000002235174));
#9557=CARTESIAN_POINT('',(-150.,-18.5000000670552,30.0000002235174));
#9558=CARTESIAN_POINT('Origin',(-150.000000000017,-10.,28.207107430614));
#9559=CARTESIAN_POINT('',(-154.999999999979,-10.,40.0000000000161));
#9560=CARTESIAN_POINT('',(-155.000000000017,-10.,28.2071074306301));
#9561=CARTESIAN_POINT('',(-149.999999999963,-5.,45.));
#9562=CARTESIAN_POINT('Origin',(-149.999999999979,-10.,40.));
#9563=CARTESIAN_POINT('',(-150.000000000017,-5.,28.207107430614));
#9564=CARTESIAN_POINT('',(-150.,-5.,17.489000000002));
#9565=CARTESIAN_POINT('Origin',(-149.999999999979,-10.,40.));
#9566=CARTESIAN_POINT('',(-154.999999999979,-10.,40.0000000000161));
#9567=CARTESIAN_POINT('',(-149.999999999979,-10.,45.));
#9568=CARTESIAN_POINT('Origin',(-150.00000000008,-5.,8.5857861827115));
#9569=CARTESIAN_POINT('',(-150.000000000096,-5.,3.5857861827115));
#9570=CARTESIAN_POINT('',(-150.000000000096,-5.,3.5857861827115));
#9571=CARTESIAN_POINT('',(-155.00000000008,-10.,8.58578618272757));
#9572=CARTESIAN_POINT('',(-155.00000000008,-5.,8.58578618272758));
#9573=CARTESIAN_POINT('Origin',(-150.00000000008,-10.,8.5857861827115));
#9574=CARTESIAN_POINT('Origin',(-150.000000000017,-10.,28.207107430614));
#9575=CARTESIAN_POINT('',(-150.,-5.00000000000638,15.0000002902967));
#9576=CARTESIAN_POINT('',(-150.,-5.,9.978));
#9577=CARTESIAN_POINT('',(-150.,-5.,17.489000000002));
#9578=CARTESIAN_POINT('',(-150.000000000017,-5.,28.207107430614));
#9579=CARTESIAN_POINT('',(-155.000000000076,-10.,10.0000002235335));
#9580=CARTESIAN_POINT('',(-155.000000000017,-10.,28.2071074306301));
#9581=CARTESIAN_POINT('Origin',(-150.000000000076,-10.,10.0000002235174));
#9582=CARTESIAN_POINT('Origin',(-150.000000000076,-6.00000006705523,10.0000002235174));
#9583=CARTESIAN_POINT('',(-155.000000000076,-6.00000006705523,10.0000002235335));
#9584=CARTESIAN_POINT('',(-150.,-18.5000000670552,15.0000002235174));
#9585=CARTESIAN_POINT('Origin',(-85.,-5.,3.58578618250249));
#9586=CARTESIAN_POINT('',(-85.,-5.,3.58578618250249));
#9587=CARTESIAN_POINT('',(-85.,-5.,3.58578618250249));
#9588=CARTESIAN_POINT('',(-85.,-5.,3.58578618250249));
#9589=CARTESIAN_POINT('Origin',(-155.000000000007,-5.,31.4142148608221));
#9590=CARTESIAN_POINT('Origin',(-150.,-30.,9.978));
#9591=CARTESIAN_POINT('',(-150.,-30.,9.978));
#9592=CARTESIAN_POINT('Origin',(-89.301,-30.,9.978));
#9593=CARTESIAN_POINT('',(-89.301,-5.,9.978));
#9594=CARTESIAN_POINT('',(-89.301,-30.,9.978));
#9595=CARTESIAN_POINT('',(-54.6504999999975,-5.,9.97799999999999));
#9596=CARTESIAN_POINT('Origin',(-89.301,-30.,34.));
#9597=CARTESIAN_POINT('',(-89.301,-5.,29.500000000002));
#9598=CARTESIAN_POINT('Origin',(-63.5857886298982,-5.,50.0000000000045));
#9599=CARTESIAN_POINT('',(-63.5857886298982,-5.,50.0000000000045));
#9600=CARTESIAN_POINT('',(-63.5857886298982,-5.,50.0000000000045));
#9601=CARTESIAN_POINT('',(-66.4142156914386,-5.,50.));
#9602=CARTESIAN_POINT('',(-66.4142156914386,-5.,50.));
#9603=CARTESIAN_POINT('',(-66.4142156914386,-5.,50.));
#9604=CARTESIAN_POINT('Origin',(-66.4142156914386,-5.,50.));
#9605=CARTESIAN_POINT('',(-76.414215244386,-5.,40.));
#9606=CARTESIAN_POINT('',(-76.4142152443959,-17.5,40.));
#9607=CARTESIAN_POINT('',(-80.,-5.,36.4142150840977));
#9608=CARTESIAN_POINT('',(-84.9999999999955,-5.,31.414214860597));
#9609=CARTESIAN_POINT('',(-80.,-17.5,36.414215084096));
#9610=CARTESIAN_POINT('Origin',(-85.0000000000045,-5.,28.585787672605));
#9611=CARTESIAN_POINT('',(-80.,-5.,33.5857878961343));
#9612=CARTESIAN_POINT('',(-80.,-17.5,33.5857878961322));
#9613=CARTESIAN_POINT('',(-73.5857881828704,-5.,40.));
#9614=CARTESIAN_POINT('',(-63.5857886298982,-5.,50.0000000000045));
#9615=CARTESIAN_POINT('',(-73.5857881828765,-17.5,40.));
#9616=CARTESIAN_POINT('Origin',(-85.0000000000045,-5.,28.585787672605));
#9617=CARTESIAN_POINT('',(-68.5857884063992,-5.,45.));
#9618=CARTESIAN_POINT('',(-68.5857884063992,-10.,45.));
#9619=CARTESIAN_POINT('',(-63.5857886298982,-5.,50.0000000000045));
#9620=CARTESIAN_POINT('Origin',(-58.5857885553924,-5.,50.0000000000045));
#9621=CARTESIAN_POINT('',(-58.5857885553924,-5.,50.0000000000045));
#9622=CARTESIAN_POINT('',(-58.5857885553924,-5.,50.0000000000045));
#9623=CARTESIAN_POINT('',(-61.4142156169328,-5.,50.));
#9624=CARTESIAN_POINT('',(-61.4142156169328,-5.,50.));
#9625=CARTESIAN_POINT('',(-61.4142156169328,-5.,50.));
#9626=CARTESIAN_POINT('Origin',(-61.4142156169328,-5.,50.));
#9627=CARTESIAN_POINT('',(-71.414215169868,-5.,40.));
#9628=CARTESIAN_POINT('',(-71.4142151698901,-17.5,40.));
#9629=CARTESIAN_POINT('',(-80.,-5.,31.4142147860744));
#9630=CARTESIAN_POINT('',(-84.9999999999955,-5.,26.4142145625738));
#9631=CARTESIAN_POINT('',(-80.,-17.5,31.4142147860689));
#9632=CARTESIAN_POINT('Origin',(-61.4142156169328,-5.,50.));
#9633=CARTESIAN_POINT('',(-66.4142153934114,-5.,45.));
#9634=CARTESIAN_POINT('',(-84.9999999999955,-5.,26.4142145625738));
#9635=CARTESIAN_POINT('',(-66.4142153934115,-10.,45.));
#9636=CARTESIAN_POINT('Origin',(-85.0000000000045,-5.,23.5857873745817));
#9637=CARTESIAN_POINT('',(-80.,-5.,28.5857875981124));
#9638=CARTESIAN_POINT('',(-80.,-17.5,28.585787598109));
#9639=CARTESIAN_POINT('',(-68.5857881083646,-5.,40.));
#9640=CARTESIAN_POINT('',(-58.5857885553924,-5.,50.0000000000045));
#9641=CARTESIAN_POINT('',(-68.585788108376,-17.5,40.));
#9642=CARTESIAN_POINT('Origin',(-85.0000000000045,-5.,23.5857873745817));
#9643=CARTESIAN_POINT('',(-63.5857883318986,-5.,45.));
#9644=CARTESIAN_POINT('',(-63.5857883318986,-10.,45.));
#9645=CARTESIAN_POINT('',(-58.5857885553924,-5.,50.0000000000045));
#9646=CARTESIAN_POINT('Origin',(-53.5857891190972,-5.,49.9999999999955));
#9647=CARTESIAN_POINT('',(-53.5857891190972,-5.,49.9999999999955));
#9648=CARTESIAN_POINT('',(-53.5857891190972,-5.,49.9999999999955));
#9649=CARTESIAN_POINT('',(-56.4142160963274,-5.,49.9999999999955));
#9650=CARTESIAN_POINT('',(-56.4142160963274,-5.,49.9999999999955));
#9651=CARTESIAN_POINT('',(-56.4142160963274,-5.,49.9999999999955));
#9652=CARTESIAN_POINT('Origin',(-56.4142160963274,-5.,49.9999999999955));
#9653=CARTESIAN_POINT('',(-66.414215053236,-5.,40.));
#9654=CARTESIAN_POINT('',(-66.4142150532377,-17.5,40.));
#9655=CARTESIAN_POINT('',(-80.,-5.,26.41421363613));
#9656=CARTESIAN_POINT('',(-85.,-5.,21.41421311459));
#9657=CARTESIAN_POINT('',(-80.,-17.5,26.4142136361244));
#9658=CARTESIAN_POINT('Origin',(-56.4142160963274,-5.,49.9999999999955));
#9659=CARTESIAN_POINT('',(-61.4142155747803,-5.,45.));
#9660=CARTESIAN_POINT('',(-85.,-5.,21.41421311459));
#9661=CARTESIAN_POINT('',(-61.4142155747803,-10.,45.));
#9662=CARTESIAN_POINT('Origin',(-85.,-5.,18.5857858423333));
#9663=CARTESIAN_POINT('',(-80.,-5.,23.5857863638617));
#9664=CARTESIAN_POINT('',(-80.,-17.5,23.5857863638704));
#9665=CARTESIAN_POINT('',(-63.5857880760061,-5.,40.));
#9666=CARTESIAN_POINT('',(-53.5857891190972,-5.,49.9999999999955));
#9667=CARTESIAN_POINT('',(-63.5857880759946,-17.5,40.));
#9668=CARTESIAN_POINT('Origin',(-85.,-5.,18.5857858423333));
#9669=CARTESIAN_POINT('',(-58.5857885975317,-5.,45.));
#9670=CARTESIAN_POINT('',(-58.5857885975317,-10.,45.));
#9671=CARTESIAN_POINT('',(-53.5857891190972,-5.,49.9999999999955));
#9672=CARTESIAN_POINT('Origin',(-51.4142154679166,-5.,50.0000000000045));
#9673=CARTESIAN_POINT('',(-61.4142150208523,-5.,40.));
#9674=CARTESIAN_POINT('',(-61.4142150208785,-17.5,40.));
#9675=CARTESIAN_POINT('',(-80.,-5.,21.4142141900287));
#9676=CARTESIAN_POINT('',(-84.9999999999955,-5.,16.4142139665228));
#9677=CARTESIAN_POINT('',(-80.,-17.5,21.4142141900146));
#9678=CARTESIAN_POINT('Origin',(-51.4142154679166,-5.,50.0000000000045));
#9679=CARTESIAN_POINT('',(-51.4142154679166,-5.,50.0000000000045));
#9680=CARTESIAN_POINT('',(-51.4142154679166,-5.,50.0000000000045));
#9681=CARTESIAN_POINT('',(-56.4142152443998,-5.,45.));
#9682=CARTESIAN_POINT('',(-84.9999999999955,-5.,16.4142139665228));
#9683=CARTESIAN_POINT('',(-56.4142152443998,-10.,45.));
#9684=CARTESIAN_POINT('Origin',(-48.5857884063807,-5.,50.0000000000045));
#9685=CARTESIAN_POINT('',(-48.5857884063807,-5.,50.0000000000045));
#9686=CARTESIAN_POINT('',(-48.5857884063807,-5.,50.0000000000045));
#9687=CARTESIAN_POINT('',(-51.4142154679166,-5.,50.0000000000045));
#9688=CARTESIAN_POINT('Origin',(-85.,-5.,13.5857867785489));
#9689=CARTESIAN_POINT('',(-80.,-5.,18.5857870020684));
#9690=CARTESIAN_POINT('',(-80.,-17.5,18.5857870020636));
#9691=CARTESIAN_POINT('',(-58.585787959353,-5.,40.));
#9692=CARTESIAN_POINT('',(-48.5857884063807,-5.,50.0000000000045));
#9693=CARTESIAN_POINT('',(-58.5857879593418,-17.5,40.));
#9694=CARTESIAN_POINT('Origin',(-85.,-5.,13.5857867785489));
#9695=CARTESIAN_POINT('',(-53.5857881828564,-5.,45.));
#9696=CARTESIAN_POINT('',(-53.5857881828564,-10.,45.));
#9697=CARTESIAN_POINT('',(-48.5857884063807,-5.,50.0000000000045));
#9698=CARTESIAN_POINT('Origin',(-46.4142153934154,-5.,49.9999999999955));
#9699=CARTESIAN_POINT('',(-46.4142153934154,-5.,49.9999999999955));
#9700=CARTESIAN_POINT('',(-46.4142153934154,-5.,49.9999999999955));
#9701=CARTESIAN_POINT('',(-51.4142151698919,-5.,45.));
#9702=CARTESIAN_POINT('',(-85.,-5.,11.4142136684723));
#9703=CARTESIAN_POINT('',(-51.4142151698919,-10.,45.));
#9704=CARTESIAN_POINT('Origin',(-43.5857883318749,-5.,50.));
#9705=CARTESIAN_POINT('',(-43.5857883318749,-5.,50.));
#9706=CARTESIAN_POINT('',(-43.5857883318749,-5.,50.));
#9707=CARTESIAN_POINT('',(-46.4142153934154,-5.,49.9999999999955));
#9708=CARTESIAN_POINT('Origin',(-85.0000000000045,-5.,8.58578648050752));
#9709=CARTESIAN_POINT('',(-80.,-5.,13.5857867040573));
#9710=CARTESIAN_POINT('',(-80.,-17.5,13.5857867040387));
#9711=CARTESIAN_POINT('',(-53.5857878848469,-5.,40.));
#9712=CARTESIAN_POINT('',(-43.5857883318749,-5.,50.));
#9713=CARTESIAN_POINT('',(-53.5857878848947,-17.5,40.));
#9714=CARTESIAN_POINT('Origin',(-85.0000000000045,-5.,8.58578648050752));
#9715=CARTESIAN_POINT('',(-48.5857881084213,-5.,45.));
#9716=CARTESIAN_POINT('',(-48.5857881084213,-10.,45.));
#9717=CARTESIAN_POINT('',(-43.5857883318749,-5.,50.));
#9718=CARTESIAN_POINT('Origin',(-41.4142153189141,-5.,50.));
#9719=CARTESIAN_POINT('',(-41.4142153189141,-5.,50.));
#9720=CARTESIAN_POINT('',(-41.4142153189141,-5.,50.));
#9721=CARTESIAN_POINT('',(-46.4142150953903,-5.,45.));
#9722=CARTESIAN_POINT('',(-85.0000000000045,-5.,6.41421337046268));
#9723=CARTESIAN_POINT('',(-46.4142150953903,-10.,45.));
#9724=CARTESIAN_POINT('Origin',(-18.5857867356572,-5.,0.));
#9725=CARTESIAN_POINT('',(-18.5857867356572,-5.,0.));
#9726=CARTESIAN_POINT('',(-18.5857867356572,-5.,0.));
#9727=CARTESIAN_POINT('',(-13.5857867356534,-5.,5.));
#9728=CARTESIAN_POINT('',(31.4142132643428,-5.,50.));
#9729=CARTESIAN_POINT('',(-13.5857867356534,-10.,5.));
#9730=CARTESIAN_POINT('Origin',(-38.5857882573691,-5.,50.0000000000045));
#9731=CARTESIAN_POINT('',(-38.5857882573691,-5.,50.0000000000045));
#9732=CARTESIAN_POINT('',(-38.5857882573691,-5.,50.0000000000045));
#9733=CARTESIAN_POINT('',(-41.4142153189141,-5.,50.));
#9734=CARTESIAN_POINT('Origin',(-21.4142138603893,-5.,0.));
#9735=CARTESIAN_POINT('',(-21.4142138603893,-5.,0.));
#9736=CARTESIAN_POINT('',(-21.4142138603893,-5.,0.));
#9737=CARTESIAN_POINT('',(-21.4142138603893,-5.,0.));
#9738=CARTESIAN_POINT('Origin',(28.5857861396107,-5.,50.));
#9739=CARTESIAN_POINT('',(-5.,-5.,16.4142138604001));
#9740=CARTESIAN_POINT('',(-5.,-17.5,16.4142138603962));
#9741=CARTESIAN_POINT('',(-11.4142138603959,-5.,10.));
#9742=CARTESIAN_POINT('',(-21.4142138603893,-5.,0.));
#9743=CARTESIAN_POINT('',(-11.4142138603975,-17.5,10.));
#9744=CARTESIAN_POINT('Origin',(-85.,-5.,3.58578618250249));
#9745=CARTESIAN_POINT('',(-43.5857880338392,-5.,45.));
#9746=CARTESIAN_POINT('',(-43.5857880338392,-10.,45.));
#9747=CARTESIAN_POINT('',(-38.5857882573691,-5.,50.0000000000045));
#9748=CARTESIAN_POINT('Origin',(-85.,-5.,3.58578618250249));
#9749=CARTESIAN_POINT('',(-83.585786245722,-5.,5.));
#9750=CARTESIAN_POINT('',(-38.5857882573691,-5.,50.0000000000045));
#9751=CARTESIAN_POINT('',(-83.585786245722,-10.,5.));
#9752=CARTESIAN_POINT('Origin',(-23.5857868101493,-5.,4.54747350886464E-12));
#9753=CARTESIAN_POINT('',(-13.5857868101566,-5.,10.));
#9754=CARTESIAN_POINT('',(-13.5857868101561,-17.5,10.));
#9755=CARTESIAN_POINT('',(-5.,-5.,18.585786810156));
#9756=CARTESIAN_POINT('',(26.4142131898507,-5.,50.0000000000045));
#9757=CARTESIAN_POINT('',(-5.,-17.5,18.585786810158));
#9758=CARTESIAN_POINT('Origin',(-23.5857868101493,-5.,4.54747350886464E-12));
#9759=CARTESIAN_POINT('',(-23.5857868101493,-5.,4.54747350886464E-12));
#9760=CARTESIAN_POINT('',(-23.5857868101493,-5.,4.54747350886464E-12));
#9761=CARTESIAN_POINT('',(-18.585786810155,-5.,5.));
#9762=CARTESIAN_POINT('',(26.4142131898507,-5.,50.0000000000045));
#9763=CARTESIAN_POINT('',(-18.585786810155,-10.,5.));
#9764=CARTESIAN_POINT('Origin',(-26.4142139348814,-5.,4.54747350886464E-12));
#9765=CARTESIAN_POINT('',(-26.4142139348814,-5.,4.54747350886464E-12));
#9766=CARTESIAN_POINT('',(-26.4142139348814,-5.,4.54747350886464E-12));
#9767=CARTESIAN_POINT('',(-26.4142139348814,-5.,4.54747350886464E-12));
#9768=CARTESIAN_POINT('Origin',(23.5857860651186,-5.,50.0000000000045));
#9769=CARTESIAN_POINT('',(-5.,-5.,21.4142139349182));
#9770=CARTESIAN_POINT('',(-5.,-17.5,21.4142139349017));
#9771=CARTESIAN_POINT('',(-16.4142139349011,-5.,10.));
#9772=CARTESIAN_POINT('',(-26.4142139348814,-5.,4.54747350886464E-12));
#9773=CARTESIAN_POINT('',(-16.414213934908,-17.5,10.));
#9774=CARTESIAN_POINT('Origin',(23.5857860651186,-5.,50.0000000000045));
#9775=CARTESIAN_POINT('',(-21.4142139349108,-5.,5.));
#9776=CARTESIAN_POINT('',(-21.4142139349108,-10.,5.));
#9777=CARTESIAN_POINT('',(-26.4142139348814,-5.,4.54747350886464E-12));
#9778=CARTESIAN_POINT('Origin',(-36.4142148289648,-5.,50.));
#9779=CARTESIAN_POINT('',(-36.4142148289648,-5.,50.));
#9780=CARTESIAN_POINT('',(-36.4142148289648,-5.,50.));
#9781=CARTESIAN_POINT('',(-41.4142148289685,-5.,45.));
#9782=CARTESIAN_POINT('',(-85.,-5.,1.41421482896476));
#9783=CARTESIAN_POINT('',(-41.4142148289686,-10.,45.));
#9784=CARTESIAN_POINT('Origin',(-36.4142148289648,-5.,50.));
#9785=CARTESIAN_POINT('',(-81.4142148289988,-5.,5.));
#9786=CARTESIAN_POINT('',(-81.4142148289988,-10.,5.));
#9787=CARTESIAN_POINT('',(-85.,-5.,1.41421482896476));
#9788=CARTESIAN_POINT('',(-85.,-5.,1.41421482896476));
#9789=CARTESIAN_POINT('',(-85.,-5.,1.41421482896476));
#9790=CARTESIAN_POINT('Origin',(-36.4142148289648,-5.,50.));
#9791=CARTESIAN_POINT('',(-46.414214828994,-5.,40.));
#9792=CARTESIAN_POINT('',(-46.4142148289723,-17.5,40.));
#9793=CARTESIAN_POINT('',(-76.4142148289713,-5.,10.));
#9794=CARTESIAN_POINT('',(-85.,-5.,1.41421482896476));
#9795=CARTESIAN_POINT('',(-76.414214828995,-17.5,10.));
#9796=CARTESIAN_POINT('Origin',(-28.5857864376203,-5.,4.54747350886464E-12));
#9797=CARTESIAN_POINT('',(-28.5857864376203,-5.,4.54747350886464E-12));
#9798=CARTESIAN_POINT('',(-28.5857864376203,-5.,4.54747350886464E-12));
#9799=CARTESIAN_POINT('',(-23.585786437626,-5.,5.));
#9800=CARTESIAN_POINT('',(21.4142135623661,-5.,50.));
#9801=CARTESIAN_POINT('',(-23.585786437626,-10.,5.));
#9802=CARTESIAN_POINT('Origin',(-33.585787704219,-5.,50.0000000000045));
#9803=CARTESIAN_POINT('',(-33.585787704219,-5.,50.0000000000045));
#9804=CARTESIAN_POINT('',(-33.585787704219,-5.,50.0000000000045));
#9805=CARTESIAN_POINT('',(-36.4142148289648,-5.,50.));
#9806=CARTESIAN_POINT('Origin',(-31.4142135623524,-5.,4.54747350886464E-12));
#9807=CARTESIAN_POINT('',(-31.4142135623524,-5.,4.54747350886464E-12));
#9808=CARTESIAN_POINT('',(-31.4142135623524,-5.,4.54747350886464E-12));
#9809=CARTESIAN_POINT('',(-31.4142135623524,-5.,4.54747350886464E-12));
#9810=CARTESIAN_POINT('Origin',(18.5857864376339,-5.,50.));
#9811=CARTESIAN_POINT('',(-5.,-5.,26.4142135623968));
#9812=CARTESIAN_POINT('',(-5.,-17.5,26.4142135623729));
#9813=CARTESIAN_POINT('',(-21.414213562372,-5.,10.));
#9814=CARTESIAN_POINT('',(-31.4142135623524,-5.,4.54747350886464E-12));
#9815=CARTESIAN_POINT('',(-21.4142135623776,-17.5,10.));
#9816=CARTESIAN_POINT('Origin',(-83.585787704219,-5.,4.54747350886464E-12));
#9817=CARTESIAN_POINT('',(-38.5857877042335,-5.,45.));
#9818=CARTESIAN_POINT('',(-38.5857877042335,-10.,45.));
#9819=CARTESIAN_POINT('',(-33.585787704219,-5.,50.0000000000045));
#9820=CARTESIAN_POINT('Origin',(-83.585787704219,-5.,4.54747350886464E-12));
#9821=CARTESIAN_POINT('',(-83.585787704219,-5.,4.54747350886464E-12));
#9822=CARTESIAN_POINT('',(-83.585787704219,-5.,4.54747350886464E-12));
#9823=CARTESIAN_POINT('',(-78.5857877042247,-5.,5.));
#9824=CARTESIAN_POINT('',(-33.585787704219,-5.,50.0000000000045));
#9825=CARTESIAN_POINT('',(-78.5857877042247,-10.,5.));
#9826=CARTESIAN_POINT('Origin',(-33.5857869591609,-5.,4.54747350886464E-12));
#9827=CARTESIAN_POINT('',(-23.5857869591695,-5.,10.));
#9828=CARTESIAN_POINT('',(-23.5857869591677,-17.5,10.));
#9829=CARTESIAN_POINT('',(-5.,-5.,28.5857869591676));
#9830=CARTESIAN_POINT('',(16.4142130408391,-5.,50.0000000000045));
#9831=CARTESIAN_POINT('',(-5.,-17.5,28.5857869591718));
#9832=CARTESIAN_POINT('Origin',(-33.5857869591609,-5.,4.54747350886464E-12));
#9833=CARTESIAN_POINT('',(-33.5857869591609,-5.,4.54747350886464E-12));
#9834=CARTESIAN_POINT('',(-33.5857869591609,-5.,4.54747350886464E-12));
#9835=CARTESIAN_POINT('',(-28.5857869591666,-5.,5.));
#9836=CARTESIAN_POINT('',(16.4142130408391,-5.,50.0000000000045));
#9837=CARTESIAN_POINT('',(-28.5857869591666,-10.,5.));
#9838=CARTESIAN_POINT('Origin',(-36.4142140838931,-5.,4.54747350886464E-12));
#9839=CARTESIAN_POINT('',(-36.4142140838931,-5.,4.54747350886464E-12));
#9840=CARTESIAN_POINT('',(-36.4142140838931,-5.,4.54747350886464E-12));
#9841=CARTESIAN_POINT('',(-36.4142140838931,-5.,4.54747350886464E-12));
#9842=CARTESIAN_POINT('Origin',(13.5857859161069,-5.,50.0000000000045));
#9843=CARTESIAN_POINT('',(-5.,-5.,31.4142140839449));
#9844=CARTESIAN_POINT('',(-5.,-17.5,31.4142140839131));
#9845=CARTESIAN_POINT('',(-26.4142140839127,-5.,10.));
#9846=CARTESIAN_POINT('',(-36.4142140838931,-5.,4.54747350886464E-12));
#9847=CARTESIAN_POINT('',(-26.4142140839311,-17.5,10.));
#9848=CARTESIAN_POINT('Origin',(13.5857859161069,-5.,50.0000000000045));
#9849=CARTESIAN_POINT('',(-31.4142140839352,-5.,5.));
#9850=CARTESIAN_POINT('',(-31.4142140839352,-10.,5.));
#9851=CARTESIAN_POINT('',(-36.4142140838931,-5.,4.54747350886464E-12));
#9852=CARTESIAN_POINT('Origin',(-31.414214754459,-5.,50.));
#9853=CARTESIAN_POINT('',(-31.414214754459,-5.,50.));
#9854=CARTESIAN_POINT('',(-31.414214754459,-5.,50.));
#9855=CARTESIAN_POINT('',(-36.4142147544627,-5.,45.));
#9856=CARTESIAN_POINT('',(-81.4142147544453,-5.,4.54747350886464E-12));
#9857=CARTESIAN_POINT('',(-36.4142147544627,-10.,45.));
#9858=CARTESIAN_POINT('Origin',(-31.414214754459,-5.,50.));
#9859=CARTESIAN_POINT('',(-76.414214754493,-5.,5.));
#9860=CARTESIAN_POINT('',(-76.414214754493,-10.,5.));
#9861=CARTESIAN_POINT('',(-81.4142147544453,-5.,4.54747350886464E-12));
#9862=CARTESIAN_POINT('',(-81.4142147544453,-5.,4.54747350886464E-12));
#9863=CARTESIAN_POINT('',(-81.4142147544453,-5.,4.54747350886464E-12));
#9864=CARTESIAN_POINT('Origin',(-31.414214754459,-5.,50.));
#9865=CARTESIAN_POINT('',(-41.4142147545101,-5.,40.));
#9866=CARTESIAN_POINT('',(-41.4142147544665,-17.5,40.));
#9867=CARTESIAN_POINT('',(-71.4142147544649,-5.,10.));
#9868=CARTESIAN_POINT('',(-81.4142147544453,-5.,4.54747350886464E-12));
#9869=CARTESIAN_POINT('',(-71.4142147544892,-17.5,10.));
#9870=CARTESIAN_POINT('Origin',(-38.5857870336667,-5.,4.54747350886464E-12));
#9871=CARTESIAN_POINT('',(-38.5857870336667,-5.,4.54747350886464E-12));
#9872=CARTESIAN_POINT('',(-38.5857870336667,-5.,4.54747350886464E-12));
#9873=CARTESIAN_POINT('',(-33.5857870336724,-5.,5.));
#9874=CARTESIAN_POINT('',(11.4142129663196,-5.,50.));
#9875=CARTESIAN_POINT('',(-33.5857870336724,-10.,5.));
#9876=CARTESIAN_POINT('Origin',(-28.5857876297132,-5.,50.0000000000045));
#9877=CARTESIAN_POINT('',(-28.5857876297132,-5.,50.0000000000045));
#9878=CARTESIAN_POINT('',(-28.5857876297132,-5.,50.0000000000045));
#9879=CARTESIAN_POINT('',(-31.414214754459,-5.,50.));
#9880=CARTESIAN_POINT('Origin',(-41.4142141583989,-5.,4.54747350886464E-12));
#9881=CARTESIAN_POINT('',(-41.4142141583989,-5.,4.54747350886464E-12));
#9882=CARTESIAN_POINT('',(-41.4142141583989,-5.,4.54747350886464E-12));
#9883=CARTESIAN_POINT('',(-41.4142141583989,-5.,4.54747350886464E-12));
#9884=CARTESIAN_POINT('Origin',(-78.5857876297132,-5.,4.54747350886464E-12));
#9885=CARTESIAN_POINT('',(-33.5857876297277,-5.,45.));
#9886=CARTESIAN_POINT('',(-33.5857876297277,-10.,45.));
#9887=CARTESIAN_POINT('',(-28.5857876297132,-5.,50.0000000000045));
#9888=CARTESIAN_POINT('Origin',(-78.5857876297132,-5.,4.54747350886464E-12));
#9889=CARTESIAN_POINT('',(-78.5857876297132,-5.,4.54747350886464E-12));
#9890=CARTESIAN_POINT('',(-78.5857876297132,-5.,4.54747350886464E-12));
#9891=CARTESIAN_POINT('',(-73.5857876297189,-5.,5.));
#9892=CARTESIAN_POINT('',(-28.5857876297132,-5.,50.0000000000045));
#9893=CARTESIAN_POINT('',(-73.5857876297189,-10.,5.));
#9894=CARTESIAN_POINT('Origin',(8.58578584158749,-5.,50.));
#9895=CARTESIAN_POINT('',(-36.4142141584346,-5.,5.));
#9896=CARTESIAN_POINT('',(-36.4142141584347,-10.,5.));
#9897=CARTESIAN_POINT('',(-41.4142141583989,-5.,4.54747350886464E-12));
#9898=CARTESIAN_POINT('Origin',(-26.4142146799531,-5.,50.));
#9899=CARTESIAN_POINT('',(-26.4142146799531,-5.,50.));
#9900=CARTESIAN_POINT('',(-26.4142146799531,-5.,50.));
#9901=CARTESIAN_POINT('',(-31.4142146799569,-5.,45.));
#9902=CARTESIAN_POINT('',(-76.4142146799395,-5.,4.54747350886464E-12));
#9903=CARTESIAN_POINT('',(-31.4142146799569,-10.,45.));
#9904=CARTESIAN_POINT('Origin',(-26.4142146799531,-5.,50.));
#9905=CARTESIAN_POINT('',(-71.4142146799872,-5.,5.));
#9906=CARTESIAN_POINT('',(-71.4142146799872,-10.,5.));
#9907=CARTESIAN_POINT('',(-76.4142146799395,-5.,4.54747350886464E-12));
#9908=CARTESIAN_POINT('',(-76.4142146799395,-5.,4.54747350886464E-12));
#9909=CARTESIAN_POINT('',(-76.4142146799395,-5.,4.54747350886464E-12));
#9910=CARTESIAN_POINT('Origin',(-26.4142146799531,-5.,50.));
#9911=CARTESIAN_POINT('',(-36.4142146800043,-5.,40.));
#9912=CARTESIAN_POINT('',(-36.4142146799607,-17.5,40.));
#9913=CARTESIAN_POINT('',(-66.4142146799591,-5.,10.));
#9914=CARTESIAN_POINT('',(-76.4142146799395,-5.,4.54747350886464E-12));
#9915=CARTESIAN_POINT('',(-66.4142146799834,-17.5,10.));
#9916=CARTESIAN_POINT('Origin',(-43.5857864376203,-5.,4.54747350886464E-12));
#9917=CARTESIAN_POINT('',(-43.5857864376203,-5.,4.54747350886464E-12));
#9918=CARTESIAN_POINT('',(-43.5857864376203,-5.,4.54747350886464E-12));
#9919=CARTESIAN_POINT('',(-38.585786437626,-5.,5.));
#9920=CARTESIAN_POINT('',(6.41421356236606,-5.,50.));
#9921=CARTESIAN_POINT('',(-38.585786437626,-10.,5.));
#9922=CARTESIAN_POINT('Origin',(-43.5857864376203,-5.,4.54747350886464E-12));
#9923=CARTESIAN_POINT('',(-33.5857864376077,-5.,10.));
#9924=CARTESIAN_POINT('',(-33.5857864376271,-17.5,10.));
#9925=CARTESIAN_POINT('',(-5.,-5.,38.5857864376264));
#9926=CARTESIAN_POINT('',(6.41421356236606,-5.,50.));
#9927=CARTESIAN_POINT('',(-5.,-17.5,38.5857864376334));
#9928=CARTESIAN_POINT('Origin',(-23.5857875552074,-5.,50.0000000000045));
#9929=CARTESIAN_POINT('',(-23.5857875552074,-5.,50.0000000000045));
#9930=CARTESIAN_POINT('',(-23.5857875552074,-5.,50.0000000000045));
#9931=CARTESIAN_POINT('',(-26.4142146799531,-5.,50.));
#9932=CARTESIAN_POINT('Origin',(-46.4142135623524,-5.,4.54747350886464E-12));
#9933=CARTESIAN_POINT('',(-46.4142135623524,-5.,4.54747350886464E-12));
#9934=CARTESIAN_POINT('',(-46.4142135623524,-5.,4.54747350886464E-12));
#9935=CARTESIAN_POINT('',(-46.4142135623524,-5.,4.54747350886464E-12));
#9936=CARTESIAN_POINT('Origin',(-73.5857875552074,-5.,4.54747350886464E-12));
#9937=CARTESIAN_POINT('',(-28.5857875552219,-5.,45.));
#9938=CARTESIAN_POINT('',(-28.5857875552219,-10.,45.));
#9939=CARTESIAN_POINT('',(-23.5857875552074,-5.,50.0000000000045));
#9940=CARTESIAN_POINT('Origin',(-73.5857875552074,-5.,4.54747350886464E-12));
#9941=CARTESIAN_POINT('',(-73.5857875552074,-5.,4.54747350886464E-12));
#9942=CARTESIAN_POINT('',(-73.5857875552074,-5.,4.54747350886464E-12));
#9943=CARTESIAN_POINT('',(-68.585787555213,-5.,5.));
#9944=CARTESIAN_POINT('',(-23.5857875552074,-5.,50.0000000000045));
#9945=CARTESIAN_POINT('',(-68.585787555213,-10.,5.));
#9946=CARTESIAN_POINT('Origin',(3.58578643763394,-5.,50.));
#9947=CARTESIAN_POINT('',(-41.4142135624001,-5.,5.));
#9948=CARTESIAN_POINT('',(-41.4142135624001,-10.,5.));
#9949=CARTESIAN_POINT('',(-46.4142135623524,-5.,4.54747350886464E-12));
#9950=CARTESIAN_POINT('Origin',(3.58578643763394,-5.,50.));
#9951=CARTESIAN_POINT('',(-6.41421356241722,-5.,40.));
#9952=CARTESIAN_POINT('',(-6.41421356237363,-17.5,40.));
#9953=CARTESIAN_POINT('',(-36.414213562372,-5.,10.));
#9954=CARTESIAN_POINT('',(-46.4142135623524,-5.,4.54747350886464E-12));
#9955=CARTESIAN_POINT('',(-36.4142135623963,-17.5,10.));
#9956=CARTESIAN_POINT('Origin',(3.58578643763394,-5.,50.));
#9957=CARTESIAN_POINT('',(-1.41421356236984,-5.,45.));
#9958=CARTESIAN_POINT('',(-46.4142135623524,-5.,4.54747350886464E-12));
#9959=CARTESIAN_POINT('',(-1.41421356236984,-10.,45.));
#9960=CARTESIAN_POINT('Origin',(-21.4142146054473,-5.,50.));
#9961=CARTESIAN_POINT('',(-21.4142146054473,-5.,50.));
#9962=CARTESIAN_POINT('',(-21.4142146054473,-5.,50.));
#9963=CARTESIAN_POINT('',(-26.4142146054511,-5.,45.));
#9964=CARTESIAN_POINT('',(-71.4142146054337,-5.,4.54747350886464E-12));
#9965=CARTESIAN_POINT('',(-26.4142146054511,-10.,45.));
#9966=CARTESIAN_POINT('Origin',(-21.4142146054473,-5.,50.));
#9967=CARTESIAN_POINT('',(-66.4142146054814,-5.,5.));
#9968=CARTESIAN_POINT('',(-66.4142146054814,-10.,5.));
#9969=CARTESIAN_POINT('',(-71.4142146054337,-5.,4.54747350886464E-12));
#9970=CARTESIAN_POINT('',(-71.4142146054337,-5.,4.54747350886464E-12));
#9971=CARTESIAN_POINT('',(-71.4142146054337,-5.,4.54747350886464E-12));
#9972=CARTESIAN_POINT('Origin',(-21.4142146054473,-5.,50.));
#9973=CARTESIAN_POINT('',(-31.4142146054985,-5.,40.));
#9974=CARTESIAN_POINT('',(-31.4142146054549,-17.5,40.));
#9975=CARTESIAN_POINT('',(-61.4142146054533,-5.,10.));
#9976=CARTESIAN_POINT('',(-71.4142146054337,-5.,4.54747350886464E-12));
#9977=CARTESIAN_POINT('',(-61.4142146054776,-17.5,10.));
#9978=CARTESIAN_POINT('Origin',(-48.5857871826784,-5.,4.54747350886464E-12));
#9979=CARTESIAN_POINT('',(-48.5857871826784,-5.,4.54747350886464E-12));
#9980=CARTESIAN_POINT('',(-48.5857871826784,-5.,4.54747350886464E-12));
#9981=CARTESIAN_POINT('',(-43.585787182684,-5.,5.));
#9982=CARTESIAN_POINT('',(1.41421281732164,-5.,50.0000000000045));
#9983=CARTESIAN_POINT('',(-43.585787182684,-10.,5.));
#9984=CARTESIAN_POINT('Origin',(-48.5857871826784,-5.,4.54747350886464E-12));
#9985=CARTESIAN_POINT('',(-38.5857871826906,-5.,10.));
#9986=CARTESIAN_POINT('',(-38.5857871826851,-17.5,10.));
#9987=CARTESIAN_POINT('',(-8.58578718268483,-5.,40.));
#9988=CARTESIAN_POINT('',(1.41421281732164,-5.,50.0000000000045));
#9989=CARTESIAN_POINT('',(-8.58578718269177,-17.5,40.));
#9990=CARTESIAN_POINT('Origin',(-18.5857874807016,-5.,50.0000000000045));
#9991=CARTESIAN_POINT('',(-18.5857874807016,-5.,50.0000000000045));
#9992=CARTESIAN_POINT('',(-18.5857874807016,-5.,50.0000000000045));
#9993=CARTESIAN_POINT('',(-21.4142146054473,-5.,50.));
#9994=CARTESIAN_POINT('Origin',(-51.4142143074105,-5.,4.54747350886464E-12));
#9995=CARTESIAN_POINT('',(-51.4142143074105,-5.,4.54747350886464E-12));
#9996=CARTESIAN_POINT('',(-51.4142143074105,-5.,4.54747350886464E-12));
#9997=CARTESIAN_POINT('',(-51.4142143074105,-5.,4.54747350886464E-12));
#9998=CARTESIAN_POINT('Origin',(-68.5857874807016,-5.,4.54747350886464E-12));
#9999=CARTESIAN_POINT('',(-23.5857874807161,-5.,45.));
#10000=CARTESIAN_POINT('',(-23.5857874807161,-10.,45.));
#10001=CARTESIAN_POINT('',(-18.5857874807016,-5.,50.0000000000045));
#10002=CARTESIAN_POINT('Origin',(-68.5857874807016,-5.,4.54747350886464E-12));
#10003=CARTESIAN_POINT('',(-68.5857874807016,-5.,4.54747350886464E-12));
#10004=CARTESIAN_POINT('',(-68.5857874807016,-5.,4.54747350886464E-12));
#10005=CARTESIAN_POINT('',(-63.5857874807072,-5.,5.));
#10006=CARTESIAN_POINT('',(-18.5857874807016,-5.,50.0000000000045));
#10007=CARTESIAN_POINT('',(-63.5857874807072,-10.,5.));
#10008=CARTESIAN_POINT('Origin',(-1.41421430742412,-5.,50.));
#10009=CARTESIAN_POINT('',(-46.4142143074582,-5.,5.));
#10010=CARTESIAN_POINT('',(-46.4142143074582,-10.,5.));
#10011=CARTESIAN_POINT('',(-51.4142143074105,-5.,4.54747350886464E-12));
#10012=CARTESIAN_POINT('Origin',(-1.41421430742412,-5.,50.));
#10013=CARTESIAN_POINT('',(-11.4142143074753,-5.,40.));
#10014=CARTESIAN_POINT('',(-11.4142143074317,-17.5,40.));
#10015=CARTESIAN_POINT('',(-41.4142143074301,-5.,10.));
#10016=CARTESIAN_POINT('',(-51.4142143074105,-5.,4.54747350886464E-12));
#10017=CARTESIAN_POINT('',(-41.4142143074544,-17.5,10.));
#10018=CARTESIAN_POINT('Origin',(-16.4142145309415,-5.,50.));
#10019=CARTESIAN_POINT('',(-16.4142145309415,-5.,50.));
#10020=CARTESIAN_POINT('',(-16.4142145309415,-5.,50.));
#10021=CARTESIAN_POINT('',(-21.4142145309453,-5.,45.));
#10022=CARTESIAN_POINT('',(-66.4142145309279,-5.,4.54747350886464E-12));
#10023=CARTESIAN_POINT('',(-21.4142145309453,-10.,45.));
#10024=CARTESIAN_POINT('Origin',(-16.4142145309415,-5.,50.));
#10025=CARTESIAN_POINT('',(-61.4142145309756,-5.,5.));
#10026=CARTESIAN_POINT('',(-61.4142145309756,-10.,5.));
#10027=CARTESIAN_POINT('',(-66.4142145309279,-5.,4.54747350886464E-12));
#10028=CARTESIAN_POINT('',(-66.4142145309279,-5.,4.54747350886464E-12));
#10029=CARTESIAN_POINT('',(-66.4142145309279,-5.,4.54747350886464E-12));
#10030=CARTESIAN_POINT('Origin',(-16.4142145309415,-5.,50.));
#10031=CARTESIAN_POINT('',(-26.4142145309927,-5.,40.));
#10032=CARTESIAN_POINT('',(-26.4142145309491,-17.5,40.));
#10033=CARTESIAN_POINT('',(-56.4142145309475,-5.,10.));
#10034=CARTESIAN_POINT('',(-66.4142145309279,-5.,4.54747350886464E-12));
#10035=CARTESIAN_POINT('',(-56.4142145309718,-17.5,10.));
#10036=CARTESIAN_POINT('Origin',(-53.5857872571842,-5.,4.54747350886464E-12));
#10037=CARTESIAN_POINT('',(-53.5857872571842,-5.,4.54747350886464E-12));
#10038=CARTESIAN_POINT('',(-53.5857872571842,-5.,4.54747350886464E-12));
#10039=CARTESIAN_POINT('',(-48.5857872571898,-5.,5.));
#10040=CARTESIAN_POINT('',(-3.58578725718417,-5.,50.0000000000045));
#10041=CARTESIAN_POINT('',(-48.5857872571898,-10.,5.));
#10042=CARTESIAN_POINT('Origin',(-53.5857872571842,-5.,4.54747350886464E-12));
#10043=CARTESIAN_POINT('',(-8.5857872571987,-5.,45.));
#10044=CARTESIAN_POINT('',(-8.58578725719869,-10.,45.));
#10045=CARTESIAN_POINT('',(-3.58578725718417,-5.,50.0000000000045));
#10046=CARTESIAN_POINT('',(-3.58578725718417,-5.,50.0000000000045));
#10047=CARTESIAN_POINT('',(-3.58578725718417,-5.,50.0000000000045));
#10048=CARTESIAN_POINT('Origin',(-53.5857872571842,-5.,4.54747350886464E-12));
#10049=CARTESIAN_POINT('',(-43.5857872571964,-5.,10.));
#10050=CARTESIAN_POINT('',(-43.5857872571909,-17.5,10.));
#10051=CARTESIAN_POINT('',(-13.5857872571906,-5.,40.));
#10052=CARTESIAN_POINT('',(-3.58578725718417,-5.,50.0000000000045));
#10053=CARTESIAN_POINT('',(-13.5857872571976,-17.5,40.));
#10054=CARTESIAN_POINT('Origin',(-13.5857874061958,-5.,50.0000000000045));
#10055=CARTESIAN_POINT('',(-13.5857874061958,-5.,50.0000000000045));
#10056=CARTESIAN_POINT('',(-13.5857874061958,-5.,50.0000000000045));
#10057=CARTESIAN_POINT('',(-16.4142145309415,-5.,50.));
#10058=CARTESIAN_POINT('Origin',(-56.4142143819163,-5.,4.54747350886464E-12));
#10059=CARTESIAN_POINT('',(-56.4142143819163,-5.,4.54747350886464E-12));
#10060=CARTESIAN_POINT('',(-56.4142143819163,-5.,4.54747350886464E-12));
#10061=CARTESIAN_POINT('',(-56.4142143819163,-5.,4.54747350886464E-12));
#10062=CARTESIAN_POINT('Origin',(-63.5857874061958,-5.,4.54747350886464E-12));
#10063=CARTESIAN_POINT('',(-18.5857874062103,-5.,45.));
#10064=CARTESIAN_POINT('',(-18.5857874062103,-10.,45.));
#10065=CARTESIAN_POINT('',(-13.5857874061958,-5.,50.0000000000045));
#10066=CARTESIAN_POINT('Origin',(-63.5857874061958,-5.,4.54747350886464E-12));
#10067=CARTESIAN_POINT('',(-63.5857874061958,-5.,4.54747350886464E-12));
#10068=CARTESIAN_POINT('',(-63.5857874061958,-5.,4.54747350886464E-12));
#10069=CARTESIAN_POINT('',(-58.5857874062014,-5.,5.));
#10070=CARTESIAN_POINT('',(-13.5857874061958,-5.,50.0000000000045));
#10071=CARTESIAN_POINT('',(-58.5857874062014,-10.,5.));
#10072=CARTESIAN_POINT('Origin',(-6.41421438192992,-5.,50.));
#10073=CARTESIAN_POINT('',(-51.414214381964,-5.,5.));
#10074=CARTESIAN_POINT('',(-51.414214381964,-10.,5.));
#10075=CARTESIAN_POINT('',(-56.4142143819163,-5.,4.54747350886464E-12));
#10076=CARTESIAN_POINT('Origin',(-6.41421438192992,-5.,50.));
#10077=CARTESIAN_POINT('',(-16.4142143819811,-5.,40.));
#10078=CARTESIAN_POINT('',(-16.4142143819375,-17.5,40.));
#10079=CARTESIAN_POINT('',(-46.4142143819359,-5.,10.));
#10080=CARTESIAN_POINT('',(-56.4142143819163,-5.,4.54747350886464E-12));
#10081=CARTESIAN_POINT('',(-46.4142143819602,-17.5,10.));
#10082=CARTESIAN_POINT('Origin',(-11.4142144564357,-5.,50.));
#10083=CARTESIAN_POINT('',(-11.4142144564357,-5.,50.));
#10084=CARTESIAN_POINT('',(-11.4142144564357,-5.,50.));
#10085=CARTESIAN_POINT('',(-16.4142144564395,-5.,45.));
#10086=CARTESIAN_POINT('',(-61.4142144564221,-5.,4.54747350886464E-12));
#10087=CARTESIAN_POINT('',(-16.4142144564395,-10.,45.));
#10088=CARTESIAN_POINT('Origin',(-11.4142144564357,-5.,50.));
#10089=CARTESIAN_POINT('',(-56.4142144564698,-5.,5.));
#10090=CARTESIAN_POINT('',(-56.4142144564698,-10.,5.));
#10091=CARTESIAN_POINT('',(-61.4142144564221,-5.,4.54747350886464E-12));
#10092=CARTESIAN_POINT('',(-61.4142144564221,-5.,4.54747350886464E-12));
#10093=CARTESIAN_POINT('',(-61.4142144564221,-5.,4.54747350886464E-12));
#10094=CARTESIAN_POINT('Origin',(-11.4142144564357,-5.,50.));
#10095=CARTESIAN_POINT('',(-21.4142144564869,-5.,40.));
#10096=CARTESIAN_POINT('',(-21.4142144564433,-17.5,40.));
#10097=CARTESIAN_POINT('',(-51.4142144564417,-5.,10.));
#10098=CARTESIAN_POINT('',(-61.4142144564221,-5.,4.54747350886464E-12));
#10099=CARTESIAN_POINT('',(-51.414214456466,-17.5,10.));
#10100=CARTESIAN_POINT('Origin',(-58.58578733169,-5.,4.54747350886464E-12));
#10101=CARTESIAN_POINT('',(-58.58578733169,-5.,4.54747350886464E-12));
#10102=CARTESIAN_POINT('',(-58.58578733169,-5.,4.54747350886464E-12));
#10103=CARTESIAN_POINT('',(-53.5857873316956,-5.,5.));
#10104=CARTESIAN_POINT('',(-8.58578733168997,-5.,50.0000000000045));
#10105=CARTESIAN_POINT('',(-53.5857873316956,-10.,5.));
#10106=CARTESIAN_POINT('Origin',(-58.58578733169,-5.,4.54747350886464E-12));
#10107=CARTESIAN_POINT('',(-13.5857873317045,-5.,45.));
#10108=CARTESIAN_POINT('',(-13.5857873317045,-10.,45.));
#10109=CARTESIAN_POINT('',(-8.58578733168997,-5.,50.0000000000045));
#10110=CARTESIAN_POINT('',(-8.58578733168997,-5.,50.0000000000045));
#10111=CARTESIAN_POINT('',(-8.58578733168997,-5.,50.0000000000045));
#10112=CARTESIAN_POINT('Origin',(-58.58578733169,-5.,4.54747350886464E-12));
#10113=CARTESIAN_POINT('',(-48.5857873317022,-5.,10.));
#10114=CARTESIAN_POINT('',(-48.5857873316967,-17.5,10.));
#10115=CARTESIAN_POINT('',(-18.5857873316964,-5.,40.));
#10116=CARTESIAN_POINT('',(-8.58578733168997,-5.,50.0000000000045));
#10117=CARTESIAN_POINT('',(-18.5857873317034,-17.5,40.));
#10118=CARTESIAN_POINT('Origin',(-8.58578733168997,-5.,50.0000000000045));
#10119=CARTESIAN_POINT('',(-11.4142144564357,-5.,50.));
#10120=CARTESIAN_POINT('Origin',(-19.9999999999949,-5.,25.000000000004));
#10121=CARTESIAN_POINT('',(-71.4142154679172,-5.,45.));
#10122=CARTESIAN_POINT('',(-55.,-5.,45.));
#10123=CARTESIAN_POINT('',(-84.9999999999955,-5.,31.414214860597));
#10124=CARTESIAN_POINT('',(-55.,-5.,45.));
#10125=CARTESIAN_POINT('',(-55.,-5.,45.));
#10126=CARTESIAN_POINT('',(-55.,-5.,45.));
#10127=CARTESIAN_POINT('',(-55.,-5.,45.));
#10128=CARTESIAN_POINT('',(-55.,-5.,45.));
#10129=CARTESIAN_POINT('',(-55.,-5.,45.));
#10130=CARTESIAN_POINT('',(-55.,-5.,45.));
#10131=CARTESIAN_POINT('',(-55.,-5.,45.));
#10132=CARTESIAN_POINT('',(-55.,-5.,45.));
#10133=CARTESIAN_POINT('',(-55.,-5.,45.));
#10134=CARTESIAN_POINT('',(-55.,-5.,45.));
#10135=CARTESIAN_POINT('',(-11.4142143819337,-5.,45.));
#10136=CARTESIAN_POINT('',(-55.,-5.,45.));
#10137=CARTESIAN_POINT('',(-6.41421438192992,-5.,50.));
#10138=CARTESIAN_POINT('',(-56.4142143819163,-5.,4.54747350886464E-12));
#10139=CARTESIAN_POINT('',(-6.41421438192992,-5.,50.));
#10140=CARTESIAN_POINT('',(-6.41421430742791,-5.,45.));
#10141=CARTESIAN_POINT('',(-55.,-5.,45.));
#10142=CARTESIAN_POINT('',(-51.4142143074105,-5.,4.54747350886464E-12));
#10143=CARTESIAN_POINT('',(-3.58578718269289,-5.,45.));
#10144=CARTESIAN_POINT('',(1.41421281732164,-5.,50.0000000000045));
#10145=CARTESIAN_POINT('',(-55.,-5.,45.));
#10146=CARTESIAN_POINT('',(-27.5,-5.,5.));
#10147=CARTESIAN_POINT('',(-16.4142138603985,-5.,5.));
#10148=CARTESIAN_POINT('',(-21.4142138603893,-5.,0.));
#10149=CARTESIAN_POINT('',(-27.5,-5.,5.));
#10150=CARTESIAN_POINT('',(-27.5,-5.,5.));
#10151=CARTESIAN_POINT('',(-26.4142135623791,-5.,5.));
#10152=CARTESIAN_POINT('',(-31.4142135623524,-5.,4.54747350886464E-12));
#10153=CARTESIAN_POINT('',(-27.5,-5.,5.));
#10154=CARTESIAN_POINT('',(-27.5,-5.,5.));
#10155=CARTESIAN_POINT('',(-27.5,-5.,5.));
#10156=CARTESIAN_POINT('',(-27.5,-5.,5.));
#10157=CARTESIAN_POINT('',(-27.5,-5.,5.));
#10158=CARTESIAN_POINT('',(-27.5,-5.,5.));
#10159=CARTESIAN_POINT('',(-61.4142144564221,-5.,4.54747350886464E-12));
#10160=CARTESIAN_POINT('',(-27.5,-5.,5.));
#10161=CARTESIAN_POINT('',(-66.4142145309279,-5.,4.54747350886464E-12));
#10162=CARTESIAN_POINT('',(-27.5,-5.,5.));
#10163=CARTESIAN_POINT('',(-71.4142146054337,-5.,4.54747350886464E-12));
#10164=CARTESIAN_POINT('',(-27.5,-5.,5.));
#10165=CARTESIAN_POINT('',(-76.4142146799395,-5.,4.54747350886464E-12));
#10166=CARTESIAN_POINT('',(-27.5,-5.,5.));
#10167=CARTESIAN_POINT('',(-81.4142147544453,-5.,4.54747350886464E-12));
#10168=CARTESIAN_POINT('',(-27.5,-5.,5.));
#10169=CARTESIAN_POINT('',(-85.,-5.,1.41421482896476));
#10170=CARTESIAN_POINT('',(-27.5,-5.,5.));
#10171=CARTESIAN_POINT('',(-5.,-5.,23.5857864376267));
#10172=CARTESIAN_POINT('',(-5.,-5.,25.));
#10173=CARTESIAN_POINT('',(-18.585786437623,-5.,10.));
#10174=CARTESIAN_POINT('',(21.4142135623661,-5.,50.));
#10175=CARTESIAN_POINT('',(-35.,-5.,10.));
#10176=CARTESIAN_POINT('',(-5.,-5.,13.58578673565));
#10177=CARTESIAN_POINT('',(-8.58578673564928,-5.,10.));
#10178=CARTESIAN_POINT('',(31.4142132643428,-5.,50.));
#10179=CARTESIAN_POINT('',(-5.,-5.,10.));
#10180=CARTESIAN_POINT('',(-35.,-5.,10.));
#10181=CARTESIAN_POINT('',(-5.,-5.,25.));
#10182=CARTESIAN_POINT('',(-35.,-5.,10.));
#10183=CARTESIAN_POINT('',(-5.,-5.,25.));
#10184=CARTESIAN_POINT('',(-5.,-5.,33.585787033673));
#10185=CARTESIAN_POINT('',(-5.,-5.,25.));
#10186=CARTESIAN_POINT('',(-28.5857870336625,-5.,10.));
#10187=CARTESIAN_POINT('',(11.4142129663196,-5.,50.));
#10188=CARTESIAN_POINT('',(-35.,-5.,10.));
#10189=CARTESIAN_POINT('',(-35.,-5.,10.));
#10190=CARTESIAN_POINT('',(-5.,-5.,25.));
#10191=CARTESIAN_POINT('',(-35.,-5.,40.));
#10192=CARTESIAN_POINT('',(-35.,-5.,10.));
#10193=CARTESIAN_POINT('',(-35.,-5.,10.));
#10194=CARTESIAN_POINT('',(-35.,-5.,40.));
#10195=CARTESIAN_POINT('',(-28.5857874807081,-5.,40.));
#10196=CARTESIAN_POINT('',(-35.,-5.,40.));
#10197=CARTESIAN_POINT('',(-58.5857874807138,-5.,10.));
#10198=CARTESIAN_POINT('',(-18.5857874807016,-5.,50.0000000000045));
#10199=CARTESIAN_POINT('',(-35.,-5.,10.));
#10200=CARTESIAN_POINT('',(-63.5857875552196,-5.,10.));
#10201=CARTESIAN_POINT('',(-35.,-5.,10.));
#10202=CARTESIAN_POINT('',(-33.5857875552139,-5.,40.));
#10203=CARTESIAN_POINT('',(-35.,-5.,40.));
#10204=CARTESIAN_POINT('',(-23.5857875552074,-5.,50.0000000000045));
#10205=CARTESIAN_POINT('',(-48.5857878103413,-5.,40.));
#10206=CARTESIAN_POINT('',(-35.,-5.,40.));
#10207=CARTESIAN_POINT('',(-78.5857864692443,-5.,10.));
#10208=CARTESIAN_POINT('',(-38.5857882573691,-5.,50.0000000000045));
#10209=CARTESIAN_POINT('',(-35.,-5.,10.));
#10210=CARTESIAN_POINT('',(-80.,-5.,11.414213593983));
#10211=CARTESIAN_POINT('',(-80.,-5.,25.));
#10212=CARTESIAN_POINT('',(-51.4142148718578,-5.,40.));
#10213=CARTESIAN_POINT('',(-85.0000000000045,-5.,6.41421337046268));
#10214=CARTESIAN_POINT('',(-35.,-5.,40.));
#10215=CARTESIAN_POINT('',(-35.,-5.,40.));
#10216=CARTESIAN_POINT('',(-80.,-5.,25.));
#10217=CARTESIAN_POINT('',(-80.,-5.,25.));
#10218=CARTESIAN_POINT('',(-35.,-5.,40.));
#10219=CARTESIAN_POINT('',(-80.,-5.,40.));
#10220=CARTESIAN_POINT('',(-35.,-5.,40.));
#10221=CARTESIAN_POINT('',(-80.,-5.,25.));
#10222=CARTESIAN_POINT('',(-80.,-5.,25.));
#10223=CARTESIAN_POINT('',(-35.,-5.,40.));
#10224=CARTESIAN_POINT('',(-80.,-5.,16.4142138920092));
#10225=CARTESIAN_POINT('',(-56.4142149464683,-5.,40.));
#10226=CARTESIAN_POINT('',(-85.,-5.,11.4142136684723));
#10227=CARTESIAN_POINT('',(-35.,-5.,40.));
#10228=CARTESIAN_POINT('',(-80.,-5.,25.));
#10229=CARTESIAN_POINT('',(-73.5857877042313,-5.,10.));
#10230=CARTESIAN_POINT('',(-35.,-5.,10.));
#10231=CARTESIAN_POINT('',(-43.5857877042255,-5.,40.));
#10232=CARTESIAN_POINT('',(-35.,-5.,40.));
#10233=CARTESIAN_POINT('',(-33.585787704219,-5.,50.0000000000045));
#10234=CARTESIAN_POINT('',(-38.5857876297197,-5.,40.));
#10235=CARTESIAN_POINT('',(-35.,-5.,40.));
#10236=CARTESIAN_POINT('',(-68.5857876297254,-5.,10.));
#10237=CARTESIAN_POINT('',(-28.5857876297132,-5.,50.0000000000045));
#10238=CARTESIAN_POINT('',(-35.,-5.,10.));
#10239=CARTESIAN_POINT('',(-53.585787406208,-5.,10.));
#10240=CARTESIAN_POINT('',(-35.,-5.,10.));
#10241=CARTESIAN_POINT('',(-23.5857874062023,-5.,40.));
#10242=CARTESIAN_POINT('',(-35.,-5.,40.));
#10243=CARTESIAN_POINT('',(-13.5857874061958,-5.,50.0000000000045));
#10244=CARTESIAN_POINT('',(-35.,-5.,40.));
#10245=CARTESIAN_POINT('',(-35.,-5.,10.));
#10246=CARTESIAN_POINT('',(-31.4142141584185,-5.,10.));
#10247=CARTESIAN_POINT('',(-35.,-5.,10.));
#10248=CARTESIAN_POINT('',(-5.,-5.,36.4142141584583));
#10249=CARTESIAN_POINT('',(-41.4142141583989,-5.,4.54747350886464E-12));
#10250=CARTESIAN_POINT('',(-5.,-5.,25.));
#10251=CARTESIAN_POINT('Origin',(-6.41421438192992,-5.,50.));
#10252=CARTESIAN_POINT('',(-6.41421438192992,-5.,50.));
#10253=CARTESIAN_POINT('',(-11.4142143819337,-10.,45.));
#10254=CARTESIAN_POINT('Origin',(-3.58578725718417,-5.,50.0000000000045));
#10255=CARTESIAN_POINT('Origin',(-63.5857874061958,-5.,4.54747350886464E-12));
#10256=CARTESIAN_POINT('',(-53.5857874062025,-17.5,10.));
#10257=CARTESIAN_POINT('',(-23.5857874062092,-17.5,40.));
#10258=CARTESIAN_POINT('Origin',(-66.4142145309279,-5.,4.54747350886464E-12));
#10259=CARTESIAN_POINT('Origin',(-73.5857875552074,-5.,4.54747350886464E-12));
#10260=CARTESIAN_POINT('',(-63.5857875552142,-17.5,10.));
#10261=CARTESIAN_POINT('',(-33.5857875552208,-17.5,40.));
#10262=CARTESIAN_POINT('Origin',(-76.4142146799395,-5.,4.54747350886464E-12));
#10263=CARTESIAN_POINT('Origin',(-83.585787704219,-5.,4.54747350886464E-12));
#10264=CARTESIAN_POINT('',(-73.5857877042258,-17.5,10.));
#10265=CARTESIAN_POINT('',(-43.5857877042324,-17.5,40.));
#10266=CARTESIAN_POINT('Origin',(-85.,-5.,1.41421482896476));
#10267=CARTESIAN_POINT('Origin',(-46.4142153934154,-5.,49.9999999999955));
#10268=CARTESIAN_POINT('',(-56.4142149463731,-17.5,40.));
#10269=CARTESIAN_POINT('',(-80.,-17.5,16.4142138919993));
#10270=CARTESIAN_POINT('Origin',(-66.4142156914386,-5.,50.));
#10271=CARTESIAN_POINT('',(-71.4142154679173,-10.,45.));
#10272=CARTESIAN_POINT('Origin',(-85.,-5.,3.58578618250249));
#10273=CARTESIAN_POINT('',(-78.5857864692367,-17.5,10.));
#10274=CARTESIAN_POINT('',(-48.5857878103246,-17.5,40.));
#10275=CARTESIAN_POINT('Origin',(-41.4142153189141,-5.,50.));
#10276=CARTESIAN_POINT('',(-51.4142148718666,-17.5,40.));
#10277=CARTESIAN_POINT('',(-80.,-17.5,11.4142135939459));
#10278=CARTESIAN_POINT('Origin',(-78.5857876297132,-5.,4.54747350886464E-12));
#10279=CARTESIAN_POINT('',(-68.58578762972,-17.5,10.));
#10280=CARTESIAN_POINT('',(-38.5857876297266,-17.5,40.));
#10281=CARTESIAN_POINT('Origin',(-81.4142147544453,-5.,4.54747350886464E-12));
#10282=CARTESIAN_POINT('Origin',(-68.5857874807016,-5.,4.54747350886464E-12));
#10283=CARTESIAN_POINT('',(-58.5857874807083,-17.5,10.));
#10284=CARTESIAN_POINT('',(-28.585787480715,-17.5,40.));
#10285=CARTESIAN_POINT('Origin',(-71.4142146054337,-5.,4.54747350886464E-12));
#10286=CARTESIAN_POINT('Origin',(-61.4142144564221,-5.,4.54747350886464E-12));
#10287=CARTESIAN_POINT('Origin',(-48.5857871826784,-5.,4.54747350886464E-12));
#10288=CARTESIAN_POINT('',(-3.58578718269289,-10.,45.));
#10289=CARTESIAN_POINT('Origin',(-1.41421430742412,-5.,50.));
#10290=CARTESIAN_POINT('',(-6.41421430742791,-10.,45.));
#10291=CARTESIAN_POINT('Origin',(-38.5857870336667,-5.,4.54747350886464E-12));
#10292=CARTESIAN_POINT('',(-28.5857870336735,-17.5,10.));
#10293=CARTESIAN_POINT('',(-5.,-17.5,33.5857870336787));
#10294=CARTESIAN_POINT('Origin',(8.58578584158749,-5.,50.));
#10295=CARTESIAN_POINT('',(-5.,-17.5,36.4142141584192));
#10296=CARTESIAN_POINT('',(-31.4142141584322,-17.5,10.));
#10297=CARTESIAN_POINT('Origin',(-28.5857864376203,-5.,4.54747350886464E-12));
#10298=CARTESIAN_POINT('',(-18.5857864376271,-17.5,10.));
#10299=CARTESIAN_POINT('',(-5.,-17.5,23.5857864376301));
#10300=CARTESIAN_POINT('Origin',(18.5857864376339,-5.,50.));
#10301=CARTESIAN_POINT('',(-26.4142135623791,-10.,5.));
#10302=CARTESIAN_POINT('Origin',(-18.5857867356572,-5.,0.));
#10303=CARTESIAN_POINT('',(-8.58578673564959,-17.5,10.));
#10304=CARTESIAN_POINT('',(-5.,-17.5,13.5857867356469));
#10305=CARTESIAN_POINT('Origin',(28.5857861396107,-5.,50.));
#10306=CARTESIAN_POINT('',(-16.4142138603985,-10.,5.));
#10307=CARTESIAN_POINT('Origin',(-80.,-30.,25.));
#10308=CARTESIAN_POINT('',(-80.,-30.,40.));
#10309=CARTESIAN_POINT('Origin',(-80.,-30.,25.));
#10310=CARTESIAN_POINT('Origin',(-80.,-30.,25.));
#10311=CARTESIAN_POINT('Origin',(-80.,-30.,25.));
#10312=CARTESIAN_POINT('Origin',(-80.,-30.,25.));
#10313=CARTESIAN_POINT('Origin',(-27.5,-15.,45.));
#10314=CARTESIAN_POINT('Origin',(-27.5,-15.,45.));
#10315=CARTESIAN_POINT('Origin',(-27.5,-15.,45.));
#10316=CARTESIAN_POINT('Origin',(-27.5,-15.,45.));
#10317=CARTESIAN_POINT('Origin',(-27.5,-15.,45.));
#10318=CARTESIAN_POINT('Origin',(-27.5,-15.,45.));
#10319=CARTESIAN_POINT('Origin',(-27.5,-15.,45.));
#10320=CARTESIAN_POINT('Origin',(-27.5,-15.,45.));
#10321=CARTESIAN_POINT('Origin',(-27.5,-15.,45.));
#10322=CARTESIAN_POINT('Origin',(-27.5,-15.,45.));
#10323=CARTESIAN_POINT('Origin',(-27.5,-15.,45.));
#10324=CARTESIAN_POINT('Origin',(-27.5,-15.,45.));
#10325=CARTESIAN_POINT('Origin',(-27.5,-15.,45.));
#10326=CARTESIAN_POINT('Origin',(-27.5,-15.,45.));
#10327=CARTESIAN_POINT('Origin',(-27.5,-15.,45.));
#10328=CARTESIAN_POINT('Origin',(-42.5,-30.,40.));
#10329=CARTESIAN_POINT('Origin',(-42.5,-30.,40.));
#10330=CARTESIAN_POINT('Origin',(-42.5,-30.,40.));
#10331=CARTESIAN_POINT('Origin',(-42.5,-30.,40.));
#10332=CARTESIAN_POINT('Origin',(-42.5,-30.,40.));
#10333=CARTESIAN_POINT('Origin',(-42.5,-30.,40.));
#10334=CARTESIAN_POINT('Origin',(-42.5,-30.,40.));
#10335=CARTESIAN_POINT('Origin',(-42.5,-30.,40.));
#10336=CARTESIAN_POINT('Origin',(-42.5,-30.,40.));
#10337=CARTESIAN_POINT('Origin',(-42.5,-30.,40.));
#10338=CARTESIAN_POINT('Origin',(-42.5,-30.,40.));
#10339=CARTESIAN_POINT('Origin',(-42.5,-30.,40.));
#10340=CARTESIAN_POINT('Origin',(-42.5,-30.,40.));
#10341=CARTESIAN_POINT('Origin',(-42.5,-30.,40.));
#10342=CARTESIAN_POINT('Origin',(-27.5,-15.,5.));
#10343=CARTESIAN_POINT('Origin',(-27.5,-15.,5.));
#10344=CARTESIAN_POINT('Origin',(-27.5,-15.,5.));
#10345=CARTESIAN_POINT('Origin',(-27.5,-15.,5.));
#10346=CARTESIAN_POINT('Origin',(-27.5,-15.,5.));
#10347=CARTESIAN_POINT('Origin',(-27.5,-15.,5.));
#10348=CARTESIAN_POINT('Origin',(-27.5,-15.,5.));
#10349=CARTESIAN_POINT('Origin',(-27.5,-15.,5.));
#10350=CARTESIAN_POINT('Origin',(-27.5,-15.,5.));
#10351=CARTESIAN_POINT('Origin',(-27.5,-15.,5.));
#10352=CARTESIAN_POINT('Origin',(-27.5,-15.,5.));
#10353=CARTESIAN_POINT('Origin',(-27.5,-15.,5.));
#10354=CARTESIAN_POINT('Origin',(-27.5,-15.,5.));
#10355=CARTESIAN_POINT('Origin',(-27.5,-15.,5.));
#10356=CARTESIAN_POINT('Origin',(-27.5,-15.,5.));
#10357=CARTESIAN_POINT('Origin',(-42.5,-30.,10.));
#10358=CARTESIAN_POINT('',(-5.,-30.,10.));
#10359=CARTESIAN_POINT('Origin',(-42.5,-30.,10.));
#10360=CARTESIAN_POINT('Origin',(-42.5,-30.,10.));
#10361=CARTESIAN_POINT('Origin',(-42.5,-30.,10.));
#10362=CARTESIAN_POINT('Origin',(-42.5,-30.,10.));
#10363=CARTESIAN_POINT('Origin',(-42.5,-30.,10.));
#10364=CARTESIAN_POINT('Origin',(-42.5,-30.,10.));
#10365=CARTESIAN_POINT('Origin',(-42.5,-30.,10.));
#10366=CARTESIAN_POINT('Origin',(-42.5,-30.,10.));
#10367=CARTESIAN_POINT('Origin',(-42.5,-30.,10.));
#10368=CARTESIAN_POINT('Origin',(-42.5,-30.,10.));
#10369=CARTESIAN_POINT('Origin',(-42.5,-30.,10.));
#10370=CARTESIAN_POINT('Origin',(-42.5,-30.,10.));
#10371=CARTESIAN_POINT('Origin',(-42.5,-30.,10.));
#10372=CARTESIAN_POINT('Origin',(-5.,-30.,25.));
#10373=CARTESIAN_POINT('Origin',(-5.,-30.,25.));
#10374=CARTESIAN_POINT('Origin',(-5.,-30.,25.));
#10375=CARTESIAN_POINT('Origin',(-5.,-30.,25.));
#10376=CARTESIAN_POINT('Origin',(-5.,-30.,25.));
#10377=CARTESIAN_POINT('Origin',(-5.,-30.,25.));
#10378=CARTESIAN_POINT('Origin',(-42.5,-30.,10.));
#10379=CARTESIAN_POINT('Origin',(-80.,-30.,25.));
#10380=CARTESIAN_POINT('Origin',(-42.5,-30.,40.));
#10381=UNCERTAINTY_MEASURE_WITH_UNIT(LENGTH_MEASURE(0.01),#10385,
'DISTANCE_ACCURACY_VALUE',
'Maximum model space distance between geometric entities at asserted c
onnectivities');
#10382=UNCERTAINTY_MEASURE_WITH_UNIT(LENGTH_MEASURE(0.01),#10385,
'DISTANCE_ACCURACY_VALUE',
'Maximum model space distance between geometric entities at asserted c
onnectivities');
#10383=(
GEOMETRIC_REPRESENTATION_CONTEXT(3)
GLOBAL_UNCERTAINTY_ASSIGNED_CONTEXT((#10381))
GLOBAL_UNIT_ASSIGNED_CONTEXT((#10385,#10387,#10388))
REPRESENTATION_CONTEXT('','3D')
);
#10384=(
GEOMETRIC_REPRESENTATION_CONTEXT(3)
GLOBAL_UNCERTAINTY_ASSIGNED_CONTEXT((#10382))
GLOBAL_UNIT_ASSIGNED_CONTEXT((#10385,#10387,#10388))
REPRESENTATION_CONTEXT('','3D')
);
#10385=(
LENGTH_UNIT()
NAMED_UNIT(*)
SI_UNIT(.MILLI.,.METRE.)
);
#10386=(
LENGTH_UNIT()
NAMED_UNIT(*)
SI_UNIT($,.METRE.)
);
#10387=(
NAMED_UNIT(*)
PLANE_ANGLE_UNIT()
SI_UNIT($,.RADIAN.)
);
#10388=(
NAMED_UNIT(*)
SI_UNIT($,.STERADIAN.)
SOLID_ANGLE_UNIT()
);
#10389=SHAPE_DEFINITION_REPRESENTATION(#10390,#10391);
#10390=PRODUCT_DEFINITION_SHAPE('',$,#10393);
#10391=SHAPE_REPRESENTATION('',(#6406),#10383);
#10392=PRODUCT_DEFINITION_CONTEXT('part definition',#10397,'design');
#10393=PRODUCT_DEFINITION('2026-07-21-06-03-20-732',
'Front And Back Movement final wro 1001',#10394,#10392);
#10394=PRODUCT_DEFINITION_FORMATION('',$,#10399);
#10395=PRODUCT_RELATED_PRODUCT_CATEGORY(
'Front And Back Movement final wro 1001',
'Front And Back Movement final wro 1001',(#10399));
#10396=APPLICATION_PROTOCOL_DEFINITION('international standard',
'automotive_design',2009,#10397);
#10397=APPLICATION_CONTEXT(
'Core Data for Automotive Mechanical Design Process');
#10398=PRODUCT_CONTEXT('part definition',#10397,'mechanical');
#10399=PRODUCT('2026-07-21-06-03-20-732',
'Front And Back Movement final wro 1001',$,(#10398));
#10400=PRESENTATION_STYLE_ASSIGNMENT((#10402));
#10401=PRESENTATION_STYLE_ASSIGNMENT((#10403));
#10402=SURFACE_STYLE_USAGE(.BOTH.,#10404);
#10403=SURFACE_STYLE_USAGE(.BOTH.,#10405);
#10404=SURFACE_SIDE_STYLE('',(#10406));
#10405=SURFACE_SIDE_STYLE('',(#10407));
#10406=SURFACE_STYLE_FILL_AREA(#10408);
#10407=SURFACE_STYLE_FILL_AREA(#10409);
#10408=FILL_AREA_STYLE('Steel - Satin',(#10410));
#10409=FILL_AREA_STYLE('Opaque(160,160,160)',(#10411));
#10410=FILL_AREA_STYLE_COLOUR('Steel - Satin',#10412);
#10411=FILL_AREA_STYLE_COLOUR('Opaque(160,160,160)',#10413);
#10412=COLOUR_RGB('Steel - Satin',0.627450980392157,0.627450980392157,0.627450980392157);
#10413=COLOUR_RGB('Opaque(160,160,160)',0.627450980392157,0.627450980392157,
0.627450980392157);
ENDSEC;
END-ISO-10303-21;
