ISO-10303-21;
HEADER;
/* Generated by software containing ST-Developer
 * from STEP Tools, Inc. (www.steptools.com) 
 */

FILE_DESCRIPTION(
/* description */ ('STEP AP214'),
/* implementation_level */ '2;1');

FILE_NAME(
/* name */ 'wro claw test4 wro final print.step',
/* time_stamp */ '2026-07-20T14:10:39+05:30',
/* author */ (''),
/* organization */ (''),
/* preprocessor_version */ 'ST-DEVELOPER v20.1',
/* originating_system */ 'Autodesk Translation Framework v15.8.0.0',
/* authorisation */ '');

FILE_SCHEMA (('AUTOMOTIVE_DESIGN { 1 0 10303 214 3 1 1 }'));
ENDSEC;

DATA;
#10=MECHANICAL_DESIGN_GEOMETRIC_PRESENTATION_REPRESENTATION('',(#17),#4819);
#11=ITEM_DEFINED_TRANSFORMATION($,$,#3019,#3202);
#12=(
REPRESENTATION_RELATIONSHIP($,$,#4830,#4829)
REPRESENTATION_RELATIONSHIP_WITH_TRANSFORMATION(#11)
SHAPE_REPRESENTATION_RELATIONSHIP()
);
#13=CONTEXT_DEPENDENT_SHAPE_REPRESENTATION(#12,#4828);
#14=NEXT_ASSEMBLY_USAGE_OCCURRENCE('FAMR20100-\X\B0\X\DA\X\B6\X\AF\X\B9
\X\CC\X\B6\X\A8:1','FAMR20100-\X\B0\X\DA\X\B6\X\AF\X\B9\X\CC\X\B6\X\A8
:1','FAMR20100-\X\B0\X\DA\X\B6\X\AF\X\B9\X\CC\X\B6\X\A8:1',#4832,#4833,
'FAMR20100-\X\B0\X\DA\X\B6\X\AF\X\B9\X\CC\X\B6\X\A8:1');
#15=SHAPE_REPRESENTATION_RELATIONSHIP('SRR','None',#4830,#16);
#16=ADVANCED_BREP_SHAPE_REPRESENTATION('',(#18),#4818);
#17=STYLED_ITEM('',(#4844),#18);
#18=MANIFOLD_SOLID_BREP('Body1',#3005);
#19=FACE_BOUND('',#326,.T.);
#20=FACE_BOUND('',#330,.T.);
#21=FACE_BOUND('',#331,.T.);
#22=FACE_BOUND('',#332,.T.);
#23=FACE_BOUND('',#333,.T.);
#24=FACE_BOUND('',#334,.T.);
#25=FACE_BOUND('',#335,.T.);
#26=FACE_BOUND('',#338,.T.);
#27=FACE_BOUND('',#339,.T.);
#28=FACE_BOUND('',#340,.T.);
#29=FACE_BOUND('',#341,.T.);
#30=FACE_BOUND('',#342,.T.);
#31=FACE_BOUND('',#343,.T.);
#32=FACE_BOUND('',#407,.T.);
#33=FACE_BOUND('',#442,.T.);
#34=FACE_BOUND('',#443,.T.);
#35=FACE_BOUND('',#446,.T.);
#36=FACE_BOUND('',#447,.T.);
#37=FACE_BOUND('',#472,.T.);
#38=FACE_BOUND('',#473,.T.);
#39=FACE_BOUND('',#475,.T.);
#40=FACE_BOUND('',#476,.T.);
#41=ELLIPSE('',#3040,0.500491448717901,0.499999999998581);
#42=ELLIPSE('',#3041,0.500491448719597,0.500000000000695);
#43=ELLIPSE('',#3042,4.00393158975555,4.00000000000143);
#44=ELLIPSE('',#3045,4.00393158975921,4.00000000000443);
#45=ELLIPSE('',#3046,0.500491448719486,0.500000000000451);
#46=ELLIPSE('',#3047,0.50049144871926,0.499999999999955);
#47=ELLIPSE('',#3054,0.500504731999204,0.499999999998503);
#48=ELLIPSE('',#3057,0.500504732003542,0.500000000002366);
#49=PLANE('',#3038);
#50=PLANE('',#3039);
#51=PLANE('',#3043);
#52=PLANE('',#3044);
#53=PLANE('',#3048);
#54=PLANE('',#3049);
#55=PLANE('',#3050);
#56=PLANE('',#3051);
#57=PLANE('',#3053);
#58=PLANE('',#3055);
#59=PLANE('',#3056);
#60=PLANE('',#3058);
#61=PLANE('',#3060);
#62=PLANE('',#3063);
#63=PLANE('',#3064);
#64=PLANE('',#3065);
#65=PLANE('',#3066);
#66=PLANE('',#3067);
#67=PLANE('',#3068);
#68=PLANE('',#3069);
#69=PLANE('',#3070);
#70=PLANE('',#3071);
#71=PLANE('',#3072);
#72=PLANE('',#3073);
#73=PLANE('',#3074);
#74=PLANE('',#3075);
#75=PLANE('',#3076);
#76=PLANE('',#3077);
#77=PLANE('',#3078);
#78=PLANE('',#3079);
#79=PLANE('',#3080);
#80=PLANE('',#3081);
#81=PLANE('',#3082);
#82=PLANE('',#3083);
#83=PLANE('',#3084);
#84=PLANE('',#3085);
#85=PLANE('',#3086);
#86=PLANE('',#3087);
#87=PLANE('',#3088);
#88=PLANE('',#3089);
#89=PLANE('',#3090);
#90=PLANE('',#3091);
#91=PLANE('',#3092);
#92=PLANE('',#3093);
#93=PLANE('',#3094);
#94=PLANE('',#3095);
#95=PLANE('',#3096);
#96=PLANE('',#3097);
#97=PLANE('',#3098);
#98=PLANE('',#3099);
#99=PLANE('',#3100);
#100=PLANE('',#3101);
#101=PLANE('',#3102);
#102=PLANE('',#3103);
#103=PLANE('',#3104);
#104=PLANE('',#3105);
#105=PLANE('',#3106);
#106=PLANE('',#3107);
#107=PLANE('',#3108);
#108=PLANE('',#3109);
#109=PLANE('',#3110);
#110=PLANE('',#3111);
#111=PLANE('',#3112);
#112=PLANE('',#3113);
#113=PLANE('',#3114);
#114=PLANE('',#3115);
#115=PLANE('',#3116);
#116=PLANE('',#3117);
#117=PLANE('',#3118);
#118=PLANE('',#3119);
#119=PLANE('',#3120);
#120=PLANE('',#3121);
#121=PLANE('',#3122);
#122=PLANE('',#3123);
#123=PLANE('',#3124);
#124=PLANE('',#3125);
#125=PLANE('',#3126);
#126=PLANE('',#3127);
#127=PLANE('',#3128);
#128=PLANE('',#3129);
#129=PLANE('',#3130);
#130=PLANE('',#3131);
#131=PLANE('',#3132);
#132=PLANE('',#3133);
#133=PLANE('',#3134);
#134=PLANE('',#3135);
#135=PLANE('',#3136);
#136=PLANE('',#3137);
#137=PLANE('',#3138);
#138=PLANE('',#3139);
#139=PLANE('',#3140);
#140=PLANE('',#3141);
#141=PLANE('',#3142);
#142=PLANE('',#3143);
#143=PLANE('',#3144);
#144=PLANE('',#3145);
#145=PLANE('',#3146);
#146=PLANE('',#3147);
#147=PLANE('',#3148);
#148=PLANE('',#3149);
#149=PLANE('',#3150);
#150=PLANE('',#3151);
#151=PLANE('',#3152);
#152=PLANE('',#3153);
#153=PLANE('',#3154);
#154=PLANE('',#3160);
#155=PLANE('',#3161);
#156=PLANE('',#3167);
#157=PLANE('',#3168);
#158=PLANE('',#3169);
#159=PLANE('',#3170);
#160=PLANE('',#3171);
#161=PLANE('',#3172);
#162=PLANE('',#3173);
#163=PLANE('',#3176);
#164=PLANE('',#3181);
#165=PLANE('',#3186);
#166=PLANE('',#3191);
#167=PLANE('',#3196);
#168=PLANE('',#3199);
#169=PLANE('',#3200);
#170=PLANE('',#3201);
#171=FACE_OUTER_BOUND('',#313,.T.);
#172=FACE_OUTER_BOUND('',#314,.T.);
#173=FACE_OUTER_BOUND('',#315,.T.);
#174=FACE_OUTER_BOUND('',#316,.T.);
#175=FACE_OUTER_BOUND('',#317,.T.);
#176=FACE_OUTER_BOUND('',#318,.T.);
#177=FACE_OUTER_BOUND('',#319,.T.);
#178=FACE_OUTER_BOUND('',#320,.T.);
#179=FACE_OUTER_BOUND('',#321,.T.);
#180=FACE_OUTER_BOUND('',#322,.T.);
#181=FACE_OUTER_BOUND('',#323,.T.);
#182=FACE_OUTER_BOUND('',#324,.T.);
#183=FACE_OUTER_BOUND('',#325,.T.);
#184=FACE_OUTER_BOUND('',#327,.T.);
#185=FACE_OUTER_BOUND('',#328,.T.);
#186=FACE_OUTER_BOUND('',#329,.T.);
#187=FACE_OUTER_BOUND('',#336,.T.);
#188=FACE_OUTER_BOUND('',#337,.T.);
#189=FACE_OUTER_BOUND('',#344,.T.);
#190=FACE_OUTER_BOUND('',#345,.T.);
#191=FACE_OUTER_BOUND('',#346,.T.);
#192=FACE_OUTER_BOUND('',#347,.T.);
#193=FACE_OUTER_BOUND('',#348,.T.);
#194=FACE_OUTER_BOUND('',#349,.T.);
#195=FACE_OUTER_BOUND('',#350,.T.);
#196=FACE_OUTER_BOUND('',#351,.T.);
#197=FACE_OUTER_BOUND('',#352,.T.);
#198=FACE_OUTER_BOUND('',#353,.T.);
#199=FACE_OUTER_BOUND('',#354,.T.);
#200=FACE_OUTER_BOUND('',#355,.T.);
#201=FACE_OUTER_BOUND('',#356,.T.);
#202=FACE_OUTER_BOUND('',#357,.T.);
#203=FACE_OUTER_BOUND('',#358,.T.);
#204=FACE_OUTER_BOUND('',#359,.T.);
#205=FACE_OUTER_BOUND('',#360,.T.);
#206=FACE_OUTER_BOUND('',#361,.T.);
#207=FACE_OUTER_BOUND('',#362,.T.);
#208=FACE_OUTER_BOUND('',#363,.T.);
#209=FACE_OUTER_BOUND('',#364,.T.);
#210=FACE_OUTER_BOUND('',#365,.T.);
#211=FACE_OUTER_BOUND('',#366,.T.);
#212=FACE_OUTER_BOUND('',#367,.T.);
#213=FACE_OUTER_BOUND('',#368,.T.);
#214=FACE_OUTER_BOUND('',#369,.T.);
#215=FACE_OUTER_BOUND('',#370,.T.);
#216=FACE_OUTER_BOUND('',#371,.T.);
#217=FACE_OUTER_BOUND('',#372,.T.);
#218=FACE_OUTER_BOUND('',#373,.T.);
#219=FACE_OUTER_BOUND('',#374,.T.);
#220=FACE_OUTER_BOUND('',#375,.T.);
#221=FACE_OUTER_BOUND('',#376,.T.);
#222=FACE_OUTER_BOUND('',#377,.T.);
#223=FACE_OUTER_BOUND('',#378,.T.);
#224=FACE_OUTER_BOUND('',#379,.T.);
#225=FACE_OUTER_BOUND('',#380,.T.);
#226=FACE_OUTER_BOUND('',#381,.T.);
#227=FACE_OUTER_BOUND('',#382,.T.);
#228=FACE_OUTER_BOUND('',#383,.T.);
#229=FACE_OUTER_BOUND('',#384,.T.);
#230=FACE_OUTER_BOUND('',#385,.T.);
#231=FACE_OUTER_BOUND('',#386,.T.);
#232=FACE_OUTER_BOUND('',#387,.T.);
#233=FACE_OUTER_BOUND('',#388,.T.);
#234=FACE_OUTER_BOUND('',#389,.T.);
#235=FACE_OUTER_BOUND('',#390,.T.);
#236=FACE_OUTER_BOUND('',#391,.T.);
#237=FACE_OUTER_BOUND('',#392,.T.);
#238=FACE_OUTER_BOUND('',#393,.T.);
#239=FACE_OUTER_BOUND('',#394,.T.);
#240=FACE_OUTER_BOUND('',#395,.T.);
#241=FACE_OUTER_BOUND('',#396,.T.);
#242=FACE_OUTER_BOUND('',#397,.T.);
#243=FACE_OUTER_BOUND('',#398,.T.);
#244=FACE_OUTER_BOUND('',#399,.T.);
#245=FACE_OUTER_BOUND('',#400,.T.);
#246=FACE_OUTER_BOUND('',#401,.T.);
#247=FACE_OUTER_BOUND('',#402,.T.);
#248=FACE_OUTER_BOUND('',#403,.T.);
#249=FACE_OUTER_BOUND('',#404,.T.);
#250=FACE_OUTER_BOUND('',#405,.T.);
#251=FACE_OUTER_BOUND('',#406,.T.);
#252=FACE_OUTER_BOUND('',#408,.T.);
#253=FACE_OUTER_BOUND('',#409,.T.);
#254=FACE_OUTER_BOUND('',#410,.T.);
#255=FACE_OUTER_BOUND('',#411,.T.);
#256=FACE_OUTER_BOUND('',#412,.T.);
#257=FACE_OUTER_BOUND('',#413,.T.);
#258=FACE_OUTER_BOUND('',#414,.T.);
#259=FACE_OUTER_BOUND('',#415,.T.);
#260=FACE_OUTER_BOUND('',#416,.T.);
#261=FACE_OUTER_BOUND('',#417,.T.);
#262=FACE_OUTER_BOUND('',#418,.T.);
#263=FACE_OUTER_BOUND('',#419,.T.);
#264=FACE_OUTER_BOUND('',#420,.T.);
#265=FACE_OUTER_BOUND('',#421,.T.);
#266=FACE_OUTER_BOUND('',#422,.T.);
#267=FACE_OUTER_BOUND('',#423,.T.);
#268=FACE_OUTER_BOUND('',#424,.T.);
#269=FACE_OUTER_BOUND('',#425,.T.);
#270=FACE_OUTER_BOUND('',#426,.T.);
#271=FACE_OUTER_BOUND('',#427,.T.);
#272=FACE_OUTER_BOUND('',#428,.T.);
#273=FACE_OUTER_BOUND('',#429,.T.);
#274=FACE_OUTER_BOUND('',#430,.T.);
#275=FACE_OUTER_BOUND('',#431,.T.);
#276=FACE_OUTER_BOUND('',#432,.T.);
#277=FACE_OUTER_BOUND('',#433,.T.);
#278=FACE_OUTER_BOUND('',#434,.T.);
#279=FACE_OUTER_BOUND('',#435,.T.);
#280=FACE_OUTER_BOUND('',#436,.T.);
#281=FACE_OUTER_BOUND('',#437,.T.);
#282=FACE_OUTER_BOUND('',#438,.T.);
#283=FACE_OUTER_BOUND('',#439,.T.);
#284=FACE_OUTER_BOUND('',#440,.T.);
#285=FACE_OUTER_BOUND('',#441,.T.);
#286=FACE_OUTER_BOUND('',#444,.T.);
#287=FACE_OUTER_BOUND('',#445,.T.);
#288=FACE_OUTER_BOUND('',#448,.T.);
#289=FACE_OUTER_BOUND('',#449,.T.);
#290=FACE_OUTER_BOUND('',#450,.T.);
#291=FACE_OUTER_BOUND('',#451,.T.);
#292=FACE_OUTER_BOUND('',#452,.T.);
#293=FACE_OUTER_BOUND('',#453,.T.);
#294=FACE_OUTER_BOUND('',#454,.T.);
#295=FACE_OUTER_BOUND('',#455,.T.);
#296=FACE_OUTER_BOUND('',#456,.T.);
#297=FACE_OUTER_BOUND('',#457,.T.);
#298=FACE_OUTER_BOUND('',#458,.T.);
#299=FACE_OUTER_BOUND('',#459,.T.);
#300=FACE_OUTER_BOUND('',#460,.T.);
#301=FACE_OUTER_BOUND('',#461,.T.);
#302=FACE_OUTER_BOUND('',#462,.T.);
#303=FACE_OUTER_BOUND('',#463,.T.);
#304=FACE_OUTER_BOUND('',#464,.T.);
#305=FACE_OUTER_BOUND('',#465,.T.);
#306=FACE_OUTER_BOUND('',#466,.T.);
#307=FACE_OUTER_BOUND('',#467,.T.);
#308=FACE_OUTER_BOUND('',#468,.T.);
#309=FACE_OUTER_BOUND('',#469,.T.);
#310=FACE_OUTER_BOUND('',#470,.T.);
#311=FACE_OUTER_BOUND('',#471,.T.);
#312=FACE_OUTER_BOUND('',#474,.T.);
#313=EDGE_LOOP('',(#1991,#1992,#1993,#1994));
#314=EDGE_LOOP('',(#1995,#1996,#1997,#1998));
#315=EDGE_LOOP('',(#1999,#2000,#2001,#2002));
#316=EDGE_LOOP('',(#2003,#2004,#2005,#2006));
#317=EDGE_LOOP('',(#2007,#2008,#2009,#2010));
#318=EDGE_LOOP('',(#2011,#2012,#2013,#2014));
#319=EDGE_LOOP('',(#2015,#2016,#2017,#2018));
#320=EDGE_LOOP('',(#2019,#2020,#2021,#2022,#2023,#2024,#2025,#2026,#2027));
#321=EDGE_LOOP('',(#2028,#2029,#2030,#2031,#2032,#2033,#2034,#2035));
#322=EDGE_LOOP('',(#2036,#2037,#2038,#2039,#2040,#2041,#2042,#2043,#2044));
#323=EDGE_LOOP('',(#2045,#2046,#2047,#2048));
#324=EDGE_LOOP('',(#2049,#2050,#2051,#2052));
#325=EDGE_LOOP('',(#2053,#2054,#2055,#2056,#2057,#2058,#2059,#2060));
#326=EDGE_LOOP('',(#2061,#2062,#2063,#2064));
#327=EDGE_LOOP('',(#2065,#2066,#2067,#2068));
#328=EDGE_LOOP('',(#2069,#2070,#2071,#2072));
#329=EDGE_LOOP('',(#2073,#2074,#2075,#2076,#2077,#2078,#2079,#2080,#2081,
#2082,#2083,#2084,#2085,#2086,#2087,#2088,#2089,#2090,#2091,#2092,#2093,
#2094,#2095));
#330=EDGE_LOOP('',(#2096,#2097,#2098,#2099,#2100,#2101,#2102,#2103,#2104,
#2105,#2106,#2107));
#331=EDGE_LOOP('',(#2108,#2109,#2110,#2111,#2112,#2113,#2114,#2115,#2116,
#2117,#2118,#2119));
#332=EDGE_LOOP('',(#2120,#2121,#2122,#2123,#2124,#2125,#2126,#2127,#2128,
#2129,#2130,#2131));
#333=EDGE_LOOP('',(#2132,#2133,#2134,#2135,#2136,#2137,#2138,#2139,#2140,
#2141,#2142,#2143));
#334=EDGE_LOOP('',(#2144,#2145,#2146,#2147,#2148,#2149,#2150,#2151,#2152,
#2153,#2154,#2155));
#335=EDGE_LOOP('',(#2156,#2157,#2158,#2159,#2160,#2161,#2162,#2163,#2164,
#2165,#2166,#2167));
#336=EDGE_LOOP('',(#2168,#2169,#2170,#2171,#2172,#2173));
#337=EDGE_LOOP('',(#2174,#2175,#2176,#2177,#2178,#2179,#2180,#2181,#2182,
#2183,#2184,#2185,#2186,#2187,#2188,#2189,#2190,#2191,#2192,#2193,#2194,
#2195,#2196));
#338=EDGE_LOOP('',(#2197,#2198,#2199,#2200,#2201,#2202,#2203,#2204,#2205,
#2206,#2207,#2208));
#339=EDGE_LOOP('',(#2209,#2210,#2211,#2212,#2213,#2214,#2215,#2216,#2217,
#2218,#2219,#2220));
#340=EDGE_LOOP('',(#2221,#2222,#2223,#2224,#2225,#2226,#2227,#2228,#2229,
#2230,#2231,#2232));
#341=EDGE_LOOP('',(#2233,#2234,#2235,#2236,#2237,#2238,#2239,#2240,#2241,
#2242,#2243,#2244));
#342=EDGE_LOOP('',(#2245,#2246,#2247,#2248,#2249,#2250,#2251,#2252,#2253,
#2254,#2255,#2256));
#343=EDGE_LOOP('',(#2257,#2258,#2259,#2260,#2261,#2262,#2263,#2264,#2265,
#2266,#2267,#2268));
#344=EDGE_LOOP('',(#2269,#2270,#2271,#2272));
#345=EDGE_LOOP('',(#2273,#2274,#2275,#2276));
#346=EDGE_LOOP('',(#2277,#2278,#2279,#2280));
#347=EDGE_LOOP('',(#2281,#2282,#2283,#2284));
#348=EDGE_LOOP('',(#2285,#2286,#2287,#2288));
#349=EDGE_LOOP('',(#2289,#2290,#2291,#2292,#2293,#2294));
#350=EDGE_LOOP('',(#2295,#2296,#2297,#2298));
#351=EDGE_LOOP('',(#2299,#2300,#2301,#2302));
#352=EDGE_LOOP('',(#2303,#2304,#2305,#2306));
#353=EDGE_LOOP('',(#2307,#2308,#2309,#2310));
#354=EDGE_LOOP('',(#2311,#2312,#2313,#2314));
#355=EDGE_LOOP('',(#2315,#2316,#2317,#2318));
#356=EDGE_LOOP('',(#2319,#2320,#2321,#2322));
#357=EDGE_LOOP('',(#2323,#2324,#2325,#2326));
#358=EDGE_LOOP('',(#2327,#2328,#2329,#2330));
#359=EDGE_LOOP('',(#2331,#2332,#2333,#2334));
#360=EDGE_LOOP('',(#2335,#2336,#2337,#2338));
#361=EDGE_LOOP('',(#2339,#2340,#2341,#2342));
#362=EDGE_LOOP('',(#2343,#2344,#2345,#2346));
#363=EDGE_LOOP('',(#2347,#2348,#2349,#2350));
#364=EDGE_LOOP('',(#2351,#2352,#2353,#2354));
#365=EDGE_LOOP('',(#2355,#2356,#2357,#2358));
#366=EDGE_LOOP('',(#2359,#2360,#2361,#2362));
#367=EDGE_LOOP('',(#2363,#2364,#2365,#2366));
#368=EDGE_LOOP('',(#2367,#2368,#2369,#2370));
#369=EDGE_LOOP('',(#2371,#2372,#2373,#2374));
#370=EDGE_LOOP('',(#2375,#2376,#2377,#2378));
#371=EDGE_LOOP('',(#2379,#2380,#2381,#2382));
#372=EDGE_LOOP('',(#2383,#2384,#2385,#2386));
#373=EDGE_LOOP('',(#2387,#2388,#2389,#2390));
#374=EDGE_LOOP('',(#2391,#2392,#2393,#2394));
#375=EDGE_LOOP('',(#2395,#2396,#2397,#2398));
#376=EDGE_LOOP('',(#2399,#2400,#2401,#2402));
#377=EDGE_LOOP('',(#2403,#2404,#2405,#2406));
#378=EDGE_LOOP('',(#2407,#2408,#2409,#2410));
#379=EDGE_LOOP('',(#2411,#2412,#2413,#2414));
#380=EDGE_LOOP('',(#2415,#2416,#2417,#2418));
#381=EDGE_LOOP('',(#2419,#2420,#2421,#2422));
#382=EDGE_LOOP('',(#2423,#2424,#2425,#2426));
#383=EDGE_LOOP('',(#2427,#2428,#2429,#2430));
#384=EDGE_LOOP('',(#2431,#2432,#2433,#2434));
#385=EDGE_LOOP('',(#2435,#2436,#2437,#2438,#2439,#2440,#2441,#2442,#2443,
#2444,#2445,#2446));
#386=EDGE_LOOP('',(#2447,#2448,#2449,#2450,#2451,#2452));
#387=EDGE_LOOP('',(#2453,#2454,#2455,#2456));
#388=EDGE_LOOP('',(#2457,#2458,#2459,#2460));
#389=EDGE_LOOP('',(#2461,#2462,#2463,#2464));
#390=EDGE_LOOP('',(#2465,#2466,#2467,#2468,#2469,#2470));
#391=EDGE_LOOP('',(#2471,#2472,#2473,#2474));
#392=EDGE_LOOP('',(#2475,#2476,#2477,#2478));
#393=EDGE_LOOP('',(#2479,#2480,#2481,#2482));
#394=EDGE_LOOP('',(#2483,#2484,#2485,#2486));
#395=EDGE_LOOP('',(#2487,#2488,#2489,#2490));
#396=EDGE_LOOP('',(#2491,#2492,#2493,#2494));
#397=EDGE_LOOP('',(#2495,#2496,#2497,#2498));
#398=EDGE_LOOP('',(#2499,#2500,#2501,#2502));
#399=EDGE_LOOP('',(#2503,#2504,#2505,#2506));
#400=EDGE_LOOP('',(#2507,#2508,#2509,#2510));
#401=EDGE_LOOP('',(#2511,#2512,#2513,#2514));
#402=EDGE_LOOP('',(#2515,#2516,#2517,#2518));
#403=EDGE_LOOP('',(#2519,#2520,#2521,#2522));
#404=EDGE_LOOP('',(#2523,#2524,#2525,#2526));
#405=EDGE_LOOP('',(#2527,#2528,#2529,#2530));
#406=EDGE_LOOP('',(#2531,#2532,#2533,#2534,#2535,#2536,#2537,#2538));
#407=EDGE_LOOP('',(#2539,#2540,#2541,#2542));
#408=EDGE_LOOP('',(#2543,#2544,#2545,#2546,#2547,#2548,#2549,#2550,#2551,
#2552,#2553,#2554));
#409=EDGE_LOOP('',(#2555,#2556,#2557,#2558));
#410=EDGE_LOOP('',(#2559,#2560,#2561,#2562));
#411=EDGE_LOOP('',(#2563,#2564,#2565,#2566));
#412=EDGE_LOOP('',(#2567,#2568,#2569,#2570));
#413=EDGE_LOOP('',(#2571,#2572,#2573,#2574));
#414=EDGE_LOOP('',(#2575,#2576,#2577,#2578));
#415=EDGE_LOOP('',(#2579,#2580,#2581,#2582));
#416=EDGE_LOOP('',(#2583,#2584,#2585,#2586));
#417=EDGE_LOOP('',(#2587,#2588,#2589,#2590));
#418=EDGE_LOOP('',(#2591,#2592,#2593,#2594));
#419=EDGE_LOOP('',(#2595,#2596,#2597,#2598));
#420=EDGE_LOOP('',(#2599,#2600,#2601,#2602));
#421=EDGE_LOOP('',(#2603,#2604,#2605,#2606));
#422=EDGE_LOOP('',(#2607,#2608,#2609,#2610));
#423=EDGE_LOOP('',(#2611,#2612,#2613,#2614));
#424=EDGE_LOOP('',(#2615,#2616,#2617,#2618));
#425=EDGE_LOOP('',(#2619,#2620,#2621,#2622));
#426=EDGE_LOOP('',(#2623,#2624,#2625,#2626));
#427=EDGE_LOOP('',(#2627,#2628,#2629,#2630));
#428=EDGE_LOOP('',(#2631,#2632,#2633,#2634));
#429=EDGE_LOOP('',(#2635,#2636,#2637,#2638));
#430=EDGE_LOOP('',(#2639,#2640,#2641,#2642));
#431=EDGE_LOOP('',(#2643,#2644,#2645,#2646));
#432=EDGE_LOOP('',(#2647,#2648,#2649,#2650));
#433=EDGE_LOOP('',(#2651,#2652,#2653,#2654));
#434=EDGE_LOOP('',(#2655,#2656,#2657,#2658));
#435=EDGE_LOOP('',(#2659,#2660,#2661,#2662));
#436=EDGE_LOOP('',(#2663,#2664,#2665,#2666));
#437=EDGE_LOOP('',(#2667,#2668,#2669,#2670));
#438=EDGE_LOOP('',(#2671,#2672,#2673,#2674));
#439=EDGE_LOOP('',(#2675,#2676,#2677,#2678));
#440=EDGE_LOOP('',(#2679,#2680,#2681));
#441=EDGE_LOOP('',(#2682,#2683,#2684,#2685,#2686,#2687,#2688,#2689,#2690,
#2691,#2692,#2693));
#442=EDGE_LOOP('',(#2694));
#443=EDGE_LOOP('',(#2695));
#444=EDGE_LOOP('',(#2696,#2697,#2698,#2699,#2700,#2701,#2702,#2703));
#445=EDGE_LOOP('',(#2704,#2705,#2706,#2707,#2708,#2709,#2710,#2711,#2712,
#2713,#2714,#2715));
#446=EDGE_LOOP('',(#2716));
#447=EDGE_LOOP('',(#2717));
#448=EDGE_LOOP('',(#2718,#2719,#2720));
#449=EDGE_LOOP('',(#2721,#2722,#2723,#2724,#2725,#2726,#2727,#2728,#2729,
#2730,#2731,#2732));
#450=EDGE_LOOP('',(#2733,#2734,#2735,#2736));
#451=EDGE_LOOP('',(#2737,#2738,#2739,#2740));
#452=EDGE_LOOP('',(#2741,#2742,#2743,#2744));
#453=EDGE_LOOP('',(#2745,#2746,#2747,#2748));
#454=EDGE_LOOP('',(#2749,#2750,#2751,#2752));
#455=EDGE_LOOP('',(#2753,#2754,#2755,#2756));
#456=EDGE_LOOP('',(#2757,#2758,#2759,#2760));
#457=EDGE_LOOP('',(#2761,#2762,#2763,#2764));
#458=EDGE_LOOP('',(#2765,#2766,#2767,#2768));
#459=EDGE_LOOP('',(#2769,#2770,#2771,#2772));
#460=EDGE_LOOP('',(#2773,#2774,#2775,#2776));
#461=EDGE_LOOP('',(#2777,#2778,#2779,#2780));
#462=EDGE_LOOP('',(#2781,#2782,#2783,#2784));
#463=EDGE_LOOP('',(#2785,#2786,#2787,#2788));
#464=EDGE_LOOP('',(#2789,#2790,#2791,#2792));
#465=EDGE_LOOP('',(#2793,#2794,#2795,#2796));
#466=EDGE_LOOP('',(#2797,#2798,#2799,#2800));
#467=EDGE_LOOP('',(#2801,#2802,#2803,#2804));
#468=EDGE_LOOP('',(#2805,#2806,#2807,#2808));
#469=EDGE_LOOP('',(#2809,#2810,#2811,#2812));
#470=EDGE_LOOP('',(#2813,#2814,#2815,#2816));
#471=EDGE_LOOP('',(#2817,#2818,#2819,#2820,#2821,#2822,#2823,#2824,#2825,
#2826,#2827));
#472=EDGE_LOOP('',(#2828));
#473=EDGE_LOOP('',(#2829));
#474=EDGE_LOOP('',(#2830,#2831,#2832,#2833,#2834,#2835,#2836,#2837,#2838,
#2839,#2840));
#475=EDGE_LOOP('',(#2841));
#476=EDGE_LOOP('',(#2842));
#477=LINE('',#3965,#863);
#478=LINE('',#3971,#864);
#479=LINE('',#3978,#865);
#480=LINE('',#3981,#866);
#481=LINE('',#3986,#867);
#482=LINE('',#3992,#868);
#483=LINE('',#3999,#869);
#484=LINE('',#4002,#870);
#485=LINE('',#4006,#871);
#486=LINE('',#4008,#872);
#487=LINE('',#4010,#873);
#488=LINE('',#4011,#874);
#489=LINE('',#4015,#875);
#490=LINE('',#4019,#876);
#491=LINE('',#4023,#877);
#492=LINE('',#4026,#878);
#493=LINE('',#4027,#879);
#494=LINE('',#4030,#880);
#495=LINE('',#4032,#881);
#496=LINE('',#4034,#882);
#497=LINE('',#4036,#883);
#498=LINE('',#4038,#884);
#499=LINE('',#4039,#885);
#500=LINE('',#4042,#886);
#501=LINE('',#4044,#887);
#502=LINE('',#4048,#888);
#503=LINE('',#4052,#889);
#504=LINE('',#4055,#890);
#505=LINE('',#4058,#891);
#506=LINE('',#4059,#892);
#507=LINE('',#4063,#893);
#508=LINE('',#4065,#894);
#509=LINE('',#4066,#895);
#510=LINE('',#4067,#896);
#511=LINE('',#4069,#897);
#512=LINE('',#4070,#898);
#513=LINE('',#4073,#899);
#514=LINE('',#4075,#900);
#515=LINE('',#4077,#901);
#516=LINE('',#4078,#902);
#517=LINE('',#4080,#903);
#518=LINE('',#4081,#904);
#519=LINE('',#4085,#905);
#520=LINE('',#4087,#906);
#521=LINE('',#4089,#907);
#522=LINE('',#4091,#908);
#523=LINE('',#4093,#909);
#524=LINE('',#4095,#910);
#525=LINE('',#4096,#911);
#526=LINE('',#4099,#912);
#527=LINE('',#4101,#913);
#528=LINE('',#4103,#914);
#529=LINE('',#4105,#915);
#530=LINE('',#4107,#916);
#531=LINE('',#4109,#917);
#532=LINE('',#4111,#918);
#533=LINE('',#4113,#919);
#534=LINE('',#4115,#920);
#535=LINE('',#4117,#921);
#536=LINE('',#4118,#922);
#537=LINE('',#4121,#923);
#538=LINE('',#4123,#924);
#539=LINE('',#4125,#925);
#540=LINE('',#4127,#926);
#541=LINE('',#4129,#927);
#542=LINE('',#4131,#928);
#543=LINE('',#4133,#929);
#544=LINE('',#4135,#930);
#545=LINE('',#4137,#931);
#546=LINE('',#4139,#932);
#547=LINE('',#4141,#933);
#548=LINE('',#4142,#934);
#549=LINE('',#4145,#935);
#550=LINE('',#4147,#936);
#551=LINE('',#4149,#937);
#552=LINE('',#4151,#938);
#553=LINE('',#4153,#939);
#554=LINE('',#4155,#940);
#555=LINE('',#4157,#941);
#556=LINE('',#4159,#942);
#557=LINE('',#4161,#943);
#558=LINE('',#4163,#944);
#559=LINE('',#4165,#945);
#560=LINE('',#4166,#946);
#561=LINE('',#4169,#947);
#562=LINE('',#4171,#948);
#563=LINE('',#4173,#949);
#564=LINE('',#4175,#950);
#565=LINE('',#4177,#951);
#566=LINE('',#4179,#952);
#567=LINE('',#4181,#953);
#568=LINE('',#4183,#954);
#569=LINE('',#4185,#955);
#570=LINE('',#4187,#956);
#571=LINE('',#4189,#957);
#572=LINE('',#4190,#958);
#573=LINE('',#4193,#959);
#574=LINE('',#4195,#960);
#575=LINE('',#4197,#961);
#576=LINE('',#4199,#962);
#577=LINE('',#4201,#963);
#578=LINE('',#4203,#964);
#579=LINE('',#4205,#965);
#580=LINE('',#4207,#966);
#581=LINE('',#4209,#967);
#582=LINE('',#4211,#968);
#583=LINE('',#4213,#969);
#584=LINE('',#4214,#970);
#585=LINE('',#4217,#971);
#586=LINE('',#4219,#972);
#587=LINE('',#4221,#973);
#588=LINE('',#4223,#974);
#589=LINE('',#4225,#975);
#590=LINE('',#4227,#976);
#591=LINE('',#4229,#977);
#592=LINE('',#4231,#978);
#593=LINE('',#4233,#979);
#594=LINE('',#4235,#980);
#595=LINE('',#4237,#981);
#596=LINE('',#4238,#982);
#597=LINE('',#4241,#983);
#598=LINE('',#4243,#984);
#599=LINE('',#4245,#985);
#600=LINE('',#4247,#986);
#601=LINE('',#4249,#987);
#602=LINE('',#4251,#988);
#603=LINE('',#4253,#989);
#604=LINE('',#4255,#990);
#605=LINE('',#4257,#991);
#606=LINE('',#4259,#992);
#607=LINE('',#4261,#993);
#608=LINE('',#4262,#994);
#609=LINE('',#4265,#995);
#610=LINE('',#4267,#996);
#611=LINE('',#4269,#997);
#612=LINE('',#4270,#998);
#613=LINE('',#4273,#999);
#614=LINE('',#4276,#1000);
#615=LINE('',#4278,#1001);
#616=LINE('',#4280,#1002);
#617=LINE('',#4282,#1003);
#618=LINE('',#4284,#1004);
#619=LINE('',#4286,#1005);
#620=LINE('',#4287,#1006);
#621=LINE('',#4289,#1007);
#622=LINE('',#4291,#1008);
#623=LINE('',#4293,#1009);
#624=LINE('',#4295,#1010);
#625=LINE('',#4297,#1011);
#626=LINE('',#4299,#1012);
#627=LINE('',#4301,#1013);
#628=LINE('',#4303,#1014);
#629=LINE('',#4305,#1015);
#630=LINE('',#4306,#1016);
#631=LINE('',#4309,#1017);
#632=LINE('',#4311,#1018);
#633=LINE('',#4313,#1019);
#634=LINE('',#4315,#1020);
#635=LINE('',#4317,#1021);
#636=LINE('',#4319,#1022);
#637=LINE('',#4321,#1023);
#638=LINE('',#4323,#1024);
#639=LINE('',#4325,#1025);
#640=LINE('',#4327,#1026);
#641=LINE('',#4329,#1027);
#642=LINE('',#4330,#1028);
#643=LINE('',#4333,#1029);
#644=LINE('',#4335,#1030);
#645=LINE('',#4337,#1031);
#646=LINE('',#4339,#1032);
#647=LINE('',#4341,#1033);
#648=LINE('',#4343,#1034);
#649=LINE('',#4345,#1035);
#650=LINE('',#4347,#1036);
#651=LINE('',#4349,#1037);
#652=LINE('',#4351,#1038);
#653=LINE('',#4353,#1039);
#654=LINE('',#4354,#1040);
#655=LINE('',#4357,#1041);
#656=LINE('',#4359,#1042);
#657=LINE('',#4361,#1043);
#658=LINE('',#4363,#1044);
#659=LINE('',#4365,#1045);
#660=LINE('',#4367,#1046);
#661=LINE('',#4369,#1047);
#662=LINE('',#4371,#1048);
#663=LINE('',#4373,#1049);
#664=LINE('',#4375,#1050);
#665=LINE('',#4377,#1051);
#666=LINE('',#4378,#1052);
#667=LINE('',#4381,#1053);
#668=LINE('',#4383,#1054);
#669=LINE('',#4385,#1055);
#670=LINE('',#4387,#1056);
#671=LINE('',#4389,#1057);
#672=LINE('',#4391,#1058);
#673=LINE('',#4393,#1059);
#674=LINE('',#4395,#1060);
#675=LINE('',#4397,#1061);
#676=LINE('',#4399,#1062);
#677=LINE('',#4401,#1063);
#678=LINE('',#4402,#1064);
#679=LINE('',#4405,#1065);
#680=LINE('',#4407,#1066);
#681=LINE('',#4409,#1067);
#682=LINE('',#4411,#1068);
#683=LINE('',#4413,#1069);
#684=LINE('',#4415,#1070);
#685=LINE('',#4417,#1071);
#686=LINE('',#4419,#1072);
#687=LINE('',#4421,#1073);
#688=LINE('',#4423,#1074);
#689=LINE('',#4425,#1075);
#690=LINE('',#4426,#1076);
#691=LINE('',#4429,#1077);
#692=LINE('',#4431,#1078);
#693=LINE('',#4433,#1079);
#694=LINE('',#4435,#1080);
#695=LINE('',#4437,#1081);
#696=LINE('',#4439,#1082);
#697=LINE('',#4441,#1083);
#698=LINE('',#4443,#1084);
#699=LINE('',#4445,#1085);
#700=LINE('',#4447,#1086);
#701=LINE('',#4449,#1087);
#702=LINE('',#4450,#1088);
#703=LINE('',#4452,#1089);
#704=LINE('',#4455,#1090);
#705=LINE('',#4460,#1091);
#706=LINE('',#4462,#1092);
#707=LINE('',#4463,#1093);
#708=LINE('',#4465,#1094);
#709=LINE('',#4467,#1095);
#710=LINE('',#4468,#1096);
#711=LINE('',#4470,#1097);
#712=LINE('',#4471,#1098);
#713=LINE('',#4473,#1099);
#714=LINE('',#4475,#1100);
#715=LINE('',#4477,#1101);
#716=LINE('',#4478,#1102);
#717=LINE('',#4480,#1103);
#718=LINE('',#4481,#1104);
#719=LINE('',#4483,#1105);
#720=LINE('',#4485,#1106);
#721=LINE('',#4487,#1107);
#722=LINE('',#4488,#1108);
#723=LINE('',#4490,#1109);
#724=LINE('',#4492,#1110);
#725=LINE('',#4494,#1111);
#726=LINE('',#4495,#1112);
#727=LINE('',#4497,#1113);
#728=LINE('',#4498,#1114);
#729=LINE('',#4500,#1115);
#730=LINE('',#4502,#1116);
#731=LINE('',#4504,#1117);
#732=LINE('',#4505,#1118);
#733=LINE('',#4507,#1119);
#734=LINE('',#4508,#1120);
#735=LINE('',#4510,#1121);
#736=LINE('',#4512,#1122);
#737=LINE('',#4514,#1123);
#738=LINE('',#4515,#1124);
#739=LINE('',#4517,#1125);
#740=LINE('',#4518,#1126);
#741=LINE('',#4520,#1127);
#742=LINE('',#4522,#1128);
#743=LINE('',#4524,#1129);
#744=LINE('',#4525,#1130);
#745=LINE('',#4527,#1131);
#746=LINE('',#4528,#1132);
#747=LINE('',#4530,#1133);
#748=LINE('',#4532,#1134);
#749=LINE('',#4534,#1135);
#750=LINE('',#4535,#1136);
#751=LINE('',#4537,#1137);
#752=LINE('',#4538,#1138);
#753=LINE('',#4540,#1139);
#754=LINE('',#4542,#1140);
#755=LINE('',#4544,#1141);
#756=LINE('',#4545,#1142);
#757=LINE('',#4547,#1143);
#758=LINE('',#4549,#1144);
#759=LINE('',#4552,#1145);
#760=LINE('',#4554,#1146);
#761=LINE('',#4556,#1147);
#762=LINE('',#4558,#1148);
#763=LINE('',#4560,#1149);
#764=LINE('',#4562,#1150);
#765=LINE('',#4563,#1151);
#766=LINE('',#4564,#1152);
#767=LINE('',#4567,#1153);
#768=LINE('',#4568,#1154);
#769=LINE('',#4569,#1155);
#770=LINE('',#4571,#1156);
#771=LINE('',#4573,#1157);
#772=LINE('',#4574,#1158);
#773=LINE('',#4576,#1159);
#774=LINE('',#4577,#1160);
#775=LINE('',#4580,#1161);
#776=LINE('',#4581,#1162);
#777=LINE('',#4583,#1163);
#778=LINE('',#4584,#1164);
#779=LINE('',#4586,#1165);
#780=LINE('',#4587,#1166);
#781=LINE('',#4589,#1167);
#782=LINE('',#4591,#1168);
#783=LINE('',#4593,#1169);
#784=LINE('',#4594,#1170);
#785=LINE('',#4596,#1171);
#786=LINE('',#4598,#1172);
#787=LINE('',#4600,#1173);
#788=LINE('',#4601,#1174);
#789=LINE('',#4603,#1175);
#790=LINE('',#4604,#1176);
#791=LINE('',#4606,#1177);
#792=LINE('',#4608,#1178);
#793=LINE('',#4610,#1179);
#794=LINE('',#4611,#1180);
#795=LINE('',#4613,#1181);
#796=LINE('',#4614,#1182);
#797=LINE('',#4616,#1183);
#798=LINE('',#4618,#1184);
#799=LINE('',#4622,#1185);
#800=LINE('',#4624,#1186);
#801=LINE('',#4626,#1187);
#802=LINE('',#4628,#1188);
#803=LINE('',#4630,#1189);
#804=LINE('',#4632,#1190);
#805=LINE('',#4634,#1191);
#806=LINE('',#4635,#1192);
#807=LINE('',#4636,#1193);
#808=LINE('',#4639,#1194);
#809=LINE('',#4641,#1195);
#810=LINE('',#4643,#1196);
#811=LINE('',#4645,#1197);
#812=LINE('',#4646,#1198);
#813=LINE('',#4664,#1199);
#814=LINE('',#4666,#1200);
#815=LINE('',#4668,#1201);
#816=LINE('',#4670,#1202);
#817=LINE('',#4671,#1203);
#818=LINE('',#4673,#1204);
#819=LINE('',#4679,#1205);
#820=LINE('',#4681,#1206);
#821=LINE('',#4688,#1207);
#822=LINE('',#4689,#1208);
#823=LINE('',#4695,#1209);
#824=LINE('',#4696,#1210);
#825=LINE('',#4698,#1211);
#826=LINE('',#4703,#1212);
#827=LINE('',#4708,#1213);
#828=LINE('',#4711,#1214);
#829=LINE('',#4713,#1215);
#830=LINE('',#4715,#1216);
#831=LINE('',#4717,#1217);
#832=LINE('',#4719,#1218);
#833=LINE('',#4720,#1219);
#834=LINE('',#4723,#1220);
#835=LINE('',#4725,#1221);
#836=LINE('',#4729,#1222);
#837=LINE('',#4735,#1223);
#838=LINE('',#4740,#1224);
#839=LINE('',#4741,#1225);
#840=LINE('',#4744,#1226);
#841=LINE('',#4745,#1227);
#842=LINE('',#4746,#1228);
#843=LINE('',#4748,#1229);
#844=LINE('',#4750,#1230);
#845=LINE('',#4752,#1231);
#846=LINE('',#4753,#1232);
#847=LINE('',#4762,#1233);
#848=LINE('',#4765,#1234);
#849=LINE('',#4766,#1235);
#850=LINE('',#4770,#1236);
#851=LINE('',#4773,#1237);
#852=LINE('',#4777,#1238);
#853=LINE('',#4778,#1239);
#854=LINE('',#4784,#1240);
#855=LINE('',#4785,#1241);
#856=LINE('',#4790,#1242);
#857=LINE('',#4794,#1243);
#858=LINE('',#4795,#1244);
#859=LINE('',#4798,#1245);
#860=LINE('',#4802,#1246);
#861=LINE('',#4806,#1247);
#862=LINE('',#4807,#1248);
#863=VECTOR('',#3211,1.5);
#864=VECTOR('',#3218,1.5);
#865=VECTOR('',#3225,1000.);
#866=VECTOR('',#3228,1000.);
#867=VECTOR('',#3233,1.5);
#868=VECTOR('',#3240,1.5);
#869=VECTOR('',#3247,1000.);
#870=VECTOR('',#3250,1000.);
#871=VECTOR('',#3253,1000.);
#872=VECTOR('',#3254,1000.);
#873=VECTOR('',#3255,1000.);
#874=VECTOR('',#3256,1000.);
#875=VECTOR('',#3259,1000.);
#876=VECTOR('',#3262,1000.);
#877=VECTOR('',#3265,1000.);
#878=VECTOR('',#3268,1000.);
#879=VECTOR('',#3269,1000.);
#880=VECTOR('',#3272,1000.);
#881=VECTOR('',#3273,1000.);
#882=VECTOR('',#3274,1000.);
#883=VECTOR('',#3275,1000.);
#884=VECTOR('',#3276,1000.);
#885=VECTOR('',#3277,1000.);
#886=VECTOR('',#3280,1000.);
#887=VECTOR('',#3281,1000.);
#888=VECTOR('',#3284,999.999999999999);
#889=VECTOR('',#3287,1000.);
#890=VECTOR('',#3292,1000.);
#891=VECTOR('',#3295,1000.);
#892=VECTOR('',#3296,1000.);
#893=VECTOR('',#3299,1000.);
#894=VECTOR('',#3300,1000.);
#895=VECTOR('',#3301,1000.);
#896=VECTOR('',#3302,1000.);
#897=VECTOR('',#3303,1000.);
#898=VECTOR('',#3304,1000.);
#899=VECTOR('',#3305,1000.);
#900=VECTOR('',#3306,1000.);
#901=VECTOR('',#3307,1000.);
#902=VECTOR('',#3308,1000.);
#903=VECTOR('',#3311,1000.);
#904=VECTOR('',#3312,1000.);
#905=VECTOR('',#3317,1000.);
#906=VECTOR('',#3318,1000.);
#907=VECTOR('',#3319,1000.);
#908=VECTOR('',#3320,1000.);
#909=VECTOR('',#3321,1000.);
#910=VECTOR('',#3322,1000.);
#911=VECTOR('',#3323,1000.);
#912=VECTOR('',#3326,1000.);
#913=VECTOR('',#3327,1000.);
#914=VECTOR('',#3328,1000.);
#915=VECTOR('',#3329,1000.);
#916=VECTOR('',#3330,1000.);
#917=VECTOR('',#3331,1000.);
#918=VECTOR('',#3332,1000.);
#919=VECTOR('',#3333,1000.);
#920=VECTOR('',#3334,1000.);
#921=VECTOR('',#3335,1000.);
#922=VECTOR('',#3336,1000.);
#923=VECTOR('',#3337,1000.);
#924=VECTOR('',#3338,1000.);
#925=VECTOR('',#3339,1000.);
#926=VECTOR('',#3340,1000.);
#927=VECTOR('',#3341,1000.);
#928=VECTOR('',#3342,1000.);
#929=VECTOR('',#3343,1000.);
#930=VECTOR('',#3344,1000.);
#931=VECTOR('',#3345,1000.);
#932=VECTOR('',#3346,1000.);
#933=VECTOR('',#3347,1000.);
#934=VECTOR('',#3348,1000.);
#935=VECTOR('',#3349,1000.);
#936=VECTOR('',#3350,1000.);
#937=VECTOR('',#3351,1000.);
#938=VECTOR('',#3352,1000.);
#939=VECTOR('',#3353,1000.);
#940=VECTOR('',#3354,1000.);
#941=VECTOR('',#3355,1000.);
#942=VECTOR('',#3356,1000.);
#943=VECTOR('',#3357,1000.);
#944=VECTOR('',#3358,1000.);
#945=VECTOR('',#3359,1000.);
#946=VECTOR('',#3360,1000.);
#947=VECTOR('',#3361,1000.);
#948=VECTOR('',#3362,1000.);
#949=VECTOR('',#3363,1000.);
#950=VECTOR('',#3364,1000.);
#951=VECTOR('',#3365,1000.);
#952=VECTOR('',#3366,1000.);
#953=VECTOR('',#3367,1000.);
#954=VECTOR('',#3368,1000.);
#955=VECTOR('',#3369,1000.);
#956=VECTOR('',#3370,1000.);
#957=VECTOR('',#3371,1000.);
#958=VECTOR('',#3372,1000.);
#959=VECTOR('',#3373,1000.);
#960=VECTOR('',#3374,1000.);
#961=VECTOR('',#3375,1000.);
#962=VECTOR('',#3376,1000.);
#963=VECTOR('',#3377,1000.);
#964=VECTOR('',#3378,1000.);
#965=VECTOR('',#3379,1000.);
#966=VECTOR('',#3380,1000.);
#967=VECTOR('',#3381,999.999999999999);
#968=VECTOR('',#3382,1000.);
#969=VECTOR('',#3383,1000.);
#970=VECTOR('',#3384,1000.);
#971=VECTOR('',#3385,1000.);
#972=VECTOR('',#3386,1000.);
#973=VECTOR('',#3387,1000.);
#974=VECTOR('',#3388,1000.);
#975=VECTOR('',#3389,1000.);
#976=VECTOR('',#3390,1000.);
#977=VECTOR('',#3391,1000.);
#978=VECTOR('',#3392,1000.);
#979=VECTOR('',#3393,1000.);
#980=VECTOR('',#3394,1000.);
#981=VECTOR('',#3395,1000.);
#982=VECTOR('',#3396,1000.);
#983=VECTOR('',#3397,1000.);
#984=VECTOR('',#3398,1000.);
#985=VECTOR('',#3399,1000.);
#986=VECTOR('',#3400,1000.);
#987=VECTOR('',#3401,1000.);
#988=VECTOR('',#3402,1000.);
#989=VECTOR('',#3403,1000.);
#990=VECTOR('',#3404,1000.);
#991=VECTOR('',#3405,1000.);
#992=VECTOR('',#3406,1000.);
#993=VECTOR('',#3407,1000.);
#994=VECTOR('',#3408,1000.);
#995=VECTOR('',#3411,1000.);
#996=VECTOR('',#3412,1000.);
#997=VECTOR('',#3413,1000.);
#998=VECTOR('',#3414,1000.);
#999=VECTOR('',#3417,1000.);
#1000=VECTOR('',#3420,1000.);
#1001=VECTOR('',#3421,1000.);
#1002=VECTOR('',#3422,1000.);
#1003=VECTOR('',#3423,1000.);
#1004=VECTOR('',#3424,1000.);
#1005=VECTOR('',#3425,1000.);
#1006=VECTOR('',#3426,1000.);
#1007=VECTOR('',#3427,1000.);
#1008=VECTOR('',#3428,1000.);
#1009=VECTOR('',#3429,1000.);
#1010=VECTOR('',#3430,1000.);
#1011=VECTOR('',#3431,1000.);
#1012=VECTOR('',#3432,1000.);
#1013=VECTOR('',#3433,1000.);
#1014=VECTOR('',#3434,1000.);
#1015=VECTOR('',#3435,1000.);
#1016=VECTOR('',#3436,1000.);
#1017=VECTOR('',#3437,1000.);
#1018=VECTOR('',#3438,1000.);
#1019=VECTOR('',#3439,1000.);
#1020=VECTOR('',#3440,1000.);
#1021=VECTOR('',#3441,1000.);
#1022=VECTOR('',#3442,1000.);
#1023=VECTOR('',#3443,1000.);
#1024=VECTOR('',#3444,1000.);
#1025=VECTOR('',#3445,1000.);
#1026=VECTOR('',#3446,1000.);
#1027=VECTOR('',#3447,1000.);
#1028=VECTOR('',#3448,1000.);
#1029=VECTOR('',#3449,1000.);
#1030=VECTOR('',#3450,1000.);
#1031=VECTOR('',#3451,1000.);
#1032=VECTOR('',#3452,1000.);
#1033=VECTOR('',#3453,1000.);
#1034=VECTOR('',#3454,1000.);
#1035=VECTOR('',#3455,1000.);
#1036=VECTOR('',#3456,1000.);
#1037=VECTOR('',#3457,999.999999999999);
#1038=VECTOR('',#3458,1000.);
#1039=VECTOR('',#3459,1000.);
#1040=VECTOR('',#3460,1000.);
#1041=VECTOR('',#3461,1000.);
#1042=VECTOR('',#3462,1000.);
#1043=VECTOR('',#3463,1000.);
#1044=VECTOR('',#3464,1000.);
#1045=VECTOR('',#3465,1000.);
#1046=VECTOR('',#3466,1000.);
#1047=VECTOR('',#3467,1000.);
#1048=VECTOR('',#3468,1000.);
#1049=VECTOR('',#3469,999.999999999999);
#1050=VECTOR('',#3470,1000.);
#1051=VECTOR('',#3471,1000.);
#1052=VECTOR('',#3472,1000.);
#1053=VECTOR('',#3473,1000.);
#1054=VECTOR('',#3474,1000.);
#1055=VECTOR('',#3475,1000.);
#1056=VECTOR('',#3476,1000.);
#1057=VECTOR('',#3477,1000.);
#1058=VECTOR('',#3478,1000.);
#1059=VECTOR('',#3479,1000.);
#1060=VECTOR('',#3480,1000.);
#1061=VECTOR('',#3481,1000.);
#1062=VECTOR('',#3482,1000.);
#1063=VECTOR('',#3483,1000.);
#1064=VECTOR('',#3484,1000.);
#1065=VECTOR('',#3485,1000.);
#1066=VECTOR('',#3486,1000.);
#1067=VECTOR('',#3487,1000.);
#1068=VECTOR('',#3488,1000.);
#1069=VECTOR('',#3489,1000.);
#1070=VECTOR('',#3490,1000.);
#1071=VECTOR('',#3491,1000.);
#1072=VECTOR('',#3492,1000.);
#1073=VECTOR('',#3493,1000.);
#1074=VECTOR('',#3494,1000.);
#1075=VECTOR('',#3495,1000.);
#1076=VECTOR('',#3496,1000.);
#1077=VECTOR('',#3497,1000.);
#1078=VECTOR('',#3498,1000.);
#1079=VECTOR('',#3499,1000.);
#1080=VECTOR('',#3500,1000.);
#1081=VECTOR('',#3501,1000.);
#1082=VECTOR('',#3502,1000.);
#1083=VECTOR('',#3503,1000.);
#1084=VECTOR('',#3504,1000.);
#1085=VECTOR('',#3505,1000.);
#1086=VECTOR('',#3506,1000.);
#1087=VECTOR('',#3507,1000.);
#1088=VECTOR('',#3508,1000.);
#1089=VECTOR('',#3511,1000.);
#1090=VECTOR('',#3516,1000.);
#1091=VECTOR('',#3523,999.999999999999);
#1092=VECTOR('',#3524,999.999999999999);
#1093=VECTOR('',#3525,1000.);
#1094=VECTOR('',#3528,1000.);
#1095=VECTOR('',#3531,1000.);
#1096=VECTOR('',#3532,1000.);
#1097=VECTOR('',#3535,1000.);
#1098=VECTOR('',#3536,1000.);
#1099=VECTOR('',#3539,1000.);
#1100=VECTOR('',#3542,1000.);
#1101=VECTOR('',#3545,1000.);
#1102=VECTOR('',#3546,1000.);
#1103=VECTOR('',#3549,1000.);
#1104=VECTOR('',#3550,1000.);
#1105=VECTOR('',#3553,1000.);
#1106=VECTOR('',#3556,1000.);
#1107=VECTOR('',#3559,1000.);
#1108=VECTOR('',#3560,1000.);
#1109=VECTOR('',#3563,1000.);
#1110=VECTOR('',#3566,1000.);
#1111=VECTOR('',#3569,1000.);
#1112=VECTOR('',#3570,1000.);
#1113=VECTOR('',#3573,1000.);
#1114=VECTOR('',#3574,1000.);
#1115=VECTOR('',#3577,1000.);
#1116=VECTOR('',#3580,1000.);
#1117=VECTOR('',#3583,1000.);
#1118=VECTOR('',#3584,1000.);
#1119=VECTOR('',#3587,1000.);
#1120=VECTOR('',#3588,1000.);
#1121=VECTOR('',#3591,1000.);
#1122=VECTOR('',#3594,1000.);
#1123=VECTOR('',#3597,1000.);
#1124=VECTOR('',#3598,1000.);
#1125=VECTOR('',#3601,1000.);
#1126=VECTOR('',#3602,1000.);
#1127=VECTOR('',#3605,1000.);
#1128=VECTOR('',#3608,1000.);
#1129=VECTOR('',#3611,1000.);
#1130=VECTOR('',#3612,1000.);
#1131=VECTOR('',#3615,1000.);
#1132=VECTOR('',#3616,1000.);
#1133=VECTOR('',#3619,1000.);
#1134=VECTOR('',#3622,1000.);
#1135=VECTOR('',#3625,1000.);
#1136=VECTOR('',#3626,1000.);
#1137=VECTOR('',#3629,1000.);
#1138=VECTOR('',#3630,1000.);
#1139=VECTOR('',#3633,1000.);
#1140=VECTOR('',#3636,1000.);
#1141=VECTOR('',#3639,1000.);
#1142=VECTOR('',#3640,1000.);
#1143=VECTOR('',#3643,1000.);
#1144=VECTOR('',#3646,1000.);
#1145=VECTOR('',#3649,1000.);
#1146=VECTOR('',#3650,1000.);
#1147=VECTOR('',#3651,1000.);
#1148=VECTOR('',#3652,1000.);
#1149=VECTOR('',#3653,1000.);
#1150=VECTOR('',#3654,1000.);
#1151=VECTOR('',#3655,1000.);
#1152=VECTOR('',#3656,1000.);
#1153=VECTOR('',#3659,1000.);
#1154=VECTOR('',#3660,1000.);
#1155=VECTOR('',#3661,1000.);
#1156=VECTOR('',#3664,1000.);
#1157=VECTOR('',#3667,1000.);
#1158=VECTOR('',#3668,1000.);
#1159=VECTOR('',#3671,1000.);
#1160=VECTOR('',#3672,1000.);
#1161=VECTOR('',#3675,1000.);
#1162=VECTOR('',#3676,1000.);
#1163=VECTOR('',#3679,1000.);
#1164=VECTOR('',#3680,1000.);
#1165=VECTOR('',#3683,1000.);
#1166=VECTOR('',#3684,1000.);
#1167=VECTOR('',#3687,1000.);
#1168=VECTOR('',#3690,1000.);
#1169=VECTOR('',#3693,1000.);
#1170=VECTOR('',#3694,1000.);
#1171=VECTOR('',#3697,1000.);
#1172=VECTOR('',#3700,1000.);
#1173=VECTOR('',#3703,1000.);
#1174=VECTOR('',#3704,1000.);
#1175=VECTOR('',#3707,1000.);
#1176=VECTOR('',#3708,1000.);
#1177=VECTOR('',#3711,1000.);
#1178=VECTOR('',#3714,1000.);
#1179=VECTOR('',#3717,1000.);
#1180=VECTOR('',#3718,1000.);
#1181=VECTOR('',#3721,1000.);
#1182=VECTOR('',#3722,1000.);
#1183=VECTOR('',#3725,1000.);
#1184=VECTOR('',#3728,1000.);
#1185=VECTOR('',#3731,1000.);
#1186=VECTOR('',#3732,1000.);
#1187=VECTOR('',#3733,1000.);
#1188=VECTOR('',#3734,1000.);
#1189=VECTOR('',#3735,1000.);
#1190=VECTOR('',#3736,1000.);
#1191=VECTOR('',#3737,1000.);
#1192=VECTOR('',#3738,1000.);
#1193=VECTOR('',#3739,1000.);
#1194=VECTOR('',#3742,1000.);
#1195=VECTOR('',#3743,1000.);
#1196=VECTOR('',#3744,1000.);
#1197=VECTOR('',#3745,1000.);
#1198=VECTOR('',#3746,1000.);
#1199=VECTOR('',#3781,1000.);
#1200=VECTOR('',#3784,1000.);
#1201=VECTOR('',#3787,1000.);
#1202=VECTOR('',#3790,1000.);
#1203=VECTOR('',#3791,1000.);
#1204=VECTOR('',#3794,1000.);
#1205=VECTOR('',#3805,1000.);
#1206=VECTOR('',#3808,1000.);
#1207=VECTOR('',#3819,1000.);
#1208=VECTOR('',#3820,1000.);
#1209=VECTOR('',#3825,1000.);
#1210=VECTOR('',#3826,1000.);
#1211=VECTOR('',#3827,1000.);
#1212=VECTOR('',#3832,1000.);
#1213=VECTOR('',#3837,1000.);
#1214=VECTOR('',#3840,1000.);
#1215=VECTOR('',#3841,1000.);
#1216=VECTOR('',#3842,1000.);
#1217=VECTOR('',#3843,1000.);
#1218=VECTOR('',#3844,1000.);
#1219=VECTOR('',#3845,1000.);
#1220=VECTOR('',#3848,1000.);
#1221=VECTOR('',#3849,1000.);
#1222=VECTOR('',#3852,1000.);
#1223=VECTOR('',#3857,1000.);
#1224=VECTOR('',#3864,1000.);
#1225=VECTOR('',#3865,1000.);
#1226=VECTOR('',#3868,1000.);
#1227=VECTOR('',#3869,1000.);
#1228=VECTOR('',#3870,1000.);
#1229=VECTOR('',#3871,1000.);
#1230=VECTOR('',#3872,1000.);
#1231=VECTOR('',#3873,1000.);
#1232=VECTOR('',#3874,1000.);
#1233=VECTOR('',#3889,1000.);
#1234=VECTOR('',#3892,1000.);
#1235=VECTOR('',#3893,1000.);
#1236=VECTOR('',#3898,1000.);
#1237=VECTOR('',#3901,1000.);
#1238=VECTOR('',#3906,1000.);
#1239=VECTOR('',#3907,1000.);
#1240=VECTOR('',#3918,1000.);
#1241=VECTOR('',#3919,1000.);
#1242=VECTOR('',#3926,1000.);
#1243=VECTOR('',#3931,1000.);
#1244=VECTOR('',#3932,1000.);
#1245=VECTOR('',#3935,1000.);
#1246=VECTOR('',#3940,1000.);
#1247=VECTOR('',#3945,1000.);
#1248=VECTOR('',#3946,1000.);
#1249=CIRCLE('',#3021,1.5);
#1250=CIRCLE('',#3022,1.5);
#1251=CIRCLE('',#3024,1.5);
#1252=CIRCLE('',#3025,1.5);
#1253=CIRCLE('',#3027,4.5);
#1254=CIRCLE('',#3028,4.5);
#1255=CIRCLE('',#3030,1.5);
#1256=CIRCLE('',#3031,1.5);
#1257=CIRCLE('',#3033,1.5);
#1258=CIRCLE('',#3034,1.5);
#1259=CIRCLE('',#3036,4.5);
#1260=CIRCLE('',#3037,4.5);
#1261=CIRCLE('',#3155,3.);
#1262=CIRCLE('',#3156,3.);
#1263=CIRCLE('',#3157,3.);
#1264=CIRCLE('',#3158,3.);
#1265=CIRCLE('',#3159,4.5);
#1266=CIRCLE('',#3162,3.);
#1267=CIRCLE('',#3163,4.5);
#1268=CIRCLE('',#3164,3.);
#1269=CIRCLE('',#3165,3.);
#1270=CIRCLE('',#3166,3.);
#1271=CIRCLE('',#3175,3.);
#1272=CIRCLE('',#3178,4.5);
#1273=CIRCLE('',#3180,3.);
#1274=CIRCLE('',#3183,3.);
#1275=CIRCLE('',#3185,3.);
#1276=CIRCLE('',#3188,3.);
#1277=CIRCLE('',#3190,3.);
#1278=CIRCLE('',#3193,3.);
#1279=CIRCLE('',#3195,4.5);
#1280=CIRCLE('',#3198,3.);
#1281=VERTEX_POINT('',#3962);
#1282=VERTEX_POINT('',#3964);
#1283=VERTEX_POINT('',#3968);
#1284=VERTEX_POINT('',#3970);
#1285=VERTEX_POINT('',#3974);
#1286=VERTEX_POINT('',#3975);
#1287=VERTEX_POINT('',#3977);
#1288=VERTEX_POINT('',#3979);
#1289=VERTEX_POINT('',#3983);
#1290=VERTEX_POINT('',#3985);
#1291=VERTEX_POINT('',#3989);
#1292=VERTEX_POINT('',#3991);
#1293=VERTEX_POINT('',#3995);
#1294=VERTEX_POINT('',#3996);
#1295=VERTEX_POINT('',#3998);
#1296=VERTEX_POINT('',#4000);
#1297=VERTEX_POINT('',#4004);
#1298=VERTEX_POINT('',#4005);
#1299=VERTEX_POINT('',#4007);
#1300=VERTEX_POINT('',#4009);
#1301=VERTEX_POINT('',#4013);
#1302=VERTEX_POINT('',#4014);
#1303=VERTEX_POINT('',#4016);
#1304=VERTEX_POINT('',#4018);
#1305=VERTEX_POINT('',#4020);
#1306=VERTEX_POINT('',#4022);
#1307=VERTEX_POINT('',#4024);
#1308=VERTEX_POINT('',#4029);
#1309=VERTEX_POINT('',#4031);
#1310=VERTEX_POINT('',#4033);
#1311=VERTEX_POINT('',#4035);
#1312=VERTEX_POINT('',#4037);
#1313=VERTEX_POINT('',#4041);
#1314=VERTEX_POINT('',#4043);
#1315=VERTEX_POINT('',#4045);
#1316=VERTEX_POINT('',#4047);
#1317=VERTEX_POINT('',#4049);
#1318=VERTEX_POINT('',#4051);
#1319=VERTEX_POINT('',#4057);
#1320=VERTEX_POINT('',#4061);
#1321=VERTEX_POINT('',#4062);
#1322=VERTEX_POINT('',#4064);
#1323=VERTEX_POINT('',#4068);
#1324=VERTEX_POINT('',#4071);
#1325=VERTEX_POINT('',#4072);
#1326=VERTEX_POINT('',#4074);
#1327=VERTEX_POINT('',#4076);
#1328=VERTEX_POINT('',#4084);
#1329=VERTEX_POINT('',#4086);
#1330=VERTEX_POINT('',#4088);
#1331=VERTEX_POINT('',#4090);
#1332=VERTEX_POINT('',#4092);
#1333=VERTEX_POINT('',#4094);
#1334=VERTEX_POINT('',#4098);
#1335=VERTEX_POINT('',#4100);
#1336=VERTEX_POINT('',#4102);
#1337=VERTEX_POINT('',#4104);
#1338=VERTEX_POINT('',#4106);
#1339=VERTEX_POINT('',#4108);
#1340=VERTEX_POINT('',#4110);
#1341=VERTEX_POINT('',#4112);
#1342=VERTEX_POINT('',#4114);
#1343=VERTEX_POINT('',#4116);
#1344=VERTEX_POINT('',#4119);
#1345=VERTEX_POINT('',#4120);
#1346=VERTEX_POINT('',#4122);
#1347=VERTEX_POINT('',#4124);
#1348=VERTEX_POINT('',#4126);
#1349=VERTEX_POINT('',#4128);
#1350=VERTEX_POINT('',#4130);
#1351=VERTEX_POINT('',#4132);
#1352=VERTEX_POINT('',#4134);
#1353=VERTEX_POINT('',#4136);
#1354=VERTEX_POINT('',#4138);
#1355=VERTEX_POINT('',#4140);
#1356=VERTEX_POINT('',#4143);
#1357=VERTEX_POINT('',#4144);
#1358=VERTEX_POINT('',#4146);
#1359=VERTEX_POINT('',#4148);
#1360=VERTEX_POINT('',#4150);
#1361=VERTEX_POINT('',#4152);
#1362=VERTEX_POINT('',#4154);
#1363=VERTEX_POINT('',#4156);
#1364=VERTEX_POINT('',#4158);
#1365=VERTEX_POINT('',#4160);
#1366=VERTEX_POINT('',#4162);
#1367=VERTEX_POINT('',#4164);
#1368=VERTEX_POINT('',#4167);
#1369=VERTEX_POINT('',#4168);
#1370=VERTEX_POINT('',#4170);
#1371=VERTEX_POINT('',#4172);
#1372=VERTEX_POINT('',#4174);
#1373=VERTEX_POINT('',#4176);
#1374=VERTEX_POINT('',#4178);
#1375=VERTEX_POINT('',#4180);
#1376=VERTEX_POINT('',#4182);
#1377=VERTEX_POINT('',#4184);
#1378=VERTEX_POINT('',#4186);
#1379=VERTEX_POINT('',#4188);
#1380=VERTEX_POINT('',#4191);
#1381=VERTEX_POINT('',#4192);
#1382=VERTEX_POINT('',#4194);
#1383=VERTEX_POINT('',#4196);
#1384=VERTEX_POINT('',#4198);
#1385=VERTEX_POINT('',#4200);
#1386=VERTEX_POINT('',#4202);
#1387=VERTEX_POINT('',#4204);
#1388=VERTEX_POINT('',#4206);
#1389=VERTEX_POINT('',#4208);
#1390=VERTEX_POINT('',#4210);
#1391=VERTEX_POINT('',#4212);
#1392=VERTEX_POINT('',#4215);
#1393=VERTEX_POINT('',#4216);
#1394=VERTEX_POINT('',#4218);
#1395=VERTEX_POINT('',#4220);
#1396=VERTEX_POINT('',#4222);
#1397=VERTEX_POINT('',#4224);
#1398=VERTEX_POINT('',#4226);
#1399=VERTEX_POINT('',#4228);
#1400=VERTEX_POINT('',#4230);
#1401=VERTEX_POINT('',#4232);
#1402=VERTEX_POINT('',#4234);
#1403=VERTEX_POINT('',#4236);
#1404=VERTEX_POINT('',#4239);
#1405=VERTEX_POINT('',#4240);
#1406=VERTEX_POINT('',#4242);
#1407=VERTEX_POINT('',#4244);
#1408=VERTEX_POINT('',#4246);
#1409=VERTEX_POINT('',#4248);
#1410=VERTEX_POINT('',#4250);
#1411=VERTEX_POINT('',#4252);
#1412=VERTEX_POINT('',#4254);
#1413=VERTEX_POINT('',#4256);
#1414=VERTEX_POINT('',#4258);
#1415=VERTEX_POINT('',#4260);
#1416=VERTEX_POINT('',#4264);
#1417=VERTEX_POINT('',#4266);
#1418=VERTEX_POINT('',#4268);
#1419=VERTEX_POINT('',#4272);
#1420=VERTEX_POINT('',#4275);
#1421=VERTEX_POINT('',#4277);
#1422=VERTEX_POINT('',#4279);
#1423=VERTEX_POINT('',#4281);
#1424=VERTEX_POINT('',#4283);
#1425=VERTEX_POINT('',#4285);
#1426=VERTEX_POINT('',#4288);
#1427=VERTEX_POINT('',#4290);
#1428=VERTEX_POINT('',#4292);
#1429=VERTEX_POINT('',#4294);
#1430=VERTEX_POINT('',#4296);
#1431=VERTEX_POINT('',#4298);
#1432=VERTEX_POINT('',#4300);
#1433=VERTEX_POINT('',#4302);
#1434=VERTEX_POINT('',#4304);
#1435=VERTEX_POINT('',#4307);
#1436=VERTEX_POINT('',#4308);
#1437=VERTEX_POINT('',#4310);
#1438=VERTEX_POINT('',#4312);
#1439=VERTEX_POINT('',#4314);
#1440=VERTEX_POINT('',#4316);
#1441=VERTEX_POINT('',#4318);
#1442=VERTEX_POINT('',#4320);
#1443=VERTEX_POINT('',#4322);
#1444=VERTEX_POINT('',#4324);
#1445=VERTEX_POINT('',#4326);
#1446=VERTEX_POINT('',#4328);
#1447=VERTEX_POINT('',#4331);
#1448=VERTEX_POINT('',#4332);
#1449=VERTEX_POINT('',#4334);
#1450=VERTEX_POINT('',#4336);
#1451=VERTEX_POINT('',#4338);
#1452=VERTEX_POINT('',#4340);
#1453=VERTEX_POINT('',#4342);
#1454=VERTEX_POINT('',#4344);
#1455=VERTEX_POINT('',#4346);
#1456=VERTEX_POINT('',#4348);
#1457=VERTEX_POINT('',#4350);
#1458=VERTEX_POINT('',#4352);
#1459=VERTEX_POINT('',#4355);
#1460=VERTEX_POINT('',#4356);
#1461=VERTEX_POINT('',#4358);
#1462=VERTEX_POINT('',#4360);
#1463=VERTEX_POINT('',#4362);
#1464=VERTEX_POINT('',#4364);
#1465=VERTEX_POINT('',#4366);
#1466=VERTEX_POINT('',#4368);
#1467=VERTEX_POINT('',#4370);
#1468=VERTEX_POINT('',#4372);
#1469=VERTEX_POINT('',#4374);
#1470=VERTEX_POINT('',#4376);
#1471=VERTEX_POINT('',#4379);
#1472=VERTEX_POINT('',#4380);
#1473=VERTEX_POINT('',#4382);
#1474=VERTEX_POINT('',#4384);
#1475=VERTEX_POINT('',#4386);
#1476=VERTEX_POINT('',#4388);
#1477=VERTEX_POINT('',#4390);
#1478=VERTEX_POINT('',#4392);
#1479=VERTEX_POINT('',#4394);
#1480=VERTEX_POINT('',#4396);
#1481=VERTEX_POINT('',#4398);
#1482=VERTEX_POINT('',#4400);
#1483=VERTEX_POINT('',#4403);
#1484=VERTEX_POINT('',#4404);
#1485=VERTEX_POINT('',#4406);
#1486=VERTEX_POINT('',#4408);
#1487=VERTEX_POINT('',#4410);
#1488=VERTEX_POINT('',#4412);
#1489=VERTEX_POINT('',#4414);
#1490=VERTEX_POINT('',#4416);
#1491=VERTEX_POINT('',#4418);
#1492=VERTEX_POINT('',#4420);
#1493=VERTEX_POINT('',#4422);
#1494=VERTEX_POINT('',#4424);
#1495=VERTEX_POINT('',#4427);
#1496=VERTEX_POINT('',#4428);
#1497=VERTEX_POINT('',#4430);
#1498=VERTEX_POINT('',#4432);
#1499=VERTEX_POINT('',#4434);
#1500=VERTEX_POINT('',#4436);
#1501=VERTEX_POINT('',#4438);
#1502=VERTEX_POINT('',#4440);
#1503=VERTEX_POINT('',#4442);
#1504=VERTEX_POINT('',#4444);
#1505=VERTEX_POINT('',#4446);
#1506=VERTEX_POINT('',#4448);
#1507=VERTEX_POINT('',#4459);
#1508=VERTEX_POINT('',#4461);
#1509=VERTEX_POINT('',#4551);
#1510=VERTEX_POINT('',#4553);
#1511=VERTEX_POINT('',#4555);
#1512=VERTEX_POINT('',#4557);
#1513=VERTEX_POINT('',#4559);
#1514=VERTEX_POINT('',#4561);
#1515=VERTEX_POINT('',#4566);
#1516=VERTEX_POINT('',#4579);
#1517=VERTEX_POINT('',#4620);
#1518=VERTEX_POINT('',#4621);
#1519=VERTEX_POINT('',#4623);
#1520=VERTEX_POINT('',#4625);
#1521=VERTEX_POINT('',#4627);
#1522=VERTEX_POINT('',#4629);
#1523=VERTEX_POINT('',#4631);
#1524=VERTEX_POINT('',#4633);
#1525=VERTEX_POINT('',#4638);
#1526=VERTEX_POINT('',#4640);
#1527=VERTEX_POINT('',#4642);
#1528=VERTEX_POINT('',#4644);
#1529=VERTEX_POINT('',#4687);
#1530=VERTEX_POINT('',#4691);
#1531=VERTEX_POINT('',#4692);
#1532=VERTEX_POINT('',#4694);
#1533=VERTEX_POINT('',#4697);
#1534=VERTEX_POINT('',#4700);
#1535=VERTEX_POINT('',#4702);
#1536=VERTEX_POINT('',#4704);
#1537=VERTEX_POINT('',#4706);
#1538=VERTEX_POINT('',#4710);
#1539=VERTEX_POINT('',#4712);
#1540=VERTEX_POINT('',#4714);
#1541=VERTEX_POINT('',#4716);
#1542=VERTEX_POINT('',#4718);
#1543=VERTEX_POINT('',#4722);
#1544=VERTEX_POINT('',#4724);
#1545=VERTEX_POINT('',#4726);
#1546=VERTEX_POINT('',#4728);
#1547=VERTEX_POINT('',#4730);
#1548=VERTEX_POINT('',#4732);
#1549=VERTEX_POINT('',#4734);
#1550=VERTEX_POINT('',#4739);
#1551=VERTEX_POINT('',#4743);
#1552=VERTEX_POINT('',#4747);
#1553=VERTEX_POINT('',#4749);
#1554=VERTEX_POINT('',#4751);
#1555=VERTEX_POINT('',#4760);
#1556=VERTEX_POINT('',#4764);
#1557=VERTEX_POINT('',#4768);
#1558=VERTEX_POINT('',#4772);
#1559=VERTEX_POINT('',#4776);
#1560=VERTEX_POINT('',#4789);
#1561=VERTEX_POINT('',#4793);
#1562=VERTEX_POINT('',#4797);
#1563=VERTEX_POINT('',#4801);
#1564=VERTEX_POINT('',#4805);
#1565=EDGE_CURVE('',#1281,#1281,#1249,.T.);
#1566=EDGE_CURVE('',#1281,#1282,#477,.T.);
#1567=EDGE_CURVE('',#1282,#1282,#1250,.T.);
#1568=EDGE_CURVE('',#1283,#1283,#1251,.T.);
#1569=EDGE_CURVE('',#1283,#1284,#478,.T.);
#1570=EDGE_CURVE('',#1284,#1284,#1252,.T.);
#1571=EDGE_CURVE('',#1285,#1286,#1253,.T.);
#1572=EDGE_CURVE('',#1285,#1287,#479,.T.);
#1573=EDGE_CURVE('',#1287,#1288,#1254,.T.);
#1574=EDGE_CURVE('',#1288,#1286,#480,.T.);
#1575=EDGE_CURVE('',#1289,#1289,#1255,.T.);
#1576=EDGE_CURVE('',#1289,#1290,#481,.T.);
#1577=EDGE_CURVE('',#1290,#1290,#1256,.T.);
#1578=EDGE_CURVE('',#1291,#1291,#1257,.T.);
#1579=EDGE_CURVE('',#1291,#1292,#482,.T.);
#1580=EDGE_CURVE('',#1292,#1292,#1258,.T.);
#1581=EDGE_CURVE('',#1293,#1294,#1259,.T.);
#1582=EDGE_CURVE('',#1294,#1295,#483,.T.);
#1583=EDGE_CURVE('',#1296,#1295,#1260,.T.);
#1584=EDGE_CURVE('',#1296,#1293,#484,.T.);
#1585=EDGE_CURVE('',#1297,#1298,#485,.T.);
#1586=EDGE_CURVE('',#1298,#1299,#486,.T.);
#1587=EDGE_CURVE('',#1299,#1300,#487,.T.);
#1588=EDGE_CURVE('',#1300,#1297,#488,.T.);
#1589=EDGE_CURVE('',#1301,#1302,#489,.T.);
#1590=EDGE_CURVE('',#1301,#1303,#41,.T.);
#1591=EDGE_CURVE('',#1304,#1303,#490,.T.);
#1592=EDGE_CURVE('',#1305,#1304,#42,.T.);
#1593=EDGE_CURVE('',#1306,#1305,#491,.T.);
#1594=EDGE_CURVE('',#1307,#1306,#43,.T.);
#1595=EDGE_CURVE('',#1299,#1307,#492,.T.);
#1596=EDGE_CURVE('',#1302,#1298,#493,.T.);
#1597=EDGE_CURVE('',#1308,#1302,#494,.T.);
#1598=EDGE_CURVE('',#1297,#1309,#495,.T.);
#1599=EDGE_CURVE('',#1310,#1309,#496,.T.);
#1600=EDGE_CURVE('',#1310,#1311,#497,.T.);
#1601=EDGE_CURVE('',#1311,#1312,#498,.T.);
#1602=EDGE_CURVE('',#1312,#1308,#499,.T.);
#1603=EDGE_CURVE('',#1313,#1309,#500,.T.);
#1604=EDGE_CURVE('',#1300,#1314,#501,.T.);
#1605=EDGE_CURVE('',#1314,#1315,#44,.T.);
#1606=EDGE_CURVE('',#1315,#1316,#502,.T.);
#1607=EDGE_CURVE('',#1317,#1316,#45,.T.);
#1608=EDGE_CURVE('',#1317,#1318,#503,.T.);
#1609=EDGE_CURVE('',#1318,#1313,#46,.T.);
#1610=EDGE_CURVE('',#1307,#1314,#504,.T.);
#1611=EDGE_CURVE('',#1308,#1319,#505,.T.);
#1612=EDGE_CURVE('',#1319,#1301,#506,.T.);
#1613=EDGE_CURVE('',#1320,#1321,#507,.T.);
#1614=EDGE_CURVE('',#1321,#1322,#508,.T.);
#1615=EDGE_CURVE('',#1322,#1318,#509,.T.);
#1616=EDGE_CURVE('',#1317,#1304,#510,.T.);
#1617=EDGE_CURVE('',#1303,#1323,#511,.T.);
#1618=EDGE_CURVE('',#1323,#1320,#512,.T.);
#1619=EDGE_CURVE('',#1324,#1325,#513,.T.);
#1620=EDGE_CURVE('',#1325,#1326,#514,.T.);
#1621=EDGE_CURVE('',#1326,#1327,#515,.T.);
#1622=EDGE_CURVE('',#1327,#1324,#516,.T.);
#1623=EDGE_CURVE('',#1315,#1306,#517,.T.);
#1624=EDGE_CURVE('',#1305,#1316,#518,.T.);
#1625=EDGE_CURVE('',#1328,#1324,#519,.T.);
#1626=EDGE_CURVE('',#1329,#1328,#520,.T.);
#1627=EDGE_CURVE('',#1329,#1330,#521,.T.);
#1628=EDGE_CURVE('',#1330,#1331,#522,.T.);
#1629=EDGE_CURVE('',#1332,#1331,#523,.T.);
#1630=EDGE_CURVE('',#1333,#1332,#524,.T.);
#1631=EDGE_CURVE('',#1320,#1333,#525,.T.);
#1632=EDGE_CURVE('',#1319,#1323,#47,.T.);
#1633=EDGE_CURVE('',#1334,#1312,#526,.T.);
#1634=EDGE_CURVE('',#1335,#1334,#527,.T.);
#1635=EDGE_CURVE('',#1336,#1335,#528,.T.);
#1636=EDGE_CURVE('',#1337,#1336,#529,.T.);
#1637=EDGE_CURVE('',#1338,#1337,#530,.T.);
#1638=EDGE_CURVE('',#1339,#1338,#531,.T.);
#1639=EDGE_CURVE('',#1340,#1339,#532,.T.);
#1640=EDGE_CURVE('',#1341,#1340,#533,.T.);
#1641=EDGE_CURVE('',#1342,#1341,#534,.T.);
#1642=EDGE_CURVE('',#1343,#1342,#535,.T.);
#1643=EDGE_CURVE('',#1325,#1343,#536,.T.);
#1644=EDGE_CURVE('',#1344,#1345,#537,.T.);
#1645=EDGE_CURVE('',#1346,#1344,#538,.T.);
#1646=EDGE_CURVE('',#1347,#1346,#539,.T.);
#1647=EDGE_CURVE('',#1348,#1347,#540,.T.);
#1648=EDGE_CURVE('',#1348,#1349,#541,.T.);
#1649=EDGE_CURVE('',#1349,#1350,#542,.T.);
#1650=EDGE_CURVE('',#1351,#1350,#543,.T.);
#1651=EDGE_CURVE('',#1352,#1351,#544,.T.);
#1652=EDGE_CURVE('',#1353,#1352,#545,.T.);
#1653=EDGE_CURVE('',#1354,#1353,#546,.T.);
#1654=EDGE_CURVE('',#1354,#1355,#547,.T.);
#1655=EDGE_CURVE('',#1345,#1355,#548,.T.);
#1656=EDGE_CURVE('',#1356,#1357,#549,.T.);
#1657=EDGE_CURVE('',#1358,#1356,#550,.T.);
#1658=EDGE_CURVE('',#1359,#1358,#551,.T.);
#1659=EDGE_CURVE('',#1360,#1359,#552,.T.);
#1660=EDGE_CURVE('',#1360,#1361,#553,.T.);
#1661=EDGE_CURVE('',#1362,#1361,#554,.T.);
#1662=EDGE_CURVE('',#1363,#1362,#555,.T.);
#1663=EDGE_CURVE('',#1364,#1363,#556,.T.);
#1664=EDGE_CURVE('',#1365,#1364,#557,.T.);
#1665=EDGE_CURVE('',#1366,#1365,#558,.T.);
#1666=EDGE_CURVE('',#1366,#1367,#559,.T.);
#1667=EDGE_CURVE('',#1357,#1367,#560,.T.);
#1668=EDGE_CURVE('',#1368,#1369,#561,.T.);
#1669=EDGE_CURVE('',#1370,#1368,#562,.T.);
#1670=EDGE_CURVE('',#1371,#1370,#563,.T.);
#1671=EDGE_CURVE('',#1372,#1371,#564,.T.);
#1672=EDGE_CURVE('',#1372,#1373,#565,.T.);
#1673=EDGE_CURVE('',#1374,#1373,#566,.T.);
#1674=EDGE_CURVE('',#1375,#1374,#567,.T.);
#1675=EDGE_CURVE('',#1376,#1375,#568,.T.);
#1676=EDGE_CURVE('',#1377,#1376,#569,.T.);
#1677=EDGE_CURVE('',#1378,#1377,#570,.T.);
#1678=EDGE_CURVE('',#1378,#1379,#571,.T.);
#1679=EDGE_CURVE('',#1369,#1379,#572,.T.);
#1680=EDGE_CURVE('',#1380,#1381,#573,.T.);
#1681=EDGE_CURVE('',#1382,#1380,#574,.T.);
#1682=EDGE_CURVE('',#1382,#1383,#575,.T.);
#1683=EDGE_CURVE('',#1384,#1383,#576,.T.);
#1684=EDGE_CURVE('',#1385,#1384,#577,.T.);
#1685=EDGE_CURVE('',#1386,#1385,#578,.T.);
#1686=EDGE_CURVE('',#1387,#1386,#579,.T.);
#1687=EDGE_CURVE('',#1388,#1387,#580,.T.);
#1688=EDGE_CURVE('',#1388,#1389,#581,.T.);
#1689=EDGE_CURVE('',#1390,#1389,#582,.T.);
#1690=EDGE_CURVE('',#1391,#1390,#583,.T.);
#1691=EDGE_CURVE('',#1381,#1391,#584,.T.);
#1692=EDGE_CURVE('',#1392,#1393,#585,.T.);
#1693=EDGE_CURVE('',#1394,#1392,#586,.T.);
#1694=EDGE_CURVE('',#1394,#1395,#587,.T.);
#1695=EDGE_CURVE('',#1396,#1395,#588,.T.);
#1696=EDGE_CURVE('',#1397,#1396,#589,.T.);
#1697=EDGE_CURVE('',#1398,#1397,#590,.T.);
#1698=EDGE_CURVE('',#1399,#1398,#591,.T.);
#1699=EDGE_CURVE('',#1400,#1399,#592,.T.);
#1700=EDGE_CURVE('',#1400,#1401,#593,.T.);
#1701=EDGE_CURVE('',#1402,#1401,#594,.T.);
#1702=EDGE_CURVE('',#1403,#1402,#595,.T.);
#1703=EDGE_CURVE('',#1393,#1403,#596,.T.);
#1704=EDGE_CURVE('',#1404,#1405,#597,.T.);
#1705=EDGE_CURVE('',#1406,#1404,#598,.T.);
#1706=EDGE_CURVE('',#1406,#1407,#599,.T.);
#1707=EDGE_CURVE('',#1408,#1407,#600,.T.);
#1708=EDGE_CURVE('',#1409,#1408,#601,.T.);
#1709=EDGE_CURVE('',#1410,#1409,#602,.T.);
#1710=EDGE_CURVE('',#1411,#1410,#603,.T.);
#1711=EDGE_CURVE('',#1412,#1411,#604,.T.);
#1712=EDGE_CURVE('',#1412,#1413,#605,.T.);
#1713=EDGE_CURVE('',#1414,#1413,#606,.T.);
#1714=EDGE_CURVE('',#1414,#1415,#607,.T.);
#1715=EDGE_CURVE('',#1405,#1415,#608,.T.);
#1716=EDGE_CURVE('',#1416,#1334,#609,.T.);
#1717=EDGE_CURVE('',#1311,#1417,#610,.T.);
#1718=EDGE_CURVE('',#1417,#1418,#611,.T.);
#1719=EDGE_CURVE('',#1418,#1416,#612,.T.);
#1720=EDGE_CURVE('',#1419,#1310,#613,.T.);
#1721=EDGE_CURVE('',#1322,#1419,#48,.T.);
#1722=EDGE_CURVE('',#1420,#1321,#614,.T.);
#1723=EDGE_CURVE('',#1421,#1420,#615,.T.);
#1724=EDGE_CURVE('',#1422,#1421,#616,.T.);
#1725=EDGE_CURVE('',#1422,#1423,#617,.T.);
#1726=EDGE_CURVE('',#1423,#1424,#618,.T.);
#1727=EDGE_CURVE('',#1425,#1424,#619,.T.);
#1728=EDGE_CURVE('',#1327,#1425,#620,.T.);
#1729=EDGE_CURVE('',#1426,#1326,#621,.T.);
#1730=EDGE_CURVE('',#1427,#1426,#622,.T.);
#1731=EDGE_CURVE('',#1428,#1427,#623,.T.);
#1732=EDGE_CURVE('',#1429,#1428,#624,.T.);
#1733=EDGE_CURVE('',#1430,#1429,#625,.T.);
#1734=EDGE_CURVE('',#1431,#1430,#626,.T.);
#1735=EDGE_CURVE('',#1432,#1431,#627,.T.);
#1736=EDGE_CURVE('',#1433,#1432,#628,.T.);
#1737=EDGE_CURVE('',#1434,#1433,#629,.T.);
#1738=EDGE_CURVE('',#1417,#1434,#630,.T.);
#1739=EDGE_CURVE('',#1435,#1436,#631,.T.);
#1740=EDGE_CURVE('',#1437,#1436,#632,.T.);
#1741=EDGE_CURVE('',#1438,#1437,#633,.T.);
#1742=EDGE_CURVE('',#1439,#1438,#634,.T.);
#1743=EDGE_CURVE('',#1440,#1439,#635,.T.);
#1744=EDGE_CURVE('',#1440,#1441,#636,.T.);
#1745=EDGE_CURVE('',#1441,#1442,#637,.T.);
#1746=EDGE_CURVE('',#1443,#1442,#638,.T.);
#1747=EDGE_CURVE('',#1444,#1443,#639,.T.);
#1748=EDGE_CURVE('',#1445,#1444,#640,.T.);
#1749=EDGE_CURVE('',#1446,#1445,#641,.T.);
#1750=EDGE_CURVE('',#1435,#1446,#642,.T.);
#1751=EDGE_CURVE('',#1447,#1448,#643,.T.);
#1752=EDGE_CURVE('',#1449,#1448,#644,.T.);
#1753=EDGE_CURVE('',#1450,#1449,#645,.T.);
#1754=EDGE_CURVE('',#1451,#1450,#646,.T.);
#1755=EDGE_CURVE('',#1452,#1451,#647,.T.);
#1756=EDGE_CURVE('',#1453,#1452,#648,.T.);
#1757=EDGE_CURVE('',#1453,#1454,#649,.T.);
#1758=EDGE_CURVE('',#1455,#1454,#650,.T.);
#1759=EDGE_CURVE('',#1456,#1455,#651,.T.);
#1760=EDGE_CURVE('',#1457,#1456,#652,.T.);
#1761=EDGE_CURVE('',#1458,#1457,#653,.T.);
#1762=EDGE_CURVE('',#1447,#1458,#654,.T.);
#1763=EDGE_CURVE('',#1459,#1460,#655,.T.);
#1764=EDGE_CURVE('',#1461,#1459,#656,.T.);
#1765=EDGE_CURVE('',#1461,#1462,#657,.T.);
#1766=EDGE_CURVE('',#1463,#1462,#658,.T.);
#1767=EDGE_CURVE('',#1464,#1463,#659,.T.);
#1768=EDGE_CURVE('',#1465,#1464,#660,.T.);
#1769=EDGE_CURVE('',#1466,#1465,#661,.T.);
#1770=EDGE_CURVE('',#1467,#1466,#662,.T.);
#1771=EDGE_CURVE('',#1467,#1468,#663,.T.);
#1772=EDGE_CURVE('',#1469,#1468,#664,.T.);
#1773=EDGE_CURVE('',#1470,#1469,#665,.T.);
#1774=EDGE_CURVE('',#1460,#1470,#666,.T.);
#1775=EDGE_CURVE('',#1471,#1472,#667,.T.);
#1776=EDGE_CURVE('',#1473,#1471,#668,.T.);
#1777=EDGE_CURVE('',#1474,#1473,#669,.T.);
#1778=EDGE_CURVE('',#1475,#1474,#670,.T.);
#1779=EDGE_CURVE('',#1475,#1476,#671,.T.);
#1780=EDGE_CURVE('',#1477,#1476,#672,.T.);
#1781=EDGE_CURVE('',#1478,#1477,#673,.T.);
#1782=EDGE_CURVE('',#1479,#1478,#674,.T.);
#1783=EDGE_CURVE('',#1480,#1479,#675,.T.);
#1784=EDGE_CURVE('',#1481,#1480,#676,.T.);
#1785=EDGE_CURVE('',#1481,#1482,#677,.T.);
#1786=EDGE_CURVE('',#1472,#1482,#678,.T.);
#1787=EDGE_CURVE('',#1483,#1484,#679,.T.);
#1788=EDGE_CURVE('',#1485,#1483,#680,.T.);
#1789=EDGE_CURVE('',#1486,#1485,#681,.T.);
#1790=EDGE_CURVE('',#1487,#1486,#682,.T.);
#1791=EDGE_CURVE('',#1487,#1488,#683,.T.);
#1792=EDGE_CURVE('',#1489,#1488,#684,.T.);
#1793=EDGE_CURVE('',#1490,#1489,#685,.T.);
#1794=EDGE_CURVE('',#1491,#1490,#686,.T.);
#1795=EDGE_CURVE('',#1492,#1491,#687,.T.);
#1796=EDGE_CURVE('',#1493,#1492,#688,.T.);
#1797=EDGE_CURVE('',#1493,#1494,#689,.T.);
#1798=EDGE_CURVE('',#1484,#1494,#690,.T.);
#1799=EDGE_CURVE('',#1495,#1496,#691,.T.);
#1800=EDGE_CURVE('',#1497,#1495,#692,.T.);
#1801=EDGE_CURVE('',#1497,#1498,#693,.T.);
#1802=EDGE_CURVE('',#1499,#1498,#694,.T.);
#1803=EDGE_CURVE('',#1499,#1500,#695,.T.);
#1804=EDGE_CURVE('',#1501,#1500,#696,.T.);
#1805=EDGE_CURVE('',#1502,#1501,#697,.T.);
#1806=EDGE_CURVE('',#1503,#1502,#698,.T.);
#1807=EDGE_CURVE('',#1504,#1503,#699,.T.);
#1808=EDGE_CURVE('',#1505,#1504,#700,.T.);
#1809=EDGE_CURVE('',#1505,#1506,#701,.T.);
#1810=EDGE_CURVE('',#1496,#1506,#702,.T.);
#1811=EDGE_CURVE('',#1313,#1419,#703,.T.);
#1812=EDGE_CURVE('',#1333,#1420,#704,.T.);
#1813=EDGE_CURVE('',#1507,#1426,#705,.T.);
#1814=EDGE_CURVE('',#1343,#1508,#706,.T.);
#1815=EDGE_CURVE('',#1508,#1507,#707,.T.);
#1816=EDGE_CURVE('',#1425,#1328,#708,.T.);
#1817=EDGE_CURVE('',#1461,#1379,#709,.T.);
#1818=EDGE_CURVE('',#1369,#1459,#710,.T.);
#1819=EDGE_CURVE('',#1368,#1460,#711,.T.);
#1820=EDGE_CURVE('',#1470,#1370,#712,.T.);
#1821=EDGE_CURVE('',#1469,#1371,#713,.T.);
#1822=EDGE_CURVE('',#1468,#1372,#714,.T.);
#1823=EDGE_CURVE('',#1467,#1373,#715,.T.);
#1824=EDGE_CURVE('',#1374,#1466,#716,.T.);
#1825=EDGE_CURVE('',#1375,#1465,#717,.T.);
#1826=EDGE_CURVE('',#1464,#1376,#718,.T.);
#1827=EDGE_CURVE('',#1463,#1377,#719,.T.);
#1828=EDGE_CURVE('',#1378,#1462,#720,.T.);
#1829=EDGE_CURVE('',#1391,#1473,#721,.T.);
#1830=EDGE_CURVE('',#1471,#1381,#722,.T.);
#1831=EDGE_CURVE('',#1472,#1380,#723,.T.);
#1832=EDGE_CURVE('',#1382,#1482,#724,.T.);
#1833=EDGE_CURVE('',#1481,#1383,#725,.T.);
#1834=EDGE_CURVE('',#1384,#1480,#726,.T.);
#1835=EDGE_CURVE('',#1479,#1385,#727,.T.);
#1836=EDGE_CURVE('',#1386,#1478,#728,.T.);
#1837=EDGE_CURVE('',#1477,#1387,#729,.T.);
#1838=EDGE_CURVE('',#1476,#1388,#730,.T.);
#1839=EDGE_CURVE('',#1475,#1389,#731,.T.);
#1840=EDGE_CURVE('',#1390,#1474,#732,.T.);
#1841=EDGE_CURVE('',#1403,#1485,#733,.T.);
#1842=EDGE_CURVE('',#1483,#1393,#734,.T.);
#1843=EDGE_CURVE('',#1484,#1392,#735,.T.);
#1844=EDGE_CURVE('',#1394,#1494,#736,.T.);
#1845=EDGE_CURVE('',#1493,#1395,#737,.T.);
#1846=EDGE_CURVE('',#1396,#1492,#738,.T.);
#1847=EDGE_CURVE('',#1397,#1491,#739,.T.);
#1848=EDGE_CURVE('',#1490,#1398,#740,.T.);
#1849=EDGE_CURVE('',#1489,#1399,#741,.T.);
#1850=EDGE_CURVE('',#1488,#1400,#742,.T.);
#1851=EDGE_CURVE('',#1487,#1401,#743,.T.);
#1852=EDGE_CURVE('',#1402,#1486,#744,.T.);
#1853=EDGE_CURVE('',#1415,#1497,#745,.T.);
#1854=EDGE_CURVE('',#1495,#1405,#746,.T.);
#1855=EDGE_CURVE('',#1496,#1404,#747,.T.);
#1856=EDGE_CURVE('',#1406,#1506,#748,.T.);
#1857=EDGE_CURVE('',#1505,#1407,#749,.T.);
#1858=EDGE_CURVE('',#1408,#1504,#750,.T.);
#1859=EDGE_CURVE('',#1503,#1409,#751,.T.);
#1860=EDGE_CURVE('',#1410,#1502,#752,.T.);
#1861=EDGE_CURVE('',#1501,#1411,#753,.T.);
#1862=EDGE_CURVE('',#1500,#1412,#754,.T.);
#1863=EDGE_CURVE('',#1499,#1413,#755,.T.);
#1864=EDGE_CURVE('',#1414,#1498,#756,.T.);
#1865=EDGE_CURVE('',#1424,#1329,#757,.T.);
#1866=EDGE_CURVE('',#1332,#1421,#758,.T.);
#1867=EDGE_CURVE('',#1509,#1342,#759,.T.);
#1868=EDGE_CURVE('',#1510,#1509,#760,.T.);
#1869=EDGE_CURVE('',#1510,#1511,#761,.T.);
#1870=EDGE_CURVE('',#1512,#1511,#762,.T.);
#1871=EDGE_CURVE('',#1512,#1513,#763,.T.);
#1872=EDGE_CURVE('',#1514,#1513,#764,.T.);
#1873=EDGE_CURVE('',#1335,#1514,#765,.T.);
#1874=EDGE_CURVE('',#1508,#1416,#766,.T.);
#1875=EDGE_CURVE('',#1514,#1515,#767,.T.);
#1876=EDGE_CURVE('',#1515,#1434,#768,.T.);
#1877=EDGE_CURVE('',#1433,#1336,#769,.T.);
#1878=EDGE_CURVE('',#1337,#1432,#770,.T.);
#1879=EDGE_CURVE('',#1431,#1338,#771,.T.);
#1880=EDGE_CURVE('',#1339,#1430,#772,.T.);
#1881=EDGE_CURVE('',#1429,#1340,#773,.T.);
#1882=EDGE_CURVE('',#1341,#1428,#774,.T.);
#1883=EDGE_CURVE('',#1427,#1516,#775,.T.);
#1884=EDGE_CURVE('',#1516,#1509,#776,.T.);
#1885=EDGE_CURVE('',#1435,#1355,#777,.T.);
#1886=EDGE_CURVE('',#1345,#1446,#778,.T.);
#1887=EDGE_CURVE('',#1344,#1445,#779,.T.);
#1888=EDGE_CURVE('',#1444,#1346,#780,.T.);
#1889=EDGE_CURVE('',#1443,#1347,#781,.T.);
#1890=EDGE_CURVE('',#1348,#1442,#782,.T.);
#1891=EDGE_CURVE('',#1439,#1351,#783,.T.);
#1892=EDGE_CURVE('',#1352,#1438,#784,.T.);
#1893=EDGE_CURVE('',#1437,#1353,#785,.T.);
#1894=EDGE_CURVE('',#1436,#1354,#786,.T.);
#1895=EDGE_CURVE('',#1447,#1367,#787,.T.);
#1896=EDGE_CURVE('',#1357,#1458,#788,.T.);
#1897=EDGE_CURVE('',#1356,#1457,#789,.T.);
#1898=EDGE_CURVE('',#1456,#1358,#790,.T.);
#1899=EDGE_CURVE('',#1455,#1359,#791,.T.);
#1900=EDGE_CURVE('',#1360,#1454,#792,.T.);
#1901=EDGE_CURVE('',#1453,#1361,#793,.T.);
#1902=EDGE_CURVE('',#1362,#1452,#794,.T.);
#1903=EDGE_CURVE('',#1363,#1451,#795,.T.);
#1904=EDGE_CURVE('',#1450,#1364,#796,.T.);
#1905=EDGE_CURVE('',#1449,#1365,#797,.T.);
#1906=EDGE_CURVE('',#1448,#1366,#798,.T.);
#1907=EDGE_CURVE('',#1517,#1518,#799,.T.);
#1908=EDGE_CURVE('',#1518,#1519,#800,.T.);
#1909=EDGE_CURVE('',#1519,#1520,#801,.T.);
#1910=EDGE_CURVE('',#1520,#1521,#802,.T.);
#1911=EDGE_CURVE('',#1521,#1522,#803,.T.);
#1912=EDGE_CURVE('',#1522,#1523,#804,.T.);
#1913=EDGE_CURVE('',#1523,#1524,#805,.T.);
#1914=EDGE_CURVE('',#1524,#1517,#806,.T.);
#1915=EDGE_CURVE('',#1418,#1507,#807,.T.);
#1916=EDGE_CURVE('',#1525,#1516,#808,.T.);
#1917=EDGE_CURVE('',#1515,#1526,#809,.T.);
#1918=EDGE_CURVE('',#1526,#1527,#810,.T.);
#1919=EDGE_CURVE('',#1527,#1528,#811,.T.);
#1920=EDGE_CURVE('',#1528,#1525,#812,.T.);
#1921=EDGE_CURVE('',#1330,#1423,#813,.T.);
#1922=EDGE_CURVE('',#1331,#1422,#814,.T.);
#1923=EDGE_CURVE('',#1525,#1510,#815,.T.);
#1924=EDGE_CURVE('',#1512,#1527,#816,.T.);
#1925=EDGE_CURVE('',#1528,#1511,#817,.T.);
#1926=EDGE_CURVE('',#1513,#1526,#818,.T.);
#1927=EDGE_CURVE('',#1349,#1441,#819,.T.);
#1928=EDGE_CURVE('',#1350,#1440,#820,.T.);
#1929=EDGE_CURVE('',#1529,#1518,#821,.T.);
#1930=EDGE_CURVE('',#1519,#1529,#822,.T.);
#1931=EDGE_CURVE('',#1530,#1531,#1261,.T.);
#1932=EDGE_CURVE('',#1531,#1532,#823,.T.);
#1933=EDGE_CURVE('',#1532,#1517,#824,.T.);
#1934=EDGE_CURVE('',#1524,#1533,#825,.T.);
#1935=EDGE_CURVE('',#1533,#1285,#1262,.T.);
#1936=EDGE_CURVE('',#1286,#1534,#1263,.T.);
#1937=EDGE_CURVE('',#1534,#1535,#826,.T.);
#1938=EDGE_CURVE('',#1535,#1536,#1264,.T.);
#1939=EDGE_CURVE('',#1536,#1537,#1265,.T.);
#1940=EDGE_CURVE('',#1537,#1530,#827,.T.);
#1941=EDGE_CURVE('',#1538,#1533,#828,.T.);
#1942=EDGE_CURVE('',#1523,#1539,#829,.T.);
#1943=EDGE_CURVE('',#1539,#1540,#830,.T.);
#1944=EDGE_CURVE('',#1541,#1540,#831,.T.);
#1945=EDGE_CURVE('',#1541,#1542,#832,.T.);
#1946=EDGE_CURVE('',#1542,#1538,#833,.T.);
#1947=EDGE_CURVE('',#1522,#1543,#834,.T.);
#1948=EDGE_CURVE('',#1543,#1544,#835,.T.);
#1949=EDGE_CURVE('',#1544,#1545,#1266,.T.);
#1950=EDGE_CURVE('',#1545,#1546,#836,.T.);
#1951=EDGE_CURVE('',#1546,#1547,#1267,.T.);
#1952=EDGE_CURVE('',#1547,#1548,#1268,.T.);
#1953=EDGE_CURVE('',#1548,#1549,#837,.T.);
#1954=EDGE_CURVE('',#1549,#1296,#1269,.T.);
#1955=EDGE_CURVE('',#1295,#1539,#1270,.T.);
#1956=EDGE_CURVE('',#1520,#1550,#838,.T.);
#1957=EDGE_CURVE('',#1550,#1521,#839,.T.);
#1958=EDGE_CURVE('',#1551,#1544,#840,.T.);
#1959=EDGE_CURVE('',#1543,#1550,#841,.T.);
#1960=EDGE_CURVE('',#1529,#1532,#842,.T.);
#1961=EDGE_CURVE('',#1531,#1552,#843,.T.);
#1962=EDGE_CURVE('',#1552,#1553,#844,.T.);
#1963=EDGE_CURVE('',#1553,#1554,#845,.T.);
#1964=EDGE_CURVE('',#1551,#1554,#846,.T.);
#1965=EDGE_CURVE('',#1555,#1552,#1271,.T.);
#1966=EDGE_CURVE('',#1530,#1555,#847,.T.);
#1967=EDGE_CURVE('',#1556,#1555,#848,.T.);
#1968=EDGE_CURVE('',#1537,#1556,#849,.T.);
#1969=EDGE_CURVE('',#1557,#1556,#1272,.T.);
#1970=EDGE_CURVE('',#1536,#1557,#850,.T.);
#1971=EDGE_CURVE('',#1558,#1535,#851,.T.);
#1972=EDGE_CURVE('',#1557,#1558,#1273,.T.);
#1973=EDGE_CURVE('',#1559,#1558,#852,.T.);
#1974=EDGE_CURVE('',#1534,#1559,#853,.T.);
#1975=EDGE_CURVE('',#1559,#1288,#1274,.T.);
#1976=EDGE_CURVE('',#1287,#1538,#1275,.T.);
#1977=EDGE_CURVE('',#1554,#1541,#854,.T.);
#1978=EDGE_CURVE('',#1542,#1553,#855,.T.);
#1979=EDGE_CURVE('',#1540,#1294,#1276,.T.);
#1980=EDGE_CURVE('',#1560,#1549,#856,.T.);
#1981=EDGE_CURVE('',#1293,#1560,#1277,.T.);
#1982=EDGE_CURVE('',#1548,#1561,#857,.T.);
#1983=EDGE_CURVE('',#1561,#1560,#858,.T.);
#1984=EDGE_CURVE('',#1562,#1547,#859,.T.);
#1985=EDGE_CURVE('',#1561,#1562,#1278,.T.);
#1986=EDGE_CURVE('',#1546,#1563,#860,.T.);
#1987=EDGE_CURVE('',#1563,#1562,#1279,.T.);
#1988=EDGE_CURVE('',#1545,#1564,#861,.T.);
#1989=EDGE_CURVE('',#1564,#1563,#862,.T.);
#1990=EDGE_CURVE('',#1551,#1564,#1280,.T.);
#1991=ORIENTED_EDGE('',*,*,#1565,.F.);
#1992=ORIENTED_EDGE('',*,*,#1566,.T.);
#1993=ORIENTED_EDGE('',*,*,#1567,.F.);
#1994=ORIENTED_EDGE('',*,*,#1566,.F.);
#1995=ORIENTED_EDGE('',*,*,#1568,.F.);
#1996=ORIENTED_EDGE('',*,*,#1569,.T.);
#1997=ORIENTED_EDGE('',*,*,#1570,.F.);
#1998=ORIENTED_EDGE('',*,*,#1569,.F.);
#1999=ORIENTED_EDGE('',*,*,#1571,.F.);
#2000=ORIENTED_EDGE('',*,*,#1572,.T.);
#2001=ORIENTED_EDGE('',*,*,#1573,.T.);
#2002=ORIENTED_EDGE('',*,*,#1574,.T.);
#2003=ORIENTED_EDGE('',*,*,#1575,.F.);
#2004=ORIENTED_EDGE('',*,*,#1576,.T.);
#2005=ORIENTED_EDGE('',*,*,#1577,.F.);
#2006=ORIENTED_EDGE('',*,*,#1576,.F.);
#2007=ORIENTED_EDGE('',*,*,#1578,.F.);
#2008=ORIENTED_EDGE('',*,*,#1579,.T.);
#2009=ORIENTED_EDGE('',*,*,#1580,.F.);
#2010=ORIENTED_EDGE('',*,*,#1579,.F.);
#2011=ORIENTED_EDGE('',*,*,#1581,.T.);
#2012=ORIENTED_EDGE('',*,*,#1582,.T.);
#2013=ORIENTED_EDGE('',*,*,#1583,.F.);
#2014=ORIENTED_EDGE('',*,*,#1584,.T.);
#2015=ORIENTED_EDGE('',*,*,#1585,.T.);
#2016=ORIENTED_EDGE('',*,*,#1586,.T.);
#2017=ORIENTED_EDGE('',*,*,#1587,.T.);
#2018=ORIENTED_EDGE('',*,*,#1588,.T.);
#2019=ORIENTED_EDGE('',*,*,#1589,.F.);
#2020=ORIENTED_EDGE('',*,*,#1590,.T.);
#2021=ORIENTED_EDGE('',*,*,#1591,.F.);
#2022=ORIENTED_EDGE('',*,*,#1592,.F.);
#2023=ORIENTED_EDGE('',*,*,#1593,.F.);
#2024=ORIENTED_EDGE('',*,*,#1594,.F.);
#2025=ORIENTED_EDGE('',*,*,#1595,.F.);
#2026=ORIENTED_EDGE('',*,*,#1586,.F.);
#2027=ORIENTED_EDGE('',*,*,#1596,.F.);
#2028=ORIENTED_EDGE('',*,*,#1597,.T.);
#2029=ORIENTED_EDGE('',*,*,#1596,.T.);
#2030=ORIENTED_EDGE('',*,*,#1585,.F.);
#2031=ORIENTED_EDGE('',*,*,#1598,.T.);
#2032=ORIENTED_EDGE('',*,*,#1599,.F.);
#2033=ORIENTED_EDGE('',*,*,#1600,.T.);
#2034=ORIENTED_EDGE('',*,*,#1601,.T.);
#2035=ORIENTED_EDGE('',*,*,#1602,.T.);
#2036=ORIENTED_EDGE('',*,*,#1603,.T.);
#2037=ORIENTED_EDGE('',*,*,#1598,.F.);
#2038=ORIENTED_EDGE('',*,*,#1588,.F.);
#2039=ORIENTED_EDGE('',*,*,#1604,.T.);
#2040=ORIENTED_EDGE('',*,*,#1605,.T.);
#2041=ORIENTED_EDGE('',*,*,#1606,.T.);
#2042=ORIENTED_EDGE('',*,*,#1607,.F.);
#2043=ORIENTED_EDGE('',*,*,#1608,.T.);
#2044=ORIENTED_EDGE('',*,*,#1609,.T.);
#2045=ORIENTED_EDGE('',*,*,#1587,.F.);
#2046=ORIENTED_EDGE('',*,*,#1595,.T.);
#2047=ORIENTED_EDGE('',*,*,#1610,.T.);
#2048=ORIENTED_EDGE('',*,*,#1604,.F.);
#2049=ORIENTED_EDGE('',*,*,#1611,.T.);
#2050=ORIENTED_EDGE('',*,*,#1612,.T.);
#2051=ORIENTED_EDGE('',*,*,#1589,.T.);
#2052=ORIENTED_EDGE('',*,*,#1597,.F.);
#2053=ORIENTED_EDGE('',*,*,#1613,.T.);
#2054=ORIENTED_EDGE('',*,*,#1614,.T.);
#2055=ORIENTED_EDGE('',*,*,#1615,.T.);
#2056=ORIENTED_EDGE('',*,*,#1608,.F.);
#2057=ORIENTED_EDGE('',*,*,#1616,.T.);
#2058=ORIENTED_EDGE('',*,*,#1591,.T.);
#2059=ORIENTED_EDGE('',*,*,#1617,.T.);
#2060=ORIENTED_EDGE('',*,*,#1618,.T.);
#2061=ORIENTED_EDGE('',*,*,#1619,.T.);
#2062=ORIENTED_EDGE('',*,*,#1620,.T.);
#2063=ORIENTED_EDGE('',*,*,#1621,.T.);
#2064=ORIENTED_EDGE('',*,*,#1622,.T.);
#2065=ORIENTED_EDGE('',*,*,#1623,.T.);
#2066=ORIENTED_EDGE('',*,*,#1593,.T.);
#2067=ORIENTED_EDGE('',*,*,#1624,.T.);
#2068=ORIENTED_EDGE('',*,*,#1606,.F.);
#2069=ORIENTED_EDGE('',*,*,#1610,.F.);
#2070=ORIENTED_EDGE('',*,*,#1594,.T.);
#2071=ORIENTED_EDGE('',*,*,#1623,.F.);
#2072=ORIENTED_EDGE('',*,*,#1605,.F.);
#2073=ORIENTED_EDGE('',*,*,#1619,.F.);
#2074=ORIENTED_EDGE('',*,*,#1625,.F.);
#2075=ORIENTED_EDGE('',*,*,#1626,.F.);
#2076=ORIENTED_EDGE('',*,*,#1627,.T.);
#2077=ORIENTED_EDGE('',*,*,#1628,.T.);
#2078=ORIENTED_EDGE('',*,*,#1629,.F.);
#2079=ORIENTED_EDGE('',*,*,#1630,.F.);
#2080=ORIENTED_EDGE('',*,*,#1631,.F.);
#2081=ORIENTED_EDGE('',*,*,#1618,.F.);
#2082=ORIENTED_EDGE('',*,*,#1632,.F.);
#2083=ORIENTED_EDGE('',*,*,#1611,.F.);
#2084=ORIENTED_EDGE('',*,*,#1602,.F.);
#2085=ORIENTED_EDGE('',*,*,#1633,.F.);
#2086=ORIENTED_EDGE('',*,*,#1634,.F.);
#2087=ORIENTED_EDGE('',*,*,#1635,.F.);
#2088=ORIENTED_EDGE('',*,*,#1636,.F.);
#2089=ORIENTED_EDGE('',*,*,#1637,.F.);
#2090=ORIENTED_EDGE('',*,*,#1638,.F.);
#2091=ORIENTED_EDGE('',*,*,#1639,.F.);
#2092=ORIENTED_EDGE('',*,*,#1640,.F.);
#2093=ORIENTED_EDGE('',*,*,#1641,.F.);
#2094=ORIENTED_EDGE('',*,*,#1642,.F.);
#2095=ORIENTED_EDGE('',*,*,#1643,.F.);
#2096=ORIENTED_EDGE('',*,*,#1644,.F.);
#2097=ORIENTED_EDGE('',*,*,#1645,.F.);
#2098=ORIENTED_EDGE('',*,*,#1646,.F.);
#2099=ORIENTED_EDGE('',*,*,#1647,.F.);
#2100=ORIENTED_EDGE('',*,*,#1648,.T.);
#2101=ORIENTED_EDGE('',*,*,#1649,.T.);
#2102=ORIENTED_EDGE('',*,*,#1650,.F.);
#2103=ORIENTED_EDGE('',*,*,#1651,.F.);
#2104=ORIENTED_EDGE('',*,*,#1652,.F.);
#2105=ORIENTED_EDGE('',*,*,#1653,.F.);
#2106=ORIENTED_EDGE('',*,*,#1654,.T.);
#2107=ORIENTED_EDGE('',*,*,#1655,.F.);
#2108=ORIENTED_EDGE('',*,*,#1656,.F.);
#2109=ORIENTED_EDGE('',*,*,#1657,.F.);
#2110=ORIENTED_EDGE('',*,*,#1658,.F.);
#2111=ORIENTED_EDGE('',*,*,#1659,.F.);
#2112=ORIENTED_EDGE('',*,*,#1660,.T.);
#2113=ORIENTED_EDGE('',*,*,#1661,.F.);
#2114=ORIENTED_EDGE('',*,*,#1662,.F.);
#2115=ORIENTED_EDGE('',*,*,#1663,.F.);
#2116=ORIENTED_EDGE('',*,*,#1664,.F.);
#2117=ORIENTED_EDGE('',*,*,#1665,.F.);
#2118=ORIENTED_EDGE('',*,*,#1666,.T.);
#2119=ORIENTED_EDGE('',*,*,#1667,.F.);
#2120=ORIENTED_EDGE('',*,*,#1668,.F.);
#2121=ORIENTED_EDGE('',*,*,#1669,.F.);
#2122=ORIENTED_EDGE('',*,*,#1670,.F.);
#2123=ORIENTED_EDGE('',*,*,#1671,.F.);
#2124=ORIENTED_EDGE('',*,*,#1672,.T.);
#2125=ORIENTED_EDGE('',*,*,#1673,.F.);
#2126=ORIENTED_EDGE('',*,*,#1674,.F.);
#2127=ORIENTED_EDGE('',*,*,#1675,.F.);
#2128=ORIENTED_EDGE('',*,*,#1676,.F.);
#2129=ORIENTED_EDGE('',*,*,#1677,.F.);
#2130=ORIENTED_EDGE('',*,*,#1678,.T.);
#2131=ORIENTED_EDGE('',*,*,#1679,.F.);
#2132=ORIENTED_EDGE('',*,*,#1680,.F.);
#2133=ORIENTED_EDGE('',*,*,#1681,.F.);
#2134=ORIENTED_EDGE('',*,*,#1682,.T.);
#2135=ORIENTED_EDGE('',*,*,#1683,.F.);
#2136=ORIENTED_EDGE('',*,*,#1684,.F.);
#2137=ORIENTED_EDGE('',*,*,#1685,.F.);
#2138=ORIENTED_EDGE('',*,*,#1686,.F.);
#2139=ORIENTED_EDGE('',*,*,#1687,.F.);
#2140=ORIENTED_EDGE('',*,*,#1688,.T.);
#2141=ORIENTED_EDGE('',*,*,#1689,.F.);
#2142=ORIENTED_EDGE('',*,*,#1690,.F.);
#2143=ORIENTED_EDGE('',*,*,#1691,.F.);
#2144=ORIENTED_EDGE('',*,*,#1692,.F.);
#2145=ORIENTED_EDGE('',*,*,#1693,.F.);
#2146=ORIENTED_EDGE('',*,*,#1694,.T.);
#2147=ORIENTED_EDGE('',*,*,#1695,.F.);
#2148=ORIENTED_EDGE('',*,*,#1696,.F.);
#2149=ORIENTED_EDGE('',*,*,#1697,.F.);
#2150=ORIENTED_EDGE('',*,*,#1698,.F.);
#2151=ORIENTED_EDGE('',*,*,#1699,.F.);
#2152=ORIENTED_EDGE('',*,*,#1700,.T.);
#2153=ORIENTED_EDGE('',*,*,#1701,.F.);
#2154=ORIENTED_EDGE('',*,*,#1702,.F.);
#2155=ORIENTED_EDGE('',*,*,#1703,.F.);
#2156=ORIENTED_EDGE('',*,*,#1704,.F.);
#2157=ORIENTED_EDGE('',*,*,#1705,.F.);
#2158=ORIENTED_EDGE('',*,*,#1706,.T.);
#2159=ORIENTED_EDGE('',*,*,#1707,.F.);
#2160=ORIENTED_EDGE('',*,*,#1708,.F.);
#2161=ORIENTED_EDGE('',*,*,#1709,.F.);
#2162=ORIENTED_EDGE('',*,*,#1710,.F.);
#2163=ORIENTED_EDGE('',*,*,#1711,.F.);
#2164=ORIENTED_EDGE('',*,*,#1712,.T.);
#2165=ORIENTED_EDGE('',*,*,#1713,.F.);
#2166=ORIENTED_EDGE('',*,*,#1714,.T.);
#2167=ORIENTED_EDGE('',*,*,#1715,.F.);
#2168=ORIENTED_EDGE('',*,*,#1716,.T.);
#2169=ORIENTED_EDGE('',*,*,#1633,.T.);
#2170=ORIENTED_EDGE('',*,*,#1601,.F.);
#2171=ORIENTED_EDGE('',*,*,#1717,.T.);
#2172=ORIENTED_EDGE('',*,*,#1718,.T.);
#2173=ORIENTED_EDGE('',*,*,#1719,.T.);
#2174=ORIENTED_EDGE('',*,*,#1600,.F.);
#2175=ORIENTED_EDGE('',*,*,#1720,.F.);
#2176=ORIENTED_EDGE('',*,*,#1721,.F.);
#2177=ORIENTED_EDGE('',*,*,#1614,.F.);
#2178=ORIENTED_EDGE('',*,*,#1722,.F.);
#2179=ORIENTED_EDGE('',*,*,#1723,.F.);
#2180=ORIENTED_EDGE('',*,*,#1724,.F.);
#2181=ORIENTED_EDGE('',*,*,#1725,.T.);
#2182=ORIENTED_EDGE('',*,*,#1726,.T.);
#2183=ORIENTED_EDGE('',*,*,#1727,.F.);
#2184=ORIENTED_EDGE('',*,*,#1728,.F.);
#2185=ORIENTED_EDGE('',*,*,#1621,.F.);
#2186=ORIENTED_EDGE('',*,*,#1729,.F.);
#2187=ORIENTED_EDGE('',*,*,#1730,.F.);
#2188=ORIENTED_EDGE('',*,*,#1731,.F.);
#2189=ORIENTED_EDGE('',*,*,#1732,.F.);
#2190=ORIENTED_EDGE('',*,*,#1733,.F.);
#2191=ORIENTED_EDGE('',*,*,#1734,.F.);
#2192=ORIENTED_EDGE('',*,*,#1735,.F.);
#2193=ORIENTED_EDGE('',*,*,#1736,.F.);
#2194=ORIENTED_EDGE('',*,*,#1737,.F.);
#2195=ORIENTED_EDGE('',*,*,#1738,.F.);
#2196=ORIENTED_EDGE('',*,*,#1717,.F.);
#2197=ORIENTED_EDGE('',*,*,#1739,.T.);
#2198=ORIENTED_EDGE('',*,*,#1740,.F.);
#2199=ORIENTED_EDGE('',*,*,#1741,.F.);
#2200=ORIENTED_EDGE('',*,*,#1742,.F.);
#2201=ORIENTED_EDGE('',*,*,#1743,.F.);
#2202=ORIENTED_EDGE('',*,*,#1744,.T.);
#2203=ORIENTED_EDGE('',*,*,#1745,.T.);
#2204=ORIENTED_EDGE('',*,*,#1746,.F.);
#2205=ORIENTED_EDGE('',*,*,#1747,.F.);
#2206=ORIENTED_EDGE('',*,*,#1748,.F.);
#2207=ORIENTED_EDGE('',*,*,#1749,.F.);
#2208=ORIENTED_EDGE('',*,*,#1750,.F.);
#2209=ORIENTED_EDGE('',*,*,#1751,.T.);
#2210=ORIENTED_EDGE('',*,*,#1752,.F.);
#2211=ORIENTED_EDGE('',*,*,#1753,.F.);
#2212=ORIENTED_EDGE('',*,*,#1754,.F.);
#2213=ORIENTED_EDGE('',*,*,#1755,.F.);
#2214=ORIENTED_EDGE('',*,*,#1756,.F.);
#2215=ORIENTED_EDGE('',*,*,#1757,.T.);
#2216=ORIENTED_EDGE('',*,*,#1758,.F.);
#2217=ORIENTED_EDGE('',*,*,#1759,.F.);
#2218=ORIENTED_EDGE('',*,*,#1760,.F.);
#2219=ORIENTED_EDGE('',*,*,#1761,.F.);
#2220=ORIENTED_EDGE('',*,*,#1762,.F.);
#2221=ORIENTED_EDGE('',*,*,#1763,.F.);
#2222=ORIENTED_EDGE('',*,*,#1764,.F.);
#2223=ORIENTED_EDGE('',*,*,#1765,.T.);
#2224=ORIENTED_EDGE('',*,*,#1766,.F.);
#2225=ORIENTED_EDGE('',*,*,#1767,.F.);
#2226=ORIENTED_EDGE('',*,*,#1768,.F.);
#2227=ORIENTED_EDGE('',*,*,#1769,.F.);
#2228=ORIENTED_EDGE('',*,*,#1770,.F.);
#2229=ORIENTED_EDGE('',*,*,#1771,.T.);
#2230=ORIENTED_EDGE('',*,*,#1772,.F.);
#2231=ORIENTED_EDGE('',*,*,#1773,.F.);
#2232=ORIENTED_EDGE('',*,*,#1774,.F.);
#2233=ORIENTED_EDGE('',*,*,#1775,.F.);
#2234=ORIENTED_EDGE('',*,*,#1776,.F.);
#2235=ORIENTED_EDGE('',*,*,#1777,.F.);
#2236=ORIENTED_EDGE('',*,*,#1778,.F.);
#2237=ORIENTED_EDGE('',*,*,#1779,.T.);
#2238=ORIENTED_EDGE('',*,*,#1780,.F.);
#2239=ORIENTED_EDGE('',*,*,#1781,.F.);
#2240=ORIENTED_EDGE('',*,*,#1782,.F.);
#2241=ORIENTED_EDGE('',*,*,#1783,.F.);
#2242=ORIENTED_EDGE('',*,*,#1784,.F.);
#2243=ORIENTED_EDGE('',*,*,#1785,.T.);
#2244=ORIENTED_EDGE('',*,*,#1786,.F.);
#2245=ORIENTED_EDGE('',*,*,#1787,.F.);
#2246=ORIENTED_EDGE('',*,*,#1788,.F.);
#2247=ORIENTED_EDGE('',*,*,#1789,.F.);
#2248=ORIENTED_EDGE('',*,*,#1790,.F.);
#2249=ORIENTED_EDGE('',*,*,#1791,.T.);
#2250=ORIENTED_EDGE('',*,*,#1792,.F.);
#2251=ORIENTED_EDGE('',*,*,#1793,.F.);
#2252=ORIENTED_EDGE('',*,*,#1794,.F.);
#2253=ORIENTED_EDGE('',*,*,#1795,.F.);
#2254=ORIENTED_EDGE('',*,*,#1796,.F.);
#2255=ORIENTED_EDGE('',*,*,#1797,.T.);
#2256=ORIENTED_EDGE('',*,*,#1798,.F.);
#2257=ORIENTED_EDGE('',*,*,#1799,.F.);
#2258=ORIENTED_EDGE('',*,*,#1800,.F.);
#2259=ORIENTED_EDGE('',*,*,#1801,.T.);
#2260=ORIENTED_EDGE('',*,*,#1802,.F.);
#2261=ORIENTED_EDGE('',*,*,#1803,.T.);
#2262=ORIENTED_EDGE('',*,*,#1804,.F.);
#2263=ORIENTED_EDGE('',*,*,#1805,.F.);
#2264=ORIENTED_EDGE('',*,*,#1806,.F.);
#2265=ORIENTED_EDGE('',*,*,#1807,.F.);
#2266=ORIENTED_EDGE('',*,*,#1808,.F.);
#2267=ORIENTED_EDGE('',*,*,#1809,.T.);
#2268=ORIENTED_EDGE('',*,*,#1810,.F.);
#2269=ORIENTED_EDGE('',*,*,#1811,.T.);
#2270=ORIENTED_EDGE('',*,*,#1720,.T.);
#2271=ORIENTED_EDGE('',*,*,#1599,.T.);
#2272=ORIENTED_EDGE('',*,*,#1603,.F.);
#2273=ORIENTED_EDGE('',*,*,#1612,.F.);
#2274=ORIENTED_EDGE('',*,*,#1632,.T.);
#2275=ORIENTED_EDGE('',*,*,#1617,.F.);
#2276=ORIENTED_EDGE('',*,*,#1590,.F.);
#2277=ORIENTED_EDGE('',*,*,#1812,.T.);
#2278=ORIENTED_EDGE('',*,*,#1722,.T.);
#2279=ORIENTED_EDGE('',*,*,#1613,.F.);
#2280=ORIENTED_EDGE('',*,*,#1631,.T.);
#2281=ORIENTED_EDGE('',*,*,#1624,.F.);
#2282=ORIENTED_EDGE('',*,*,#1592,.T.);
#2283=ORIENTED_EDGE('',*,*,#1616,.F.);
#2284=ORIENTED_EDGE('',*,*,#1607,.T.);
#2285=ORIENTED_EDGE('',*,*,#1609,.F.);
#2286=ORIENTED_EDGE('',*,*,#1615,.F.);
#2287=ORIENTED_EDGE('',*,*,#1721,.T.);
#2288=ORIENTED_EDGE('',*,*,#1811,.F.);
#2289=ORIENTED_EDGE('',*,*,#1813,.T.);
#2290=ORIENTED_EDGE('',*,*,#1729,.T.);
#2291=ORIENTED_EDGE('',*,*,#1620,.F.);
#2292=ORIENTED_EDGE('',*,*,#1643,.T.);
#2293=ORIENTED_EDGE('',*,*,#1814,.T.);
#2294=ORIENTED_EDGE('',*,*,#1815,.T.);
#2295=ORIENTED_EDGE('',*,*,#1816,.T.);
#2296=ORIENTED_EDGE('',*,*,#1625,.T.);
#2297=ORIENTED_EDGE('',*,*,#1622,.F.);
#2298=ORIENTED_EDGE('',*,*,#1728,.T.);
#2299=ORIENTED_EDGE('',*,*,#1817,.F.);
#2300=ORIENTED_EDGE('',*,*,#1764,.T.);
#2301=ORIENTED_EDGE('',*,*,#1818,.F.);
#2302=ORIENTED_EDGE('',*,*,#1679,.T.);
#2303=ORIENTED_EDGE('',*,*,#1669,.T.);
#2304=ORIENTED_EDGE('',*,*,#1819,.T.);
#2305=ORIENTED_EDGE('',*,*,#1774,.T.);
#2306=ORIENTED_EDGE('',*,*,#1820,.T.);
#2307=ORIENTED_EDGE('',*,*,#1670,.T.);
#2308=ORIENTED_EDGE('',*,*,#1820,.F.);
#2309=ORIENTED_EDGE('',*,*,#1773,.T.);
#2310=ORIENTED_EDGE('',*,*,#1821,.T.);
#2311=ORIENTED_EDGE('',*,*,#1671,.T.);
#2312=ORIENTED_EDGE('',*,*,#1821,.F.);
#2313=ORIENTED_EDGE('',*,*,#1772,.T.);
#2314=ORIENTED_EDGE('',*,*,#1822,.T.);
#2315=ORIENTED_EDGE('',*,*,#1823,.F.);
#2316=ORIENTED_EDGE('',*,*,#1770,.T.);
#2317=ORIENTED_EDGE('',*,*,#1824,.F.);
#2318=ORIENTED_EDGE('',*,*,#1673,.T.);
#2319=ORIENTED_EDGE('',*,*,#1675,.T.);
#2320=ORIENTED_EDGE('',*,*,#1825,.T.);
#2321=ORIENTED_EDGE('',*,*,#1768,.T.);
#2322=ORIENTED_EDGE('',*,*,#1826,.T.);
#2323=ORIENTED_EDGE('',*,*,#1676,.T.);
#2324=ORIENTED_EDGE('',*,*,#1826,.F.);
#2325=ORIENTED_EDGE('',*,*,#1767,.T.);
#2326=ORIENTED_EDGE('',*,*,#1827,.T.);
#2327=ORIENTED_EDGE('',*,*,#1827,.F.);
#2328=ORIENTED_EDGE('',*,*,#1766,.T.);
#2329=ORIENTED_EDGE('',*,*,#1828,.F.);
#2330=ORIENTED_EDGE('',*,*,#1677,.T.);
#2331=ORIENTED_EDGE('',*,*,#1691,.T.);
#2332=ORIENTED_EDGE('',*,*,#1829,.T.);
#2333=ORIENTED_EDGE('',*,*,#1776,.T.);
#2334=ORIENTED_EDGE('',*,*,#1830,.T.);
#2335=ORIENTED_EDGE('',*,*,#1680,.T.);
#2336=ORIENTED_EDGE('',*,*,#1830,.F.);
#2337=ORIENTED_EDGE('',*,*,#1775,.T.);
#2338=ORIENTED_EDGE('',*,*,#1831,.T.);
#2339=ORIENTED_EDGE('',*,*,#1831,.F.);
#2340=ORIENTED_EDGE('',*,*,#1786,.T.);
#2341=ORIENTED_EDGE('',*,*,#1832,.F.);
#2342=ORIENTED_EDGE('',*,*,#1681,.T.);
#2343=ORIENTED_EDGE('',*,*,#1833,.F.);
#2344=ORIENTED_EDGE('',*,*,#1784,.T.);
#2345=ORIENTED_EDGE('',*,*,#1834,.F.);
#2346=ORIENTED_EDGE('',*,*,#1683,.T.);
#2347=ORIENTED_EDGE('',*,*,#1835,.F.);
#2348=ORIENTED_EDGE('',*,*,#1782,.T.);
#2349=ORIENTED_EDGE('',*,*,#1836,.F.);
#2350=ORIENTED_EDGE('',*,*,#1685,.T.);
#2351=ORIENTED_EDGE('',*,*,#1686,.T.);
#2352=ORIENTED_EDGE('',*,*,#1836,.T.);
#2353=ORIENTED_EDGE('',*,*,#1781,.T.);
#2354=ORIENTED_EDGE('',*,*,#1837,.T.);
#2355=ORIENTED_EDGE('',*,*,#1687,.T.);
#2356=ORIENTED_EDGE('',*,*,#1837,.F.);
#2357=ORIENTED_EDGE('',*,*,#1780,.T.);
#2358=ORIENTED_EDGE('',*,*,#1838,.T.);
#2359=ORIENTED_EDGE('',*,*,#1839,.F.);
#2360=ORIENTED_EDGE('',*,*,#1778,.T.);
#2361=ORIENTED_EDGE('',*,*,#1840,.F.);
#2362=ORIENTED_EDGE('',*,*,#1689,.T.);
#2363=ORIENTED_EDGE('',*,*,#1703,.T.);
#2364=ORIENTED_EDGE('',*,*,#1841,.T.);
#2365=ORIENTED_EDGE('',*,*,#1788,.T.);
#2366=ORIENTED_EDGE('',*,*,#1842,.T.);
#2367=ORIENTED_EDGE('',*,*,#1692,.T.);
#2368=ORIENTED_EDGE('',*,*,#1842,.F.);
#2369=ORIENTED_EDGE('',*,*,#1787,.T.);
#2370=ORIENTED_EDGE('',*,*,#1843,.T.);
#2371=ORIENTED_EDGE('',*,*,#1843,.F.);
#2372=ORIENTED_EDGE('',*,*,#1798,.T.);
#2373=ORIENTED_EDGE('',*,*,#1844,.F.);
#2374=ORIENTED_EDGE('',*,*,#1693,.T.);
#2375=ORIENTED_EDGE('',*,*,#1845,.F.);
#2376=ORIENTED_EDGE('',*,*,#1796,.T.);
#2377=ORIENTED_EDGE('',*,*,#1846,.F.);
#2378=ORIENTED_EDGE('',*,*,#1695,.T.);
#2379=ORIENTED_EDGE('',*,*,#1697,.T.);
#2380=ORIENTED_EDGE('',*,*,#1847,.T.);
#2381=ORIENTED_EDGE('',*,*,#1794,.T.);
#2382=ORIENTED_EDGE('',*,*,#1848,.T.);
#2383=ORIENTED_EDGE('',*,*,#1698,.T.);
#2384=ORIENTED_EDGE('',*,*,#1848,.F.);
#2385=ORIENTED_EDGE('',*,*,#1793,.T.);
#2386=ORIENTED_EDGE('',*,*,#1849,.T.);
#2387=ORIENTED_EDGE('',*,*,#1699,.T.);
#2388=ORIENTED_EDGE('',*,*,#1849,.F.);
#2389=ORIENTED_EDGE('',*,*,#1792,.T.);
#2390=ORIENTED_EDGE('',*,*,#1850,.T.);
#2391=ORIENTED_EDGE('',*,*,#1851,.F.);
#2392=ORIENTED_EDGE('',*,*,#1790,.T.);
#2393=ORIENTED_EDGE('',*,*,#1852,.F.);
#2394=ORIENTED_EDGE('',*,*,#1701,.T.);
#2395=ORIENTED_EDGE('',*,*,#1715,.T.);
#2396=ORIENTED_EDGE('',*,*,#1853,.T.);
#2397=ORIENTED_EDGE('',*,*,#1800,.T.);
#2398=ORIENTED_EDGE('',*,*,#1854,.T.);
#2399=ORIENTED_EDGE('',*,*,#1704,.T.);
#2400=ORIENTED_EDGE('',*,*,#1854,.F.);
#2401=ORIENTED_EDGE('',*,*,#1799,.T.);
#2402=ORIENTED_EDGE('',*,*,#1855,.T.);
#2403=ORIENTED_EDGE('',*,*,#1855,.F.);
#2404=ORIENTED_EDGE('',*,*,#1810,.T.);
#2405=ORIENTED_EDGE('',*,*,#1856,.F.);
#2406=ORIENTED_EDGE('',*,*,#1705,.T.);
#2407=ORIENTED_EDGE('',*,*,#1857,.F.);
#2408=ORIENTED_EDGE('',*,*,#1808,.T.);
#2409=ORIENTED_EDGE('',*,*,#1858,.F.);
#2410=ORIENTED_EDGE('',*,*,#1707,.T.);
#2411=ORIENTED_EDGE('',*,*,#1859,.F.);
#2412=ORIENTED_EDGE('',*,*,#1806,.T.);
#2413=ORIENTED_EDGE('',*,*,#1860,.F.);
#2414=ORIENTED_EDGE('',*,*,#1709,.T.);
#2415=ORIENTED_EDGE('',*,*,#1710,.T.);
#2416=ORIENTED_EDGE('',*,*,#1860,.T.);
#2417=ORIENTED_EDGE('',*,*,#1805,.T.);
#2418=ORIENTED_EDGE('',*,*,#1861,.T.);
#2419=ORIENTED_EDGE('',*,*,#1711,.T.);
#2420=ORIENTED_EDGE('',*,*,#1861,.F.);
#2421=ORIENTED_EDGE('',*,*,#1804,.T.);
#2422=ORIENTED_EDGE('',*,*,#1862,.T.);
#2423=ORIENTED_EDGE('',*,*,#1863,.F.);
#2424=ORIENTED_EDGE('',*,*,#1802,.T.);
#2425=ORIENTED_EDGE('',*,*,#1864,.F.);
#2426=ORIENTED_EDGE('',*,*,#1713,.T.);
#2427=ORIENTED_EDGE('',*,*,#1626,.T.);
#2428=ORIENTED_EDGE('',*,*,#1816,.F.);
#2429=ORIENTED_EDGE('',*,*,#1727,.T.);
#2430=ORIENTED_EDGE('',*,*,#1865,.T.);
#2431=ORIENTED_EDGE('',*,*,#1630,.T.);
#2432=ORIENTED_EDGE('',*,*,#1866,.T.);
#2433=ORIENTED_EDGE('',*,*,#1723,.T.);
#2434=ORIENTED_EDGE('',*,*,#1812,.F.);
#2435=ORIENTED_EDGE('',*,*,#1814,.F.);
#2436=ORIENTED_EDGE('',*,*,#1642,.T.);
#2437=ORIENTED_EDGE('',*,*,#1867,.F.);
#2438=ORIENTED_EDGE('',*,*,#1868,.F.);
#2439=ORIENTED_EDGE('',*,*,#1869,.T.);
#2440=ORIENTED_EDGE('',*,*,#1870,.F.);
#2441=ORIENTED_EDGE('',*,*,#1871,.T.);
#2442=ORIENTED_EDGE('',*,*,#1872,.F.);
#2443=ORIENTED_EDGE('',*,*,#1873,.F.);
#2444=ORIENTED_EDGE('',*,*,#1634,.T.);
#2445=ORIENTED_EDGE('',*,*,#1716,.F.);
#2446=ORIENTED_EDGE('',*,*,#1874,.F.);
#2447=ORIENTED_EDGE('',*,*,#1635,.T.);
#2448=ORIENTED_EDGE('',*,*,#1873,.T.);
#2449=ORIENTED_EDGE('',*,*,#1875,.T.);
#2450=ORIENTED_EDGE('',*,*,#1876,.T.);
#2451=ORIENTED_EDGE('',*,*,#1737,.T.);
#2452=ORIENTED_EDGE('',*,*,#1877,.T.);
#2453=ORIENTED_EDGE('',*,*,#1877,.F.);
#2454=ORIENTED_EDGE('',*,*,#1736,.T.);
#2455=ORIENTED_EDGE('',*,*,#1878,.F.);
#2456=ORIENTED_EDGE('',*,*,#1636,.T.);
#2457=ORIENTED_EDGE('',*,*,#1879,.F.);
#2458=ORIENTED_EDGE('',*,*,#1734,.T.);
#2459=ORIENTED_EDGE('',*,*,#1880,.F.);
#2460=ORIENTED_EDGE('',*,*,#1638,.T.);
#2461=ORIENTED_EDGE('',*,*,#1881,.F.);
#2462=ORIENTED_EDGE('',*,*,#1732,.T.);
#2463=ORIENTED_EDGE('',*,*,#1882,.F.);
#2464=ORIENTED_EDGE('',*,*,#1640,.T.);
#2465=ORIENTED_EDGE('',*,*,#1641,.T.);
#2466=ORIENTED_EDGE('',*,*,#1882,.T.);
#2467=ORIENTED_EDGE('',*,*,#1731,.T.);
#2468=ORIENTED_EDGE('',*,*,#1883,.T.);
#2469=ORIENTED_EDGE('',*,*,#1884,.T.);
#2470=ORIENTED_EDGE('',*,*,#1867,.T.);
#2471=ORIENTED_EDGE('',*,*,#1885,.F.);
#2472=ORIENTED_EDGE('',*,*,#1750,.T.);
#2473=ORIENTED_EDGE('',*,*,#1886,.F.);
#2474=ORIENTED_EDGE('',*,*,#1655,.T.);
#2475=ORIENTED_EDGE('',*,*,#1645,.T.);
#2476=ORIENTED_EDGE('',*,*,#1887,.T.);
#2477=ORIENTED_EDGE('',*,*,#1748,.T.);
#2478=ORIENTED_EDGE('',*,*,#1888,.T.);
#2479=ORIENTED_EDGE('',*,*,#1646,.T.);
#2480=ORIENTED_EDGE('',*,*,#1888,.F.);
#2481=ORIENTED_EDGE('',*,*,#1747,.T.);
#2482=ORIENTED_EDGE('',*,*,#1889,.T.);
#2483=ORIENTED_EDGE('',*,*,#1889,.F.);
#2484=ORIENTED_EDGE('',*,*,#1746,.T.);
#2485=ORIENTED_EDGE('',*,*,#1890,.F.);
#2486=ORIENTED_EDGE('',*,*,#1647,.T.);
#2487=ORIENTED_EDGE('',*,*,#1891,.F.);
#2488=ORIENTED_EDGE('',*,*,#1742,.T.);
#2489=ORIENTED_EDGE('',*,*,#1892,.F.);
#2490=ORIENTED_EDGE('',*,*,#1651,.T.);
#2491=ORIENTED_EDGE('',*,*,#1652,.T.);
#2492=ORIENTED_EDGE('',*,*,#1892,.T.);
#2493=ORIENTED_EDGE('',*,*,#1741,.T.);
#2494=ORIENTED_EDGE('',*,*,#1893,.T.);
#2495=ORIENTED_EDGE('',*,*,#1653,.T.);
#2496=ORIENTED_EDGE('',*,*,#1893,.F.);
#2497=ORIENTED_EDGE('',*,*,#1740,.T.);
#2498=ORIENTED_EDGE('',*,*,#1894,.T.);
#2499=ORIENTED_EDGE('',*,*,#1895,.F.);
#2500=ORIENTED_EDGE('',*,*,#1762,.T.);
#2501=ORIENTED_EDGE('',*,*,#1896,.F.);
#2502=ORIENTED_EDGE('',*,*,#1667,.T.);
#2503=ORIENTED_EDGE('',*,*,#1657,.T.);
#2504=ORIENTED_EDGE('',*,*,#1897,.T.);
#2505=ORIENTED_EDGE('',*,*,#1760,.T.);
#2506=ORIENTED_EDGE('',*,*,#1898,.T.);
#2507=ORIENTED_EDGE('',*,*,#1658,.T.);
#2508=ORIENTED_EDGE('',*,*,#1898,.F.);
#2509=ORIENTED_EDGE('',*,*,#1759,.T.);
#2510=ORIENTED_EDGE('',*,*,#1899,.T.);
#2511=ORIENTED_EDGE('',*,*,#1899,.F.);
#2512=ORIENTED_EDGE('',*,*,#1758,.T.);
#2513=ORIENTED_EDGE('',*,*,#1900,.F.);
#2514=ORIENTED_EDGE('',*,*,#1659,.T.);
#2515=ORIENTED_EDGE('',*,*,#1901,.F.);
#2516=ORIENTED_EDGE('',*,*,#1756,.T.);
#2517=ORIENTED_EDGE('',*,*,#1902,.F.);
#2518=ORIENTED_EDGE('',*,*,#1661,.T.);
#2519=ORIENTED_EDGE('',*,*,#1663,.T.);
#2520=ORIENTED_EDGE('',*,*,#1903,.T.);
#2521=ORIENTED_EDGE('',*,*,#1754,.T.);
#2522=ORIENTED_EDGE('',*,*,#1904,.T.);
#2523=ORIENTED_EDGE('',*,*,#1664,.T.);
#2524=ORIENTED_EDGE('',*,*,#1904,.F.);
#2525=ORIENTED_EDGE('',*,*,#1753,.T.);
#2526=ORIENTED_EDGE('',*,*,#1905,.T.);
#2527=ORIENTED_EDGE('',*,*,#1665,.T.);
#2528=ORIENTED_EDGE('',*,*,#1905,.F.);
#2529=ORIENTED_EDGE('',*,*,#1752,.T.);
#2530=ORIENTED_EDGE('',*,*,#1906,.T.);
#2531=ORIENTED_EDGE('',*,*,#1907,.T.);
#2532=ORIENTED_EDGE('',*,*,#1908,.T.);
#2533=ORIENTED_EDGE('',*,*,#1909,.T.);
#2534=ORIENTED_EDGE('',*,*,#1910,.T.);
#2535=ORIENTED_EDGE('',*,*,#1911,.T.);
#2536=ORIENTED_EDGE('',*,*,#1912,.T.);
#2537=ORIENTED_EDGE('',*,*,#1913,.T.);
#2538=ORIENTED_EDGE('',*,*,#1914,.T.);
#2539=ORIENTED_EDGE('',*,*,#1719,.F.);
#2540=ORIENTED_EDGE('',*,*,#1915,.T.);
#2541=ORIENTED_EDGE('',*,*,#1815,.F.);
#2542=ORIENTED_EDGE('',*,*,#1874,.T.);
#2543=ORIENTED_EDGE('',*,*,#1916,.T.);
#2544=ORIENTED_EDGE('',*,*,#1883,.F.);
#2545=ORIENTED_EDGE('',*,*,#1730,.T.);
#2546=ORIENTED_EDGE('',*,*,#1813,.F.);
#2547=ORIENTED_EDGE('',*,*,#1915,.F.);
#2548=ORIENTED_EDGE('',*,*,#1718,.F.);
#2549=ORIENTED_EDGE('',*,*,#1738,.T.);
#2550=ORIENTED_EDGE('',*,*,#1876,.F.);
#2551=ORIENTED_EDGE('',*,*,#1917,.T.);
#2552=ORIENTED_EDGE('',*,*,#1918,.T.);
#2553=ORIENTED_EDGE('',*,*,#1919,.T.);
#2554=ORIENTED_EDGE('',*,*,#1920,.T.);
#2555=ORIENTED_EDGE('',*,*,#1828,.T.);
#2556=ORIENTED_EDGE('',*,*,#1765,.F.);
#2557=ORIENTED_EDGE('',*,*,#1817,.T.);
#2558=ORIENTED_EDGE('',*,*,#1678,.F.);
#2559=ORIENTED_EDGE('',*,*,#1668,.T.);
#2560=ORIENTED_EDGE('',*,*,#1818,.T.);
#2561=ORIENTED_EDGE('',*,*,#1763,.T.);
#2562=ORIENTED_EDGE('',*,*,#1819,.F.);
#2563=ORIENTED_EDGE('',*,*,#1822,.F.);
#2564=ORIENTED_EDGE('',*,*,#1771,.F.);
#2565=ORIENTED_EDGE('',*,*,#1823,.T.);
#2566=ORIENTED_EDGE('',*,*,#1672,.F.);
#2567=ORIENTED_EDGE('',*,*,#1674,.T.);
#2568=ORIENTED_EDGE('',*,*,#1824,.T.);
#2569=ORIENTED_EDGE('',*,*,#1769,.T.);
#2570=ORIENTED_EDGE('',*,*,#1825,.F.);
#2571=ORIENTED_EDGE('',*,*,#1690,.T.);
#2572=ORIENTED_EDGE('',*,*,#1840,.T.);
#2573=ORIENTED_EDGE('',*,*,#1777,.T.);
#2574=ORIENTED_EDGE('',*,*,#1829,.F.);
#2575=ORIENTED_EDGE('',*,*,#1832,.T.);
#2576=ORIENTED_EDGE('',*,*,#1785,.F.);
#2577=ORIENTED_EDGE('',*,*,#1833,.T.);
#2578=ORIENTED_EDGE('',*,*,#1682,.F.);
#2579=ORIENTED_EDGE('',*,*,#1684,.T.);
#2580=ORIENTED_EDGE('',*,*,#1834,.T.);
#2581=ORIENTED_EDGE('',*,*,#1783,.T.);
#2582=ORIENTED_EDGE('',*,*,#1835,.T.);
#2583=ORIENTED_EDGE('',*,*,#1838,.F.);
#2584=ORIENTED_EDGE('',*,*,#1779,.F.);
#2585=ORIENTED_EDGE('',*,*,#1839,.T.);
#2586=ORIENTED_EDGE('',*,*,#1688,.F.);
#2587=ORIENTED_EDGE('',*,*,#1702,.T.);
#2588=ORIENTED_EDGE('',*,*,#1852,.T.);
#2589=ORIENTED_EDGE('',*,*,#1789,.T.);
#2590=ORIENTED_EDGE('',*,*,#1841,.F.);
#2591=ORIENTED_EDGE('',*,*,#1844,.T.);
#2592=ORIENTED_EDGE('',*,*,#1797,.F.);
#2593=ORIENTED_EDGE('',*,*,#1845,.T.);
#2594=ORIENTED_EDGE('',*,*,#1694,.F.);
#2595=ORIENTED_EDGE('',*,*,#1696,.T.);
#2596=ORIENTED_EDGE('',*,*,#1846,.T.);
#2597=ORIENTED_EDGE('',*,*,#1795,.T.);
#2598=ORIENTED_EDGE('',*,*,#1847,.F.);
#2599=ORIENTED_EDGE('',*,*,#1850,.F.);
#2600=ORIENTED_EDGE('',*,*,#1791,.F.);
#2601=ORIENTED_EDGE('',*,*,#1851,.T.);
#2602=ORIENTED_EDGE('',*,*,#1700,.F.);
#2603=ORIENTED_EDGE('',*,*,#1864,.T.);
#2604=ORIENTED_EDGE('',*,*,#1801,.F.);
#2605=ORIENTED_EDGE('',*,*,#1853,.F.);
#2606=ORIENTED_EDGE('',*,*,#1714,.F.);
#2607=ORIENTED_EDGE('',*,*,#1856,.T.);
#2608=ORIENTED_EDGE('',*,*,#1809,.F.);
#2609=ORIENTED_EDGE('',*,*,#1857,.T.);
#2610=ORIENTED_EDGE('',*,*,#1706,.F.);
#2611=ORIENTED_EDGE('',*,*,#1708,.T.);
#2612=ORIENTED_EDGE('',*,*,#1858,.T.);
#2613=ORIENTED_EDGE('',*,*,#1807,.T.);
#2614=ORIENTED_EDGE('',*,*,#1859,.T.);
#2615=ORIENTED_EDGE('',*,*,#1862,.F.);
#2616=ORIENTED_EDGE('',*,*,#1803,.F.);
#2617=ORIENTED_EDGE('',*,*,#1863,.T.);
#2618=ORIENTED_EDGE('',*,*,#1712,.F.);
#2619=ORIENTED_EDGE('',*,*,#1865,.F.);
#2620=ORIENTED_EDGE('',*,*,#1726,.F.);
#2621=ORIENTED_EDGE('',*,*,#1921,.F.);
#2622=ORIENTED_EDGE('',*,*,#1627,.F.);
#2623=ORIENTED_EDGE('',*,*,#1629,.T.);
#2624=ORIENTED_EDGE('',*,*,#1922,.T.);
#2625=ORIENTED_EDGE('',*,*,#1724,.T.);
#2626=ORIENTED_EDGE('',*,*,#1866,.F.);
#2627=ORIENTED_EDGE('',*,*,#1868,.T.);
#2628=ORIENTED_EDGE('',*,*,#1884,.F.);
#2629=ORIENTED_EDGE('',*,*,#1916,.F.);
#2630=ORIENTED_EDGE('',*,*,#1923,.T.);
#2631=ORIENTED_EDGE('',*,*,#1919,.F.);
#2632=ORIENTED_EDGE('',*,*,#1924,.F.);
#2633=ORIENTED_EDGE('',*,*,#1870,.T.);
#2634=ORIENTED_EDGE('',*,*,#1925,.F.);
#2635=ORIENTED_EDGE('',*,*,#1872,.T.);
#2636=ORIENTED_EDGE('',*,*,#1926,.T.);
#2637=ORIENTED_EDGE('',*,*,#1917,.F.);
#2638=ORIENTED_EDGE('',*,*,#1875,.F.);
#2639=ORIENTED_EDGE('',*,*,#1637,.T.);
#2640=ORIENTED_EDGE('',*,*,#1878,.T.);
#2641=ORIENTED_EDGE('',*,*,#1735,.T.);
#2642=ORIENTED_EDGE('',*,*,#1879,.T.);
#2643=ORIENTED_EDGE('',*,*,#1639,.T.);
#2644=ORIENTED_EDGE('',*,*,#1880,.T.);
#2645=ORIENTED_EDGE('',*,*,#1733,.T.);
#2646=ORIENTED_EDGE('',*,*,#1881,.T.);
#2647=ORIENTED_EDGE('',*,*,#1894,.F.);
#2648=ORIENTED_EDGE('',*,*,#1739,.F.);
#2649=ORIENTED_EDGE('',*,*,#1885,.T.);
#2650=ORIENTED_EDGE('',*,*,#1654,.F.);
#2651=ORIENTED_EDGE('',*,*,#1644,.T.);
#2652=ORIENTED_EDGE('',*,*,#1886,.T.);
#2653=ORIENTED_EDGE('',*,*,#1749,.T.);
#2654=ORIENTED_EDGE('',*,*,#1887,.F.);
#2655=ORIENTED_EDGE('',*,*,#1890,.T.);
#2656=ORIENTED_EDGE('',*,*,#1745,.F.);
#2657=ORIENTED_EDGE('',*,*,#1927,.F.);
#2658=ORIENTED_EDGE('',*,*,#1648,.F.);
#2659=ORIENTED_EDGE('',*,*,#1650,.T.);
#2660=ORIENTED_EDGE('',*,*,#1928,.T.);
#2661=ORIENTED_EDGE('',*,*,#1743,.T.);
#2662=ORIENTED_EDGE('',*,*,#1891,.T.);
#2663=ORIENTED_EDGE('',*,*,#1906,.F.);
#2664=ORIENTED_EDGE('',*,*,#1751,.F.);
#2665=ORIENTED_EDGE('',*,*,#1895,.T.);
#2666=ORIENTED_EDGE('',*,*,#1666,.F.);
#2667=ORIENTED_EDGE('',*,*,#1656,.T.);
#2668=ORIENTED_EDGE('',*,*,#1896,.T.);
#2669=ORIENTED_EDGE('',*,*,#1761,.T.);
#2670=ORIENTED_EDGE('',*,*,#1897,.F.);
#2671=ORIENTED_EDGE('',*,*,#1900,.T.);
#2672=ORIENTED_EDGE('',*,*,#1757,.F.);
#2673=ORIENTED_EDGE('',*,*,#1901,.T.);
#2674=ORIENTED_EDGE('',*,*,#1660,.F.);
#2675=ORIENTED_EDGE('',*,*,#1662,.T.);
#2676=ORIENTED_EDGE('',*,*,#1902,.T.);
#2677=ORIENTED_EDGE('',*,*,#1755,.T.);
#2678=ORIENTED_EDGE('',*,*,#1903,.F.);
#2679=ORIENTED_EDGE('',*,*,#1908,.F.);
#2680=ORIENTED_EDGE('',*,*,#1929,.F.);
#2681=ORIENTED_EDGE('',*,*,#1930,.F.);
#2682=ORIENTED_EDGE('',*,*,#1931,.T.);
#2683=ORIENTED_EDGE('',*,*,#1932,.T.);
#2684=ORIENTED_EDGE('',*,*,#1933,.T.);
#2685=ORIENTED_EDGE('',*,*,#1914,.F.);
#2686=ORIENTED_EDGE('',*,*,#1934,.T.);
#2687=ORIENTED_EDGE('',*,*,#1935,.T.);
#2688=ORIENTED_EDGE('',*,*,#1571,.T.);
#2689=ORIENTED_EDGE('',*,*,#1936,.T.);
#2690=ORIENTED_EDGE('',*,*,#1937,.T.);
#2691=ORIENTED_EDGE('',*,*,#1938,.T.);
#2692=ORIENTED_EDGE('',*,*,#1939,.T.);
#2693=ORIENTED_EDGE('',*,*,#1940,.T.);
#2694=ORIENTED_EDGE('',*,*,#1565,.T.);
#2695=ORIENTED_EDGE('',*,*,#1568,.T.);
#2696=ORIENTED_EDGE('',*,*,#1941,.T.);
#2697=ORIENTED_EDGE('',*,*,#1934,.F.);
#2698=ORIENTED_EDGE('',*,*,#1913,.F.);
#2699=ORIENTED_EDGE('',*,*,#1942,.T.);
#2700=ORIENTED_EDGE('',*,*,#1943,.T.);
#2701=ORIENTED_EDGE('',*,*,#1944,.F.);
#2702=ORIENTED_EDGE('',*,*,#1945,.T.);
#2703=ORIENTED_EDGE('',*,*,#1946,.T.);
#2704=ORIENTED_EDGE('',*,*,#1942,.F.);
#2705=ORIENTED_EDGE('',*,*,#1912,.F.);
#2706=ORIENTED_EDGE('',*,*,#1947,.T.);
#2707=ORIENTED_EDGE('',*,*,#1948,.T.);
#2708=ORIENTED_EDGE('',*,*,#1949,.T.);
#2709=ORIENTED_EDGE('',*,*,#1950,.T.);
#2710=ORIENTED_EDGE('',*,*,#1951,.T.);
#2711=ORIENTED_EDGE('',*,*,#1952,.T.);
#2712=ORIENTED_EDGE('',*,*,#1953,.T.);
#2713=ORIENTED_EDGE('',*,*,#1954,.T.);
#2714=ORIENTED_EDGE('',*,*,#1583,.T.);
#2715=ORIENTED_EDGE('',*,*,#1955,.T.);
#2716=ORIENTED_EDGE('',*,*,#1577,.T.);
#2717=ORIENTED_EDGE('',*,*,#1580,.T.);
#2718=ORIENTED_EDGE('',*,*,#1910,.F.);
#2719=ORIENTED_EDGE('',*,*,#1956,.T.);
#2720=ORIENTED_EDGE('',*,*,#1957,.T.);
#2721=ORIENTED_EDGE('',*,*,#1958,.T.);
#2722=ORIENTED_EDGE('',*,*,#1948,.F.);
#2723=ORIENTED_EDGE('',*,*,#1959,.T.);
#2724=ORIENTED_EDGE('',*,*,#1956,.F.);
#2725=ORIENTED_EDGE('',*,*,#1909,.F.);
#2726=ORIENTED_EDGE('',*,*,#1930,.T.);
#2727=ORIENTED_EDGE('',*,*,#1960,.T.);
#2728=ORIENTED_EDGE('',*,*,#1932,.F.);
#2729=ORIENTED_EDGE('',*,*,#1961,.T.);
#2730=ORIENTED_EDGE('',*,*,#1962,.T.);
#2731=ORIENTED_EDGE('',*,*,#1963,.T.);
#2732=ORIENTED_EDGE('',*,*,#1964,.F.);
#2733=ORIENTED_EDGE('',*,*,#1921,.T.);
#2734=ORIENTED_EDGE('',*,*,#1725,.F.);
#2735=ORIENTED_EDGE('',*,*,#1922,.F.);
#2736=ORIENTED_EDGE('',*,*,#1628,.F.);
#2737=ORIENTED_EDGE('',*,*,#1920,.F.);
#2738=ORIENTED_EDGE('',*,*,#1925,.T.);
#2739=ORIENTED_EDGE('',*,*,#1869,.F.);
#2740=ORIENTED_EDGE('',*,*,#1923,.F.);
#2741=ORIENTED_EDGE('',*,*,#1918,.F.);
#2742=ORIENTED_EDGE('',*,*,#1926,.F.);
#2743=ORIENTED_EDGE('',*,*,#1871,.F.);
#2744=ORIENTED_EDGE('',*,*,#1924,.T.);
#2745=ORIENTED_EDGE('',*,*,#1927,.T.);
#2746=ORIENTED_EDGE('',*,*,#1744,.F.);
#2747=ORIENTED_EDGE('',*,*,#1928,.F.);
#2748=ORIENTED_EDGE('',*,*,#1649,.F.);
#2749=ORIENTED_EDGE('',*,*,#1929,.T.);
#2750=ORIENTED_EDGE('',*,*,#1907,.F.);
#2751=ORIENTED_EDGE('',*,*,#1933,.F.);
#2752=ORIENTED_EDGE('',*,*,#1960,.F.);
#2753=ORIENTED_EDGE('',*,*,#1965,.T.);
#2754=ORIENTED_EDGE('',*,*,#1961,.F.);
#2755=ORIENTED_EDGE('',*,*,#1931,.F.);
#2756=ORIENTED_EDGE('',*,*,#1966,.T.);
#2757=ORIENTED_EDGE('',*,*,#1967,.T.);
#2758=ORIENTED_EDGE('',*,*,#1966,.F.);
#2759=ORIENTED_EDGE('',*,*,#1940,.F.);
#2760=ORIENTED_EDGE('',*,*,#1968,.T.);
#2761=ORIENTED_EDGE('',*,*,#1969,.T.);
#2762=ORIENTED_EDGE('',*,*,#1968,.F.);
#2763=ORIENTED_EDGE('',*,*,#1939,.F.);
#2764=ORIENTED_EDGE('',*,*,#1970,.T.);
#2765=ORIENTED_EDGE('',*,*,#1938,.F.);
#2766=ORIENTED_EDGE('',*,*,#1971,.F.);
#2767=ORIENTED_EDGE('',*,*,#1972,.F.);
#2768=ORIENTED_EDGE('',*,*,#1970,.F.);
#2769=ORIENTED_EDGE('',*,*,#1973,.T.);
#2770=ORIENTED_EDGE('',*,*,#1971,.T.);
#2771=ORIENTED_EDGE('',*,*,#1937,.F.);
#2772=ORIENTED_EDGE('',*,*,#1974,.T.);
#2773=ORIENTED_EDGE('',*,*,#1936,.F.);
#2774=ORIENTED_EDGE('',*,*,#1574,.F.);
#2775=ORIENTED_EDGE('',*,*,#1975,.F.);
#2776=ORIENTED_EDGE('',*,*,#1974,.F.);
#2777=ORIENTED_EDGE('',*,*,#1935,.F.);
#2778=ORIENTED_EDGE('',*,*,#1941,.F.);
#2779=ORIENTED_EDGE('',*,*,#1976,.F.);
#2780=ORIENTED_EDGE('',*,*,#1572,.F.);
#2781=ORIENTED_EDGE('',*,*,#1945,.F.);
#2782=ORIENTED_EDGE('',*,*,#1977,.F.);
#2783=ORIENTED_EDGE('',*,*,#1963,.F.);
#2784=ORIENTED_EDGE('',*,*,#1978,.F.);
#2785=ORIENTED_EDGE('',*,*,#1943,.F.);
#2786=ORIENTED_EDGE('',*,*,#1955,.F.);
#2787=ORIENTED_EDGE('',*,*,#1582,.F.);
#2788=ORIENTED_EDGE('',*,*,#1979,.F.);
#2789=ORIENTED_EDGE('',*,*,#1584,.F.);
#2790=ORIENTED_EDGE('',*,*,#1954,.F.);
#2791=ORIENTED_EDGE('',*,*,#1980,.F.);
#2792=ORIENTED_EDGE('',*,*,#1981,.F.);
#2793=ORIENTED_EDGE('',*,*,#1982,.T.);
#2794=ORIENTED_EDGE('',*,*,#1983,.T.);
#2795=ORIENTED_EDGE('',*,*,#1980,.T.);
#2796=ORIENTED_EDGE('',*,*,#1953,.F.);
#2797=ORIENTED_EDGE('',*,*,#1982,.F.);
#2798=ORIENTED_EDGE('',*,*,#1952,.F.);
#2799=ORIENTED_EDGE('',*,*,#1984,.F.);
#2800=ORIENTED_EDGE('',*,*,#1985,.F.);
#2801=ORIENTED_EDGE('',*,*,#1986,.T.);
#2802=ORIENTED_EDGE('',*,*,#1987,.T.);
#2803=ORIENTED_EDGE('',*,*,#1984,.T.);
#2804=ORIENTED_EDGE('',*,*,#1951,.F.);
#2805=ORIENTED_EDGE('',*,*,#1988,.T.);
#2806=ORIENTED_EDGE('',*,*,#1989,.T.);
#2807=ORIENTED_EDGE('',*,*,#1986,.F.);
#2808=ORIENTED_EDGE('',*,*,#1950,.F.);
#2809=ORIENTED_EDGE('',*,*,#1958,.F.);
#2810=ORIENTED_EDGE('',*,*,#1990,.T.);
#2811=ORIENTED_EDGE('',*,*,#1988,.F.);
#2812=ORIENTED_EDGE('',*,*,#1949,.F.);
#2813=ORIENTED_EDGE('',*,*,#1947,.F.);
#2814=ORIENTED_EDGE('',*,*,#1911,.F.);
#2815=ORIENTED_EDGE('',*,*,#1957,.F.);
#2816=ORIENTED_EDGE('',*,*,#1959,.F.);
#2817=ORIENTED_EDGE('',*,*,#1967,.F.);
#2818=ORIENTED_EDGE('',*,*,#1969,.F.);
#2819=ORIENTED_EDGE('',*,*,#1972,.T.);
#2820=ORIENTED_EDGE('',*,*,#1973,.F.);
#2821=ORIENTED_EDGE('',*,*,#1975,.T.);
#2822=ORIENTED_EDGE('',*,*,#1573,.F.);
#2823=ORIENTED_EDGE('',*,*,#1976,.T.);
#2824=ORIENTED_EDGE('',*,*,#1946,.F.);
#2825=ORIENTED_EDGE('',*,*,#1978,.T.);
#2826=ORIENTED_EDGE('',*,*,#1962,.F.);
#2827=ORIENTED_EDGE('',*,*,#1965,.F.);
#2828=ORIENTED_EDGE('',*,*,#1567,.T.);
#2829=ORIENTED_EDGE('',*,*,#1570,.T.);
#2830=ORIENTED_EDGE('',*,*,#1987,.F.);
#2831=ORIENTED_EDGE('',*,*,#1989,.F.);
#2832=ORIENTED_EDGE('',*,*,#1990,.F.);
#2833=ORIENTED_EDGE('',*,*,#1964,.T.);
#2834=ORIENTED_EDGE('',*,*,#1977,.T.);
#2835=ORIENTED_EDGE('',*,*,#1944,.T.);
#2836=ORIENTED_EDGE('',*,*,#1979,.T.);
#2837=ORIENTED_EDGE('',*,*,#1581,.F.);
#2838=ORIENTED_EDGE('',*,*,#1981,.T.);
#2839=ORIENTED_EDGE('',*,*,#1983,.F.);
#2840=ORIENTED_EDGE('',*,*,#1985,.T.);
#2841=ORIENTED_EDGE('',*,*,#1578,.T.);
#2842=ORIENTED_EDGE('',*,*,#1575,.T.);
#2843=CYLINDRICAL_SURFACE('',#3020,1.5);
#2844=CYLINDRICAL_SURFACE('',#3023,1.5);
#2845=CYLINDRICAL_SURFACE('',#3026,4.5);
#2846=CYLINDRICAL_SURFACE('',#3029,1.5);
#2847=CYLINDRICAL_SURFACE('',#3032,1.5);
#2848=CYLINDRICAL_SURFACE('',#3035,4.5);
#2849=CYLINDRICAL_SURFACE('',#3052,4.00000000000001);
#2850=CYLINDRICAL_SURFACE('',#3059,0.5);
#2851=CYLINDRICAL_SURFACE('',#3061,0.5);
#2852=CYLINDRICAL_SURFACE('',#3062,0.5);
#2853=CYLINDRICAL_SURFACE('',#3174,3.);
#2854=CYLINDRICAL_SURFACE('',#3177,4.5);
#2855=CYLINDRICAL_SURFACE('',#3179,3.);
#2856=CYLINDRICAL_SURFACE('',#3182,3.);
#2857=CYLINDRICAL_SURFACE('',#3184,3.);
#2858=CYLINDRICAL_SURFACE('',#3187,3.);
#2859=CYLINDRICAL_SURFACE('',#3189,3.);
#2860=CYLINDRICAL_SURFACE('',#3192,3.);
#2861=CYLINDRICAL_SURFACE('',#3194,4.5);
#2862=CYLINDRICAL_SURFACE('',#3197,3.);
#2863=ADVANCED_FACE('',(#171),#2843,.F.);
#2864=ADVANCED_FACE('',(#172),#2844,.F.);
#2865=ADVANCED_FACE('',(#173),#2845,.T.);
#2866=ADVANCED_FACE('',(#174),#2846,.F.);
#2867=ADVANCED_FACE('',(#175),#2847,.F.);
#2868=ADVANCED_FACE('',(#176),#2848,.T.);
#2869=ADVANCED_FACE('',(#177),#49,.T.);
#2870=ADVANCED_FACE('',(#178),#50,.F.);
#2871=ADVANCED_FACE('',(#179),#51,.T.);
#2872=ADVANCED_FACE('',(#180),#52,.T.);
#2873=ADVANCED_FACE('',(#181),#53,.T.);
#2874=ADVANCED_FACE('',(#182),#54,.T.);
#2875=ADVANCED_FACE('',(#183,#19),#55,.T.);
#2876=ADVANCED_FACE('',(#184),#56,.T.);
#2877=ADVANCED_FACE('',(#185),#2849,.T.);
#2878=ADVANCED_FACE('',(#186,#20,#21,#22,#23,#24,#25),#57,.F.);
#2879=ADVANCED_FACE('',(#187),#58,.T.);
#2880=ADVANCED_FACE('',(#188,#26,#27,#28,#29,#30,#31),#59,.F.);
#2881=ADVANCED_FACE('',(#189),#60,.T.);
#2882=ADVANCED_FACE('',(#190),#2850,.F.);
#2883=ADVANCED_FACE('',(#191),#61,.T.);
#2884=ADVANCED_FACE('',(#192),#2851,.T.);
#2885=ADVANCED_FACE('',(#193),#2852,.F.);
#2886=ADVANCED_FACE('',(#194),#62,.T.);
#2887=ADVANCED_FACE('',(#195),#63,.T.);
#2888=ADVANCED_FACE('',(#196),#64,.F.);
#2889=ADVANCED_FACE('',(#197),#65,.T.);
#2890=ADVANCED_FACE('',(#198),#66,.T.);
#2891=ADVANCED_FACE('',(#199),#67,.T.);
#2892=ADVANCED_FACE('',(#200),#68,.F.);
#2893=ADVANCED_FACE('',(#201),#69,.T.);
#2894=ADVANCED_FACE('',(#202),#70,.T.);
#2895=ADVANCED_FACE('',(#203),#71,.F.);
#2896=ADVANCED_FACE('',(#204),#72,.T.);
#2897=ADVANCED_FACE('',(#205),#73,.T.);
#2898=ADVANCED_FACE('',(#206),#74,.F.);
#2899=ADVANCED_FACE('',(#207),#75,.F.);
#2900=ADVANCED_FACE('',(#208),#76,.F.);
#2901=ADVANCED_FACE('',(#209),#77,.T.);
#2902=ADVANCED_FACE('',(#210),#78,.T.);
#2903=ADVANCED_FACE('',(#211),#79,.F.);
#2904=ADVANCED_FACE('',(#212),#80,.T.);
#2905=ADVANCED_FACE('',(#213),#81,.T.);
#2906=ADVANCED_FACE('',(#214),#82,.F.);
#2907=ADVANCED_FACE('',(#215),#83,.F.);
#2908=ADVANCED_FACE('',(#216),#84,.T.);
#2909=ADVANCED_FACE('',(#217),#85,.T.);
#2910=ADVANCED_FACE('',(#218),#86,.T.);
#2911=ADVANCED_FACE('',(#219),#87,.F.);
#2912=ADVANCED_FACE('',(#220),#88,.T.);
#2913=ADVANCED_FACE('',(#221),#89,.T.);
#2914=ADVANCED_FACE('',(#222),#90,.F.);
#2915=ADVANCED_FACE('',(#223),#91,.F.);
#2916=ADVANCED_FACE('',(#224),#92,.F.);
#2917=ADVANCED_FACE('',(#225),#93,.T.);
#2918=ADVANCED_FACE('',(#226),#94,.T.);
#2919=ADVANCED_FACE('',(#227),#95,.F.);
#2920=ADVANCED_FACE('',(#228),#96,.T.);
#2921=ADVANCED_FACE('',(#229),#97,.T.);
#2922=ADVANCED_FACE('',(#230),#98,.F.);
#2923=ADVANCED_FACE('',(#231),#99,.T.);
#2924=ADVANCED_FACE('',(#232),#100,.F.);
#2925=ADVANCED_FACE('',(#233),#101,.F.);
#2926=ADVANCED_FACE('',(#234),#102,.F.);
#2927=ADVANCED_FACE('',(#235),#103,.T.);
#2928=ADVANCED_FACE('',(#236),#104,.F.);
#2929=ADVANCED_FACE('',(#237),#105,.T.);
#2930=ADVANCED_FACE('',(#238),#106,.T.);
#2931=ADVANCED_FACE('',(#239),#107,.F.);
#2932=ADVANCED_FACE('',(#240),#108,.F.);
#2933=ADVANCED_FACE('',(#241),#109,.T.);
#2934=ADVANCED_FACE('',(#242),#110,.T.);
#2935=ADVANCED_FACE('',(#243),#111,.F.);
#2936=ADVANCED_FACE('',(#244),#112,.T.);
#2937=ADVANCED_FACE('',(#245),#113,.T.);
#2938=ADVANCED_FACE('',(#246),#114,.F.);
#2939=ADVANCED_FACE('',(#247),#115,.F.);
#2940=ADVANCED_FACE('',(#248),#116,.T.);
#2941=ADVANCED_FACE('',(#249),#117,.T.);
#2942=ADVANCED_FACE('',(#250),#118,.T.);
#2943=ADVANCED_FACE('',(#251,#32),#119,.T.);
#2944=ADVANCED_FACE('',(#252),#120,.T.);
#2945=ADVANCED_FACE('',(#253),#121,.F.);
#2946=ADVANCED_FACE('',(#254),#122,.T.);
#2947=ADVANCED_FACE('',(#255),#123,.F.);
#2948=ADVANCED_FACE('',(#256),#124,.T.);
#2949=ADVANCED_FACE('',(#257),#125,.T.);
#2950=ADVANCED_FACE('',(#258),#126,.F.);
#2951=ADVANCED_FACE('',(#259),#127,.T.);
#2952=ADVANCED_FACE('',(#260),#128,.F.);
#2953=ADVANCED_FACE('',(#261),#129,.T.);
#2954=ADVANCED_FACE('',(#262),#130,.F.);
#2955=ADVANCED_FACE('',(#263),#131,.T.);
#2956=ADVANCED_FACE('',(#264),#132,.F.);
#2957=ADVANCED_FACE('',(#265),#133,.F.);
#2958=ADVANCED_FACE('',(#266),#134,.F.);
#2959=ADVANCED_FACE('',(#267),#135,.T.);
#2960=ADVANCED_FACE('',(#268),#136,.F.);
#2961=ADVANCED_FACE('',(#269),#137,.F.);
#2962=ADVANCED_FACE('',(#270),#138,.T.);
#2963=ADVANCED_FACE('',(#271),#139,.T.);
#2964=ADVANCED_FACE('',(#272),#140,.F.);
#2965=ADVANCED_FACE('',(#273),#141,.T.);
#2966=ADVANCED_FACE('',(#274),#142,.T.);
#2967=ADVANCED_FACE('',(#275),#143,.T.);
#2968=ADVANCED_FACE('',(#276),#144,.F.);
#2969=ADVANCED_FACE('',(#277),#145,.T.);
#2970=ADVANCED_FACE('',(#278),#146,.F.);
#2971=ADVANCED_FACE('',(#279),#147,.T.);
#2972=ADVANCED_FACE('',(#280),#148,.F.);
#2973=ADVANCED_FACE('',(#281),#149,.T.);
#2974=ADVANCED_FACE('',(#282),#150,.F.);
#2975=ADVANCED_FACE('',(#283),#151,.T.);
#2976=ADVANCED_FACE('',(#284),#152,.F.);
#2977=ADVANCED_FACE('',(#285,#33,#34),#153,.T.);
#2978=ADVANCED_FACE('',(#286),#154,.T.);
#2979=ADVANCED_FACE('',(#287,#35,#36),#155,.T.);
#2980=ADVANCED_FACE('',(#288),#156,.T.);
#2981=ADVANCED_FACE('',(#289),#157,.T.);
#2982=ADVANCED_FACE('',(#290),#158,.F.);
#2983=ADVANCED_FACE('',(#291),#159,.F.);
#2984=ADVANCED_FACE('',(#292),#160,.F.);
#2985=ADVANCED_FACE('',(#293),#161,.F.);
#2986=ADVANCED_FACE('',(#294),#162,.F.);
#2987=ADVANCED_FACE('',(#295),#2853,.T.);
#2988=ADVANCED_FACE('',(#296),#163,.T.);
#2989=ADVANCED_FACE('',(#297),#2854,.T.);
#2990=ADVANCED_FACE('',(#298),#2855,.F.);
#2991=ADVANCED_FACE('',(#299),#164,.T.);
#2992=ADVANCED_FACE('',(#300),#2856,.F.);
#2993=ADVANCED_FACE('',(#301),#2857,.F.);
#2994=ADVANCED_FACE('',(#302),#165,.F.);
#2995=ADVANCED_FACE('',(#303),#2858,.F.);
#2996=ADVANCED_FACE('',(#304),#2859,.F.);
#2997=ADVANCED_FACE('',(#305),#166,.T.);
#2998=ADVANCED_FACE('',(#306),#2860,.F.);
#2999=ADVANCED_FACE('',(#307),#2861,.T.);
#3000=ADVANCED_FACE('',(#308),#167,.T.);
#3001=ADVANCED_FACE('',(#309),#2862,.T.);
#3002=ADVANCED_FACE('',(#310),#168,.F.);
#3003=ADVANCED_FACE('',(#311,#37,#38),#169,.F.);
#3004=ADVANCED_FACE('',(#312,#39,#40),#170,.T.);
#3005=CLOSED_SHELL('',(#2863,#2864,#2865,#2866,#2867,#2868,#2869,#2870,
#2871,#2872,#2873,#2874,#2875,#2876,#2877,#2878,#2879,#2880,#2881,#2882,
#2883,#2884,#2885,#2886,#2887,#2888,#2889,#2890,#2891,#2892,#2893,#2894,
#2895,#2896,#2897,#2898,#2899,#2900,#2901,#2902,#2903,#2904,#2905,#2906,
#2907,#2908,#2909,#2910,#2911,#2912,#2913,#2914,#2915,#2916,#2917,#2918,
#2919,#2920,#2921,#2922,#2923,#2924,#2925,#2926,#2927,#2928,#2929,#2930,
#2931,#2932,#2933,#2934,#2935,#2936,#2937,#2938,#2939,#2940,#2941,#2942,
#2943,#2944,#2945,#2946,#2947,#2948,#2949,#2950,#2951,#2952,#2953,#2954,
#2955,#2956,#2957,#2958,#2959,#2960,#2961,#2962,#2963,#2964,#2965,#2966,
#2967,#2968,#2969,#2970,#2971,#2972,#2973,#2974,#2975,#2976,#2977,#2978,
#2979,#2980,#2981,#2982,#2983,#2984,#2985,#2986,#2987,#2988,#2989,#2990,
#2991,#2992,#2993,#2994,#2995,#2996,#2997,#2998,#2999,#3000,#3001,#3002,
#3003,#3004));
#3006=DERIVED_UNIT_ELEMENT(#3008,1.);
#3007=DERIVED_UNIT_ELEMENT(#4821,-3.);
#3008=(
MASS_UNIT()
NAMED_UNIT(*)
SI_UNIT(.KILO.,.GRAM.)
);
#3009=DERIVED_UNIT((#3006,#3007));
#3010=MEASURE_REPRESENTATION_ITEM('density measure',
POSITIVE_RATIO_MEASURE(7850.),#3009);
#3011=PROPERTY_DEFINITION_REPRESENTATION(#3016,#3013);
#3012=PROPERTY_DEFINITION_REPRESENTATION(#3017,#3014);
#3013=REPRESENTATION('material name',(#3015),#4818);
#3014=REPRESENTATION('density',(#3010),#4818);
#3015=DESCRIPTIVE_REPRESENTATION_ITEM('Steel','Steel');
#3016=PROPERTY_DEFINITION('material property','material name',#4833);
#3017=PROPERTY_DEFINITION('material property','density of part',#4833);
#3018=AXIS2_PLACEMENT_3D('',#3959,#3203,#3204);
#3019=AXIS2_PLACEMENT_3D('',#3960,#3205,#3206);
#3020=AXIS2_PLACEMENT_3D('',#3961,#3207,#3208);
#3021=AXIS2_PLACEMENT_3D('',#3963,#3209,#3210);
#3022=AXIS2_PLACEMENT_3D('',#3966,#3212,#3213);
#3023=AXIS2_PLACEMENT_3D('',#3967,#3214,#3215);
#3024=AXIS2_PLACEMENT_3D('',#3969,#3216,#3217);
#3025=AXIS2_PLACEMENT_3D('',#3972,#3219,#3220);
#3026=AXIS2_PLACEMENT_3D('',#3973,#3221,#3222);
#3027=AXIS2_PLACEMENT_3D('',#3976,#3223,#3224);
#3028=AXIS2_PLACEMENT_3D('',#3980,#3226,#3227);
#3029=AXIS2_PLACEMENT_3D('',#3982,#3229,#3230);
#3030=AXIS2_PLACEMENT_3D('',#3984,#3231,#3232);
#3031=AXIS2_PLACEMENT_3D('',#3987,#3234,#3235);
#3032=AXIS2_PLACEMENT_3D('',#3988,#3236,#3237);
#3033=AXIS2_PLACEMENT_3D('',#3990,#3238,#3239);
#3034=AXIS2_PLACEMENT_3D('',#3993,#3241,#3242);
#3035=AXIS2_PLACEMENT_3D('',#3994,#3243,#3244);
#3036=AXIS2_PLACEMENT_3D('',#3997,#3245,#3246);
#3037=AXIS2_PLACEMENT_3D('',#4001,#3248,#3249);
#3038=AXIS2_PLACEMENT_3D('',#4003,#3251,#3252);
#3039=AXIS2_PLACEMENT_3D('',#4012,#3257,#3258);
#3040=AXIS2_PLACEMENT_3D('',#4017,#3260,#3261);
#3041=AXIS2_PLACEMENT_3D('',#4021,#3263,#3264);
#3042=AXIS2_PLACEMENT_3D('',#4025,#3266,#3267);
#3043=AXIS2_PLACEMENT_3D('',#4028,#3270,#3271);
#3044=AXIS2_PLACEMENT_3D('',#4040,#3278,#3279);
#3045=AXIS2_PLACEMENT_3D('',#4046,#3282,#3283);
#3046=AXIS2_PLACEMENT_3D('',#4050,#3285,#3286);
#3047=AXIS2_PLACEMENT_3D('',#4053,#3288,#3289);
#3048=AXIS2_PLACEMENT_3D('',#4054,#3290,#3291);
#3049=AXIS2_PLACEMENT_3D('',#4056,#3293,#3294);
#3050=AXIS2_PLACEMENT_3D('',#4060,#3297,#3298);
#3051=AXIS2_PLACEMENT_3D('',#4079,#3309,#3310);
#3052=AXIS2_PLACEMENT_3D('',#4082,#3313,#3314);
#3053=AXIS2_PLACEMENT_3D('',#4083,#3315,#3316);
#3054=AXIS2_PLACEMENT_3D('',#4097,#3324,#3325);
#3055=AXIS2_PLACEMENT_3D('',#4263,#3409,#3410);
#3056=AXIS2_PLACEMENT_3D('',#4271,#3415,#3416);
#3057=AXIS2_PLACEMENT_3D('',#4274,#3418,#3419);
#3058=AXIS2_PLACEMENT_3D('',#4451,#3509,#3510);
#3059=AXIS2_PLACEMENT_3D('',#4453,#3512,#3513);
#3060=AXIS2_PLACEMENT_3D('',#4454,#3514,#3515);
#3061=AXIS2_PLACEMENT_3D('',#4456,#3517,#3518);
#3062=AXIS2_PLACEMENT_3D('',#4457,#3519,#3520);
#3063=AXIS2_PLACEMENT_3D('',#4458,#3521,#3522);
#3064=AXIS2_PLACEMENT_3D('',#4464,#3526,#3527);
#3065=AXIS2_PLACEMENT_3D('',#4466,#3529,#3530);
#3066=AXIS2_PLACEMENT_3D('',#4469,#3533,#3534);
#3067=AXIS2_PLACEMENT_3D('',#4472,#3537,#3538);
#3068=AXIS2_PLACEMENT_3D('',#4474,#3540,#3541);
#3069=AXIS2_PLACEMENT_3D('',#4476,#3543,#3544);
#3070=AXIS2_PLACEMENT_3D('',#4479,#3547,#3548);
#3071=AXIS2_PLACEMENT_3D('',#4482,#3551,#3552);
#3072=AXIS2_PLACEMENT_3D('',#4484,#3554,#3555);
#3073=AXIS2_PLACEMENT_3D('',#4486,#3557,#3558);
#3074=AXIS2_PLACEMENT_3D('',#4489,#3561,#3562);
#3075=AXIS2_PLACEMENT_3D('',#4491,#3564,#3565);
#3076=AXIS2_PLACEMENT_3D('',#4493,#3567,#3568);
#3077=AXIS2_PLACEMENT_3D('',#4496,#3571,#3572);
#3078=AXIS2_PLACEMENT_3D('',#4499,#3575,#3576);
#3079=AXIS2_PLACEMENT_3D('',#4501,#3578,#3579);
#3080=AXIS2_PLACEMENT_3D('',#4503,#3581,#3582);
#3081=AXIS2_PLACEMENT_3D('',#4506,#3585,#3586);
#3082=AXIS2_PLACEMENT_3D('',#4509,#3589,#3590);
#3083=AXIS2_PLACEMENT_3D('',#4511,#3592,#3593);
#3084=AXIS2_PLACEMENT_3D('',#4513,#3595,#3596);
#3085=AXIS2_PLACEMENT_3D('',#4516,#3599,#3600);
#3086=AXIS2_PLACEMENT_3D('',#4519,#3603,#3604);
#3087=AXIS2_PLACEMENT_3D('',#4521,#3606,#3607);
#3088=AXIS2_PLACEMENT_3D('',#4523,#3609,#3610);
#3089=AXIS2_PLACEMENT_3D('',#4526,#3613,#3614);
#3090=AXIS2_PLACEMENT_3D('',#4529,#3617,#3618);
#3091=AXIS2_PLACEMENT_3D('',#4531,#3620,#3621);
#3092=AXIS2_PLACEMENT_3D('',#4533,#3623,#3624);
#3093=AXIS2_PLACEMENT_3D('',#4536,#3627,#3628);
#3094=AXIS2_PLACEMENT_3D('',#4539,#3631,#3632);
#3095=AXIS2_PLACEMENT_3D('',#4541,#3634,#3635);
#3096=AXIS2_PLACEMENT_3D('',#4543,#3637,#3638);
#3097=AXIS2_PLACEMENT_3D('',#4546,#3641,#3642);
#3098=AXIS2_PLACEMENT_3D('',#4548,#3644,#3645);
#3099=AXIS2_PLACEMENT_3D('',#4550,#3647,#3648);
#3100=AXIS2_PLACEMENT_3D('',#4565,#3657,#3658);
#3101=AXIS2_PLACEMENT_3D('',#4570,#3662,#3663);
#3102=AXIS2_PLACEMENT_3D('',#4572,#3665,#3666);
#3103=AXIS2_PLACEMENT_3D('',#4575,#3669,#3670);
#3104=AXIS2_PLACEMENT_3D('',#4578,#3673,#3674);
#3105=AXIS2_PLACEMENT_3D('',#4582,#3677,#3678);
#3106=AXIS2_PLACEMENT_3D('',#4585,#3681,#3682);
#3107=AXIS2_PLACEMENT_3D('',#4588,#3685,#3686);
#3108=AXIS2_PLACEMENT_3D('',#4590,#3688,#3689);
#3109=AXIS2_PLACEMENT_3D('',#4592,#3691,#3692);
#3110=AXIS2_PLACEMENT_3D('',#4595,#3695,#3696);
#3111=AXIS2_PLACEMENT_3D('',#4597,#3698,#3699);
#3112=AXIS2_PLACEMENT_3D('',#4599,#3701,#3702);
#3113=AXIS2_PLACEMENT_3D('',#4602,#3705,#3706);
#3114=AXIS2_PLACEMENT_3D('',#4605,#3709,#3710);
#3115=AXIS2_PLACEMENT_3D('',#4607,#3712,#3713);
#3116=AXIS2_PLACEMENT_3D('',#4609,#3715,#3716);
#3117=AXIS2_PLACEMENT_3D('',#4612,#3719,#3720);
#3118=AXIS2_PLACEMENT_3D('',#4615,#3723,#3724);
#3119=AXIS2_PLACEMENT_3D('',#4617,#3726,#3727);
#3120=AXIS2_PLACEMENT_3D('',#4619,#3729,#3730);
#3121=AXIS2_PLACEMENT_3D('',#4637,#3740,#3741);
#3122=AXIS2_PLACEMENT_3D('',#4647,#3747,#3748);
#3123=AXIS2_PLACEMENT_3D('',#4648,#3749,#3750);
#3124=AXIS2_PLACEMENT_3D('',#4649,#3751,#3752);
#3125=AXIS2_PLACEMENT_3D('',#4650,#3753,#3754);
#3126=AXIS2_PLACEMENT_3D('',#4651,#3755,#3756);
#3127=AXIS2_PLACEMENT_3D('',#4652,#3757,#3758);
#3128=AXIS2_PLACEMENT_3D('',#4653,#3759,#3760);
#3129=AXIS2_PLACEMENT_3D('',#4654,#3761,#3762);
#3130=AXIS2_PLACEMENT_3D('',#4655,#3763,#3764);
#3131=AXIS2_PLACEMENT_3D('',#4656,#3765,#3766);
#3132=AXIS2_PLACEMENT_3D('',#4657,#3767,#3768);
#3133=AXIS2_PLACEMENT_3D('',#4658,#3769,#3770);
#3134=AXIS2_PLACEMENT_3D('',#4659,#3771,#3772);
#3135=AXIS2_PLACEMENT_3D('',#4660,#3773,#3774);
#3136=AXIS2_PLACEMENT_3D('',#4661,#3775,#3776);
#3137=AXIS2_PLACEMENT_3D('',#4662,#3777,#3778);
#3138=AXIS2_PLACEMENT_3D('',#4663,#3779,#3780);
#3139=AXIS2_PLACEMENT_3D('',#4665,#3782,#3783);
#3140=AXIS2_PLACEMENT_3D('',#4667,#3785,#3786);
#3141=AXIS2_PLACEMENT_3D('',#4669,#3788,#3789);
#3142=AXIS2_PLACEMENT_3D('',#4672,#3792,#3793);
#3143=AXIS2_PLACEMENT_3D('',#4674,#3795,#3796);
#3144=AXIS2_PLACEMENT_3D('',#4675,#3797,#3798);
#3145=AXIS2_PLACEMENT_3D('',#4676,#3799,#3800);
#3146=AXIS2_PLACEMENT_3D('',#4677,#3801,#3802);
#3147=AXIS2_PLACEMENT_3D('',#4678,#3803,#3804);
#3148=AXIS2_PLACEMENT_3D('',#4680,#3806,#3807);
#3149=AXIS2_PLACEMENT_3D('',#4682,#3809,#3810);
#3150=AXIS2_PLACEMENT_3D('',#4683,#3811,#3812);
#3151=AXIS2_PLACEMENT_3D('',#4684,#3813,#3814);
#3152=AXIS2_PLACEMENT_3D('',#4685,#3815,#3816);
#3153=AXIS2_PLACEMENT_3D('',#4686,#3817,#3818);
#3154=AXIS2_PLACEMENT_3D('',#4690,#3821,#3822);
#3155=AXIS2_PLACEMENT_3D('',#4693,#3823,#3824);
#3156=AXIS2_PLACEMENT_3D('',#4699,#3828,#3829);
#3157=AXIS2_PLACEMENT_3D('',#4701,#3830,#3831);
#3158=AXIS2_PLACEMENT_3D('',#4705,#3833,#3834);
#3159=AXIS2_PLACEMENT_3D('',#4707,#3835,#3836);
#3160=AXIS2_PLACEMENT_3D('',#4709,#3838,#3839);
#3161=AXIS2_PLACEMENT_3D('',#4721,#3846,#3847);
#3162=AXIS2_PLACEMENT_3D('',#4727,#3850,#3851);
#3163=AXIS2_PLACEMENT_3D('',#4731,#3853,#3854);
#3164=AXIS2_PLACEMENT_3D('',#4733,#3855,#3856);
#3165=AXIS2_PLACEMENT_3D('',#4736,#3858,#3859);
#3166=AXIS2_PLACEMENT_3D('',#4737,#3860,#3861);
#3167=AXIS2_PLACEMENT_3D('',#4738,#3862,#3863);
#3168=AXIS2_PLACEMENT_3D('',#4742,#3866,#3867);
#3169=AXIS2_PLACEMENT_3D('',#4754,#3875,#3876);
#3170=AXIS2_PLACEMENT_3D('',#4755,#3877,#3878);
#3171=AXIS2_PLACEMENT_3D('',#4756,#3879,#3880);
#3172=AXIS2_PLACEMENT_3D('',#4757,#3881,#3882);
#3173=AXIS2_PLACEMENT_3D('',#4758,#3883,#3884);
#3174=AXIS2_PLACEMENT_3D('',#4759,#3885,#3886);
#3175=AXIS2_PLACEMENT_3D('',#4761,#3887,#3888);
#3176=AXIS2_PLACEMENT_3D('',#4763,#3890,#3891);
#3177=AXIS2_PLACEMENT_3D('',#4767,#3894,#3895);
#3178=AXIS2_PLACEMENT_3D('',#4769,#3896,#3897);
#3179=AXIS2_PLACEMENT_3D('',#4771,#3899,#3900);
#3180=AXIS2_PLACEMENT_3D('',#4774,#3902,#3903);
#3181=AXIS2_PLACEMENT_3D('',#4775,#3904,#3905);
#3182=AXIS2_PLACEMENT_3D('',#4779,#3908,#3909);
#3183=AXIS2_PLACEMENT_3D('',#4780,#3910,#3911);
#3184=AXIS2_PLACEMENT_3D('',#4781,#3912,#3913);
#3185=AXIS2_PLACEMENT_3D('',#4782,#3914,#3915);
#3186=AXIS2_PLACEMENT_3D('',#4783,#3916,#3917);
#3187=AXIS2_PLACEMENT_3D('',#4786,#3920,#3921);
#3188=AXIS2_PLACEMENT_3D('',#4787,#3922,#3923);
#3189=AXIS2_PLACEMENT_3D('',#4788,#3924,#3925);
#3190=AXIS2_PLACEMENT_3D('',#4791,#3927,#3928);
#3191=AXIS2_PLACEMENT_3D('',#4792,#3929,#3930);
#3192=AXIS2_PLACEMENT_3D('',#4796,#3933,#3934);
#3193=AXIS2_PLACEMENT_3D('',#4799,#3936,#3937);
#3194=AXIS2_PLACEMENT_3D('',#4800,#3938,#3939);
#3195=AXIS2_PLACEMENT_3D('',#4803,#3941,#3942);
#3196=AXIS2_PLACEMENT_3D('',#4804,#3943,#3944);
#3197=AXIS2_PLACEMENT_3D('',#4808,#3947,#3948);
#3198=AXIS2_PLACEMENT_3D('',#4809,#3949,#3950);
#3199=AXIS2_PLACEMENT_3D('',#4810,#3951,#3952);
#3200=AXIS2_PLACEMENT_3D('',#4811,#3953,#3954);
#3201=AXIS2_PLACEMENT_3D('',#4812,#3955,#3956);
#3202=AXIS2_PLACEMENT_3D('',#4813,#3957,#3958);
#3203=DIRECTION('axis',(0.,0.,1.));
#3204=DIRECTION('refdir',(1.,0.,0.));
#3205=DIRECTION('axis',(0.,0.,1.));
#3206=DIRECTION('refdir',(1.,0.,0.));
#3207=DIRECTION('center_axis',(0.,0.,1.));
#3208=DIRECTION('ref_axis',(1.,0.,0.));
#3209=DIRECTION('center_axis',(0.,0.,1.));
#3210=DIRECTION('ref_axis',(1.,0.,0.));
#3211=DIRECTION('',(0.,0.,1.));
#3212=DIRECTION('center_axis',(0.,0.,-1.));
#3213=DIRECTION('ref_axis',(1.,0.,0.));
#3214=DIRECTION('center_axis',(0.,0.,1.));
#3215=DIRECTION('ref_axis',(1.,0.,0.));
#3216=DIRECTION('center_axis',(0.,0.,1.));
#3217=DIRECTION('ref_axis',(1.,0.,0.));
#3218=DIRECTION('',(0.,0.,1.));
#3219=DIRECTION('center_axis',(0.,0.,-1.));
#3220=DIRECTION('ref_axis',(1.,0.,0.));
#3221=DIRECTION('center_axis',(0.,0.,1.));
#3222=DIRECTION('ref_axis',(1.,0.,0.));
#3223=DIRECTION('center_axis',(0.,0.,-1.));
#3224=DIRECTION('ref_axis',(1.,0.,0.));
#3225=DIRECTION('',(0.,0.,1.));
#3226=DIRECTION('center_axis',(0.,0.,-1.));
#3227=DIRECTION('ref_axis',(1.,0.,0.));
#3228=DIRECTION('',(0.,0.,-1.));
#3229=DIRECTION('center_axis',(0.,0.,1.));
#3230=DIRECTION('ref_axis',(1.,0.,0.));
#3231=DIRECTION('center_axis',(0.,0.,1.));
#3232=DIRECTION('ref_axis',(1.,0.,0.));
#3233=DIRECTION('',(0.,0.,1.));
#3234=DIRECTION('center_axis',(0.,0.,-1.));
#3235=DIRECTION('ref_axis',(1.,0.,0.));
#3236=DIRECTION('center_axis',(0.,0.,1.));
#3237=DIRECTION('ref_axis',(1.,0.,0.));
#3238=DIRECTION('center_axis',(0.,0.,1.));
#3239=DIRECTION('ref_axis',(1.,0.,0.));
#3240=DIRECTION('',(0.,0.,1.));
#3241=DIRECTION('center_axis',(0.,0.,-1.));
#3242=DIRECTION('ref_axis',(1.,0.,0.));
#3243=DIRECTION('center_axis',(0.,0.,1.));
#3244=DIRECTION('ref_axis',(1.,0.,0.));
#3245=DIRECTION('center_axis',(0.,0.,1.));
#3246=DIRECTION('ref_axis',(1.,0.,0.));
#3247=DIRECTION('',(0.,0.,1.));
#3248=DIRECTION('center_axis',(0.,0.,1.));
#3249=DIRECTION('ref_axis',(1.,0.,0.));
#3250=DIRECTION('',(0.,0.,-1.));
#3251=DIRECTION('center_axis',(0.984807042426105,0.173652207552762,0.));
#3252=DIRECTION('ref_axis',(-0.173652207552762,0.984807042426105,0.));
#3253=DIRECTION('',(0.,0.,-1.));
#3254=DIRECTION('',(-0.173481692841252,0.983840028582175,0.0443046319063556));
#3255=DIRECTION('',(0.,0.,1.));
#3256=DIRECTION('',(0.173481692841252,-0.983840028582175,0.0443046319063556));
#3257=DIRECTION('center_axis',(0.0076935971353512,-0.0436315135134753,0.999018067700301));
#3258=DIRECTION('ref_axis',(0.,-0.999047635670384,-0.0436328048767929));
#3259=DIRECTION('',(0.162480771724188,-0.985716664598685,-0.0443018730118297));
#3260=DIRECTION('center_axis',(0.00769359713534548,-0.043631513513482,0.9990180677003));
#3261=DIRECTION('ref_axis',(0.173481693944938,-0.983840028387561,-0.0443046319063612));
#3262=DIRECTION('',(0.999970347392824,0.,-0.0077009307928208));
#3263=DIRECTION('center_axis',(0.00769359713535079,-0.0436315135134771,
0.999018067700301));
#3264=DIRECTION('ref_axis',(0.173481692474891,-0.983840028646776,-0.0443046319063573));
#3265=DIRECTION('',(-0.173501645583461,-0.983953000183717,-0.0416373919607424));
#3266=DIRECTION('center_axis',(0.00769359713535347,-0.043631513513477,0.999018067700301));
#3267=DIRECTION('ref_axis',(0.173481692983838,-0.983840028557033,-0.0443046319063576));
#3268=DIRECTION('',(-0.984807042426106,-0.17365220755276,1.41954357340727E-16));
#3269=DIRECTION('',(0.986685281070195,0.162640433782717,-0.000495397214032455));
#3270=DIRECTION('center_axis',(0.162640453740198,-0.986685402145579,0.));
#3271=DIRECTION('ref_axis',(0.986685402145579,0.162640453740198,0.));
#3272=DIRECTION('',(0.,0.,-1.));
#3273=DIRECTION('',(-0.986685281070195,-0.162640433782717,-0.000495397214033288));
#3274=DIRECTION('',(0.,0.,1.));
#3275=DIRECTION('',(0.986659043175478,0.16263610885494,-0.00730948811983885));
#3276=DIRECTION('',(0.,0.,-1.));
#3277=DIRECTION('',(-0.986659043175478,-0.162636108854941,-0.00730948811981812));
#3278=DIRECTION('center_axis',(-0.0076935971353512,0.0436315135134753,0.999018067700301));
#3279=DIRECTION('ref_axis',(-5.42101086242752E-20,-0.999047635670384,0.0436328048767929));
#3280=DIRECTION('',(0.162480771724188,-0.985716664598685,0.0443018730118296));
#3281=DIRECTION('',(-0.984807042426106,-0.173652207552755,0.));
#3282=DIRECTION('center_axis',(-0.00769359713534787,0.0436315135134725,
0.999018067700301));
#3283=DIRECTION('ref_axis',(0.173481693295358,-0.983840028502103,0.0443046319063522));
#3284=DIRECTION('',(-0.173501645583461,-0.983953000183717,0.0416373919607419));
#3285=DIRECTION('center_axis',(0.00769359713536234,-0.0436315135134627,
-0.999018067700301));
#3286=DIRECTION('ref_axis',(-0.173481692558804,0.98384002863198,-0.0443046319063451));
#3287=DIRECTION('',(0.999970347392824,0.,0.00770093079282121));
#3288=DIRECTION('center_axis',(0.00769359713533106,-0.0436315135134935,
-0.9990180677003));
#3289=DIRECTION('ref_axis',(-0.173481692871931,0.983840028576765,-0.04430463190637));
#3290=DIRECTION('center_axis',(-0.173652207552762,0.984807042426105,0.));
#3291=DIRECTION('ref_axis',(-0.984807042426105,-0.173652207552762,0.));
#3292=DIRECTION('',(0.,0.,1.));
#3293=DIRECTION('center_axis',(-0.986685402145579,-0.162640453740198,0.));
#3294=DIRECTION('ref_axis',(0.162640453740198,-0.986685402145579,0.));
#3295=DIRECTION('',(-0.162480771723845,0.985716664596601,0.04430187305946));
#3296=DIRECTION('',(0.,0.,-1.));
#3297=DIRECTION('center_axis',(0.,-1.,0.));
#3298=DIRECTION('ref_axis',(0.,0.,-1.));
#3299=DIRECTION('',(0.,0.,1.));
#3300=DIRECTION('',(1.,0.,0.));
#3301=DIRECTION('',(0.,0.,1.));
#3302=DIRECTION('',(0.,0.,-1.));
#3303=DIRECTION('',(0.,0.,1.));
#3304=DIRECTION('',(-1.,0.,0.));
#3305=DIRECTION('',(-1.,0.,0.));
#3306=DIRECTION('',(0.,0.,1.));
#3307=DIRECTION('',(1.,0.,0.));
#3308=DIRECTION('',(0.,0.,-1.));
#3309=DIRECTION('center_axis',(-0.984807036893428,0.173652238929379,0.));
#3310=DIRECTION('ref_axis',(-0.173652238929379,-0.984807036893428,0.));
#3311=DIRECTION('',(0.,0.,-1.));
#3312=DIRECTION('',(0.,0.,1.));
#3313=DIRECTION('center_axis',(0.,0.,1.));
#3314=DIRECTION('ref_axis',(1.,0.,0.));
#3315=DIRECTION('center_axis',(0.,-0.0448984973084157,0.998991553988044));
#3316=DIRECTION('ref_axis',(0.,-0.998991553988044,-0.0448984973084157));
#3317=DIRECTION('',(0.162480768381425,0.985716665146438,0.0443018730841717));
#3318=DIRECTION('',(-0.999999999409753,-3.43236552304569E-5,-1.54263620709858E-6));
#3319=DIRECTION('',(0.706943896167443,0.706556385462575,0.0317553433874905));
#3320=DIRECTION('',(1.,0.,0.));
#3321=DIRECTION('',(-0.706748495819735,0.706751444979439,0.031764109872903));
#3322=DIRECTION('',(-0.999999942327972,-0.000339280905630329,-1.52485801983011E-5));
#3323=DIRECTION('',(0.162480771903664,-0.98571666456702,-0.0443018730581304));
#3324=DIRECTION('center_axis',(3.22940236322361E-15,-0.044898497308407,
0.998991553988044));
#3325=DIRECTION('ref_axis',(1.29832927629506E-9,-0.998991553988044,-0.044898497308407));
#3326=DIRECTION('',(-0.173482361657078,0.983843821534101,0.0442177003366126));
#3327=DIRECTION('',(1.,0.,0.));
#3328=DIRECTION('',(0.162480771839041,-0.985716664577651,-0.0443018730586083));
#3329=DIRECTION('',(1.,0.,0.));
#3330=DIRECTION('',(0.706714376295724,0.706785493972472,0.0317656394085537));
#3331=DIRECTION('',(1.,0.,0.));
#3332=DIRECTION('',(0.706785565865795,-0.70671444793764,-0.0317624457490905));
#3333=DIRECTION('',(1.,0.,0.));
#3334=DIRECTION('',(0.162480768109889,0.985716665191107,0.0443018730861794));
#3335=DIRECTION('',(1.,0.,0.));
#3336=DIRECTION('',(-0.173482400503726,-0.983843814698033,-0.0442177000293735));
#3337=DIRECTION('',(-0.706748495224864,0.706751445618524,0.0317641088890766));
#3338=DIRECTION('',(-0.999999963463908,-0.000270046066785388,-1.21369020129914E-5));
#3339=DIRECTION('',(0.162480771894228,-0.985716664568572,-0.0443018730582003));
#3340=DIRECTION('',(1.,0.,0.));
#3341=DIRECTION('',(-0.706785565829269,-0.706714447901101,-0.0317624473748731));
#3342=DIRECTION('',(-1.,0.,0.));
#3343=DIRECTION('',(0.706785564934897,-0.706714448240034,-0.0317624597353969));
#3344=DIRECTION('',(1.,0.,0.));
#3345=DIRECTION('',(0.162480770865053,0.985716664737874,0.0443018730658094));
#3346=DIRECTION('',(-0.999999999411132,-3.42835404444263E-5,-1.54083329563672E-6));
#3347=DIRECTION('',(0.70692505373311,0.706575199712203,0.0317561892566034));
#3348=DIRECTION('',(-1.,0.,0.));
#3349=DIRECTION('',(-0.706748496237168,0.706751444541856,0.03176411032125));
#3350=DIRECTION('',(-0.999999998631766,-5.22585101813729E-5,-2.34869711295704E-6));
#3351=DIRECTION('',(0.162480630713453,-0.985716687793206,-0.044301874102004));
#3352=DIRECTION('',(1.,0.,0.));
#3353=DIRECTION('',(-0.706785665791438,-0.706714349292545,-0.031762417032841));
#3354=DIRECTION('',(1.,0.,0.));
#3355=DIRECTION('',(0.706785465816929,-0.706714547692886,-0.0317624525058326));
#3356=DIRECTION('',(1.,0.,0.));
#3357=DIRECTION('',(0.162480767842988,0.985716665235013,0.0443018730881526));
#3358=DIRECTION('',(-0.999999998624384,-5.23992824940193E-5,-2.35502395853969E-6));
#3359=DIRECTION('',(0.706838565157401,0.706661546128655,0.0317600697304764));
#3360=DIRECTION('',(-1.,0.,0.));
#3361=DIRECTION('',(0.706785840145073,-0.706714174605603,-0.0317624240565067));
#3362=DIRECTION('',(1.,0.,0.));
#3363=DIRECTION('',(0.162480768531851,0.985716665121693,0.0443018730830596));
#3364=DIRECTION('',(-0.999999998624388,-5.23992097749577E-5,-2.35502069026722E-6));
#3365=DIRECTION('',(0.706875061742056,0.706625112104193,0.0317584324377232));
#3366=DIRECTION('',(-1.,0.,0.));
#3367=DIRECTION('',(-0.706748495830225,0.706751444989962,0.0317641094053466));
#3368=DIRECTION('',(-0.999999953645569,-0.000304174245102764,-1.36707527412311E-5));
#3369=DIRECTION('',(0.162480676422777,-0.985716680273896,-0.0443018737640575));
#3370=DIRECTION('',(1.,0.,0.));
#3371=DIRECTION('',(-0.706785290268979,-0.70671472118548,-0.0317624986284892));
#3372=DIRECTION('',(1.,0.,0.));
#3373=DIRECTION('',(0.162480772025554,-0.985716664546969,-0.0443018730572293));
#3374=DIRECTION('',(1.,0.,0.));
#3375=DIRECTION('',(-0.706785565826588,-0.706714447898433,-0.0317624474939089));
#3376=DIRECTION('',(1.,0.,0.));
#3377=DIRECTION('',(0.706785565038458,-0.706714447110383,-0.0317624825656509));
#3378=DIRECTION('',(1.,0.,0.));
#3379=DIRECTION('',(0.162480767996782,0.985716665209713,0.0443018730870155));
#3380=DIRECTION('',(-0.999999998624372,-5.23995185577022E-5,-2.35503456814353E-6));
#3381=DIRECTION('',(0.70692505682924,0.706575196638505,0.031756188723363));
#3382=DIRECTION('',(-1.,0.,0.));
#3383=DIRECTION('',(-0.706748495205929,0.706751445599621,0.0317641097309592));
#3384=DIRECTION('',(-0.999999959381499,-0.000284733624897815,-1.27970169918866E-5));
#3385=DIRECTION('',(0.162480771944965,-0.985716664560226,-0.0443018730578252));
#3386=DIRECTION('',(1.,0.,0.));
#3387=DIRECTION('',(-0.706785565826328,-0.706714447898179,-0.0317624475053417));
#3388=DIRECTION('',(1.,0.,0.));
#3389=DIRECTION('',(0.706785565235723,-0.706714448540863,-0.0317624463479229));
#3390=DIRECTION('',(1.,0.,0.));
#3391=DIRECTION('',(0.162480768124528,0.985716665188699,0.0443018730860711));
#3392=DIRECTION('',(-0.999999999124068,-4.18130746837337E-5,-1.87923933255463E-6));
#3393=DIRECTION('',(0.706748495199843,0.706751445593549,0.0317641100014768));
#3394=DIRECTION('',(-1.,0.,0.));
#3395=DIRECTION('',(-0.706748495834474,0.706751444994216,0.0317641092161388));
#3396=DIRECTION('',(-0.99999994846706,-0.000320714998687806,-1.44141574048624E-5));
#3397=DIRECTION('',(0.162480771307393,-0.985716664665108,-0.044301873062539));
#3398=DIRECTION('',(1.,0.,0.));
#3399=DIRECTION('',(-0.706785565214773,-0.706714448519884,-0.0317624472808874));
#3400=DIRECTION('',(1.,0.,0.));
#3401=DIRECTION('',(0.706785565230304,-0.706714448535442,-0.031762446589104));
#3402=DIRECTION('',(1.,0.,0.));
#3403=DIRECTION('',(0.162480768218565,0.985716665173229,0.0443018730853759));
#3404=DIRECTION('',(-0.99999999862438,-5.23993705265353E-5,-2.3550279150573E-6));
#3405=DIRECTION('',(0.706748495196997,0.706751445590705,0.031764110128082));
#3406=DIRECTION('',(-1.,0.,0.));
#3407=DIRECTION('',(0.706751447895979,-0.70674849884128,-0.0317639777505043));
#3408=DIRECTION('',(-0.999999998624387,-5.23992371900594E-5,-2.35502192240664E-6));
#3409=DIRECTION('center_axis',(0.984807042426029,0.173652207553197,0.));
#3410=DIRECTION('ref_axis',(-0.173652207553197,0.984807042426029,0.));
#3411=DIRECTION('',(-0.173652207553197,0.984807042426028,0.));
#3412=DIRECTION('',(0.173482361658114,-0.98384382153778,0.044217700250702));
#3413=DIRECTION('',(0.173652207553197,-0.984807042426028,0.));
#3414=DIRECTION('',(0.,0.,-1.));
#3415=DIRECTION('center_axis',(0.,-0.0448984973084157,-0.998991553988044));
#3416=DIRECTION('ref_axis',(0.,0.998991553988044,-0.0448984973084157));
#3417=DIRECTION('',(0.162480771723845,-0.985716664596601,0.04430187305946));
#3418=DIRECTION('center_axis',(8.12673631141732E-13,-0.0448984973080605,
-0.99899155398806));
#3419=DIRECTION('ref_axis',(1.96736071998388E-9,0.998991553988059,-0.0448984973080605));
#3420=DIRECTION('',(-0.162480771907185,0.985716664566441,-0.0443018730581045));
#3421=DIRECTION('',(0.999999942327969,0.000339280915248164,-1.52485806302233E-5));
#3422=DIRECTION('',(0.706748495776927,-0.70675144493664,0.0317641117776353));
#3423=DIRECTION('',(-1.,0.,0.));
#3424=DIRECTION('',(-0.706943860903113,-0.706556350217569,0.0317569126117053));
#3425=DIRECTION('',(0.99999999941073,3.42952433133883E-5,-1.54135926726836E-6));
#3426=DIRECTION('',(-0.162480768071263,-0.985716665197461,0.044301873086465));
#3427=DIRECTION('',(0.173482400504011,0.983843814697983,-0.0442177000293713));
#3428=DIRECTION('',(-1.,0.,0.));
#3429=DIRECTION('',(-0.162480768481248,-0.985716665130017,0.0443018730834338));
#3430=DIRECTION('',(-1.,0.,0.));
#3431=DIRECTION('',(-0.706785565876055,0.706714447947895,-0.0317624452926179));
#3432=DIRECTION('',(-1.,0.,0.));
#3433=DIRECTION('',(-0.706714376285774,-0.706785493962525,0.0317656398512357));
#3434=DIRECTION('',(-1.,0.,0.));
#3435=DIRECTION('',(-0.162480771723591,0.985716664596642,-0.0443018730594617));
#3436=DIRECTION('',(-1.,0.,0.));
#3437=DIRECTION('',(-0.706925000578244,-0.706575146583633,0.031758554560415));
#3438=DIRECTION('',(0.999999999410603,3.42989495410775E-5,-1.54152583890219E-6));
#3439=DIRECTION('',(-0.162480767933768,-0.985716665220079,0.0443018730874816));
#3440=DIRECTION('',(-1.,0.,0.));
#3441=DIRECTION('',(-0.70678556492678,0.706714448231928,-0.0317624600963895));
#3442=DIRECTION('',(1.,0.,0.));
#3443=DIRECTION('',(0.706785565833443,0.706714447905256,-0.0317624471895447));
#3444=DIRECTION('',(-1.,0.,0.));
#3445=DIRECTION('',(-0.16248077192557,0.985716664563416,-0.0443018730579687));
#3446=DIRECTION('',(0.999999963463908,0.000270046065811972,-1.21369019694886E-5));
#3447=DIRECTION('',(0.706748495259275,-0.706751445652935,0.0317641073577958));
#3448=DIRECTION('',(1.,0.,0.));
#3449=DIRECTION('',(-0.706838558138932,-0.706661539111938,0.0317603820509602));
#3450=DIRECTION('',(0.999999998624384,5.23992824940193E-5,-2.35502395853969E-6));
#3451=DIRECTION('',(-0.162480767898437,-0.985716665225891,0.0443018730877427));
#3452=DIRECTION('',(-1.,0.,0.));
#3453=DIRECTION('',(-0.706785465455741,0.706714547331736,-0.0317624685786773));
#3454=DIRECTION('',(-1.,0.,0.));
#3455=DIRECTION('',(0.706785665826619,0.70671434932771,-0.0317624154675669));
#3456=DIRECTION('',(-1.,0.,0.));
#3457=DIRECTION('',(-0.16248063128513,0.985716687699164,-0.0443018740977775));
#3458=DIRECTION('',(0.999999998631766,5.22585101813729E-5,-2.34869711295704E-6));
#3459=DIRECTION('',(0.706748496241094,-0.706751444545781,0.0317641101465779));
#3460=DIRECTION('',(1.,0.,0.));
#3461=DIRECTION('',(-0.706785840519953,0.706714174980442,-0.0317624073744032));
#3462=DIRECTION('',(-1.,0.,0.));
#3463=DIRECTION('',(0.706785290210032,0.706714721126539,-0.0317625012516102));
#3464=DIRECTION('',(-1.,0.,0.));
#3465=DIRECTION('',(-0.162480676356104,0.985716680284864,-0.0443018737645504));
#3466=DIRECTION('',(0.999999953645568,0.000304174246622526,-1.36707528090565E-5));
#3467=DIRECTION('',(0.706748495830335,-0.706751444990081,0.0317641094002537));
#3468=DIRECTION('',(1.,0.,0.));
#3469=DIRECTION('',(-0.706875055784288,-0.706625106148532,0.0317586975572802));
#3470=DIRECTION('',(0.999999998624388,5.23992097749577E-5,-2.35502069026722E-6));
#3471=DIRECTION('',(-0.162480768379355,-0.985716665146779,0.0443018730841871));
#3472=DIRECTION('',(-1.,0.,0.));
#3473=DIRECTION('',(-0.162480771991953,0.985716664552496,-0.0443018730574777));
#3474=DIRECTION('',(0.999999959381499,0.000284733625368076,-1.27970170129684E-5));
#3475=DIRECTION('',(0.706748495191792,-0.706751445585477,0.0317641103602155));
#3476=DIRECTION('',(1.,0.,0.));
#3477=DIRECTION('',(-0.706925051073301,-0.70657519088541,0.031756444861748));
#3478=DIRECTION('',(0.999999998624372,5.23995185577022E-5,-2.35503456814353E-6));
#3479=DIRECTION('',(-0.162480769838474,-0.98571666490675,0.0443018730733996));
#3480=DIRECTION('',(-1.,0.,0.));
#3481=DIRECTION('',(-0.706785565858089,0.706714447929926,-0.0317624460922109));
#3482=DIRECTION('',(-1.,0.,0.));
#3483=DIRECTION('',(0.706785565844622,0.706714447916452,-0.0317624466916822));
#3484=DIRECTION('',(-1.,0.,0.));
#3485=DIRECTION('',(-0.16248077191926,0.985716664564454,-0.0443018730580152));
#3486=DIRECTION('',(0.999999948467059,0.000320714999423625,-1.44141574377489E-5));
#3487=DIRECTION('',(0.706748495850515,-0.706751445010258,0.0317641085023155));
#3488=DIRECTION('',(1.,0.,0.));
#3489=DIRECTION('',(-0.706748489823325,-0.706751440217012,0.0317643492555499));
#3490=DIRECTION('',(0.999999999124068,4.18130746837337E-5,-1.87923933255463E-6));
#3491=DIRECTION('',(-0.162480768117032,-0.985716665189932,0.0443018730861265));
#3492=DIRECTION('',(-1.,0.,0.));
#3493=DIRECTION('',(-0.706785565272802,0.706714448577938,-0.0317624446978905));
#3494=DIRECTION('',(-1.,0.,0.));
#3495=DIRECTION('',(0.70678556586001,0.70671444793186,-0.0317624460064401));
#3496=DIRECTION('',(-1.,0.,0.));
#3497=DIRECTION('',(-0.162480771067434,0.985716664704582,-0.0443018730643132));
#3498=DIRECTION('',(0.999999998624387,5.23992371900594E-5,-2.35502192240664E-6));
#3499=DIRECTION('',(-0.706751447895595,0.706748498840901,-0.0317639777674986));
#3500=DIRECTION('',(1.,0.,0.));
#3501=DIRECTION('',(-0.706748487131164,-0.70675143752483,0.0317644690558162));
#3502=DIRECTION('',(0.99999999862438,5.23993705265353E-5,-2.3550279150573E-6));
#3503=DIRECTION('',(-0.162480768220583,-0.985716665172897,0.0443018730853608));
#3504=DIRECTION('',(-1.,0.,0.));
#3505=DIRECTION('',(-0.706785565230562,0.7067144485357,-0.0317624465776237));
#3506=DIRECTION('',(-1.,0.,0.));
#3507=DIRECTION('',(0.706785565220845,0.706714448525961,-0.0317624470105562));
#3508=DIRECTION('',(-1.,0.,0.));
#3509=DIRECTION('center_axis',(-0.986685402145579,-0.162640453740198,0.));
#3510=DIRECTION('ref_axis',(0.162640453740198,-0.986685402145579,0.));
#3511=DIRECTION('',(0.,0.,-1.));
#3512=DIRECTION('center_axis',(0.,0.,1.));
#3513=DIRECTION('ref_axis',(1.,0.,0.));
#3514=DIRECTION('center_axis',(-0.986685402114772,-0.162640453927091,0.));
#3515=DIRECTION('ref_axis',(0.162640453927091,-0.986685402114772,0.));
#3516=DIRECTION('',(0.,0.,1.));
#3517=DIRECTION('center_axis',(0.,0.,1.));
#3518=DIRECTION('ref_axis',(-0.76604576851823,-0.642786030133913,0.));
#3519=DIRECTION('center_axis',(0.,0.,1.));
#3520=DIRECTION('ref_axis',(1.,0.,0.));
#3521=DIRECTION('center_axis',(-0.984807035569774,0.173652246436016,0.));
#3522=DIRECTION('ref_axis',(-0.173652246436016,-0.984807035569774,0.));
#3523=DIRECTION('',(0.173652246436016,0.984807035569774,0.));
#3524=DIRECTION('',(-0.173652246436016,-0.984807035569774,0.));
#3525=DIRECTION('',(0.,0.,1.));
#3526=DIRECTION('center_axis',(0.986685402749722,-0.162640450075062,0.));
#3527=DIRECTION('ref_axis',(0.162640450075062,0.986685402749722,0.));
#3528=DIRECTION('',(0.,0.,-1.));
#3529=DIRECTION('center_axis',(-3.88113827396789E-7,0.999999999999925,0.));
#3530=DIRECTION('ref_axis',(-0.999999999999925,-3.88113827396789E-7,0.));
#3531=DIRECTION('',(0.,0.,-1.));
#3532=DIRECTION('',(0.,0.,1.));
#3533=DIRECTION('center_axis',(0.,-1.,0.));
#3534=DIRECTION('ref_axis',(0.,0.,-1.));
#3535=DIRECTION('',(0.,0.,1.));
#3536=DIRECTION('',(0.,0.,-1.));
#3537=DIRECTION('center_axis',(0.986685402738491,-0.162640450143199,0.));
#3538=DIRECTION('ref_axis',(0.162640450143199,0.986685402738491,0.));
#3539=DIRECTION('',(0.,0.,-1.));
#3540=DIRECTION('center_axis',(-5.2399209775103E-5,0.999999998627161,0.));
#3541=DIRECTION('ref_axis',(-0.999999998627161,-5.2399209775103E-5,0.));
#3542=DIRECTION('',(0.,0.,-1.));
#3543=DIRECTION('center_axis',(0.,-1.,0.));
#3544=DIRECTION('ref_axis',(0.,0.,-1.));
#3545=DIRECTION('',(0.,0.,-1.));
#3546=DIRECTION('',(0.,0.,1.));
#3547=DIRECTION('center_axis',(-0.000304174274781678,0.999999953739004,
0.));
#3548=DIRECTION('ref_axis',(-0.999999953739004,-0.000304174274781678,0.));
#3549=DIRECTION('',(0.,0.,1.));
#3550=DIRECTION('',(0.,0.,-1.));
#3551=DIRECTION('center_axis',(-0.98668541789326,-0.162640358204237,0.));
#3552=DIRECTION('ref_axis',(0.162640358204237,-0.98668541789326,0.));
#3553=DIRECTION('',(0.,0.,-1.));
#3554=DIRECTION('center_axis',(-3.87924833274053E-7,0.999999999999925,0.));
#3555=DIRECTION('ref_axis',(-0.999999999999925,-3.87924833274053E-7,0.));
#3556=DIRECTION('',(0.,0.,1.));
#3557=DIRECTION('center_axis',(-0.000284733642262383,0.999999959463376,
0.));
#3558=DIRECTION('ref_axis',(-0.999999959463376,-0.000284733642262383,0.));
#3559=DIRECTION('',(0.,0.,1.));
#3560=DIRECTION('',(0.,0.,-1.));
#3561=DIRECTION('center_axis',(-0.986685402106864,-0.16264045397507,0.));
#3562=DIRECTION('ref_axis',(0.16264045397507,-0.986685402106864,0.));
#3563=DIRECTION('',(0.,0.,-1.));
#3564=DIRECTION('center_axis',(0.,1.,0.));
#3565=DIRECTION('ref_axis',(0.,0.,1.));
#3566=DIRECTION('',(0.,0.,1.));
#3567=DIRECTION('center_axis',(0.,1.,0.));
#3568=DIRECTION('ref_axis',(0.,0.,1.));
#3569=DIRECTION('',(0.,0.,-1.));
#3570=DIRECTION('',(0.,0.,1.));
#3571=DIRECTION('center_axis',(4.10158128272431E-7,0.999999999999916,0.));
#3572=DIRECTION('ref_axis',(-0.999999999999916,4.10158128272431E-7,0.));
#3573=DIRECTION('',(0.,0.,-1.));
#3574=DIRECTION('',(0.,0.,1.));
#3575=DIRECTION('center_axis',(0.986685402751453,-0.162640450064561,0.));
#3576=DIRECTION('ref_axis',(0.162640450064561,0.986685402751453,0.));
#3577=DIRECTION('',(0.,0.,-1.));
#3578=DIRECTION('center_axis',(-5.23995185578475E-5,0.999999998627145,0.));
#3579=DIRECTION('ref_axis',(-0.999999998627145,-5.23995185578475E-5,0.));
#3580=DIRECTION('',(0.,0.,-1.));
#3581=DIRECTION('center_axis',(0.,-1.,0.));
#3582=DIRECTION('ref_axis',(0.,0.,-1.));
#3583=DIRECTION('',(0.,0.,-1.));
#3584=DIRECTION('',(0.,0.,1.));
#3585=DIRECTION('center_axis',(-0.000320715018429693,0.999999948570937,
0.));
#3586=DIRECTION('ref_axis',(-0.999999948570937,-0.000320715018429693,0.));
#3587=DIRECTION('',(0.,0.,1.));
#3588=DIRECTION('',(0.,0.,-1.));
#3589=DIRECTION('center_axis',(-0.986685402117548,-0.162640453910254,0.));
#3590=DIRECTION('ref_axis',(0.162640453910254,-0.986685402117548,0.));
#3591=DIRECTION('',(0.,0.,-1.));
#3592=DIRECTION('center_axis',(0.,1.,0.));
#3593=DIRECTION('ref_axis',(0.,0.,1.));
#3594=DIRECTION('',(0.,0.,1.));
#3595=DIRECTION('center_axis',(0.,1.,0.));
#3596=DIRECTION('ref_axis',(0.,0.,1.));
#3597=DIRECTION('',(0.,0.,-1.));
#3598=DIRECTION('',(0.,0.,1.));
#3599=DIRECTION('center_axis',(0.,-1.,0.));
#3600=DIRECTION('ref_axis',(0.,0.,-1.));
#3601=DIRECTION('',(0.,0.,1.));
#3602=DIRECTION('',(0.,0.,-1.));
#3603=DIRECTION('center_axis',(0.986685402747951,-0.162640450085808,0.));
#3604=DIRECTION('ref_axis',(0.162640450085808,0.986685402747951,0.));
#3605=DIRECTION('',(0.,0.,-1.));
#3606=DIRECTION('center_axis',(-4.18130746838075E-5,0.999999999125833,0.));
#3607=DIRECTION('ref_axis',(-0.999999999125833,-4.18130746838075E-5,0.));
#3608=DIRECTION('',(0.,0.,-1.));
#3609=DIRECTION('center_axis',(0.,-1.,0.));
#3610=DIRECTION('ref_axis',(0.,0.,-1.));
#3611=DIRECTION('',(0.,0.,-1.));
#3612=DIRECTION('',(0.,0.,1.));
#3613=DIRECTION('center_axis',(-5.23992371902047E-5,0.99999999862716,0.));
#3614=DIRECTION('ref_axis',(-0.99999999862716,-5.23992371902047E-5,0.));
#3615=DIRECTION('',(0.,0.,1.));
#3616=DIRECTION('',(0.,0.,-1.));
#3617=DIRECTION('center_axis',(-0.986685402117954,-0.162640453907787,0.));
#3618=DIRECTION('ref_axis',(0.162640453907787,-0.986685402117954,0.));
#3619=DIRECTION('',(0.,0.,-1.));
#3620=DIRECTION('center_axis',(0.,1.,0.));
#3621=DIRECTION('ref_axis',(0.,0.,1.));
#3622=DIRECTION('',(0.,0.,1.));
#3623=DIRECTION('center_axis',(0.,1.,0.));
#3624=DIRECTION('ref_axis',(0.,0.,1.));
#3625=DIRECTION('',(0.,0.,-1.));
#3626=DIRECTION('',(0.,0.,1.));
#3627=DIRECTION('center_axis',(0.,1.,0.));
#3628=DIRECTION('ref_axis',(0.,0.,1.));
#3629=DIRECTION('',(0.,0.,-1.));
#3630=DIRECTION('',(0.,0.,1.));
#3631=DIRECTION('center_axis',(0.986685402749801,-0.162640450074581,0.));
#3632=DIRECTION('ref_axis',(0.162640450074581,0.986685402749801,0.));
#3633=DIRECTION('',(0.,0.,-1.));
#3634=DIRECTION('center_axis',(-5.23993705266806E-5,0.999999998627153,0.));
#3635=DIRECTION('ref_axis',(-0.999999998627153,-5.23993705266806E-5,0.));
#3636=DIRECTION('',(0.,0.,-1.));
#3637=DIRECTION('center_axis',(0.,-1.,0.));
#3638=DIRECTION('ref_axis',(0.,0.,-1.));
#3639=DIRECTION('',(0.,0.,-1.));
#3640=DIRECTION('',(0.,0.,1.));
#3641=DIRECTION('center_axis',(-3.43438353264546E-5,0.999999999410251,0.));
#3642=DIRECTION('ref_axis',(-0.999999999410251,-3.43438353264546E-5,0.));
#3643=DIRECTION('',(0.,0.,-1.));
#3644=DIRECTION('center_axis',(-0.000339280917842621,0.999999942444228,
0.));
#3645=DIRECTION('ref_axis',(-0.999999942444228,-0.000339280917842621,0.));
#3646=DIRECTION('',(0.,0.,1.));
#3647=DIRECTION('center_axis',(0.,0.,1.));
#3648=DIRECTION('ref_axis',(1.,0.,0.));
#3649=DIRECTION('',(0.162640450104562,0.986685402744859,0.));
#3650=DIRECTION('',(-1.,0.,0.));
#3651=DIRECTION('',(0.70648978898482,0.707723235495475,0.));
#3652=DIRECTION('',(-1.,0.,0.));
#3653=DIRECTION('',(0.706490487720368,-0.707722537977021,0.));
#3654=DIRECTION('',(-1.,0.,0.));
#3655=DIRECTION('',(0.162640454278419,-0.986685402056861,0.));
#3656=DIRECTION('',(1.,0.,0.));
#3657=DIRECTION('center_axis',(-0.986685402108524,-0.162640453965,0.));
#3658=DIRECTION('ref_axis',(0.162640453965,-0.986685402108524,0.));
#3659=DIRECTION('',(0.,0.,1.));
#3660=DIRECTION('',(-0.162640453965,0.986685402108524,0.));
#3661=DIRECTION('',(0.,0.,-1.));
#3662=DIRECTION('center_axis',(0.,1.,0.));
#3663=DIRECTION('ref_axis',(0.,0.,1.));
#3664=DIRECTION('',(0.,0.,1.));
#3665=DIRECTION('center_axis',(0.,1.,0.));
#3666=DIRECTION('ref_axis',(0.,0.,1.));
#3667=DIRECTION('',(0.,0.,-1.));
#3668=DIRECTION('',(0.,0.,1.));
#3669=DIRECTION('center_axis',(0.,1.,0.));
#3670=DIRECTION('ref_axis',(0.,0.,1.));
#3671=DIRECTION('',(0.,0.,-1.));
#3672=DIRECTION('',(0.,0.,1.));
#3673=DIRECTION('center_axis',(0.986685402741837,-0.162640450122896,0.));
#3674=DIRECTION('ref_axis',(0.162640450122896,0.986685402741837,0.));
#3675=DIRECTION('',(-0.162640450122896,-0.986685402741837,0.));
#3676=DIRECTION('',(0.,0.,-1.));
#3677=DIRECTION('center_axis',(0.,-1.,0.));
#3678=DIRECTION('ref_axis',(0.,0.,-1.));
#3679=DIRECTION('',(0.,0.,-1.));
#3680=DIRECTION('',(0.,0.,1.));
#3681=DIRECTION('center_axis',(-0.000270046089964792,0.999999963537554,
0.));
#3682=DIRECTION('ref_axis',(-0.999999963537554,-0.000270046089964792,0.));
#3683=DIRECTION('',(0.,0.,1.));
#3684=DIRECTION('',(0.,0.,-1.));
#3685=DIRECTION('center_axis',(-0.986685402106457,-0.162640453977536,0.));
#3686=DIRECTION('ref_axis',(0.162640453977536,-0.986685402106457,0.));
#3687=DIRECTION('',(0.,0.,-1.));
#3688=DIRECTION('center_axis',(0.,1.,0.));
#3689=DIRECTION('ref_axis',(0.,0.,1.));
#3690=DIRECTION('',(0.,0.,1.));
#3691=DIRECTION('center_axis',(5.55476780857928E-7,0.999999999999846,0.));
#3692=DIRECTION('ref_axis',(-0.999999999999846,5.55476780857928E-7,0.));
#3693=DIRECTION('',(0.,0.,-1.));
#3694=DIRECTION('',(0.,0.,1.));
#3695=DIRECTION('center_axis',(0.986685402742402,-0.16264045011947,0.));
#3696=DIRECTION('ref_axis',(0.16264045011947,0.986685402742402,0.));
#3697=DIRECTION('',(0.,0.,-1.));
#3698=DIRECTION('center_axis',(-3.43435858344131E-5,0.999999999410259,0.));
#3699=DIRECTION('ref_axis',(-0.999999999410259,-3.43435858344131E-5,0.));
#3700=DIRECTION('',(0.,0.,-1.));
#3701=DIRECTION('center_axis',(0.,-1.,0.));
#3702=DIRECTION('ref_axis',(0.,0.,-1.));
#3703=DIRECTION('',(0.,0.,-1.));
#3704=DIRECTION('',(0.,0.,1.));
#3705=DIRECTION('center_axis',(-5.2258510181517E-5,0.999999998634524,0.));
#3706=DIRECTION('ref_axis',(-0.999999998634524,-5.2258510181517E-5,0.));
#3707=DIRECTION('',(0.,0.,1.));
#3708=DIRECTION('',(0.,0.,-1.));
#3709=DIRECTION('center_axis',(-0.986685424990148,-0.162640315149753,0.));
#3710=DIRECTION('ref_axis',(0.162640315149753,-0.986685424990148,0.));
#3711=DIRECTION('',(0.,0.,-1.));
#3712=DIRECTION('center_axis',(1.40716486429041E-7,0.99999999999999,0.));
#3713=DIRECTION('ref_axis',(-0.99999999999999,1.40716486429041E-7,0.));
#3714=DIRECTION('',(0.,0.,1.));
#3715=DIRECTION('center_axis',(1.40691414441315E-7,0.99999999999999,0.));
#3716=DIRECTION('ref_axis',(-0.99999999999999,1.40691414441315E-7,0.));
#3717=DIRECTION('',(0.,0.,-1.));
#3718=DIRECTION('',(0.,0.,1.));
#3719=DIRECTION('center_axis',(0.,-1.,0.));
#3720=DIRECTION('ref_axis',(0.,0.,-1.));
#3721=DIRECTION('',(0.,0.,1.));
#3722=DIRECTION('',(0.,0.,-1.));
#3723=DIRECTION('center_axis',(0.986685402759885,-0.162640450013407,0.));
#3724=DIRECTION('ref_axis',(0.162640450013407,0.986685402759885,0.));
#3725=DIRECTION('',(0.,0.,-1.));
#3726=DIRECTION('center_axis',(-5.23992824941646E-5,0.999999998627158,0.));
#3727=DIRECTION('ref_axis',(-0.999999998627158,-5.23992824941646E-5,0.));
#3728=DIRECTION('',(0.,0.,-1.));
#3729=DIRECTION('center_axis',(2.16840434497101E-17,1.,0.));
#3730=DIRECTION('ref_axis',(-1.,2.16840434497101E-17,0.));
#3731=DIRECTION('',(-1.24791785983139E-34,7.07712452407413E-34,1.));
#3732=DIRECTION('',(-0.999970347392824,0.,0.00770093079282083));
#3733=DIRECTION('',(0.,0.,1.));
#3734=DIRECTION('',(0.999970347392824,0.,0.00770093079281973));
#3735=DIRECTION('',(-1.24791785983139E-34,7.07712452407413E-34,1.));
#3736=DIRECTION('',(1.,-2.16840434497101E-17,0.));
#3737=DIRECTION('',(0.,0.,-1.));
#3738=DIRECTION('',(-1.,2.16840434497101E-17,0.));
#3739=DIRECTION('',(-1.,2.16840434497101E-17,0.));
#3740=DIRECTION('center_axis',(0.,0.,1.));
#3741=DIRECTION('ref_axis',(1.,0.,0.));
#3742=DIRECTION('',(-1.,0.,0.));
#3743=DIRECTION('',(-1.,0.,0.));
#3744=DIRECTION('',(-0.706490487720368,0.707722537977021,0.));
#3745=DIRECTION('',(-1.,0.,0.));
#3746=DIRECTION('',(-0.70648978898482,-0.707723235495475,0.));
#3747=DIRECTION('center_axis',(-0.707071477951567,0.707142082659056,0.));
#3748=DIRECTION('ref_axis',(-0.707142082659056,-0.707071477951567,0.));
#3749=DIRECTION('center_axis',(-0.707070929419318,-0.707142631136111,0.));
#3750=DIRECTION('ref_axis',(0.707142631136111,-0.707070929419318,0.));
#3751=DIRECTION('center_axis',(0.70698173223998,-0.70723180802263,0.));
#3752=DIRECTION('ref_axis',(0.70723180802263,0.70698173223998,0.));
#3753=DIRECTION('center_axis',(0.707108256509336,0.707105305860681,0.));
#3754=DIRECTION('ref_axis',(-0.707105305860681,0.707108256509336,0.));
#3755=DIRECTION('center_axis',(0.707108257126626,0.707105305243388,0.));
#3756=DIRECTION('ref_axis',(-0.707105305243388,0.707108257126626,0.));
#3757=DIRECTION('center_axis',(-0.707071203377,0.707142357206101,0.));
#3758=DIRECTION('ref_axis',(-0.707142357206101,-0.707071203377,0.));
#3759=DIRECTION('center_axis',(-0.707071203377004,-0.707142357206097,0.));
#3760=DIRECTION('ref_axis',(0.707142357206097,-0.707071203377004,0.));
#3761=DIRECTION('center_axis',(0.706931741160108,-0.707281777893604,0.));
#3762=DIRECTION('ref_axis',(0.707281777893604,0.706931741160108,0.));
#3763=DIRECTION('center_axis',(0.707108256509338,0.707105305860679,0.));
#3764=DIRECTION('ref_axis',(-0.707105305860679,0.707108256509338,0.));
#3765=DIRECTION('center_axis',(-0.707071203377008,0.707142357206093,0.));
#3766=DIRECTION('ref_axis',(-0.707142357206093,-0.707071203377008,0.));
#3767=DIRECTION('center_axis',(-0.707071203993996,-0.707142356589167,0.));
#3768=DIRECTION('ref_axis',(0.707142356589167,-0.707071203993996,0.));
#3769=DIRECTION('center_axis',(0.70710825712663,-0.707105305243384,0.));
#3770=DIRECTION('ref_axis',(0.707105305243384,0.70710825712663,0.));
#3771=DIRECTION('center_axis',(-0.707105305913234,-0.707108256456783,0.));
#3772=DIRECTION('ref_axis',(0.707108256456783,-0.707105305913234,0.));
#3773=DIRECTION('center_axis',(-0.707071203993983,0.70714235658918,0.));
#3774=DIRECTION('ref_axis',(-0.70714235658918,-0.707071203993983,0.));
#3775=DIRECTION('center_axis',(-0.707071203993994,-0.707142356589169,0.));
#3776=DIRECTION('ref_axis',(0.707142356589169,-0.707071203993994,0.));
#3777=DIRECTION('center_axis',(0.707108257126628,-0.707105305243386,0.));
#3778=DIRECTION('ref_axis',(0.707105305243386,0.707108257126628,0.));
#3779=DIRECTION('center_axis',(0.706912901496149,-0.707300607732169,0.));
#3780=DIRECTION('ref_axis',(0.707300607732169,0.706912901496149,0.));
#3781=DIRECTION('',(0.,0.,1.));
#3782=DIRECTION('center_axis',(0.707108256509323,0.707105305860694,0.));
#3783=DIRECTION('ref_axis',(-0.707105305860694,0.707108256509323,0.));
#3784=DIRECTION('',(0.,0.,1.));
#3785=DIRECTION('center_axis',(0.,1.,0.));
#3786=DIRECTION('ref_axis',(0.,0.,1.));
#3787=DIRECTION('',(0.,0.,-1.));
#3788=DIRECTION('center_axis',(0.,-1.,0.));
#3789=DIRECTION('ref_axis',(0.,0.,-1.));
#3790=DIRECTION('',(0.,0.,1.));
#3791=DIRECTION('',(0.,0.,-1.));
#3792=DIRECTION('center_axis',(0.,1.,0.));
#3793=DIRECTION('ref_axis',(0.,0.,1.));
#3794=DIRECTION('',(0.,0.,1.));
#3795=DIRECTION('center_axis',(0.707142357083947,-0.707071203499166,0.));
#3796=DIRECTION('ref_axis',(0.707071203499166,0.707142357083947,0.));
#3797=DIRECTION('center_axis',(-0.707071203377006,-0.707142357206095,0.));
#3798=DIRECTION('ref_axis',(0.707142357206095,-0.707071203377006,0.));
#3799=DIRECTION('center_axis',(0.706931744247337,-0.707281774807903,0.));
#3800=DIRECTION('ref_axis',(0.707281774807903,0.706931744247337,0.));
#3801=DIRECTION('center_axis',(0.707108257126609,0.707105305243406,0.));
#3802=DIRECTION('ref_axis',(-0.707105305243406,0.707108257126609,0.));
#3803=DIRECTION('center_axis',(-0.707071203376991,0.70714235720611,0.));
#3804=DIRECTION('ref_axis',(-0.70714235720611,-0.707071203376991,0.));
#3805=DIRECTION('',(0.,0.,1.));
#3806=DIRECTION('center_axis',(-0.707071203993981,-0.707142356589182,0.));
#3807=DIRECTION('ref_axis',(0.707142356589182,-0.707071203993981,0.));
#3808=DIRECTION('',(0.,0.,1.));
#3809=DIRECTION('center_axis',(0.707018221453491,-0.707195329829562,0.));
#3810=DIRECTION('ref_axis',(0.707195329829562,0.707018221453491,0.));
#3811=DIRECTION('center_axis',(0.707108256081595,0.707105306288424,0.));
#3812=DIRECTION('ref_axis',(-0.707105306288424,0.707108256081595,0.));
#3813=DIRECTION('center_axis',(-0.707071104036542,0.707142456536549,0.));
#3814=DIRECTION('ref_axis',(-0.707142456536549,-0.707071104036542,0.));
#3815=DIRECTION('center_axis',(-0.707071303334508,-0.707142257258637,0.));
#3816=DIRECTION('ref_axis',(0.707142257258637,-0.707071303334508,0.));
#3817=DIRECTION('center_axis',(0.0076935971353512,-0.0436315135134753,0.999018067700301));
#3818=DIRECTION('ref_axis',(0.,-0.999047635670384,-0.0436328048767929));
#3819=DIRECTION('',(0.984807042426105,0.173652207552763,3.76901171180756E-17));
#3820=DIRECTION('',(0.,-0.999047635670384,-0.0436328048767929));
#3821=DIRECTION('center_axis',(0.,0.,-1.));
#3822=DIRECTION('ref_axis',(-1.,0.,0.));
#3823=DIRECTION('center_axis',(0.,0.,-1.));
#3824=DIRECTION('ref_axis',(1.,0.,0.));
#3825=DIRECTION('',(0.,1.,0.));
#3826=DIRECTION('',(0.984807042426105,0.173652207552763,0.));
#3827=DIRECTION('',(0.,-1.,0.));
#3828=DIRECTION('center_axis',(0.,0.,1.));
#3829=DIRECTION('ref_axis',(1.,0.,0.));
#3830=DIRECTION('center_axis',(0.,0.,1.));
#3831=DIRECTION('ref_axis',(1.,0.,0.));
#3832=DIRECTION('',(-0.996194698091746,-0.0871557427476584,0.));
#3833=DIRECTION('center_axis',(0.,0.,1.));
#3834=DIRECTION('ref_axis',(1.,0.,0.));
#3835=DIRECTION('center_axis',(0.,0.,-1.));
#3836=DIRECTION('ref_axis',(1.,0.,0.));
#3837=DIRECTION('',(-0.84599423719097,0.533192039175069,0.));
#3838=DIRECTION('center_axis',(1.,0.,0.));
#3839=DIRECTION('ref_axis',(0.,0.,-1.));
#3840=DIRECTION('',(0.,0.,-1.));
#3841=DIRECTION('',(0.,-1.,0.));
#3842=DIRECTION('',(0.,0.,-1.));
#3843=DIRECTION('',(0.,-1.,0.));
#3844=DIRECTION('',(0.,0.,-1.));
#3845=DIRECTION('',(0.,-1.,0.));
#3846=DIRECTION('center_axis',(0.,0.,1.));
#3847=DIRECTION('ref_axis',(1.,0.,0.));
#3848=DIRECTION('',(-0.984807042426105,-0.173652207552763,0.));
#3849=DIRECTION('',(0.,-1.,0.));
#3850=DIRECTION('center_axis',(0.,0.,1.));
#3851=DIRECTION('ref_axis',(1.,0.,0.));
#3852=DIRECTION('',(0.84599423719097,-0.533192039175069,0.));
#3853=DIRECTION('center_axis',(0.,0.,1.));
#3854=DIRECTION('ref_axis',(1.,0.,0.));
#3855=DIRECTION('center_axis',(0.,0.,-1.));
#3856=DIRECTION('ref_axis',(1.,-1.15648231731787E-15,0.));
#3857=DIRECTION('',(0.996194698091746,0.0871557427476584,0.));
#3858=DIRECTION('center_axis',(0.,0.,-1.));
#3859=DIRECTION('ref_axis',(1.,0.,0.));
#3860=DIRECTION('center_axis',(0.,0.,-1.));
#3861=DIRECTION('ref_axis',(1.,1.73472347597681E-15,0.));
#3862=DIRECTION('center_axis',(-0.0076935971353512,0.0436315135134753,0.999018067700301));
#3863=DIRECTION('ref_axis',(-5.42101086242752E-20,-0.999047635670384,0.0436328048767929));
#3864=DIRECTION('',(0.,-0.999047635670384,0.0436328048767929));
#3865=DIRECTION('',(0.984807042426105,0.173652207552762,0.));
#3866=DIRECTION('center_axis',(-1.,-1.85638315254808E-16,0.));
#3867=DIRECTION('ref_axis',(1.85638315254808E-16,-1.,0.));
#3868=DIRECTION('',(0.,0.,1.));
#3869=DIRECTION('',(0.,0.,-1.));
#3870=DIRECTION('',(0.,0.,-1.));
#3871=DIRECTION('',(0.,0.,1.));
#3872=DIRECTION('',(0.,1.,0.));
#3873=DIRECTION('',(0.,0.,1.));
#3874=DIRECTION('',(0.,1.,0.));
#3875=DIRECTION('center_axis',(0.,-1.,0.));
#3876=DIRECTION('ref_axis',(0.,0.,-1.));
#3877=DIRECTION('center_axis',(0.707723235495475,-0.70648978898482,0.));
#3878=DIRECTION('ref_axis',(0.70648978898482,0.707723235495475,0.));
#3879=DIRECTION('center_axis',(-0.707722537977021,-0.706490487720368,0.));
#3880=DIRECTION('ref_axis',(0.706490487720368,-0.707722537977021,0.));
#3881=DIRECTION('center_axis',(0.,1.,0.));
#3882=DIRECTION('ref_axis',(0.,0.,1.));
#3883=DIRECTION('center_axis',(0.173652207552762,-0.984807042426105,7.18630576263894E-34));
#3884=DIRECTION('ref_axis',(0.984807042426105,0.173652207552762,0.));
#3885=DIRECTION('center_axis',(0.,0.,1.));
#3886=DIRECTION('ref_axis',(1.,0.,0.));
#3887=DIRECTION('center_axis',(0.,0.,-1.));
#3888=DIRECTION('ref_axis',(1.,0.,0.));
#3889=DIRECTION('',(0.,0.,1.));
#3890=DIRECTION('center_axis',(-0.533192039175069,-0.84599423719097,0.));
#3891=DIRECTION('ref_axis',(0.84599423719097,-0.533192039175069,0.));
#3892=DIRECTION('',(-0.84599423719097,0.533192039175069,0.));
#3893=DIRECTION('',(0.,0.,1.));
#3894=DIRECTION('center_axis',(0.,0.,1.));
#3895=DIRECTION('ref_axis',(1.,0.,0.));
#3896=DIRECTION('center_axis',(0.,0.,-1.));
#3897=DIRECTION('ref_axis',(1.,0.,0.));
#3898=DIRECTION('',(0.,0.,1.));
#3899=DIRECTION('center_axis',(0.,0.,1.));
#3900=DIRECTION('ref_axis',(1.,0.,0.));
#3901=DIRECTION('',(0.,0.,-1.));
#3902=DIRECTION('center_axis',(0.,0.,-1.));
#3903=DIRECTION('ref_axis',(1.,0.,0.));
#3904=DIRECTION('center_axis',(0.0871557427476584,-0.996194698091746,0.));
#3905=DIRECTION('ref_axis',(0.996194698091746,0.0871557427476584,0.));
#3906=DIRECTION('',(-0.996194698091746,-0.0871557427476584,0.));
#3907=DIRECTION('',(0.,0.,1.));
#3908=DIRECTION('center_axis',(0.,0.,1.));
#3909=DIRECTION('ref_axis',(1.,0.,0.));
#3910=DIRECTION('center_axis',(0.,0.,-1.));
#3911=DIRECTION('ref_axis',(1.,1.73472347597681E-15,0.));
#3912=DIRECTION('center_axis',(0.,0.,1.));
#3913=DIRECTION('ref_axis',(1.,0.,0.));
#3914=DIRECTION('center_axis',(0.,0.,-1.));
#3915=DIRECTION('ref_axis',(1.,-4.33680868994201E-15,0.));
#3916=DIRECTION('center_axis',(1.16045315415195E-16,1.,0.));
#3917=DIRECTION('ref_axis',(-1.,1.16045315415195E-16,0.));
#3918=DIRECTION('',(1.,-1.16045315415195E-16,0.));
#3919=DIRECTION('',(-1.,1.16045315415195E-16,0.));
#3920=DIRECTION('center_axis',(0.,0.,1.));
#3921=DIRECTION('ref_axis',(1.,0.,0.));
#3922=DIRECTION('center_axis',(0.,0.,1.));
#3923=DIRECTION('ref_axis',(1.,0.,0.));
#3924=DIRECTION('center_axis',(0.,0.,1.));
#3925=DIRECTION('ref_axis',(1.,0.,0.));
#3926=DIRECTION('',(0.,0.,1.));
#3927=DIRECTION('center_axis',(0.,0.,1.));
#3928=DIRECTION('ref_axis',(1.,0.,0.));
#3929=DIRECTION('center_axis',(0.0871557427476584,-0.996194698091746,0.));
#3930=DIRECTION('ref_axis',(0.996194698091746,0.0871557427476584,0.));
#3931=DIRECTION('',(0.,0.,-1.));
#3932=DIRECTION('',(0.996194698091746,0.0871557427476584,0.));
#3933=DIRECTION('center_axis',(0.,0.,1.));
#3934=DIRECTION('ref_axis',(1.,0.,0.));
#3935=DIRECTION('',(0.,0.,1.));
#3936=DIRECTION('center_axis',(0.,0.,1.));
#3937=DIRECTION('ref_axis',(1.,0.,0.));
#3938=DIRECTION('center_axis',(0.,0.,1.));
#3939=DIRECTION('ref_axis',(1.,0.,0.));
#3940=DIRECTION('',(0.,0.,-1.));
#3941=DIRECTION('center_axis',(0.,0.,1.));
#3942=DIRECTION('ref_axis',(1.,0.,0.));
#3943=DIRECTION('center_axis',(-0.533192039175069,-0.84599423719097,0.));
#3944=DIRECTION('ref_axis',(0.84599423719097,-0.533192039175069,0.));
#3945=DIRECTION('',(0.,0.,-1.));
#3946=DIRECTION('',(0.84599423719097,-0.533192039175069,0.));
#3947=DIRECTION('center_axis',(0.,0.,1.));
#3948=DIRECTION('ref_axis',(1.,0.,0.));
#3949=DIRECTION('center_axis',(0.,0.,1.));
#3950=DIRECTION('ref_axis',(1.,0.,0.));
#3951=DIRECTION('center_axis',(0.173652207552762,-0.984807042426105,7.18630576263894E-34));
#3952=DIRECTION('ref_axis',(0.984807042426105,0.173652207552762,0.));
#3953=DIRECTION('center_axis',(0.,0.,-1.));
#3954=DIRECTION('ref_axis',(-1.,0.,0.));
#3955=DIRECTION('center_axis',(0.,0.,-1.));
#3956=DIRECTION('ref_axis',(-1.,0.,0.));
#3957=DIRECTION('',(0.499999999999995,-4.02455846426619E-16,-0.866025403784442));
#3958=DIRECTION('',(0.850703252693578,-0.187275112625145,0.491153751943121));
#3959=CARTESIAN_POINT('',(0.,0.,0.));
#3960=CARTESIAN_POINT('',(0.,0.,0.));
#3961=CARTESIAN_POINT('Origin',(27.8240214961651,-11.6387637299532,-2.));
#3962=CARTESIAN_POINT('',(26.3240214961651,-11.6387637299532,-2.));
#3963=CARTESIAN_POINT('Origin',(27.8240214961651,-11.6387637299532,-2.));
#3964=CARTESIAN_POINT('',(26.3240214961651,-11.6387637299532,6.));
#3965=CARTESIAN_POINT('',(26.3240214961651,-11.6387637299532,-2.));
#3966=CARTESIAN_POINT('Origin',(27.8240214961651,-11.6387637299532,6.));
#3967=CARTESIAN_POINT('Origin',(47.747915458,-9.895648875,-2.));
#3968=CARTESIAN_POINT('',(46.247915458,-9.895648875,-2.));
#3969=CARTESIAN_POINT('Origin',(47.747915458,-9.895648875,-2.));
#3970=CARTESIAN_POINT('',(46.247915458,-9.895648875,6.));
#3971=CARTESIAN_POINT('',(46.247915458,-9.895648875,-2.));
#3972=CARTESIAN_POINT('Origin',(47.747915458,-9.895648875,6.));
#3973=CARTESIAN_POINT('Origin',(47.747915458,-9.895648875,-2.));
#3974=CARTESIAN_POINT('',(51.347915458,-7.19564887500001,-2.));
#3975=CARTESIAN_POINT('',(44.1650011389578,-12.6182808704049,-2.));
#3976=CARTESIAN_POINT('Origin',(47.747915458,-9.895648875,-2.));
#3977=CARTESIAN_POINT('',(51.347915458,-7.19564887500001,6.));
#3978=CARTESIAN_POINT('',(51.347915458,-7.19564887500001,-2.));
#3979=CARTESIAN_POINT('',(44.1650011389578,-12.6182808704049,6.));
#3980=CARTESIAN_POINT('Origin',(47.747915458,-9.895648875,6.));
#3981=CARTESIAN_POINT('',(44.1650011389578,-12.6182808704049,-2.));
#3982=CARTESIAN_POINT('Origin',(47.747915458,-9.895648875,-2.));
#3983=CARTESIAN_POINT('',(46.247915458,-9.895648875,14.));
#3984=CARTESIAN_POINT('Origin',(47.747915458,-9.895648875,14.));
#3985=CARTESIAN_POINT('',(46.247915458,-9.895648875,22.));
#3986=CARTESIAN_POINT('',(46.247915458,-9.895648875,-2.));
#3987=CARTESIAN_POINT('Origin',(47.747915458,-9.895648875,22.));
#3988=CARTESIAN_POINT('Origin',(27.8240214961651,-11.6387637299532,-2.));
#3989=CARTESIAN_POINT('',(26.3240214961651,-11.6387637299532,14.));
#3990=CARTESIAN_POINT('Origin',(27.8240214961651,-11.6387637299532,14.));
#3991=CARTESIAN_POINT('',(26.3240214961651,-11.6387637299532,22.));
#3992=CARTESIAN_POINT('',(26.3240214961651,-11.6387637299532,-2.));
#3993=CARTESIAN_POINT('Origin',(27.8240214961651,-11.6387637299532,22.));
#3994=CARTESIAN_POINT('Origin',(47.747915458,-9.895648875,-2.));
#3995=CARTESIAN_POINT('',(44.1650011389578,-12.6182808704049,14.));
#3996=CARTESIAN_POINT('',(51.347915458,-7.19564887500001,14.));
#3997=CARTESIAN_POINT('Origin',(47.747915458,-9.895648875,14.));
#3998=CARTESIAN_POINT('',(51.347915458,-7.19564887500001,22.));
#3999=CARTESIAN_POINT('',(51.347915458,-7.19564887500001,-2.));
#4000=CARTESIAN_POINT('',(44.1650011389578,-12.6182808704049,22.));
#4001=CARTESIAN_POINT('Origin',(47.747915458,-9.895648875,22.));
#4002=CARTESIAN_POINT('',(44.1650011389578,-12.6182808704049,-2.));
#4003=CARTESIAN_POINT('Origin',(33.7955750940233,99.9034566932313,-13.5));
#4004=CARTESIAN_POINT('',(49.5346951635169,10.6446070392884,21.2333087668112));
#4005=CARTESIAN_POINT('',(49.5346951635169,10.6446070392884,-1.23330876681115));
#4006=CARTESIAN_POINT('',(49.5346951635169,10.6446070392884,-13.5));
#4007=CARTESIAN_POINT('',(33.7955750940234,99.9034566932312,2.78622729943496));
#4008=CARTESIAN_POINT('',(49.5346951635169,10.6446070392884,-1.23330876681115));
#4009=CARTESIAN_POINT('',(33.7955750940234,99.9034566932312,17.213772700565));
#4010=CARTESIAN_POINT('',(33.7955750940233,99.9034566932313,-13.5));
#4011=CARTESIAN_POINT('',(33.7955750940233,99.9034566932313,17.213772700565));
#4012=CARTESIAN_POINT('Origin',(-16.1308443361609,-2.78519203366111,-1.31414639703996));
#4013=CARTESIAN_POINT('',(33.1779443367754,85.8615672342046,2.17771269182533));
#4014=CARTESIAN_POINT('',(45.6810505468989,10.0093908826114,-1.2313739200636));
#4015=CARTESIAN_POINT('',(33.1779443367754,85.8615672342045,2.17771269182533));
#4016=CARTESIAN_POINT('',(32.6846016357026,86.2802470073345,2.19979758987092));
#4017=CARTESIAN_POINT('Origin',(32.6846016357038,85.780247007336,2.1779603904628));
#4018=CARTESIAN_POINT('',(26.4016556573871,86.2802470073345,2.24818355679503));
#4019=CARTESIAN_POINT('',(26.4016556573871,86.2802470073344,2.24818355679502));
#4020=CARTESIAN_POINT('',(25.9092521389404,86.8670731267991,2.27760491263507));
#4021=CARTESIAN_POINT('Origin',(26.4016556573878,86.7802470073349,2.27002075620321));
#4022=CARTESIAN_POINT('',(27.5422987551236,96.1283173762687,2.66950783562767));
#4023=CARTESIAN_POINT('',(27.5422987551236,96.1283173762687,2.66950783562767));
#4024=CARTESIAN_POINT('',(30.7869180724863,99.3729365902556,2.78622729943497));
#4025=CARTESIAN_POINT('Origin',(31.4815269026989,95.4337084205497,2.60883458417261));
#4026=CARTESIAN_POINT('',(33.7955750940234,99.9034566932312,2.78622729943497));
#4027=CARTESIAN_POINT('',(45.6810505468989,10.0093908826114,-1.2313739200636));
#4028=CARTESIAN_POINT('Origin',(45.6810505468989,10.0093908826114,-13.5));
#4029=CARTESIAN_POINT('',(45.6810505468989,10.0093908826114,0.0766310011954135));
#4030=CARTESIAN_POINT('',(45.6810505468989,10.0093908826114,-13.5));
#4031=CARTESIAN_POINT('',(45.6810505468989,10.0093908826114,21.2313739200636));
#4032=CARTESIAN_POINT('',(49.534695163517,10.6446070392884,21.2333087668112));
#4033=CARTESIAN_POINT('',(45.6810505468989,10.0093908826114,19.9233689988046));
#4034=CARTESIAN_POINT('',(45.6810505468989,10.0093908826114,-13.5));
#4035=CARTESIAN_POINT('',(47.7585506198137,10.351835955549,19.9079782088382));
#4036=CARTESIAN_POINT('',(45.6810505468989,10.0093908826114,19.9233689988046));
#4037=CARTESIAN_POINT('',(47.7585506198155,10.3518359555493,0.092021791161754));
#4038=CARTESIAN_POINT('',(47.758550619815,10.3518359555492,-13.5));
#4039=CARTESIAN_POINT('',(47.7585506198164,10.3518359555494,0.0920217911617605));
#4040=CARTESIAN_POINT('Origin',(-16.2845651870374,-1.91341862723968,21.2748883888728));
#4041=CARTESIAN_POINT('',(33.1779443367754,85.8615672342046,17.8222873081747));
#4042=CARTESIAN_POINT('',(33.1779443367754,85.8615672342045,17.8222873081747));
#4043=CARTESIAN_POINT('',(30.7869180724863,99.3729365902556,17.213772700565));
#4044=CARTESIAN_POINT('',(33.7955750940234,99.9034566932312,17.213772700565));
#4045=CARTESIAN_POINT('',(27.5422987551236,96.1283173762687,17.3304921643723));
#4046=CARTESIAN_POINT('Origin',(31.4815269027023,95.4337084205466,17.3911654158275));
#4047=CARTESIAN_POINT('',(25.9092521389404,86.8670731267991,17.7223950873649));
#4048=CARTESIAN_POINT('',(27.5422987551236,96.1283173762687,17.3304921643723));
#4049=CARTESIAN_POINT('',(26.4016556573871,86.2802470073345,17.751816443205));
#4050=CARTESIAN_POINT('Origin',(26.4016556573875,86.7802470073348,17.7299792437968));
#4051=CARTESIAN_POINT('',(32.6846016357026,86.2802470073345,17.8002024101291));
#4052=CARTESIAN_POINT('',(26.4016556573871,86.2802470073344,17.751816443205));
#4053=CARTESIAN_POINT('Origin',(32.6846016357026,85.7802470073344,17.8220396095373));
#4054=CARTESIAN_POINT('Origin',(33.7955750940233,99.9034566932313,-13.5));
#4055=CARTESIAN_POINT('',(30.7869180724863,99.3729365902556,-13.5));
#4056=CARTESIAN_POINT('Origin',(33.1779443367754,85.8615672342046,-13.5));
#4057=CARTESIAN_POINT('',(33.1779443367754,85.8615672342046,3.48571761675676));
#4058=CARTESIAN_POINT('',(45.6810505468989,10.0093908826114,0.0766310011954055));
#4059=CARTESIAN_POINT('',(33.1779443367754,85.8615672342046,-13.5));
#4060=CARTESIAN_POINT('Origin',(26.4016556573871,86.2802470073345,-13.5));
#4061=CARTESIAN_POINT('',(32.2354062364832,86.2802470073345,3.50453468542157));
#4062=CARTESIAN_POINT('',(32.2354062364661,86.2802470073336,16.4954653145781));
#4063=CARTESIAN_POINT('',(32.2354062364832,86.2802470073345,-13.5));
#4064=CARTESIAN_POINT('',(32.6846016357026,86.2802470073345,16.4954653145782));
#4065=CARTESIAN_POINT('',(26.4016556573871,86.2802470073345,16.4954653145779));
#4066=CARTESIAN_POINT('',(32.6846016357026,86.2802470073345,-13.5));
#4067=CARTESIAN_POINT('',(26.4016556573871,86.2802470073345,-13.5));
#4068=CARTESIAN_POINT('',(32.6846016357026,86.2802470073345,3.50453468542157));
#4069=CARTESIAN_POINT('',(32.6846016357026,86.2802470073345,-13.5));
#4070=CARTESIAN_POINT('',(26.4016556573871,86.2802470073345,3.50453468542157));
#4071=CARTESIAN_POINT('',(29.2604268307692,86.2802470073578,3.50453468542262));
#4072=CARTESIAN_POINT('',(27.1258325340247,86.2802470073684,3.50453468591414));
#4073=CARTESIAN_POINT('',(26.4016556573871,86.2802470073345,3.50453468542157));
#4074=CARTESIAN_POINT('',(27.1258325340372,86.280247007412,16.4954653104428));
#4075=CARTESIAN_POINT('',(27.1258325340498,86.2802470073345,-13.5));
#4076=CARTESIAN_POINT('',(29.2604268315295,86.2802470074067,16.495465310446));
#4077=CARTESIAN_POINT('',(26.4016556573871,86.2802470073345,16.4954653057462));
#4078=CARTESIAN_POINT('',(29.260426831518,86.2802470073345,-13.5));
#4079=CARTESIAN_POINT('Origin',(25.9092521389404,86.8670731267991,-13.5));
#4080=CARTESIAN_POINT('',(27.5422987551236,96.1283173762687,-13.5));
#4081=CARTESIAN_POINT('',(25.9092521389404,86.8670731267991,-13.5));
#4082=CARTESIAN_POINT('Origin',(31.4815269026973,95.4337084205512,-13.5));
#4083=CARTESIAN_POINT('Origin',(13.167786028,97.838350128,4.024));
#4084=CARTESIAN_POINT('',(27.7054714806673,76.8468511812202,3.08056183484781));
#4085=CARTESIAN_POINT('',(27.705471482,76.846851196129,3.08056183525301));
#4086=CARTESIAN_POINT('',(29.5970773213232,76.846916125817,3.08056475326581));
#4087=CARTESIAN_POINT('',(29.5970773215416,76.8469161229557,3.08056475331267));
#4088=CARTESIAN_POINT('',(30.1698265460158,77.41935139,3.10629218125744));
#4089=CARTESIAN_POINT('',(29.5970773242467,76.8469161202531,3.08056475322422));
#4090=CARTESIAN_POINT('',(31.3260064859956,77.4193513900029,3.10629218129841));
#4091=CARTESIAN_POINT('',(30.169826546,77.41935139,3.10629218125744));
#4092=CARTESIAN_POINT('',(31.8987556949927,76.8465997910131,3.08055053628942));
#4093=CARTESIAN_POINT('',(31.8987556949866,76.8465997910135,3.08055053643162));
#4094=CARTESIAN_POINT('',(33.7902972739988,76.8472415550091,3.08057937947254));
#4095=CARTESIAN_POINT('',(33.790297273999,76.8472415550092,3.08057937947254));
#4096=CARTESIAN_POINT('',(32.2354062364832,86.2802470073345,3.50453468542157));
#4097=CARTESIAN_POINT('Origin',(32.684601635704,85.7802470073362,3.48206277505906));
#4098=CARTESIAN_POINT('',(48.1195860773147,8.30435112295314,-6.13218109371865E-11));
#4099=CARTESIAN_POINT('',(48.1195860772237,8.3043511234773,-6.8436575850761E-11));
#4100=CARTESIAN_POINT('',(45.0885761280378,8.30435112295338,-6.13219689147663E-11));
#4101=CARTESIAN_POINT('',(13.167786028,8.3043511229534,-9.19828449519322E-11));
#4102=CARTESIAN_POINT('',(43.934729915909,15.304351345958,0.314606755007192));
#4103=CARTESIAN_POINT('',(43.9347299162317,15.3043513473731,0.314606755070611));
#4104=CARTESIAN_POINT('',(39.7227685574551,15.3043513471475,0.31460675500076));
#4105=CARTESIAN_POINT('',(13.167786028,15.304351344788,0.314606754954429));
#4106=CARTESIAN_POINT('',(39.149826271153,14.7313514061316,0.288853948723325));
#4107=CARTESIAN_POINT('',(39.1498262687594,14.7313513987581,0.288853949124775));
#4108=CARTESIAN_POINT('',(22.34526364046,14.7313514072938,0.288853948680519));
#4109=CARTESIAN_POINT('',(13.167786028,14.7313514025555,0.288853948275187));
#4110=CARTESIAN_POINT('',(21.7722060373541,15.30435134489,0.314606754993753));
#4111=CARTESIAN_POINT('',(21.7722060387442,15.3043513422566,0.314606755145498));
#4112=CARTESIAN_POINT('',(17.5611034368854,15.3043513450788,0.31460675488513));
#4113=CARTESIAN_POINT('',(13.167786028,15.3043513393579,0.31460675471038));
#4114=CARTESIAN_POINT('',(16.4072572532975,8.3043511249945,9.3563701793955E-14));
#4115=CARTESIAN_POINT('',(16.4072572532966,8.30435112498866,-5.10008701937181E-13));
#4116=CARTESIAN_POINT('',(13.3762460681153,8.30435112499835,-6.37210714042243E-13));
#4117=CARTESIAN_POINT('',(13.167786028,8.30435112500838,3.76434994286967E-13));
#4118=CARTESIAN_POINT('',(27.1258325340498,86.2802470077305,3.50453468543937));
#4119=CARTESIAN_POINT('',(32.7868153959738,66.8465997910349,2.6311123295846));
#4120=CARTESIAN_POINT('',(32.2140661787833,67.4193513940144,2.65685397436467));
#4121=CARTESIAN_POINT('',(32.7868153959698,66.8465997910302,2.63111232981358));
#4122=CARTESIAN_POINT('',(35.4386366979986,66.8473159050095,2.6311445139229));
#4123=CARTESIAN_POINT('',(35.4386366979988,66.8473159050179,2.63114451379412));
#4124=CARTESIAN_POINT('',(34.0446198405393,75.3043513478201,3.01123599858895));
#4125=CARTESIAN_POINT('',(34.0446198408474,75.3043513484369,3.01123599862971));
#4126=CARTESIAN_POINT('',(31.8987152849652,75.3043513481672,3.01123599853552));
#4127=CARTESIAN_POINT('',(13.167786028,75.3043513466464,3.01123599854924));
#4128=CARTESIAN_POINT('',(31.3256576880078,74.7313514110065,2.98548319216127));
#4129=CARTESIAN_POINT('',(31.8987152845811,75.3043513455816,3.01123599843309));
#4130=CARTESIAN_POINT('',(30.170175343991,74.7313514110093,2.9854831921646));
#4131=CARTESIAN_POINT('',(30.170175344,74.731351411,2.9854831921595));
#4132=CARTESIAN_POINT('',(29.5971175568838,75.3043518616136,3.01123603802372));
#4133=CARTESIAN_POINT('',(29.597117451454,75.3043516425165,3.01123602179428));
#4134=CARTESIAN_POINT('',(27.4512134677394,75.3043525394121,3.01123605207201));
#4135=CARTESIAN_POINT('',(13.167786028,75.3043525360809,3.01123605200697));
#4136=CARTESIAN_POINT('',(26.0571105053742,66.8467946326443,2.63112108736699));
#4137=CARTESIAN_POINT('',(26.0571105120009,66.8467947090404,2.63112108925555));
#4138=CARTESIAN_POINT('',(28.7090176285891,66.8468856296825,2.63112517546059));
#4139=CARTESIAN_POINT('',(28.709017628069,66.8468856258053,2.63112517540233));
#4140=CARTESIAN_POINT('',(29.2817668531778,67.4193513939988,2.65685397440943));
#4141=CARTESIAN_POINT('',(28.7090176284359,66.8468856254397,2.63112517537065));
#4142=CARTESIAN_POINT('',(13.167786028,67.4193513981076,2.65685397444399));
#4143=CARTESIAN_POINT('',(36.9400173303334,36.8473925449996,1.28283333654079));
#4144=CARTESIAN_POINT('',(36.3680608636105,37.4193513932556,1.30853935258801));
#4145=CARTESIAN_POINT('',(36.940017330333,36.847392544667,1.28283333655197));
#4146=CARTESIAN_POINT('',(40.3836478180882,36.8475725039688,1.28284142457114));
#4147=CARTESIAN_POINT('',(13.1709798277956,36.84615041051,1.28277751026226));
#4148=CARTESIAN_POINT('',(38.9896748677551,45.3043491990468,1.66292128414262));
#4149=CARTESIAN_POINT('',(38.9896748459848,45.3043492636268,1.66292128317473));
#4150=CARTESIAN_POINT('',(35.8130746857877,45.3043494123068,1.6629212883974));
#4151=CARTESIAN_POINT('',(13.167786028,45.30434937625,1.66292128823645));
#4152=CARTESIAN_POINT('',(35.2400177559013,44.7313502443515,1.63716854247439));
#4153=CARTESIAN_POINT('',(35.8130746811112,45.3043493441247,1.66292128669415));
#4154=CARTESIAN_POINT('',(26.2558157489406,44.7313508771347,1.63716854616295));
#4155=CARTESIAN_POINT('',(13.167786028,44.7313508721388,1.63716854619188));
#4156=CARTESIAN_POINT('',(25.6827582227129,45.3043509012726,1.66292135675466));
#4157=CARTESIAN_POINT('',(25.6827582230768,45.3043508979237,1.66292135665872));
#4158=CARTESIAN_POINT('',(22.5061582801894,45.3043509019754,1.66292135678286));
#4159=CARTESIAN_POINT('',(13.167786028,45.304350900903,1.66292135676018));
#4160=CARTESIAN_POINT('',(21.1120177894005,36.8465652000237,1.28279615248674));
#4161=CARTESIAN_POINT('',(21.1120177897906,36.8465652000313,1.28279615248815));
#4162=CARTESIAN_POINT('',(24.5550229393759,36.8467456101467,1.28280426085086));
#4163=CARTESIAN_POINT('',(13.170988431221,36.8461490957588,1.28277745117232));
#4164=CARTESIAN_POINT('',(25.1277721685899,37.4193513932682,1.30853935255792));
#4165=CARTESIAN_POINT('',(24.5550229418966,36.8467456088971,1.28280426088161));
#4166=CARTESIAN_POINT('',(13.167786028,37.4193513948548,1.30853935254216));
#4167=CARTESIAN_POINT('',(27.2272700398005,55.3043525431065,2.1123596378883));
#4168=CARTESIAN_POINT('',(27.8003278556581,54.7313528311311,2.08660684584793));
#4169=CARTESIAN_POINT('',(27.2272700395629,55.3043525454368,2.11235963802063));
#4170=CARTESIAN_POINT('',(24.1545101916302,55.304352542448,2.11235963783929));
#4171=CARTESIAN_POINT('',(13.167786028,55.3043525431697,2.1123596378218));
#4172=CARTESIAN_POINT('',(22.7603836635982,46.8466515729507,1.73223824167501));
#4173=CARTESIAN_POINT('',(22.7603836617787,46.8466515728725,1.73223824166552));
#4174=CARTESIAN_POINT('',(25.6827178079891,46.8468047009984,1.73224512379764));
#4175=CARTESIAN_POINT('',(13.1704633762434,46.8461490687544,1.73221565721052));
#4176=CARTESIAN_POINT('',(26.2554670203846,47.4193513903845,1.75797755959576));
#4177=CARTESIAN_POINT('',(25.6827178079929,46.8468047009929,1.73224512376662));
#4178=CARTESIAN_POINT('',(35.2403660116204,47.4193513902357,1.75797755959215));
#4179=CARTESIAN_POINT('',(13.167786028,47.419351390262,1.75797755958762));
#4180=CARTESIAN_POINT('',(35.8131152209806,46.8465997910258,1.73223591490068));
#4181=CARTESIAN_POINT('',(35.8131152209777,46.8465997910223,1.73223591506993));
#4182=CARTESIAN_POINT('',(38.735311582002,46.8474886479854,1.73227586280602));
#4183=CARTESIAN_POINT('',(38.7353115820017,46.8474886479719,1.73227586301872));
#4184=CARTESIAN_POINT('',(37.3413232266559,55.3043560984873,2.11235978929996));
#4185=CARTESIAN_POINT('',(37.3413232285712,55.304356272702,2.11235980544124));
#4186=CARTESIAN_POINT('',(34.268563476964,55.3043555470441,2.1123597824421));
#4187=CARTESIAN_POINT('',(13.167786028,55.3043557211278,2.11235978065138));
#4188=CARTESIAN_POINT('',(33.6955044063428,54.7313539715531,2.08660685757447));
#4189=CARTESIAN_POINT('',(34.2685635202391,55.304355805186,2.1123597919255));
#4190=CARTESIAN_POINT('',(13.167786028,54.7313528358171,2.08660684169896));
#4191=CARTESIAN_POINT('',(35.6929715183899,65.3043513524909,2.56179779156606));
#4192=CARTESIAN_POINT('',(37.0869741400006,56.847402275996,2.18171018832962));
#4193=CARTESIAN_POINT('',(35.6929715181207,65.3043513517455,2.56179779152653));
#4194=CARTESIAN_POINT('',(32.7867749941715,65.3043513519072,2.56179779160746));
#4195=CARTESIAN_POINT('',(13.167786028,65.3043513534125,2.56179779160145));
#4196=CARTESIAN_POINT('',(32.2137173884991,64.7313514107615,2.53604498489765));
#4197=CARTESIAN_POINT('',(32.7867749944495,65.3043513544491,2.56179779168269));
#4198=CARTESIAN_POINT('',(29.2821156430812,64.7313514109188,2.53604498543868));
#4199=CARTESIAN_POINT('',(13.167786028,64.7313514109688,2.53604498491272));
#4200=CARTESIAN_POINT('',(28.7090578689125,65.3043518606091,2.56179784023221));
#4201=CARTESIAN_POINT('',(28.7090576261983,65.3043517657599,2.56179783916223));
#4202=CARTESIAN_POINT('',(25.80286182941,65.3043525412673,2.56179784416373));
#4203=CARTESIAN_POINT('',(13.167786028,65.3043525407851,2.56179784496651));
#4204=CARTESIAN_POINT('',(24.4087495420001,56.846737946,2.18168033085576));
#4205=CARTESIAN_POINT('',(24.4087495420001,56.846737946,2.18168033085576));
#4206=CARTESIAN_POINT('',(27.2272296320132,56.846885633,2.18168696847369));
#4207=CARTESIAN_POINT('',(13.1699383383936,56.846149037703,2.18165386306683));
#4208=CARTESIAN_POINT('',(27.7999788390222,57.4193513863578,2.20741576651507));
#4209=CARTESIAN_POINT('',(27.2272296320076,56.8468856330075,2.18168696847368));
#4210=CARTESIAN_POINT('',(33.6958541946854,57.4193513866513,2.20741576656858));
#4211=CARTESIAN_POINT('',(13.167786028,57.4193513832289,2.20741576652341));
#4212=CARTESIAN_POINT('',(34.2686033949863,56.8465997910182,2.18167412200273));
#4213=CARTESIAN_POINT('',(34.2686033949843,56.8465997910158,2.18167412212228));
#4214=CARTESIAN_POINT('',(37.0869741400005,56.8474022759925,2.18171018838384));
#4215=CARTESIAN_POINT('',(40.6380265565631,35.3043513518142,1.21348316977664));
#4216=CARTESIAN_POINT('',(42.031986466001,26.8476613919927,0.833407212191112));
#4217=CARTESIAN_POINT('',(40.6380265563298,35.3043513513197,1.21348316975175));
#4218=CARTESIAN_POINT('',(36.9407696771262,35.3043513514301,1.21348316981358));
#4219=CARTESIAN_POINT('',(13.167786028,35.3043513525579,1.2134831698074));
#4220=CARTESIAN_POINT('',(36.3677120713118,34.7313514101664,1.1877303630905));
#4221=CARTESIAN_POINT('',(36.9407696773296,35.3043513533293,1.21348316987271));
#4222=CARTESIAN_POINT('',(25.1281209601072,34.7313514102766,1.18773036376055));
#4223=CARTESIAN_POINT('',(13.167786028,34.7313514102801,1.18773036312612));
#4224=CARTESIAN_POINT('',(24.5550633567861,35.3043513506305,1.21348316975658));
#4225=CARTESIAN_POINT('',(24.5550633568527,35.3043513521471,1.21348316984853));
#4226=CARTESIAN_POINT('',(20.8578067165016,35.3043513502802,1.2134831697241));
#4227=CARTESIAN_POINT('',(13.167786028,35.3043513504754,1.2134831697138));
#4228=CARTESIAN_POINT('',(19.463649036,26.846461377,0.833353279032559));
#4229=CARTESIAN_POINT('',(19.4636490360001,26.846461377,0.833353279032561));
#4230=CARTESIAN_POINT('',(22.773953311012,26.846599791,0.833359499886457));
#4231=CARTESIAN_POINT('',(13.170760424162,26.8461982519783,0.833341453188754));
#4232=CARTESIAN_POINT('',(23.346702512263,27.4193513859155,0.859101144723085));
#4233=CARTESIAN_POINT('',(22.7739533110068,26.8465997910068,0.83335949988645));
#4234=CARTESIAN_POINT('',(38.1491305215664,27.4193513862648,0.859101144740806));
#4235=CARTESIAN_POINT('',(13.167786028,27.4193513824289,0.859101144731807));
#4236=CARTESIAN_POINT('',(38.721879721983,26.8465997910226,0.833359500334689));
#4237=CARTESIAN_POINT('',(38.7218797219804,26.8465997910196,0.833359500483295));
#4238=CARTESIAN_POINT('',(42.0319864660009,26.8476613919862,0.833407212290966));
#4239=CARTESIAN_POINT('',(42.2863782346062,25.304351357023,0.764044962715545));
#4240=CARTESIAN_POINT('',(43.6803239014841,16.8477477630099,0.383972886882412));
#4241=CARTESIAN_POINT('',(42.286378234061,25.3043513583812,0.764044962817239));
#4242=CARTESIAN_POINT('',(38.7439421034131,25.3043513548137,0.764044962720147));
#4243=CARTESIAN_POINT('',(13.167786028,25.3043513565541,0.764044962735122));
#4244=CARTESIAN_POINT('',(38.170884497739,24.7313514135267,0.738292156129594));
#4245=CARTESIAN_POINT('',(38.7439421028784,25.3043513608773,0.764044962840296));
#4246=CARTESIAN_POINT('',(23.3249485350909,24.7313514132419,0.738292156163461));
#4247=CARTESIAN_POINT('',(13.167786028,24.7313514156646,0.738292156116239));
#4248=CARTESIAN_POINT('',(22.7518909289196,25.3043513531137,0.76404496256744));
#4249=CARTESIAN_POINT('',(22.7518909296068,25.3043513603922,0.764044962740893));
#4250=CARTESIAN_POINT('',(19.2094550784709,25.304351351147,0.764044962519705));
#4251=CARTESIAN_POINT('',(13.167786028,25.3043513526277,0.764044962558655));
#4252=CARTESIAN_POINT('',(17.815286036,16.846392453,0.383911974072779));
#4253=CARTESIAN_POINT('',(17.8152860360001,16.846392453,0.383911974072779));
#4254=CARTESIAN_POINT('',(21.7721656212588,16.8465997903582,0.383921292645185));
#4255=CARTESIAN_POINT('',(13.1720385408893,16.8461491497537,0.383901039095296));
#4256=CARTESIAN_POINT('',(22.3449148323648,17.4193513893651,0.409662937791248));
#4257=CARTESIAN_POINT('',(21.7721656231991,16.8465997891991,0.383921292666207));
#4258=CARTESIAN_POINT('',(39.1509147455358,17.4193513894642,0.40966293778073));
#4259=CARTESIAN_POINT('',(13.167786028,17.4193513893141,0.409662937789374));
#4260=CARTESIAN_POINT('',(39.7227281335144,16.8475403879995,0.383963566669774));
#4261=CARTESIAN_POINT('',(39.1509147456852,17.4193513893148,0.409662937774012));
#4262=CARTESIAN_POINT('',(13.1720385300682,16.846149152116,0.383901039201467));
#4263=CARTESIAN_POINT('Origin',(48.747915458,4.741003396,0.));
#4264=CARTESIAN_POINT('',(48.7367452769278,4.80435112500279,0.));
#4265=CARTESIAN_POINT('',(48.747915458,4.741003396,0.));
#4266=CARTESIAN_POINT('',(48.1195860790614,8.30435111304447,20.0000000004179));
#4267=CARTESIAN_POINT('',(47.7585506198113,10.3518359555485,19.9079782088382));
#4268=CARTESIAN_POINT('',(48.7367452769278,4.8043511250028,20.0000000002389));
#4269=CARTESIAN_POINT('',(48.747915458,4.741003396,20.0000000003583));
#4270=CARTESIAN_POINT('',(48.7367452769278,4.8043511250042,0.));
#4271=CARTESIAN_POINT('Origin',(13.167786028,8.304351125,20.));
#4272=CARTESIAN_POINT('',(33.1779443367754,85.8615672342046,16.5142823832432));
#4273=CARTESIAN_POINT('',(33.1779443367754,85.8615672342046,16.5142823832432));
#4274=CARTESIAN_POINT('Origin',(32.6846016357003,85.7802470073318,16.5179372249407));
#4275=CARTESIAN_POINT('',(33.7902972739987,76.8472415550123,16.9194206205272));
#4276=CARTESIAN_POINT('',(33.7902972739988,76.8472415550138,16.9194206205272));
#4277=CARTESIAN_POINT('',(31.8987556949892,76.8465997910107,16.9194494638319));
#4278=CARTESIAN_POINT('',(31.8987556949887,76.8465997910187,16.9194494638532));
#4279=CARTESIAN_POINT('',(31.3260064859959,77.4193513900218,16.8937078177932));
#4280=CARTESIAN_POINT('',(31.3260064859956,77.4193513900044,16.8937078173569));
#4281=CARTESIAN_POINT('',(30.1698265460148,77.4193513900234,16.8937078179111));
#4282=CARTESIAN_POINT('',(30.169826546,77.41935139,16.8937078173569));
#4283=CARTESIAN_POINT('',(29.5970773222899,76.8469160984819,16.9194358833094));
#4284=CARTESIAN_POINT('',(30.1698265460151,77.4193513900151,16.8937078174632));
#4285=CARTESIAN_POINT('',(27.7054714820002,76.8468511669996,16.9194381660562));
#4286=CARTESIAN_POINT('',(27.705471482,76.8468511669995,16.9194381660562));
#4287=CARTESIAN_POINT('',(29.260426831518,86.2802470073345,16.4954653145784));
#4288=CARTESIAN_POINT('',(13.3762460680876,8.30435112494025,20.));
#4289=CARTESIAN_POINT('',(13.37624606805,8.30435112475768,20.0000000000109));
#4290=CARTESIAN_POINT('',(16.4072572520844,8.3043511249169,19.9999999999986));
#4291=CARTESIAN_POINT('',(13.167786028,8.30435112499999,20.));
#4292=CARTESIAN_POINT('',(17.5611034370518,15.304351347986,19.6853932449493));
#4293=CARTESIAN_POINT('',(17.5611034367692,15.3043513427394,19.6853932451376));
#4294=CARTESIAN_POINT('',(21.7722060370274,15.3043513473133,19.6853932449801));
#4295=CARTESIAN_POINT('',(13.167786028,15.3043513454986,19.6853932450136));
#4296=CARTESIAN_POINT('',(22.34526364092,14.7313514071153,19.711146051238));
#4297=CARTESIAN_POINT('',(22.3452636426692,14.7313514003319,19.7111460499822));
#4298=CARTESIAN_POINT('',(39.1498262700104,14.7313514063812,19.7111460511149));
#4299=CARTESIAN_POINT('',(13.167786028,14.7313514018596,19.7111460517561));
#4300=CARTESIAN_POINT('',(39.7227685579761,15.3043513475183,19.6853932445659));
#4301=CARTESIAN_POINT('',(39.7227685575365,15.3043513435358,19.6853932441716));
#4302=CARTESIAN_POINT('',(43.9347299156296,15.3043513470845,19.6853932449184));
#4303=CARTESIAN_POINT('',(13.167786028,15.3043513465838,19.6853932449649));
#4304=CARTESIAN_POINT('',(45.0885761288692,8.30435111311348,20.000000000358));
#4305=CARTESIAN_POINT('',(45.0885761282918,8.30435111422038,20.0000000004845));
#4306=CARTESIAN_POINT('',(13.167786028,8.30435111305011,20.0000000005371));
#4307=CARTESIAN_POINT('',(29.2817668531636,67.4193513939772,17.3431460258914));
#4308=CARTESIAN_POINT('',(28.7090176333736,66.846885594079,17.3688757853353));
#4309=CARTESIAN_POINT('',(29.281766854495,67.4193514004898,17.3431460265834));
#4310=CARTESIAN_POINT('',(26.0571105120008,66.8467945570012,17.3688789175618));
#4311=CARTESIAN_POINT('',(26.0571105120006,66.8467945570022,17.3688789175776));
#4312=CARTESIAN_POINT('',(27.4512134194321,75.3043519486229,16.9887639876393));
#4313=CARTESIAN_POINT('',(27.4512134177835,75.3043522405194,16.9887639612767));
#4314=CARTESIAN_POINT('',(29.5971177480961,75.3043513480643,16.9887639966218));
#4315=CARTESIAN_POINT('',(13.167786028,75.3043513470858,16.988764001431));
#4316=CARTESIAN_POINT('',(30.170175343988,74.7313514110166,17.0145168077326));
#4317=CARTESIAN_POINT('',(30.170175343991,74.7313514110091,17.0145168076325));
#4318=CARTESIAN_POINT('',(31.3256576880062,74.7313514110101,17.0145168076909));
#4319=CARTESIAN_POINT('',(30.170175344,74.731351411,17.0145168076325));
#4320=CARTESIAN_POINT('',(31.8987152850777,75.3043513485932,16.988764001416));
#4321=CARTESIAN_POINT('',(31.3256576880121,74.7313514110121,17.0145168076661));
#4322=CARTESIAN_POINT('',(34.0446198403584,75.3043513491496,16.9887640014427));
#4323=CARTESIAN_POINT('',(13.167786028,75.3043513483562,16.9887640013739));
#4324=CARTESIAN_POINT('',(35.4386366979988,66.8473159050064,17.3688554860771));
#4325=CARTESIAN_POINT('',(35.438636697999,66.8473159050153,17.368855486206));
#4326=CARTESIAN_POINT('',(32.7868153959738,66.8465997910349,17.3688876704154));
#4327=CARTESIAN_POINT('',(32.7868153959777,66.8465997910793,17.3688876711024));
#4328=CARTESIAN_POINT('',(32.2140661787975,67.4193513939929,17.3431460259361));
#4329=CARTESIAN_POINT('',(32.2140661774556,67.4193514005444,17.343146026889));
#4330=CARTESIAN_POINT('',(13.167786028,67.4193513980088,17.3431460255604));
#4331=CARTESIAN_POINT('',(25.1277721692069,37.4193513934796,18.6914606473437));
#4332=CARTESIAN_POINT('',(24.5550229413623,36.8467456116503,18.7171958654969));
#4333=CARTESIAN_POINT('',(25.1277721702004,37.419351399198,18.6914606471483));
#4334=CARTESIAN_POINT('',(21.1120177892056,36.8465652000237,18.7172038475133));
#4335=CARTESIAN_POINT('',(13.1662874373045,36.8461488494301,18.7172225598986));
#4336=CARTESIAN_POINT('',(22.5061582802625,45.3043509016261,18.3370786432389));
#4337=CARTESIAN_POINT('',(22.506158280087,45.3043509005195,18.3370786432571));
#4338=CARTESIAN_POINT('',(25.6827582229471,45.3043509009223,18.3370786432675));
#4339=CARTESIAN_POINT('',(13.167786028,45.304350899906,18.3370786432846));
#4340=CARTESIAN_POINT('',(26.2558158791005,44.7313504867369,18.3628314866964));
#4341=CARTESIAN_POINT('',(26.2558160194648,44.7313506015634,18.3628314793878));
#4342=CARTESIAN_POINT('',(35.2400176231193,44.73134985299,18.362831487939));
#4343=CARTESIAN_POINT('',(13.167786028,44.7313499616907,18.3628314947271));
#4344=CARTESIAN_POINT('',(35.8130746337509,45.3043492606563,18.3370787264743));
#4345=CARTESIAN_POINT('',(35.2400176162451,44.7313501021963,18.3628314754158));
#4346=CARTESIAN_POINT('',(38.9896748780651,45.3043490246203,18.3370787275294));
#4347=CARTESIAN_POINT('',(13.167786028,45.3043490240709,18.3370787275918));
#4348=CARTESIAN_POINT('',(40.3836478175496,36.8475725037481,18.717158575443));
#4349=CARTESIAN_POINT('',(40.3836478169007,36.8475725039991,18.7171585754229));
#4350=CARTESIAN_POINT('',(36.9400173303335,36.8473925449996,18.7171666634582));
#4351=CARTESIAN_POINT('',(13.1662914632464,36.846150165503,18.7172225007493));
#4352=CARTESIAN_POINT('',(36.3680608637469,37.4193513932486,18.6914606474223));
#4353=CARTESIAN_POINT('',(36.368060859975,37.419351401025,18.6914606472017));
#4354=CARTESIAN_POINT('',(13.167786028,37.4193513975416,18.6914606473371));
#4355=CARTESIAN_POINT('',(27.8003276516385,54.7313534457402,17.9133931056265));
#4356=CARTESIAN_POINT('',(27.2272700395719,55.3043525435941,17.8876403620583));
#4357=CARTESIAN_POINT('',(27.8003274788426,54.7313532121181,17.9133931186825));
#4358=CARTESIAN_POINT('',(33.6955046803274,54.7313545936038,17.913393101054));
#4359=CARTESIAN_POINT('',(13.167786028,54.7313542706282,17.9133930938151));
#4360=CARTESIAN_POINT('',(34.2685636270245,55.3043558747081,17.8876401938064));
#4361=CARTESIAN_POINT('',(33.6955046112868,54.7313541133866,17.9133931216251));
#4362=CARTESIAN_POINT('',(37.3413231970202,55.3043564702962,17.8876401857108));
#4363=CARTESIAN_POINT('',(13.167786028,55.3043564704339,17.8876401856719));
#4364=CARTESIAN_POINT('',(38.7353115820016,46.8474886479903,18.267724137194));
#4365=CARTESIAN_POINT('',(38.7353115820012,46.8474886479764,18.2677241369811));
#4366=CARTESIAN_POINT('',(35.8131152209806,46.8465997910258,18.2677640850993));
#4367=CARTESIAN_POINT('',(35.8131152209835,46.8465997910586,18.267764085607));
#4368=CARTESIAN_POINT('',(35.2403660116377,47.4193513902183,18.242022440412));
#4369=CARTESIAN_POINT('',(35.2403660116164,47.4193513903836,18.2420224404096));
#4370=CARTESIAN_POINT('',(26.2554670204051,47.4193513901922,18.2420224404072));
#4371=CARTESIAN_POINT('',(13.167786028,47.4193513901926,18.2420224404155));
#4372=CARTESIAN_POINT('',(25.6827178101488,46.8468047024222,18.2677549831869));
#4373=CARTESIAN_POINT('',(26.255467020309,47.4193513903089,18.2420224404088));
#4374=CARTESIAN_POINT('',(22.7603836641629,46.8466515729034,18.2677617583288));
#4375=CARTESIAN_POINT('',(13.1657623888509,46.8461488224263,18.2677843538604));
#4376=CARTESIAN_POINT('',(24.1545101916841,55.3043525432497,17.8876403621494));
#4377=CARTESIAN_POINT('',(24.1545101917732,55.3043525431388,17.8876403621796));
#4378=CARTESIAN_POINT('',(13.167786028,55.3043525448892,17.8876403621009));
#4379=CARTESIAN_POINT('',(37.0869741400005,56.8474022759974,17.8182898116704));
#4380=CARTESIAN_POINT('',(35.6929715185687,65.3043513519712,17.4382022084654));
#4381=CARTESIAN_POINT('',(37.0869741400004,56.8474022759938,17.8182898116161));
#4382=CARTESIAN_POINT('',(34.2686033949863,56.8465997910182,17.8183258779973));
#4383=CARTESIAN_POINT('',(34.2686033949884,56.8465997910414,17.8183258783559));
#4384=CARTESIAN_POINT('',(33.6958541947066,57.419351387101,17.7925842331289));
#4385=CARTESIAN_POINT('',(33.6958541960931,57.4193513809069,17.7925842330266));
#4386=CARTESIAN_POINT('',(27.7999788389599,57.4193513874432,17.7925842333245));
#4387=CARTESIAN_POINT('',(13.167786028,57.4193513863624,17.7925842333358));
#4388=CARTESIAN_POINT('',(27.227229634099,56.8468856343766,17.818313134741));
#4389=CARTESIAN_POINT('',(27.7999788391791,57.419351384182,17.7925842333543));
#4390=CARTESIAN_POINT('',(24.4087495420002,56.846737946,17.8183196691442));
#4391=CARTESIAN_POINT('',(13.1652373232986,56.846148791372,17.8183461480042));
#4392=CARTESIAN_POINT('',(25.8028617896417,65.3043519507175,17.4382021947509));
#4393=CARTESIAN_POINT('',(25.8028617149723,65.3043517486301,17.438202190636));
#4394=CARTESIAN_POINT('',(28.7090580376922,65.3043513518044,17.4382022084118));
#4395=CARTESIAN_POINT('',(13.167786028,65.3043513526314,17.4382022084337));
#4396=CARTESIAN_POINT('',(29.2821156431303,64.7313514109521,17.463955014354));
#4397=CARTESIAN_POINT('',(29.2821156432228,64.7313514107772,17.4639550138313));
#4398=CARTESIAN_POINT('',(32.2137173884036,64.7313514106759,17.4639550144574));
#4399=CARTESIAN_POINT('',(13.167786028,64.7313514106264,17.4639550151027));
#4400=CARTESIAN_POINT('',(32.7867749940522,65.3043513516871,17.4382022084182));
#4401=CARTESIAN_POINT('',(32.2137173884329,64.731351410433,17.4639550144525));
#4402=CARTESIAN_POINT('',(13.167786028,65.304351352295,17.4382022084488));
#4403=CARTESIAN_POINT('',(42.0319864660008,26.8476613919952,19.1665927878089));
#4404=CARTESIAN_POINT('',(40.638026556655,35.3043513509001,18.7865168301856));
#4405=CARTESIAN_POINT('',(42.0319864660007,26.8476613919886,19.1665927877089));
#4406=CARTESIAN_POINT('',(38.721879721983,26.8465997910226,19.1666404996653));
#4407=CARTESIAN_POINT('',(38.7218797219856,26.8465997910514,19.1666405001111));
#4408=CARTESIAN_POINT('',(38.1491305215822,27.4193513867481,19.1408988554998));
#4409=CARTESIAN_POINT('',(38.1491305231538,27.4193513798462,19.1408988561981));
#4410=CARTESIAN_POINT('',(23.3467025121901,27.419351387107,19.1408988553458));
#4411=CARTESIAN_POINT('',(13.167786028,27.4193513858702,19.1408988551135));
#4412=CARTESIAN_POINT('',(22.7739533129667,26.8465997922906,19.1666405968518));
#4413=CARTESIAN_POINT('',(23.3467025124389,27.4193513834388,19.14089885579));
#4414=CARTESIAN_POINT('',(19.4636490360002,26.846461377,19.1666467209674));
#4415=CARTESIAN_POINT('',(13.1670091703192,26.8461980951268,19.1666585538607));
#4416=CARTESIAN_POINT('',(20.8578067165728,35.3043513509396,18.7865168302287));
#4417=CARTESIAN_POINT('',(20.8578067166485,35.3043513515697,18.786516830237));
#4418=CARTESIAN_POINT('',(24.5550633562441,35.3043513511867,18.7865168302106));
#4419=CARTESIAN_POINT('',(13.167786028,35.3043513519312,18.7865168302208));
#4420=CARTESIAN_POINT('',(25.1281209602287,34.7313514102892,18.8122696358237));
#4421=CARTESIAN_POINT('',(25.1281209606474,34.7313514093527,18.8122696345557));
#4422=CARTESIAN_POINT('',(36.367712071166,34.7313514100943,18.8122696361104));
#4423=CARTESIAN_POINT('',(13.167786028,34.7313514097577,18.8122696368974));
#4424=CARTESIAN_POINT('',(36.9407696770368,35.3043513512785,18.7865168302043));
#4425=CARTESIAN_POINT('',(36.3677120712718,34.7313514092719,18.8122696357103));
#4426=CARTESIAN_POINT('',(13.167786028,35.3043513517563,18.7865168302286));
#4427=CARTESIAN_POINT('',(43.6803239010502,16.8477477628244,19.6160271131272));
#4428=CARTESIAN_POINT('',(42.2863782348079,25.3043513572117,19.2359550372876));
#4429=CARTESIAN_POINT('',(43.6803239003237,16.8477477629996,19.6160271131176));
#4430=CARTESIAN_POINT('',(39.7227281335142,16.8475403879996,19.6160364333324));
#4431=CARTESIAN_POINT('',(13.1673375402161,16.8461489057877,19.6160989718695));
#4432=CARTESIAN_POINT('',(39.1509147456105,17.4193513897321,19.5903370622125));
#4433=CARTESIAN_POINT('',(39.7227281335133,16.8475403874867,19.6160364333253));
#4434=CARTESIAN_POINT('',(22.3449148323517,17.4193513896432,19.5903370622083));
#4435=CARTESIAN_POINT('',(13.167786028,17.4193513895133,19.5903370622017));
#4436=CARTESIAN_POINT('',(21.7721656234755,16.8465997920427,19.6160788526265));
#4437=CARTESIAN_POINT('',(22.3449148324006,17.4193513894006,19.5903370622136));
#4438=CARTESIAN_POINT('',(17.8152860360001,16.846392453,19.6160880259272));
#4439=CARTESIAN_POINT('',(13.167337539075,16.8461489034242,19.6160989719757));
#4440=CARTESIAN_POINT('',(19.2094550787277,25.3043513533415,19.2359550373477));
#4441=CARTESIAN_POINT('',(19.2094550793382,25.3043513556849,19.2359550373039));
#4442=CARTESIAN_POINT('',(22.7518909280719,25.3043513549851,19.2359550372541));
#4443=CARTESIAN_POINT('',(13.167786028,25.304351357191,19.2359550372363));
#4444=CARTESIAN_POINT('',(23.3249485349081,24.7313514133499,19.2617078436676));
#4445=CARTESIAN_POINT('',(23.3249485312533,24.7313514197458,19.2617078430637));
#4446=CARTESIAN_POINT('',(38.1708844982721,24.7313514136711,19.2617078437016));
#4447=CARTESIAN_POINT('',(13.167786028,24.7313514146418,19.2617078439297));
#4448=CARTESIAN_POINT('',(38.7439421030675,25.3043513546389,19.2359550372109));
#4449=CARTESIAN_POINT('',(38.17088449795,24.7313514169494,19.2617078433655));
#4450=CARTESIAN_POINT('',(13.167786028,25.3043513579244,19.2359550372033));
#4451=CARTESIAN_POINT('Origin',(33.1779443367754,85.8615672342046,-13.5));
#4452=CARTESIAN_POINT('',(33.1779443367754,85.8615672342046,-13.5));
#4453=CARTESIAN_POINT('Origin',(32.6846016357026,85.7802470073344,-13.5));
#4454=CARTESIAN_POINT('Origin',(31.73460193,89.318459743,2.997546332));
#4455=CARTESIAN_POINT('',(33.7902972739985,76.8472415550091,2.997546332));
#4456=CARTESIAN_POINT('Origin',(26.4016556573871,86.7802470073344,-13.5));
#4457=CARTESIAN_POINT('Origin',(32.6846016357026,85.7802470073344,-13.5));
#4458=CARTESIAN_POINT('Origin',(28.778304471,95.651654651,0.));
#4459=CARTESIAN_POINT('',(12.7590867256504,4.80435112499998,20.));
#4460=CARTESIAN_POINT('',(28.778304471,95.651654651,20.));
#4461=CARTESIAN_POINT('',(12.7590867256504,4.80435112499998,0.));
#4462=CARTESIAN_POINT('',(28.778304471,95.651654651,-2.90022474914432E-12));
#4463=CARTESIAN_POINT('',(12.7590867256504,4.80435112499997,0.));
#4464=CARTESIAN_POINT('Origin',(27.705471482,76.846851167,2.997528576));
#4465=CARTESIAN_POINT('',(27.7054714819999,76.8468511669995,2.997528576));
#4466=CARTESIAN_POINT('Origin',(33.695505611,54.731355113,2.086606841));
#4467=CARTESIAN_POINT('',(33.6955044528108,54.7313551129996,2.086606841));
#4468=CARTESIAN_POINT('',(27.800327852231,54.731352825,2.086606841));
#4469=CARTESIAN_POINT('Origin',(24.154510191,55.304352542,17.887640362));
#4470=CARTESIAN_POINT('',(27.2272700386495,55.304352542,17.887640362));
#4471=CARTESIAN_POINT('',(24.1545101917732,55.304352542,17.887640362));
#4472=CARTESIAN_POINT('Origin',(22.760383665,46.846651573,1.633025101));
#4473=CARTESIAN_POINT('',(22.7603836649364,46.8466515726139,1.633025101));
#4474=CARTESIAN_POINT('Origin',(25.682717808,46.846804701,1.732238242));
#4475=CARTESIAN_POINT('',(25.6827178079875,46.846804701,1.732238242));
#4476=CARTESIAN_POINT('Origin',(26.25546702,47.41935139,1.75797756));
#4477=CARTESIAN_POINT('',(26.2554670204256,47.41935139,1.75797756));
#4478=CARTESIAN_POINT('',(35.2403660115812,47.41935139,1.75797756));
#4479=CARTESIAN_POINT('Origin',(38.735311582,46.847488648,1.633022745));
#4480=CARTESIAN_POINT('',(35.8131152209835,46.846599791,1.633022745));
#4481=CARTESIAN_POINT('',(38.7353115820012,46.847488648,1.633022745));
#4482=CARTESIAN_POINT('Origin',(37.341323198,55.304356466,1.633063173));
#4483=CARTESIAN_POINT('',(37.3413231972036,55.3043564708313,1.633063173));
#4484=CARTESIAN_POINT('Origin',(37.341323198,55.304356466,2.112359761));
#4485=CARTESIAN_POINT('',(34.2685636047957,55.3043552740002,2.112359761));
#4486=CARTESIAN_POINT('Origin',(37.08697414,56.847402276,2.087854211));
#4487=CARTESIAN_POINT('',(34.2686033949884,56.846599791,2.087854211));
#4488=CARTESIAN_POINT('',(37.0869741400004,56.847402276,2.087854211));
#4489=CARTESIAN_POINT('Origin',(35.692971519,65.30435135,2.087890711));
#4490=CARTESIAN_POINT('',(35.6929715186148,65.3043513523369,2.087890711));
#4491=CARTESIAN_POINT('Origin',(35.692971519,65.30435135,2.561797791));
#4492=CARTESIAN_POINT('',(32.7867749954895,65.30435135,2.561797791));
#4493=CARTESIAN_POINT('Origin',(29.282115643,64.731351411,2.536044985));
#4494=CARTESIAN_POINT('',(32.2137173882688,64.731351411,2.536044985));
#4495=CARTESIAN_POINT('',(29.2821156431152,64.731351411,2.536044985));
#4496=CARTESIAN_POINT('Origin',(28.709058042,65.30435135,2.561797791));
#4497=CARTESIAN_POINT('',(28.7090580362088,65.30435135,2.561797791));
#4498=CARTESIAN_POINT('',(25.8028618293165,65.304352542,2.561797791));
#4499=CARTESIAN_POINT('Origin',(24.408749542,56.846737946,2.087863834));
#4500=CARTESIAN_POINT('',(24.408749542,56.8467379460001,2.087863834));
#4501=CARTESIAN_POINT('Origin',(27.227229632,56.846885633,2.18168365));
#4502=CARTESIAN_POINT('',(27.2272296320264,56.846885633,2.18168365));
#4503=CARTESIAN_POINT('Origin',(27.799978845,57.41935139,2.207415767));
#4504=CARTESIAN_POINT('',(27.7999788369989,57.41935139,2.207415767));
#4505=CARTESIAN_POINT('',(33.6958541978373,57.41935139,2.207415767));
#4506=CARTESIAN_POINT('Origin',(42.031986466,26.847661392,0.723359814));
#4507=CARTESIAN_POINT('',(38.7218797219856,26.846599791,0.723359814));
#4508=CARTESIAN_POINT('',(42.0319864660007,26.847661392,0.723359814));
#4509=CARTESIAN_POINT('Origin',(40.638026557,35.30435135,0.723408099));
#4510=CARTESIAN_POINT('',(40.6380265567052,35.3043513517883,0.723408099));
#4511=CARTESIAN_POINT('Origin',(36.940769674,35.30435135,1.21348317));
#4512=CARTESIAN_POINT('',(36.9407696781037,35.30435135,1.21348317));
#4513=CARTESIAN_POINT('Origin',(25.128120959,34.731351411,1.187730363));
#4514=CARTESIAN_POINT('',(36.3677120708394,34.731351411,1.187730363));
#4515=CARTESIAN_POINT('',(25.1281209606304,34.731351411,1.187730363));
#4516=CARTESIAN_POINT('Origin',(20.857806716,35.30435135,18.78651683));
#4517=CARTESIAN_POINT('',(24.5550633558328,35.30435135,18.78651683));
#4518=CARTESIAN_POINT('',(20.8578067166485,35.30435135,18.78651683));
#4519=CARTESIAN_POINT('Origin',(19.463649036,26.846461377,0.723356647));
#4520=CARTESIAN_POINT('',(19.463649036,26.8464613770001,0.723356647));
#4521=CARTESIAN_POINT('Origin',(22.773953311,26.846599791,0.833356389));
#4522=CARTESIAN_POINT('',(22.7739533110239,26.846599791,0.833356389));
#4523=CARTESIAN_POINT('Origin',(23.346702519,27.41935139,0.859101145));
#4524=CARTESIAN_POINT('',(23.3467025099771,27.41935139,0.859101145));
#4525=CARTESIAN_POINT('',(38.1491305250711,27.41935139,0.859101145));
#4526=CARTESIAN_POINT('Origin',(43.680323908,16.847747763,0.383963567));
#4527=CARTESIAN_POINT('',(39.7227281340266,16.8475403880001,0.383963567));
#4528=CARTESIAN_POINT('',(43.6803239003237,16.8477477629996,0.383963567));
#4529=CARTESIAN_POINT('Origin',(42.286378236,25.30435135,0.268580562));
#4530=CARTESIAN_POINT('',(42.2863782346836,25.3043513579861,0.268580562));
#4531=CARTESIAN_POINT('Origin',(42.286378236,25.30435135,0.764044962));
#4532=CARTESIAN_POINT('',(38.7439421072059,25.30435135,0.764044962));
#4533=CARTESIAN_POINT('Origin',(23.32494854,24.731351411,0.738292156));
#4534=CARTESIAN_POINT('',(38.1708845002827,24.731351411,0.738292156));
#4535=CARTESIAN_POINT('',(23.3249485329108,24.731351411,0.738292156));
#4536=CARTESIAN_POINT('Origin',(22.75189094,25.30435135,0.764044962));
#4537=CARTESIAN_POINT('',(22.7518909239354,25.30435135,0.764044962));
#4538=CARTESIAN_POINT('',(19.2094550788163,25.30435135,0.764044962));
#4539=CARTESIAN_POINT('Origin',(17.815286036,16.846392453,0.268523605));
#4540=CARTESIAN_POINT('',(17.815286036,16.8463924530001,0.268523605));
#4541=CARTESIAN_POINT('Origin',(21.772165625,16.846599791,0.383916633));
#4542=CARTESIAN_POINT('',(21.7721656187046,16.8465997909997,0.383916633));
#4543=CARTESIAN_POINT('Origin',(22.344914833,17.41935139,19.590337062));
#4544=CARTESIAN_POINT('',(22.3449148322872,17.41935139,19.590337062));
#4545=CARTESIAN_POINT('',(39.1509147456852,17.41935139,19.590337062));
#4546=CARTESIAN_POINT('Origin',(29.597077336,76.846916132,3.080561834));
#4547=CARTESIAN_POINT('',(29.597077316289,76.8469161319993,3.080561834));
#4548=CARTESIAN_POINT('Origin',(33.790297274,76.847241555,2.997517143));
#4549=CARTESIAN_POINT('',(31.8987556949925,76.846599791,2.997517143));
#4550=CARTESIAN_POINT('Origin',(12.747916542,-1.695648875,0.));
#4551=CARTESIAN_POINT('',(16.1105539610618,6.5043511420959,-1.60622544071927E-17));
#4552=CARTESIAN_POINT('',(16.1105539610748,6.50435114224543,0.));
#4553=CARTESIAN_POINT('',(19.8191504860355,6.50435114202851,-2.4093381610789E-17));
#4554=CARTESIAN_POINT('',(12.747916542,6.50435114203511,0.));
#4555=CARTESIAN_POINT('',(20.7593650742162,7.44620723187274,-4.01556360179817E-17));
#4556=CARTESIAN_POINT('',(19.819150486,6.50435114200001,-3.21245088143853E-17));
#4557=CARTESIAN_POINT('',(40.7364678597176,7.44620723154183,-1.12208336818216E-16));
#4558=CARTESIAN_POINT('',(12.747916542,7.44620723191073,0.));
#4559=CARTESIAN_POINT('',(41.6766840488811,6.50435139774208,-5.92396236672195E-12));
#4560=CARTESIAN_POINT('',(40.736467861,7.446207231,-1.33548861350428E-16));
#4561=CARTESIAN_POINT('',(45.3852793855131,6.50435139726454,0.));
#4562=CARTESIAN_POINT('',(12.747916542,6.50435139729598,0.));
#4563=CARTESIAN_POINT('',(45.0885761280379,8.30435112295204,0.));
#4564=CARTESIAN_POINT('',(12.747916542,4.80435112499998,0.));
#4565=CARTESIAN_POINT('Origin',(43.934729915,15.30435135,0.));
#4566=CARTESIAN_POINT('',(45.3852793851316,6.50435139725724,20.));
#4567=CARTESIAN_POINT('',(45.3852793851316,6.50435139720165,0.));
#4568=CARTESIAN_POINT('',(43.934729915,15.30435135,20.));
#4569=CARTESIAN_POINT('',(43.9347299155795,15.3043513464845,0.));
#4570=CARTESIAN_POINT('Origin',(43.934729915,15.30435135,0.314606755));
#4571=CARTESIAN_POINT('',(39.7227685556444,15.30435135,0.314606755));
#4572=CARTESIAN_POINT('Origin',(39.149826281,14.731351411,0.288853949));
#4573=CARTESIAN_POINT('',(39.1498262662309,14.731351411,0.288853949));
#4574=CARTESIAN_POINT('',(22.3452636433997,14.731351411,0.288853949));
#4575=CARTESIAN_POINT('Origin',(17.561103438,15.30435135,0.314606755));
#4576=CARTESIAN_POINT('',(21.7722060390782,15.30435135,0.314606755));
#4577=CARTESIAN_POINT('',(17.5611034362457,15.30435135,0.314606755));
#4578=CARTESIAN_POINT('Origin',(16.110553961,6.50435114200001,0.));
#4579=CARTESIAN_POINT('',(16.1105539613037,6.50435114210901,20.));
#4580=CARTESIAN_POINT('',(16.110553961,6.50435114200001,20.));
#4581=CARTESIAN_POINT('',(16.1105539610574,6.50435114234848,0.));
#4582=CARTESIAN_POINT('Origin',(29.281766844,67.41935139,2.656853974));
#4583=CARTESIAN_POINT('',(29.2817668569287,67.41935139,2.656853974));
#4584=CARTESIAN_POINT('',(32.2140661749988,67.41935139,2.656853974));
#4585=CARTESIAN_POINT('Origin',(35.438636698,66.847315905,2.542685677));
#4586=CARTESIAN_POINT('',(32.7868153959777,66.846599791,2.542685677));
#4587=CARTESIAN_POINT('',(35.438636697999,66.847315905,2.542685677));
#4588=CARTESIAN_POINT('Origin',(34.04461984,75.30435135,2.542718248));
#4589=CARTESIAN_POINT('',(34.0446198402782,75.3043513483124,2.542718248));
#4590=CARTESIAN_POINT('Origin',(34.04461984,75.30435135,3.011235999));
#4591=CARTESIAN_POINT('',(31.8987152835112,75.30435135,3.011235999));
#4592=CARTESIAN_POINT('Origin',(29.597117744,75.30435135,3.011235999));
#4593=CARTESIAN_POINT('',(29.5971177496673,75.30435135,3.011235999));
#4594=CARTESIAN_POINT('',(27.4512134672743,75.304352542,3.011235999));
#4595=CARTESIAN_POINT('Origin',(26.057110512,66.846794557,2.542694535));
#4596=CARTESIAN_POINT('',(26.0571105120002,66.8467945570013,2.542694535));
#4597=CARTESIAN_POINT('Origin',(28.709017636,66.846885633,2.631121082));
#4598=CARTESIAN_POINT('',(28.7090176280679,66.8468856329997,2.631121082));
#4599=CARTESIAN_POINT('Origin',(25.127772161,37.41935139,1.308539352));
#4600=CARTESIAN_POINT('',(25.1277721718649,37.41935139,1.308539352));
#4601=CARTESIAN_POINT('',(36.3680608606209,37.41935139,1.308539352));
#4602=CARTESIAN_POINT('Origin',(40.383647834,36.847572504,1.282833337));
#4603=CARTESIAN_POINT('',(36.9400173306652,36.847392545,1.282833337));
#4604=CARTESIAN_POINT('',(40.3836478169007,36.8475725039991,1.282833337));
#4605=CARTESIAN_POINT('Origin',(38.989674877,45.304349031,1.178235522));
#4606=CARTESIAN_POINT('',(38.98967487815,45.3043490240231,1.178235522));
#4607=CARTESIAN_POINT('Origin',(38.989674877,45.304349031,1.662921273));
#4608=CARTESIAN_POINT('',(35.8130746489199,45.304349478,1.662921273));
#4609=CARTESIAN_POINT('Origin',(35.240017133,44.731349619,1.63716849));
#4610=CARTESIAN_POINT('',(35.2400177576042,44.7313496189999,1.63716849));
#4611=CARTESIAN_POINT('',(26.255815754615,44.731350883,1.63716849));
#4612=CARTESIAN_POINT('Origin',(22.506158281,45.304350903,18.337078643));
#4613=CARTESIAN_POINT('',(25.6827582246183,45.304350903,18.337078643));
#4614=CARTESIAN_POINT('',(22.506158280087,45.304350903,18.337078643));
#4615=CARTESIAN_POINT('Origin',(21.112017789,36.8465652,1.178189706));
#4616=CARTESIAN_POINT('',(21.1120177890156,36.8465652000948,1.178189706));
#4617=CARTESIAN_POINT('Origin',(24.555022944,36.846745611,1.282796152));
#4618=CARTESIAN_POINT('',(24.5550229366483,36.8467456109996,1.282796152));
#4619=CARTESIAN_POINT('Origin',(10.747915458,4.804351125,-2.));
#4620=CARTESIAN_POINT('',(16.4137505177979,4.804351125,-2.));
#4621=CARTESIAN_POINT('',(16.4137505177979,4.804351125,-1.23330876681116));
#4622=CARTESIAN_POINT('',(16.4137505177979,4.804351125,-7.02640392429925E-16));
#4623=CARTESIAN_POINT('',(10.747915458,4.804351125,-1.18967526928516));
#4624=CARTESIAN_POINT('',(16.4137505177979,4.804351125,-1.23330876681116));
#4625=CARTESIAN_POINT('',(10.747915458,4.804351125,21.1896752692852));
#4626=CARTESIAN_POINT('',(10.747915458,4.804351125,-2.));
#4627=CARTESIAN_POINT('',(16.4137505177979,4.804351125,21.2333087668112));
#4628=CARTESIAN_POINT('',(10.747915458,4.804351125,21.1896752692852));
#4629=CARTESIAN_POINT('',(16.4137505177979,4.804351125,22.));
#4630=CARTESIAN_POINT('',(16.4137505177979,4.804351125,-7.02640392429925E-16));
#4631=CARTESIAN_POINT('',(50.747915458,4.804351125,22.));
#4632=CARTESIAN_POINT('',(10.747915458,4.804351125,22.));
#4633=CARTESIAN_POINT('',(50.747915458,4.804351125,-2.));
#4634=CARTESIAN_POINT('',(50.747915458,4.804351125,-2.));
#4635=CARTESIAN_POINT('',(10.747915458,4.804351125,-2.));
#4636=CARTESIAN_POINT('',(10.747915458,4.804351125,20.));
#4637=CARTESIAN_POINT('Origin',(12.747916542,-1.695648875,20.));
#4638=CARTESIAN_POINT('',(19.8191504860372,6.50435114203068,20.));
#4639=CARTESIAN_POINT('',(12.747916542,6.50435114204378,20.));
#4640=CARTESIAN_POINT('',(41.6766840488846,6.50435139786285,20.));
#4641=CARTESIAN_POINT('',(12.747916542,6.50435139736843,20.));
#4642=CARTESIAN_POINT('',(40.7364678599182,7.44620723172245,20.));
#4643=CARTESIAN_POINT('',(40.736467861,7.446207231,20.));
#4644=CARTESIAN_POINT('',(20.7593650744002,7.44620723187274,20.));
#4645=CARTESIAN_POINT('',(12.747916542,7.44620723191073,20.));
#4646=CARTESIAN_POINT('',(19.819150486,6.50435114200001,20.));
#4647=CARTESIAN_POINT('Origin',(34.268562989,55.304355274,1.991646227));
#4648=CARTESIAN_POINT('Origin',(27.227270043,55.304352542,1.991646123));
#4649=CARTESIAN_POINT('Origin',(25.682717808,46.846804701,1.633032065));
#4650=CARTESIAN_POINT('Origin',(35.813115221,46.846599791,1.633022745));
#4651=CARTESIAN_POINT('Origin',(34.268603395,56.846599791,2.087854211));
#4652=CARTESIAN_POINT('Origin',(32.78677499,65.30435135,2.446477525));
#4653=CARTESIAN_POINT('Origin',(28.709058042,65.30435135,2.446477525));
#4654=CARTESIAN_POINT('Origin',(27.227229632,56.846885633,2.087867192));
#4655=CARTESIAN_POINT('Origin',(38.721879722,26.846599791,0.723359814));
#4656=CARTESIAN_POINT('Origin',(36.940769674,35.30435135,1.081983128));
#4657=CARTESIAN_POINT('Origin',(24.555063359,35.30435135,1.081983128));
#4658=CARTESIAN_POINT('Origin',(22.773953311,26.846599791,0.723359795));
#4659=CARTESIAN_POINT('Origin',(39.150914745,17.41935139,0.268571129));
#4660=CARTESIAN_POINT('Origin',(38.743942092,25.30435135,0.627151662));
#4661=CARTESIAN_POINT('Origin',(22.75189094,25.30435135,0.627151662));
#4662=CARTESIAN_POINT('Origin',(21.772165625,16.846599791,0.26852832));
#4663=CARTESIAN_POINT('Origin',(29.597077336,76.846916132,2.997531531));
#4664=CARTESIAN_POINT('',(30.1698265460151,77.4193513900151,2.997531531));
#4665=CARTESIAN_POINT('Origin',(31.898755695,76.846599791,2.997517143));
#4666=CARTESIAN_POINT('',(31.3260064859956,77.4193513900044,2.997517143));
#4667=CARTESIAN_POINT('Origin',(19.819150486,6.50435114200001,0.));
#4668=CARTESIAN_POINT('',(19.8191504860351,6.50435114200001,0.));
#4669=CARTESIAN_POINT('Origin',(20.759365073,7.446207231,0.));
#4670=CARTESIAN_POINT('',(40.7364678595169,7.446207231,0.));
#4671=CARTESIAN_POINT('',(20.7593650743798,7.446207231,0.));
#4672=CARTESIAN_POINT('Origin',(45.385279385,6.504351398,0.));
#4673=CARTESIAN_POINT('',(41.6766840486009,6.504351398,0.));
#4674=CARTESIAN_POINT('Origin',(39.149826281,14.731351411,0.172320196));
#4675=CARTESIAN_POINT('Origin',(21.772206031,15.30435135,0.172320196));
#4676=CARTESIAN_POINT('Origin',(28.709017636,66.846885633,2.542698678));
#4677=CARTESIAN_POINT('Origin',(32.786815396,66.846599791,2.542685677));
#4678=CARTESIAN_POINT('Origin',(31.898715289,75.30435135,2.90130899));
#4679=CARTESIAN_POINT('',(31.3256576880128,74.7313514110128,2.90130899));
#4680=CARTESIAN_POINT('Origin',(29.597117744,75.30435135,2.90130899));
#4681=CARTESIAN_POINT('',(30.1701753439892,74.7313514110108,2.90130899));
#4682=CARTESIAN_POINT('Origin',(24.555022944,36.846745611,1.178197912));
#4683=CARTESIAN_POINT('Origin',(36.94001733,36.847392545,1.178227337));
#4684=CARTESIAN_POINT('Origin',(35.813074815,45.304349478,1.536814512));
#4685=CARTESIAN_POINT('Origin',(25.682758218,45.304350903,1.536814569));
#4686=CARTESIAN_POINT('Origin',(-16.1308443361609,-2.78519203366111,-1.31414639703996));
#4687=CARTESIAN_POINT('',(10.747915458,3.80528762994221,-1.23330876681116));
#4688=CARTESIAN_POINT('',(10.747915458,3.80528762994221,-1.23330876681116));
#4689=CARTESIAN_POINT('',(10.747915458,-2.77616874911158,-1.52074991750232));
#4690=CARTESIAN_POINT('Origin',(13.747915458,-4.54029022016478,-2.));
#4691=CARTESIAN_POINT('',(12.1483393404748,-7.07827293173769,-2.));
#4692=CARTESIAN_POINT('',(10.747915458,-4.54029022016478,-2.));
#4693=CARTESIAN_POINT('Origin',(13.747915458,-4.54029022016478,-2.));
#4694=CARTESIAN_POINT('',(10.747915458,3.80528762994221,-2.));
#4695=CARTESIAN_POINT('',(10.747915458,-4.54029022016478,-2.));
#4696=CARTESIAN_POINT('',(10.747915458,3.80528762994221,-2.));
#4697=CARTESIAN_POINT('',(50.747915458,-5.39564887500001,-2.));
#4698=CARTESIAN_POINT('',(50.747915458,-4.54029022016478,-2.));
#4699=CARTESIAN_POINT('Origin',(53.747915458,-5.39564887500001,-2.));
#4700=CARTESIAN_POINT('',(41.5149243646868,-11.4447847730663,-2.));
#4701=CARTESIAN_POINT('Origin',(41.7763915929297,-14.4333688673415,-2.));
#4702=CARTESIAN_POINT('',(34.2313240749736,-12.0820172280704,-2.));
#4703=CARTESIAN_POINT('',(41.5149243646868,-11.4447847730663,-2.));
#4704=CARTESIAN_POINT('',(31.825283380396,-13.6978662853886,-2.));
#4705=CARTESIAN_POINT('Origin',(34.4927913032166,-15.0706013223456,-2.));
#4706=CARTESIAN_POINT('',(25.4246573198773,-15.4457377973125,-2.));
#4707=CARTESIAN_POINT('Origin',(27.8240214961651,-11.6387637299532,-2.));
#4708=CARTESIAN_POINT('',(25.4246573198773,-15.4457377973125,-2.));
#4709=CARTESIAN_POINT('Origin',(50.747915458,4.804351125,-2.));
#4710=CARTESIAN_POINT('',(50.747915458,-5.39564887500001,6.));
#4711=CARTESIAN_POINT('',(50.747915458,-5.39564887500001,-2.));
#4712=CARTESIAN_POINT('',(50.747915458,-5.39564887500001,22.));
#4713=CARTESIAN_POINT('',(50.747915458,4.804351125,22.));
#4714=CARTESIAN_POINT('',(50.747915458,-5.39564887500001,14.));
#4715=CARTESIAN_POINT('',(50.747915458,-5.39564887500001,-2.));
#4716=CARTESIAN_POINT('',(50.747915458,-3.895648875,14.));
#4717=CARTESIAN_POINT('',(50.747915458,0.,14.));
#4718=CARTESIAN_POINT('',(50.747915458,-3.895648875,6.));
#4719=CARTESIAN_POINT('',(50.747915458,-3.895648875,-2.));
#4720=CARTESIAN_POINT('',(50.747915458,0.,6.));
#4721=CARTESIAN_POINT('Origin',(13.747915458,-4.54029022016478,22.));
#4722=CARTESIAN_POINT('',(10.747915458,3.80528762994221,22.));
#4723=CARTESIAN_POINT('',(16.4137505177979,4.804351125,22.));
#4724=CARTESIAN_POINT('',(10.747915458,-4.54029022016478,22.));
#4725=CARTESIAN_POINT('',(10.747915458,-4.54029022016478,22.));
#4726=CARTESIAN_POINT('',(12.1483393404748,-7.07827293173769,22.));
#4727=CARTESIAN_POINT('Origin',(13.747915458,-4.54029022016478,22.));
#4728=CARTESIAN_POINT('',(25.4246573198773,-15.4457377973125,22.));
#4729=CARTESIAN_POINT('',(12.1483393404748,-7.07827293173769,22.));
#4730=CARTESIAN_POINT('',(31.825283380396,-13.6978662853886,22.));
#4731=CARTESIAN_POINT('Origin',(27.8240214961651,-11.6387637299532,22.));
#4732=CARTESIAN_POINT('',(34.2313240749736,-12.0820172280703,22.));
#4733=CARTESIAN_POINT('Origin',(34.4927913032166,-15.0706013223456,22.));
#4734=CARTESIAN_POINT('',(41.5149243646868,-11.4447847730663,22.));
#4735=CARTESIAN_POINT('',(34.2313240749736,-12.0820172280703,22.));
#4736=CARTESIAN_POINT('Origin',(41.7763915929297,-14.4333688673415,22.));
#4737=CARTESIAN_POINT('Origin',(53.747915458,-5.39564887500001,22.));
#4738=CARTESIAN_POINT('Origin',(-16.2845651870374,-1.91341862723968,21.2748883888728));
#4739=CARTESIAN_POINT('',(10.747915458,3.80528762994221,21.2333087668112));
#4740=CARTESIAN_POINT('',(10.747915458,-1.90434373811504,21.482673484274));
#4741=CARTESIAN_POINT('',(10.747915458,3.80528762994221,21.2333087668112));
#4742=CARTESIAN_POINT('Origin',(10.747915458,4.804351125,-2.));
#4743=CARTESIAN_POINT('',(10.747915458,-4.54029022016478,14.));
#4744=CARTESIAN_POINT('',(10.747915458,-4.54029022016478,-2.));
#4745=CARTESIAN_POINT('',(10.747915458,3.80528762994221,-2.));
#4746=CARTESIAN_POINT('',(10.747915458,3.80528762994221,-2.));
#4747=CARTESIAN_POINT('',(10.747915458,-4.54029022016478,6.));
#4748=CARTESIAN_POINT('',(10.747915458,-4.54029022016478,-2.));
#4749=CARTESIAN_POINT('',(10.747915458,-3.895648875,6.));
#4750=CARTESIAN_POINT('',(10.747915458,0.,6.));
#4751=CARTESIAN_POINT('',(10.747915458,-3.895648875,14.));
#4752=CARTESIAN_POINT('',(10.747915458,-3.895648875,-2.));
#4753=CARTESIAN_POINT('',(10.747915458,0.,14.));
#4754=CARTESIAN_POINT('Origin',(30.169826546,77.41935139,3.106292181));
#4755=CARTESIAN_POINT('Origin',(19.819150486,6.50435114200001,0.));
#4756=CARTESIAN_POINT('Origin',(40.736467861,7.446207231,0.));
#4757=CARTESIAN_POINT('Origin',(30.170175344,74.731351411,2.985483192));
#4758=CARTESIAN_POINT('Origin',(-16.4473766790321,-0.990090866746661,-7.02640392429925E-16));
#4759=CARTESIAN_POINT('Origin',(13.747915458,-4.54029022016478,-2.));
#4760=CARTESIAN_POINT('',(12.1483393404748,-7.07827293173769,6.));
#4761=CARTESIAN_POINT('Origin',(13.747915458,-4.54029022016478,6.));
#4762=CARTESIAN_POINT('',(12.1483393404748,-7.07827293173769,-2.));
#4763=CARTESIAN_POINT('Origin',(25.4246573198773,-15.4457377973125,-2.));
#4764=CARTESIAN_POINT('',(25.4246573198773,-15.4457377973125,6.));
#4765=CARTESIAN_POINT('',(25.4246573198773,-15.4457377973125,6.));
#4766=CARTESIAN_POINT('',(25.4246573198773,-15.4457377973125,-2.));
#4767=CARTESIAN_POINT('Origin',(27.8240214961651,-11.6387637299532,-2.));
#4768=CARTESIAN_POINT('',(31.825283380396,-13.6978662853886,6.));
#4769=CARTESIAN_POINT('Origin',(27.8240214961651,-11.6387637299532,6.));
#4770=CARTESIAN_POINT('',(31.825283380396,-13.6978662853886,-2.));
#4771=CARTESIAN_POINT('Origin',(34.4927913032166,-15.0706013223456,-2.));
#4772=CARTESIAN_POINT('',(34.2313240749736,-12.0820172280703,6.));
#4773=CARTESIAN_POINT('',(34.2313240749736,-12.0820172280704,-2.));
#4774=CARTESIAN_POINT('Origin',(34.4927913032166,-15.0706013223456,6.));
#4775=CARTESIAN_POINT('Origin',(41.5149243646868,-11.4447847730663,-2.));
#4776=CARTESIAN_POINT('',(41.5149243646868,-11.4447847730663,6.));
#4777=CARTESIAN_POINT('',(41.5149243646868,-11.4447847730663,6.));
#4778=CARTESIAN_POINT('',(41.5149243646868,-11.4447847730663,-2.));
#4779=CARTESIAN_POINT('Origin',(41.7763915929297,-14.4333688673415,-2.));
#4780=CARTESIAN_POINT('Origin',(41.7763915929297,-14.4333688673415,6.));
#4781=CARTESIAN_POINT('Origin',(53.747915458,-5.39564887500001,-2.));
#4782=CARTESIAN_POINT('Origin',(53.747915458,-5.39564887500001,6.));
#4783=CARTESIAN_POINT('Origin',(2.49671278343392,-3.89564887499999,14.));
#4784=CARTESIAN_POINT('',(2.49671278343392,-3.89564887499999,14.));
#4785=CARTESIAN_POINT('',(2.49671278343392,-3.89564887499999,6.));
#4786=CARTESIAN_POINT('Origin',(53.747915458,-5.39564887500001,-2.));
#4787=CARTESIAN_POINT('Origin',(53.747915458,-5.39564887500001,14.));
#4788=CARTESIAN_POINT('Origin',(41.7763915929297,-14.4333688673415,-2.));
#4789=CARTESIAN_POINT('',(41.5149243646868,-11.4447847730663,14.));
#4790=CARTESIAN_POINT('',(41.5149243646868,-11.4447847730663,-2.));
#4791=CARTESIAN_POINT('Origin',(41.7763915929297,-14.4333688673415,14.));
#4792=CARTESIAN_POINT('Origin',(41.5149243646868,-11.4447847730663,-2.));
#4793=CARTESIAN_POINT('',(34.2313240749736,-12.0820172280703,14.));
#4794=CARTESIAN_POINT('',(34.2313240749736,-12.0820172280703,-2.));
#4795=CARTESIAN_POINT('',(41.5149243646868,-11.4447847730663,14.));
#4796=CARTESIAN_POINT('Origin',(34.4927913032166,-15.0706013223456,-2.));
#4797=CARTESIAN_POINT('',(31.825283380396,-13.6978662853886,14.));
#4798=CARTESIAN_POINT('',(31.825283380396,-13.6978662853886,-2.));
#4799=CARTESIAN_POINT('Origin',(34.4927913032166,-15.0706013223456,14.));
#4800=CARTESIAN_POINT('Origin',(27.8240214961651,-11.6387637299532,-2.));
#4801=CARTESIAN_POINT('',(25.4246573198773,-15.4457377973125,14.));
#4802=CARTESIAN_POINT('',(25.4246573198773,-15.4457377973125,-2.));
#4803=CARTESIAN_POINT('Origin',(27.8240214961651,-11.6387637299532,14.));
#4804=CARTESIAN_POINT('Origin',(25.4246573198773,-15.4457377973125,-2.));
#4805=CARTESIAN_POINT('',(12.1483393404748,-7.07827293173769,14.));
#4806=CARTESIAN_POINT('',(12.1483393404748,-7.07827293173769,-2.));
#4807=CARTESIAN_POINT('',(25.4246573198773,-15.4457377973125,14.));
#4808=CARTESIAN_POINT('Origin',(13.747915458,-4.54029022016478,-2.));
#4809=CARTESIAN_POINT('Origin',(13.747915458,-4.54029022016478,14.));
#4810=CARTESIAN_POINT('Origin',(-16.4473766790321,-0.990090866746661,-7.02640392429925E-16));
#4811=CARTESIAN_POINT('Origin',(0.,0.,6.));
#4812=CARTESIAN_POINT('Origin',(0.,0.,14.));
#4813=CARTESIAN_POINT('',(-61.7946478320458,-46.0946121645631,51.6221942300088));
#4814=UNCERTAINTY_MEASURE_WITH_UNIT(LENGTH_MEASURE(0.01),#4820,
'DISTANCE_ACCURACY_VALUE',
'Maximum model space distance between geometric entities at asserted c
onnectivities');
#4815=UNCERTAINTY_MEASURE_WITH_UNIT(LENGTH_MEASURE(0.01),#4820,
'DISTANCE_ACCURACY_VALUE',
'Maximum model space distance between geometric entities at asserted c
onnectivities');
#4816=UNCERTAINTY_MEASURE_WITH_UNIT(LENGTH_MEASURE(0.01),#4820,
'DISTANCE_ACCURACY_VALUE',
'Maximum model space distance between geometric entities at asserted c
onnectivities');
#4817=(
GEOMETRIC_REPRESENTATION_CONTEXT(3)
GLOBAL_UNCERTAINTY_ASSIGNED_CONTEXT((#4814))
GLOBAL_UNIT_ASSIGNED_CONTEXT((#4820,#4822,#4823))
REPRESENTATION_CONTEXT('','3D')
);
#4818=(
GEOMETRIC_REPRESENTATION_CONTEXT(3)
GLOBAL_UNCERTAINTY_ASSIGNED_CONTEXT((#4815))
GLOBAL_UNIT_ASSIGNED_CONTEXT((#4820,#4822,#4823))
REPRESENTATION_CONTEXT('','3D')
);
#4819=(
GEOMETRIC_REPRESENTATION_CONTEXT(3)
GLOBAL_UNCERTAINTY_ASSIGNED_CONTEXT((#4816))
GLOBAL_UNIT_ASSIGNED_CONTEXT((#4820,#4822,#4823))
REPRESENTATION_CONTEXT('','3D')
);
#4820=(
LENGTH_UNIT()
NAMED_UNIT(*)
SI_UNIT(.MILLI.,.METRE.)
);
#4821=(
LENGTH_UNIT()
NAMED_UNIT(*)
SI_UNIT($,.METRE.)
);
#4822=(
NAMED_UNIT(*)
PLANE_ANGLE_UNIT()
SI_UNIT($,.RADIAN.)
);
#4823=(
NAMED_UNIT(*)
SI_UNIT($,.STERADIAN.)
SOLID_ANGLE_UNIT()
);
#4824=SHAPE_DEFINITION_REPRESENTATION(#4826,#4829);
#4825=SHAPE_DEFINITION_REPRESENTATION(#4827,#4830);
#4826=PRODUCT_DEFINITION_SHAPE('',$,#4832);
#4827=PRODUCT_DEFINITION_SHAPE('',$,#4833);
#4828=PRODUCT_DEFINITION_SHAPE($,$,#14);
#4829=SHAPE_REPRESENTATION('',(#3018,#3202),#4817);
#4830=SHAPE_REPRESENTATION('',(#3019),#4818);
#4831=PRODUCT_DEFINITION_CONTEXT('part definition',#4839,'design');
#4832=PRODUCT_DEFINITION('2026-07-19-08-25-12-520','wro claw test4',#4834,
#4831);
#4833=PRODUCT_DEFINITION('2026-07-19-08-25-12-521',
'FAMR20100-\X\B0\X\DA\X\B6\X\AF\X\B9\X\CC\X\B6\X\A8',#4835,#4831);
#4834=PRODUCT_DEFINITION_FORMATION('',$,#4841);
#4835=PRODUCT_DEFINITION_FORMATION('',$,#4842);
#4836=PRODUCT_RELATED_PRODUCT_CATEGORY('wro claw test4',
'wro claw test4',(#4841));
#4837=PRODUCT_RELATED_PRODUCT_CATEGORY('FAMR20100-\X\B0\X\DA\X\B6\X\AF
\X\B9\X\CC\X\B6\X\A8','FAMR20100-\X\B0\X\DA\X\B6\X\AF\X\B9\X\CC\X\B6\X\A8',
(#4842));
#4838=APPLICATION_PROTOCOL_DEFINITION('international standard',
'automotive_design',2009,#4839);
#4839=APPLICATION_CONTEXT(
'Core Data for Automotive Mechanical Design Process');
#4840=PRODUCT_CONTEXT('part definition',#4839,'mechanical');
#4841=PRODUCT('2026-07-19-08-25-12-520','wro claw test4','STEP AP214',(#4840));
#4842=PRODUCT('2026-07-19-08-25-12-521','FAMR20100-\X\B0\X\DA\X\B6\X\AF
\X\B9\X\CC\X\B6\X\A8',$,(#4840));
#4843=PRESENTATION_STYLE_ASSIGNMENT((#4845));
#4844=PRESENTATION_STYLE_ASSIGNMENT((#4846));
#4845=SURFACE_STYLE_USAGE(.BOTH.,#4847);
#4846=SURFACE_STYLE_USAGE(.BOTH.,#4848);
#4847=SURFACE_SIDE_STYLE('',(#4849));
#4848=SURFACE_SIDE_STYLE('',(#4850));
#4849=SURFACE_STYLE_FILL_AREA(#4851);
#4850=SURFACE_STYLE_FILL_AREA(#4852);
#4851=FILL_AREA_STYLE('Steel - Satin',(#4853));
#4852=FILL_AREA_STYLE('Opaque(255,255,255)',(#4854));
#4853=FILL_AREA_STYLE_COLOUR('Steel - Satin',#4855);
#4854=FILL_AREA_STYLE_COLOUR('Opaque(255,255,255)',#4856);
#4855=COLOUR_RGB('Steel - Satin',0.627450980392157,0.627450980392157,0.627450980392157);
#4856=COLOUR_RGB('Opaque(255,255,255)',1.,1.,1.);
ENDSEC;
END-ISO-10303-21;
